topic_id,count,name,top_words,representative_docs
-1,4620,-1_luxembourg_contact_cookies_352,outliers,""
0,228,0_massage_pharmacie_dr_yoga,"massage, pharmacie, dr, yoga, soins, institut, centre, corps, rendez, cookies","##### Panier

  * Accueil
  * Réservations
  * Chèques Cadeaux
  * Corporate
  * Nos massages
  * Team
  * Contact
  *   * 

  * Accueil
  * Réservations
  * Chèques Cadeaux
  * Corporate
  * Nos massages
  * Team
  * Contact
  *   * 

# Carrière

## Masseur (h/f)

Missions:  
- Gestion de l'accueil des clients  
- Conseiller les clients  
- Effectuer les différentes techniques de massage  
- Veiller au bon entretien des locaux et du matériel  
- Garantir un service de qualité
Votre profil:  
- ...
---
David Blondiau | DB Lifestyle coaching 
Share

Skip to content

  * Accueil
  * Biographie
  * Mes Services
    * Personal Training
    * Naturopathie
    * Iridologie
    * Endocrino-psychologie
    * Coaching en entreprises
  * Témoignages
  * Contact

  * Accueil
  * Biographie
  * Mes Services
    * Personal Training
    * Naturopathie
    * Iridologie
    * Endocrino-psychologie
    * Coaching en entreprises
  * Témoignages
  * Contact

© David Blondiau \- 2, rue Camille Mersch - L5860 Hesp...
---
* Page d'accueil
  * Nos prestations
    * Massages
    * Soins
    * Épilation
    * Soins minceur LPG
    * Régénération cellulaire
    * Beauté des yeux
  * Tarifs
  * Contact
  * Avis
  * Réserver
  * 

# Avis

5

Noté 5 sur 5

5 sur 5 étoiles (basé sur 64 avis)

Excellent100%

Très bon0%

Moyenne0%

Pauvres0%

Terrible0%

Votre avis

Votre note globale Sélectionnez une note5 étoiles4 étoiles3 étoiles2 étoiles1
étoile

Votre avis

Votre nom

Cet avis est basé sur ma propre expérience et est ..."
1,204,1_eau_installations_chauffage_installation,"eau, installations, chauffage, installation, air, énergie, éclairage, climatisation, entretien, nettoyage","Aller au contenu

  * Accueil
  * Chauffage & Sanitaire
  * Plomberie
  * Ventilation
  * Climatisation
  * Contact
  *   *   *   * 

Menu de navigation

Menu de navigation

  * Accueil
  * Chauffage & Sanitaire
  * Plomberie
  * Ventilation
  * Climatisation
  * Contact
  *   *   *   * 

## HPRO CHAUFFAGE

## Chauffage, Plomberie, Énergies Renouvelables et Climatisation

SIMULATEUR

#### Qui sommes nous

## Bienvenue

HPro Chauffage est une SARL qui vous propose ses services pour tous travaux
d...
---
+352 26 37 17 37 technopol@technopol.lu

  * Accueil
  * Chauffage
  * Climatisation et réfrigération
  * Sanitaires
  * Installations électriques
  * Énergies renouvelables
  * Contact

Select Page

# Chauffage

Installation, entretien et réparation des systèmes de chauffage, de
ventilation, de climatisation et tous les dispositifs sanitaires

En savoir plus

# Climatisation et Réfrigération

Installation, entretien et réparation des systèmes de chauffage, de
ventilation, de climatisation et to...
---
* 

  * Accueil 
  * Nos services 
  * Devis 
  * Contact 

# Votre entreprise de chauffage et sanitaire à Diekirch.

Pour vos travaux de chauffage et sanitaire, faites confiance à une entreprise
de proximité avec plus de 20 ans d’ancienneté. Installation de chauffage, de
chaudières, de pompes à chaleur, systèmes de récupération d’eau pluviale, mais
aussi création de salles de bains ou installation de climatisation… Rocha vous
offre des solutions adaptées à votre habitation et à votre budget.

D..."
2,194,2_véhicule_véhicules_pneus_voiture,"véhicule, véhicules, pneus, voiture, auto, audi, garage, jaguar, carrosserie, voitures","* Occasions
  * Nos Services
    * Entretiens / Réparations
    * Carrosserie
    * Pneus
    * Immatriculation
  * Vous vendez
  * Contact

# Voitures d'occasion au Luxembourg

# Carrosserie toutes marques

# Entretiens / réparations toutes marque

# Nos dernières annonces

# Audi A4 Allroad 3.0 TDI 45 TDI 231 Cv tiptronic quattro

39 900 €

# Volvo V60 Cross Country 2.0 D3 150 Geartronic

13 900 €

# Mercedes E 350 CDI BlueEFFICIENCY 265 CV AVANTGARDE AUTO

16 600 €

Voir toutes les annonces

...
---
Euroccasion est depuis 17 ans à votre service pour l'achat et la vente de
véhicule d'occasion à Pétange

• Tel : (+352) 26 65 26 07

  * Nos occasions
  * Nos jantes & pneus
  * Nos prestations
  * Dépôt-Vente
  * Nous contacter

## Bienvenue chez Euroccasion

Euroccasion est depuis 17 ans à votre service pour l'achat et la vente d’autos
d'occasion.  
Nous avons en permanence un large choix de plus de 70 véhicules de toutes
marques (Audi, BMW, Volkswagen, Mercedes, etc.), tous entièrement révisé...
---
* Accueil
  * À propos
  * Nos véhicules
  * Service Center
  * Vendre sa voiture
  * Avis Client
  * Contact

  * Accueil
  * À propos
  * Nos véhicules
  * Service Center
  * Vendre sa voiture
  * Avis Client
  * Contact

NOS VOITURES arrow_right_alt

### À PROPOS

On vise non seulement la simple vente de voitures d'occasion, mais une vente
appropriée à vos besoins individuels, basée sur des conseils compétents et
professionnels. Le show-room a été conçu dans le souci d'une ambiance et d'un
ac..."
3,189,3_solutions_marketing_services_digital,"solutions, marketing, services, digital, business, cloud, security, clients, support, internet","* Qui sommes-nous
  * NOS VALEURS
  * NOS SOLUTIONS
  * Espace candidat
  * Contact
  *   * 

  * Qui sommes-nous
  * NOS VALEURS
  * NOS SOLUTIONS
  * Espace candidat
  * Contact
  *   * 

  * CONTINUER SUR LE SITE 
IT Expertise, Human Experience.

LA SOCIETE

La satisfaction client est au centre de notre culture d'entreprise.  
Le service est une affaire humaine, c'est pourquoi nous engageons des experts
en informatique qui partagent cette conviction.  
Pour nous, c'est l'ingrédient central d'...
---
* Services - Solutions
    * Développement sur mesure
      * Applications Métiers
      * Cartographie
      * Intelligence Artificielle
        * Health IT
      * Digital Business Automation
      * Maintenance Applicative
      * Outsourcing
      * Applications Mobiles
    * Business Solutions
      * Gestion Documentaire
      * ERP
      * CRM
      * Solutions Web
      * e-Commerce
      * Solutions Collaboratives Atlassian
    * Infrastructure
      * Projets
        * Cloud
        * ...
---
Google Tag ManagerGo to contentGo to navigation Find us Menu

  * Training Institute
  * Jobs
  * Blog
  * Events

Search

En

  * Fr
  * En

  * Your needs
  * Our solutionsOur solutions
    * Managed services 
    * Cloud 
    * ICT solutions 
    * Cybersecurity 
    * Telecoms 
    * Digital Trust Solutions 
    * Infrastructure services
    * Workplace management services
    * Application services
    * Service Desk
    * Governance services
    * Professional services
    * Private Cloud
..."
4,161,4_00_personnalisé changement_fonctionnalités contenu_fonctionnalité complète,"00, personnalisé changement, fonctionnalités contenu, fonctionnalité complète, navigateur autorisez, recommandé autoriser, explicite stocker, culture recommandé, complète nécessite, fournir fonctionnalité","Afin de fournir une fonctionnalité complète, ce site Web nécessite votre
consentement explicite pour stocker des cookies de navigateur. Si vous
n'autorisez pas les cookies, vous ne pourrez peut-être pas utiliser certaines
fonctionnalités du site Web, notamment les suivantes: contenu personnalisé,
changement de culture. Il est recommandé d'autoriser tous les cookies.

  * Accueil
  * Presentation
  * Produits & Services
  * Contact

Rimalux Constructions

  *   *   *   * 

# Plan du site

  * Acc...
---
Afin de fournir une fonctionnalité complète, ce site Web nécessite votre
consentement explicite pour stocker des cookies de navigateur. Si vous
n'autorisez pas les cookies, vous ne pourrez peut-être pas utiliser certaines
fonctionnalités du site Web, notamment les suivantes: contenu personnalisé,
changement de culture. Il est recommandé d'autoriser tous les cookies.

  * Accueil
  * Presentation
  * Nos Activites
  * Contact

  *   *   *   * 

## Qui sommes-nous ?

ÉCHAFAUDAGES DU NORD S.à.r.l. ...
---
Afin de fournir une fonctionnalité complète, ce site Web nécessite votre
consentement explicite pour stocker des cookies de navigateur. Si vous
n'autorisez pas les cookies, vous ne pourrez peut-être pas utiliser certaines
fonctionnalités du site Web, notamment les suivantes: contenu personnalisé,
changement de culture. Il est recommandé d'autoriser tous les cookies.

  * Accueil
  * Presentation
  * Produits & Services
  * Nos specialites 
  * Videos
  * Contact

Un grand pas pour l'avenir de vo..."
5,158,5_seniors_fc_zeréck_2022,"seniors, fc, zeréck, 2022, club, 2021, dames, match, saison, 2019","#  FC Schëffleng 95

Umellen

  * Home 
  * News 
  * plans hebdomadaires 
    * Zeréck
    * Calendriers F.L.F. 
    * Calendriers 
  * Abonnements 
  * Equipes Seniors 
    * Zeréck
    * Kader 
    * Matcher 
    * Tabell 
    * Statistiques 
    * paroles entraîneurs 
  * Jeunes 
    * Zeréck
    * Cotisation 
    * entraînements 
    * entraîneurs 
    * U19 
    * U17 
    * U15 
    * U13 
    * U11 
    * U9 
    * U7 
  * Pack FCS 
  * Club 
    * Zeréck
    * Documents 
    * Comité 
 ...
---
#  F.C. Blo-Wäiss Izeg

Umellen

  * Home 
  * CLUB 
    * Zeréck
    * COMITE 
    * STADE ALBERT KONGS 
      * Zeréck
      * TRAININGSPLANG 2021/22 
    * GESCHICHT 
      * Zeréck
      * FUTTBALL ZU IZEG VIRUN 1941 
        * Zeréck
        * FC EXCELSIOR 
        * AN DEN 30ER JOREN 
      * FC BLO-WÄISS IZEG 
        * Zeréck
        * DÉI ÉISCHT 25 JOER 
        * VUN 1966 BIS 1991 
        * VUN 1991 BIS 2001 
        * VUN 2001 BIS 2011 
        * 2011 BIS HAUT 
    * VERÄINSCHRONIK 
...
---
#  FC Sporting Mertzig

Umellen

  * Home 
  * Club 
    * Zeréck
    * Comité 
    * Commission des jeunes 
      * Zeréck
      * Fiche d'inscription 
    * Histoire du club 
  * Equipes 
    * Zeréck
    * Seniors 
      * Zeréck
      * Seniors 1 
      * Seniors Réserves 
    * Dames 
      * Zeréck
      * Dames 
    * Jeunes 
      * Zeréck
      * Bambinis U07 
      * Pupilles U09 
      * Poussins U11 
      * Minimes U13 
      * Scolaires U15 
      * Cadets U17 
      * Cadettes U17..."
6,140,6_cookies_352_boîte_26,"cookies, 352, boîte, 26, compte, balanced, services, contact, info, service","Type and press enter to search

  * Présentation
  * Compétences
  * Notre Clientèle
  * Contact
  *   * 

# CONTACT

Nous serions heureux de transformer notre beau discours en un échange cordial.

PARLONS-NOUS

+352 28 66 92 63

## Formulaire de contact

Votre nom (obligatoire)  

Votre email (obligatoire)  

Sujet  

Votre message  

Je consent que mes informations à caractère personnelles (e-mail, nom) soient
utilisées uniquement à des fins de communication entre S&N et moi-même.

Si votre de...
---
## Prenez votre rendez-vous en ligne

## Howald

## Alzingen

## C O N T A C T S

H O W A L D

  

185, route de Thionville

L-2611 HOWALD

T : 26 48 28 18

  

  

A L Z I N G E N

  

435, route de Thionville

L-5887 ALZINGEN

T : 36 02 68

POLITIQUE DE CONFIDENTIALITÉ

## C O N T A C T E Z - N O U S

## Email : info@sim1.lu

Nom

E-mail

Sujet

Message

Envoyer

## 2021 par IALP Communication. Créé par ialp.lu

  * 

Nous utilisons des cookies sur notre site Web pour vous offrir l'expérience ...
---
ENTREPRISE GÉNÉRALE DE NOTTOYAGE

Exerce son professionnalisme dans le domaine de nottoyage et l`hygiéne

## Contact

Nom

Email

Téléphone

Message

Envoyer

Vert Clean S.A R.L.

Nettoyage général

Services

16B, Rue du Vilage

L-6183 Gonderange

Tél. : 26 72 31 79

Fax. 26 72 31 80

Email : info@vertclean.lu

Politique de Confidentialité

## 2022 par IALP Communication. Créé par ialp.lu

Nous utilisons des cookies sur notre site Web pour vous offrir l'expérience la
plus pertinente en mémorisan..."
7,130,7_cookies_biog_naturata_bio,"cookies, biog, naturata, bio, bose, cookie, tickets, ell, luxembourg, 30","Akzeptieren Sie die Verwendung von Cookies, um ein besseres Erlebnis auf
unserer Website zu gewährleisten?

Erfahren Sie mehr Verweigern Akzeptieren

  * de dropdown
    * fr
    * en

  * Home
  * Bistros
  * Konferenzraum

  * Unsere Werte
    * Unternehmenskultur
    * Nachhaltigkeitdropdown
      * Verständnis von Nachhaltigkeit
  * Fair & associative
  * Agenda
  * News
  * Mediathek
  * FAQs
  * Kontakt

  * facebook

  * Home
  * Bistros
  * Konferenzraum

  * Unsere Werte
    * Unternehm...
---
Akzeptieren Sie die Verwendung von Cookies, um ein besseres Erlebnis auf
unserer Website zu gewährleisten?

Erfahren Sie mehr Verweigern Akzeptieren

  * de dropdown
    * fr
    * en

  * Home
  * Genossenschaft
    * Über uns
    * Statuten
    * Vorstand und Geschäftsleitung
    * Mitglieder - Unsere Bio-Landwirte im Porträt﻿
  * Produkte
    * BIOG-Sortiment
    * BIOG-Marke
    * BIOG-Pluspunkte
    * BIOG-Verpackung
  * Käsereien
    * Kass-Haff Käserei
    * Schanck-Haff Käserei

  * Unse...
---
Akzeptieren Sie die Verwendung von Cookies, um ein besseres Erlebnis auf
unserer Website zu gewährleisten?

Erfahren Sie mehr Verweigern Akzeptieren

  * de dropdown
    * fr
    * en

  * Home
  * OIKOPOLIS
  * Gruppe
  * Zentrum
  * Chronik
  * Netzwerk

  * Unsere Werte
    * Unternehmenskultur
    * Gemeinwohl
    * Nachhaltigkeit
  * Fair & associative
  * Agenda
  * News
  * Mediathek
  * FAQs
  * Kontakt

  * facebook

  * Home
  * OIKOPOLIS
  * Gruppe
  * Zentrum
  * Chronik
  * Netzwerk..."
8,120,8_accessoires_pliants_drapeaux_échelles,"accessoires, pliants, drapeaux, échelles, shop, sacs, knives, produits, 00, panier","* Home
  * Iwwert eis
    * Verwaltungsrot
    * Geschicht
  * Aktivitéiten
    * Course – Workshop’s
  * Evenementer
    * Evenementer an Spektakel
  * Publikatioun
    * Fotoen
    * Dokumente
  * Informatiounen
    * Informatiounen
    * Kontakt
    * Liens
    * Impressum

Menu

  * Home
  * Iwwert eis
    * Verwaltungsrot
    * Geschicht
  * Aktivitéiten
    * Course – Workshop’s
  * Evenementer
    * Evenementer an Spektakel
  * Publikatioun
    * Fotoen
    * Dokumente
  * Informatiounen
...
---
* DE KUERBUTTEK
    * Actualités
    * Nos produits
    * Impressions
    * Livraison à domicile
    * Heures d’ouverture
  * KALENDULA
    * Nos jardins
    * Ses beautés
    * Sa production
    * Son poulailler
  * CONTACT
  * MENTIONS LÉGALES
    * Nous trouver

Menu

  * DE KUERBUTTEK
    * Actualités
    * Nos produits
    * Impressions
    * Livraison à domicile
    * Heures d’ouverture
  * KALENDULA
    * Nos jardins
    * Ses beautés
    * Sa production
    * Son poulailler
  * CONTACT
 ...
---
* fr
  * en
  * de

SITE PROFESSIONNEL

Rechercher

Fermer

Aucun article dans le panier.

0,00€ Panier

  * Nos couleurs
    * Par couleur
    * Par thème
  * Inspirations
    * La collection
    * Ornements
    * Tapisseries
    * Revêtements de sol
  * Conseil
    * Consultation Peinture
    * Calculatrice de peinture
    * Conseils et astuces
  * Notre artisanat
    * Notre approche
    * Notre entreprise
    * Notre peinture
    * Nos finitions
    * Nos marques
  * Notre Boutique

Menu

  ..."
9,115,9_concert_music_theater_festival,"concert, music, theater, festival, feier, 2022, mee, mee feier, feier 2018, 2018","* Doheem
  * Agenda
  * Musek
  * Schülerband
  * Geschicht
  * Fotoën
  * Links

### Demnächst

  
Freitag 26. August 2022  
09h00 \-  
Quetschen opmachen  
Beim Schapp am Ewechbuer  
  
  
Samstag 27. August 2022  
05h00 \-  
Quetsche kachen  
Beim Schapp am Ewechbuer  
  
  
Freitag 2. September 2022  
09h00 \-  
Quetschen opmachen  
Beim Schapp am Ewechbuer  
  
  
Freitag 2. September 2022  
19h30 \- 21h30  
Prouwenufank  
Museksall  
  
  
Samstag 3. September 2022  
05h00 \-  
Quetsche ka...
---
* Home
  * Festival 2022
  * Présentation
  * CD
  * Agenda
  * Photos
  * Vidéos
  * Contact
  * Sponsors

  * Home
  * Festival 2022
  * Présentation
  * CD
  * Agenda
  * Photos
  * Vidéos
  * Contact
  * Sponsors

Ensemble musical Divertimento

Fernando

Pretty Woman

Let Your Love Flow

Rebel Rouser

Morning Has Broken

Once Upon A Time In The West

...

El Condor Pasa

Perfect

Guantanamera

Sound Of Silence

Hallelujah

Sweet Caroline

...

Chaque CD est disponible au prix de 10 Euro, 15 ...
---
Fanfare Kehlen a.s.b.l.

  * Home
  * Agenda
  * Chronik
  * Comité
  * Museker
  * Jugend
  * Presse
  * Fotoen
  * Links
  * Sponsoren
  * Kontakt

# Home / News / Aktuell

## In Pace: Jean-Marie Thoss

  

* * *
## 2022:  
Verléine vu Musek's Instrumenter u Museksschoul Schüler /  
Location d’instruments de musique aux élèves de l'école de musique

 instrument@fanfare-kehlen.lu  
 691.502.855  
 École de musique 'Am Pavillon' - Kehlen  
  

  

    
    LU
    VERLÉINE VU MUSEKSINSTRUMENTER U..."
10,113,10_données_données personnelles_personnelles_politique protection,"données, données personnelles, personnelles, politique protection, zoom photo, realisations, protection données, protection, jardin, services","﻿

  * Accueil
  * A propos
  * Nos services
    * Peinture interieure
    * Peinture exterieure
  * Actualites
  * Contact

  1. 1
  2. 2
  3. 3

## Renat' Sarl

### Votre partenaire de confiance en matière de décoraton d'intérieur

  
En savoir plus

## Renat' Sarl

### Un savoir-faire à vous proposer au travers de produits haut de gamme

  
En savoir plus

## Renat' Sarl

### Confiez-nous vos projets, nous serons là pour les réaliser

  
En savoir plus

Previous Next

## Redonnez vie à votre ...
---
﻿

Logo

  * Accueil
  * Presentation
  * Nos realisations
  * Contact

  1. 1
  2. 2
  3. 3

## Ikebana

Aménagement étang

## Ikebana

Aménagement jardin

## Ikebana

Aménagement terrasse

Partenaires

## A propos

De fleuriste nous sommes maintenant spécialisés dans l'aménagement des espaces
verts et vous proposons un service de qualité sur-mesure et sur devis tout en
respectant votre mode de vie et votre budget.

## Vous souhaitez plus d’informations sur nos prestations ?  

Contactez-nous

...
---
﻿

Logo

  * Accueil
  * A propos
  * Nos prestations
  * Nos realisations
  * Contact

  1. 1
  2. 2

## Pinto Décors

Spécialisés dans la rénovation & la décoration d'habitats,  
vous pouvez nous confier vos travaux de  
peinture intérieure et extérieure.  
  
En savoir plus

## L'art de la peinture,

C'est l'art de la couleur, et celle-ci peut se décliner de  
mille façons différentes au gré de vos envies.  
  
Faites confiance à nos experts !  
  
En savoir plus

## A propos

### Depuis 2011..."
11,111,11_luxembourg_mep_membres_droit,"luxembourg, mep, membres, droit, avocats, 2022, association, union, membre, luxembourgeoise","* Contact
  * 

  * Accueil
  * Agenda
  * Actualités et événements passés
  * Economist Club
    * Histoire
    * Livre d'or des invités
  * Conseil
  * Devenir membre
  * 

Economist Club Luxembourg - Newsletter d'été 31 juillet 2022  LIRE LA SUITE
19 septembre 2022: Assemblée Générale 2022, précédée de la présentation de
Carlo Thelen, Directeur Général de la Chambre de Commerce de Luxembourg 30
juillet 2022  LIRE LA SUITE  Octobre 2022: Réunion statutaire avec Nicolas
Mackel, CEO de Luxembour...
---
Hidden Clicker

#  
  * Présentation
    * Conseil d'administration
    * Statuts
    * Communications
    * A propos du site
  * Législation
  * Activités
    * Activités passées
  * Liens utiles
  * Contact

Navigatez sur... Présentation Législation Activités Liens utiles Contact

  * ## l'Association Luxembourgeoise pour l'Etude du Droit de la Concurrence, Groupe luxembourgeois de la LIDC (Ligue internationale du droit de la concurrence)
Elle est destinee a rassembler des personnes de tous ho...
---
* Accueil
  * Équipe
  * Compétences
  * Contact
  * frdeen

# Équipe

## Marc Lentz

AVOCAT À LA COUR

Né à Luxembourg en 1979  
Avocat à la Cour  
Inscrit au Barreau de Luxembourg depuis le 4 mai 2004

Il a pu bénéficier d’une solide expérience de plus de 12 années au sein du
cabinet d’avocats Penning & Wurth (puis Penning-Schiltz-Wurth) avant de créer
son propre cabinet d’avocat en 2016.

## FORMATION

MINISTERE DE LA JUSTICE: Cours complémentaires en droit luxembourgeois

UNIVERSITE DE NANCY..."
12,107,12_tab navigate_navigate menu_menu items_tab,"tab navigate, navigate menu, menu items, tab, items, zoom, navigate, press zoom, subaru, press","DOWNLOAD FERNWARTUNG

  * START
  * IT-SERVICE
  * SMART-HOME
  * ALARMANLAGEN
  * VIDEOÜBERWACHUNG
  * SPRECHANLAGEN
  * KONTAKT
  * Mehr

Use tab to navigate through the menu items.

# +352 2772 0220

# info@sk-informatik.lu

## HILFE.LU

DOWNLOAD FERNWARTUNG

Bei Softwareproblemen der kleineren Art konnen wir Ihnen gerne per Fernwartung
helfen. Sie konnen ganz bequem von zuhause aus unsere Fernwartung auf Ihrem
Computer starten, wir helfen Ihnen dann aus der Ferne.  
  
Ob nun die E-Mails nic...
---
* HOME
  * PROJECTS
  * ABOUT US
  * CONTACT
  * More...

Use tab to navigate through the menu items.

EN

EN

FR

Accéder au site

(C) 2022 STA

---PAGE BREAK---

* HOME
  * PROJETS
  * A PROPOS
  * CONTACT
  * More...

Use tab to navigate through the menu items.

FR

FR

EN

Accéder au site

(C) 2022 STA

---PAGE BREAK---

* HOME
  * PROJETS
  * A PROPOS
  * CONTACT
  * More...

Use tab to navigate through the menu items.

FR

FR

EN

1/18

##### Contact

STA Architectes s.a.r.l.

9, Avenue du...
---
* Start
  * WeThink
  * Projects
    * WeBags
    * WeLed
    * WeBrush
    * WeDog
  * Contact
  * More

Use tab to navigate through the menu items.

  * 

## WeDog

Copyright (C) WeThink Sarl-S 2017

---PAGE BREAK---

* Start
  * WeThink
  * Projects
    * WeBags
    * WeLed
    * WeBrush
    * WeDog
  * Contact
  * More

Use tab to navigate through the menu items.

  * 

## WeBrush

Copyright (C) WeThink Sarl-S 2017

---PAGE BREAK---

* Start
  * WeThink
  * Projects
    * WeBags
    * WeLed
..."
13,106,13_luxembourg_352_661_contact,"luxembourg, 352, 661, contact, 26, bank, data, données, services, rue","﻿FR | EN
  * Accueil
  * Ventes
  * Locations
  * Neuf
  * Etranger
  * Recherche personnalisée
  * Contact

﻿

BRAUN-IMMO s.a r.l.  
30 rue de Luxembourg  
L-4220 Esch-sur-Alzette

Tél. +352 26 84 59 20  
+352 621 36 36 17  
Fax : +352 26 84 57 20  
info@braunimmo.lu

Ouvert tous les jours de 9h00  
à 12h00 et de 14h00 à 18h00.  
Le Samedi sur rendez-vous.

﻿

Découvrez notre gamme de constructions neuves. Besoin d'un conseil ou d'une
estimation ? Contactez nous! Vous cherchez un Notaire? Cliqu...
---
Aller au contenu

  * ### +352 26 51 52 1
  * ### contact@wecandoit.lu

  * Accueil
  * Nos services
    * Assistance Administrative
    * Permanence téléphonique externalisée à Luxembourg
    * Salarié à temps partagé
    * Rédaction de contenu
    * Community Manager
    * Organisation de formation
    * Office Manager
    * Coaching administratif
  * Qui sommes nous
  * Prendre rdv
  * Contactez-nous

#  Nous contacter

Veuillez activer JavaScript dans votre navigateur pour remplir ce formula...
---
Aller au contenu

Accueil

Nos réalisations

Nous contacter

# Contact & Accès

Veuillez activer JavaScript dans votre navigateur pour remplir ce formulaire.

Contact *

Prénom

Nom

E-mail *

Téléphone *

Commentaire ou message *

Protection des données *

  * En soumettant ce formulaire, j'accepte que les informations saisies puissent être utilisées dans le cadre de la demande et de la relation commerciale qui en découle. 

Comment

Envoyer

LC Concept s.à r.l.  
55d Route de Luxembourg  
L497..."
14,104,14_communal_commune_conseil communal_technique,"communal, commune, conseil communal, technique, service, gérer, conseil, préférences, communaux, déchets","* Ma commune
    * Présentation
      * La commune en chiffre
      * Geschichte der Gemeinde Feulen
      * Impressions de la commune
    * Politique
      * Le Bourgmestre
      * Le collège échevinal
      * Le conseil communal
      * Commissions consultatives
      * Syndicats
    * Administration
      * Secrétariat
      * Bureau de la population
      * Recette
      * Service Technique
      * Atelier Communal
  * Vivre dans la commune
    * Services aux citoyens
      * Démarches admin...
---
* La Commune
    * Les villages
      * Nommern, Aechelbur
      * Cruchten
      * Oberglabach & Niederglabach
      * Schrondweiler
      * Les fermes
    * Vie politique
      * Bourgmestre
      * Collège des bourgmestre et échevins
      * Conseil Communal
      * Commissions consultatives
      * Syndicats communaux
    * Services communaux
      * Bureau de la population
      * Etat civil et indigénat
      * Recette communale
      * Secrétariat communal
      * Service technique
      ...
---
* Administration
    * La commune se présente
      * Allocution du bourgmestre
      * Découvrir la commune
      * Histoire
      * Villes jumelées
    * Politique
      * Le bourgmestre
      * Le collège échevinal
      * Le conseil communal
      * Les commissions consultatives
    * Services communaux
      * Secrétariat communal
      * Bureau de la population / État civil
      * Recette
      * Service technique
      * Atelier communal
      * Service agent municipal / garde-champêtre
..."
15,99,15_peinture_construction_façade_rénovation,"peinture, construction, façade, rénovation, travaux, architecture, luxembourg, devis, décoration, projets","*   * Home
  * Peinture
  * Façade
  * Isolation
  * Décoration
  * Béton ciré
  * Devis

Menu

###  Projets Commerciaux

###  Projets Résidentiels

###  Rénovation

## Pour tout vos travaux de décoration au Luxembourg

Donnez un coup d'éclat à vos murs, plafonds, sols et façades avec a2Peinture à
Luxembourg.

Du ravalement de façade à la pose de votre parquet, en passant par les travaux
de peinture, nous réalisons votre projet tout en respectant votre budget, vos
couleurs et l'ambiance de votre...
---
+352 27 17 611 info@hometc.lu

  * Accueil
  * Services
  * A propos
  * Contact

Sélectionner une page

#### +352 27 17 611

#### info@hometc.lu

# Entreprise de construction au Luxembourg orientée vers la qualité et
l'innovation

Une large palette de services pour réaliser tous vos projets de construction
et de rénovation

Nous contacter

Nos services

#### Construction

#### Gros-oeuvre

#### Maçonnerie

#### Façade

#### Démolition

## Pourquoi choisir Home ToConstructions sàrl

Home ToConst...
---
+352 691 470 424 setla-freres@hotmail.com

  * Accueil
  * Services
    * Rénovation et ravalement
    * Peintures intérieures
    * Peintures et enduits décoratifs
    * Revêtements mureaux
    * Revêtements de sols
    * Travaux extérieurs
    * Peinture industrielle
  * Nos réalisations
  * Notre processus
  * Contact
  *     * 

Sélectionner une page

Peintre et décorateur au Luxembourg

# SETLA FRERES : Entreprise générale de peinture et décoration au Luxembourg

## Une meilleure valorisati..."
16,87,16_50_tomate_mozzarella_tomate mozzarella,"50, tomate, mozzarella, tomate mozzarella, sauce, restaurant, 90, salade, jambon, 00","* Accueil
  * Livraison
  * Notre Carte
  * Contact
  * Avis

COMMANDER EN LIGNE

# Bienvenue chez Ci-Siamo

Notre restaurant italien Ci-Siamo au centre ville, vous propose une carte
variée et des plats composés à base d’ingrédients frais.

Venez découvrir notre cuisine italienne aux couleurs et saveur de la Puglia,
dans un cadre conviviale et une ambiance chaleureuse.

Notre Carte

* * *
## SALADES

* * *  
SALADE CI SIAMO18,90€  
salade mixte, toast au chèvre, scampis, fleurs de courgettes, ja...
---
#

## Navigation principale

  * Il Piccolino
  * Notre Restaurant
  * Événements
  * Menu
    * Notre carte
    * Menu du jour
  * Réservez
  * Contact

## Bienvenue

# IL PICCOLINO

✻

###  Restaurant Pizzeria

Visitez

## Restaurant

#

## Pizzeria

# IL PICCOLINO

✻

En plein cœur de Pétange,qui a pour particularité de se trouver autour des « 3
frontières » entre la Belgique, la France et le Grand Duché de Luxembourg, le
restaurant Il Piccolino vous fait découvrir une cuisine italienne savou...
---
* Restaurant
  * Menu
    * La carte
  * Galerie
  * Contact

##### Miazia

## Hôtel & Ristorante

“ Un endroit ou il fait bon vivre et manger surtout ! Venez découvrir la
cuisine de mon pays natal ” Pasquale Volza - gérant

Une cuisine italienne aux saveurs authentiques, aux produits frais et colorés
ainsi qu'une ambiance familiale et détendue ; voici ce que vous trouverez si
vous venez chez nous. Miazia propose également des chambres dans son hôtel
situé au dessus du restaurant. Tout pour pass..."
17,83,17_password_passe_luxemburgo_maison,"password, passe, luxemburgo, maison, louer, login, appartement, poussette, username, forgot","* L'EQUIPE
  * VENTE
  * LOCATION
  * VENDU / LOUE
  * NOS SERVICES
  * NOS TARIFS
  * CONTACT
  * 

### S'identifier

S'identifier

Besoin d'un compte? Inscrivez-vous ici! Mot de passe oublié?

Se connecter avec Facebook

Connectez-vous avec Google

Connectez-vous avec Yahoo

### registre

Sélectionnez le type d'utilisateur je suis d'accord avectermes et conditions
registre

Retour connexion

### réinitialiser le mot de passe

réinitialiser le mot de passe

Retour à la connexion

  * L'EQUIPE
 ...
---
* Accueil
  * Vente
  * Location
  * Estimer mon bien
  * A propos
  * Contact

### Se connecter

Se connecter

Need an account? Register here! Mot de passe oublié?

### Register

Select User Type I agree with terms & conditions

A password will be e-mailed to you

Register

Back to Login

### Réinitialiser le mot de passe

Réinitialiser le mot de passe

Retour à la connexion

  * 

  * 

  * Accueil
  * Vente
  * Location
  * Estimer
  * A propos
  * Contact

# Planet Immo

Votre partenaire

To...
---
* Accueil
  * Nos Biens
    * Nos Biens à Vendre
    * Nos Biens à Louer
    * Nos Exclusivités
  * Nos Experts
  * Nos Services
  * Nos Actualités
  * Contactez-nous

### Connexion

Connexion

Créer un compte > Inscrivez-vous ici ! Mot de passe oublié ?

### S'inscrire

Voir les conditions générales du site

Un mot de passe sera envoyé par courrier électronique pour vous

S'inscrire

Retour à la page de connexion

### Réinitialiser mot de passe

Réinitialiser mot de passe

Revenir à la connexio..."
18,73,18_restaurant_menu_carte_food,"restaurant, menu, carte, food, delivery, cuisine, data, salade, cookies, table","Skip to content

Menu

  * Home
  * Blog
  * Menu Lunch
  * Carte
  * Take Away
  * Réservation
  * Contact
  * Facebook
  * Instagram

Menu

  * Home
  * Blog
  * Menu Lunch
  * Carte
  * Take Away
  * Réservation
  * Contact
  * Facebook
  * Instagram

#  Restaurant «La Bohême» à Mersch

Notre restaurant «La Bohême» est situé au centre de Mersch, à 20 minutes de la
ville de Luxembourg et vous accueille pour le déjeuner et le dîner dans un
cadre élégant. Le chef et son équipe s'engagent à utili...
---
* Accueil
  * Carte et menus
  * Menu du jour
  * Restaurant
  * Photos
  * Events
  * Contact

✕

# Le restaurant Delicious vous accueille désormais à Oetrange !

Le Chef Serge Reuter, et toute sont équipe, sont ravis de vous accueillir dans
ce nouveau haut lieu de la gastronomie luxembourgeoise.

Le cadre moderne - qui se prolonge sur une sublime terrasse ombragée - et la
décoration élaborée avec soin, procurent une ambiance que nous avons voulu à
la fois décontractée et luxueuse qui invite à ...
---
Skip to content

1 Rue des Moulins - 6245 Mullerthal - Luxembourg

Phone Facebook-f Instagram Tripadvisor Envelope-open

  * Home
  * Menu
    * Menu du Jour
    * A la Carte
    * Produits en vente
    * Carte des Vins
  * Partner
  * About
  * Contact

Menu

  * Home
  * Menu
    * Menu du Jour
    * A la Carte
    * Produits en vente
    * Carte des Vins
  * Partner
  * About
  * Contact

# Discover our Menu

###  Menu du Jour / Menu of the Day

###  midi en semaine seulement, hors jours féri..."
19,72,19_tax_services_accounting_business,"tax, services, accounting, business, corporate, luxembourg, fiduciaire, law, management, clients","Skip to main content beTax

  * Our Services
  * About Us
  * Team
  * Contact

Menu

#

We are a fully independent  
Luxembourg-based tax boutique,  
providing corporate tax and VAT services,  
as well as LuxGAAP accounting services.

Scroll Down

## Our Services

### Corporate Tax and VAT services

Understanding the corporate tax and VAT implications of your business
decisions and correctly assessing relating risks in advance are key elements
for a tax efficient management of your company.

An...
---
* +352 296 151 870
  * info@ams-luxembourg.lu

  * Français

FIDUCIAIRE — LUXEMBOURG

# Chartered accounts & Company managers  since 1992

## While we take care of your bookkeeping, administrative and tax obligations,
you a free to fully devote yourself to your core business activities.​

Company Incorporation

Start-ups

Accounting

Social security

Chartered accounting

Taxation

Financial and tax engineering

Corporate administration

Luxembourg Holding Companies (SOPARFI)

Family office

Sec...
---
Skip to content Skip to main menu

Business structuring  
Tax & Finance

Menu

Mobile menu toggle

  * Home
  * Our services
  * Tax news 2015
  * About us
  * Contact

#  Artemon Services

##

Based in Luxembourg, we serve clients throughout the world, always driven by a
proactive mindset and a can-do attitude. We are truly independent and offer a
full range of advisory and compliance services.  
Our goal is to provide you with high quality services that allow you the
freedom to concentrate on ..."
20,57,20_emploi_coaching_offres_luxembourg,"emploi, coaching, offres, luxembourg, offres emploi, data, rue, digital, languages, asbl","Aller au contenu

  * Accueil
  * Candidats
    * Présentation
    * Offres d’emploi
    * Candidature spontanée
    * Foire aux questions
  * Entreprises
    * Présentation
    * Demande de recrutement
  * Qui sommes-nous ?
    * Nos agences
    * Notre équipe
  * Contact

Menu

  * Accueil
  * Candidats
    * Présentation
    * Offres d’emploi
    * Candidature spontanée
    * Foire aux questions
  * Entreprises
    * Présentation
    * Demande de recrutement
  * Qui sommes-nous ?
    * Nos ag...
---
déposez votre CV

Compte candidat

toutes nos offres

  *   *   *      
  * WIL EMPLOI
    * WHO is WIL ?
    * Contact
  * entreprises
    * Domaines d'expertise
    * Le recrutement chez WIL
    * Prestations sur mesure
    * Consultez-nous
  * candidats
    * Offres d'emploi
    * Connexion/inscription
    * Offres favorites
    * Domaines d'expertise
  *      

Offres d'emploi

Déposez votre CV

Connexion / Inscription

Domaines d'expertise

# OFFRES D'EMPLOI

<< Retour aux résultats

lieu

...
---
Aller au contenu

Me

  * Qui sommes-nous
  * Offres d’emploi
  * Infos & Conseils en recrutement
  * Vous êtes une entreprise ?

Menu

  * Qui sommes-nous
  * Offres d’emploi
  * Infos & Conseils en recrutement
  * Vous êtes une entreprise ?

Candidature spontanée

ESPACE CANDIDAT

FR

FR  EN

# Cabinet de recrutement spécialisé en

#  BANQUE  ASSURANCE  FINANCE  GESTION D'ACTIFS  IMMOBILIER  PRIVATE EQUITY

Quoi ?

Où ?

Rechercher

Trouver un job

Recruter un talent

## Faites matcher votre C..."
21,56,21_javascript_eset_matelas_item,"javascript, eset, matelas, item, orange, add, weiterlesen, pair, covid 19, magasin","###

### Menü

  * Neue Bestellung
  * Einloggen
  * Konto einrichten

### Informationen

  * CitEx.lu
  * Allgemeine Transportbedingungen
  * Rechtliche Hinweise

### Sprache

FrançaisDeutschEnglish

© CitEx s.à r.l.

### My CitEx Business

Neue Bestellung

This website requires javascript to function properly. Please activate
javascript in your browser options.  
  
Ce site web nécessite javascript pour fonctionner correctement. Veuillez
activer javascript dans les options de votre navigateur....
---
Javascript est désactivé dans votre navigateur.  
Javascript doit être activé dans votre navigateur pour utiliser toutes les
fonctionnalités de ce site.

Home

  * Mon compte
  * Mon panier
  * Commander
  * Connexion

Votre langue : fr

  * fr
  * nl

  * A propos de MGK
  * Conditions generales de vente
  * Support
  * Mentions legales
  * Vie privee

  * Product Sitemap
  * Category Sitemap
  * Recherche avancée
  * Commandes et retours

Boutique en ligne ESET Belgique et Luxembourg. Téléchar...
---
JavaScript seems to be disabled in your browser. For the best experience on
our site, be sure to turn on Javascript in your browser.

Italian excellence at your door

Looking for the best of Italy’s flavours without having to fly back and forth?
Order with Gourmetto and we will deliver them to you.

Shop now

  * Shop
  * €0.00
  * Login
Log in

E-mail address

Password

Log in

Forgot Your Password?

Do not have an account yet?Sign up now

Change language

English

    * Français 
  * Menu
Menu..."
22,55,22_sqm_m²_sold_appartement,"sqm, m², sold, appartement, apartment, 000, 00 m², luxembourg, m2, bedrooms","* Selection

  * Facebook
  * Instagram

  * Accueil
  * Ventes
  * Locations
  * Projets
  * bien à l’étranger
  * Archives
  * Assurances
  * Gestion locative
  * Estimation
  * Contact

###  Chez vous, ailleurs

###  Où l’effort ne s’arrête pas

###  La vraie maison de l'Amour est toujours une cachette

###  Si la base est solide, la maison est solide

###  La tolérance ? Il y a des maisons pour ça

CatégorieCatégorieVenteLocation

TypesAppartementBureauCommerceGarage / ParkingLocaux d'activi...
---
Access the website >

  * Menu
  * 0
  * ContactReal Estate Feltes161, rue du Kiem  
L-8030 Strassen  
  
Tel.: +(352) 248 488 - 1  
  
Email: feltes@feltes.lu  

### Change language

  * FR
  * EN

#### Main navigation

  * Our properties
  * For sale
  * For rent
  * New constructions
  * Off-market
  * My selection
  * Create my email alert
  * Real Estate Feltes
  * Our services
  * Sell or rent my property
  * Feltes & Associates Promotion
  * Who we are
  * Our realizations
  * Our future ...
---
GROUPE CITÉ  
Agence Immobilière  
Syndic et Administrateur de biens

Toggle navigation

  *   * SALE
  * RENT
  * NEW
  * OUR REFERENCES
  * ESTIMATE
  * MANAGEMENT
  * TEAM
  * CONTACT

  * Depuis 1974, LA CITÉ est un pilier fort 
dans l’Immobilier dans le Grand-Duché.

  * Bénéficiez de l'expérience de nos experts en immobilier 
de la VENTE et la LOCATION de votre bien immobilier

  * Une équipe disponible, dynamique, sérieuse, efficace, 
avant tout disposée à vous écouter.

##  L’immobilier ..."
23,52,23_portes_cleaning_peinture_000,"portes, cleaning, peinture, 000, bois, travaux, pvc, appartements, fenêtres, maisons","*   * 

  * Home
  * Services
    * Renovation
    * House extension
    * Roof insulation and attics adaptation
    * Windows and door exchange
    * Winter gardens
    * Facade works
    * Bathrooms
    * Floors
    * Painting & Walls techniques
    * Kitchens and Furniture
    * Outdoor terraces and walls
  * Projects
  * Materials
    * Windows
      * Wooden windows
      * Aluminum windows
      * Wood / aluminum windows
      * PVC windows
      * PVC / Aluminum windows
    * Entrance doo...
---
* Accueil
  * Entreprise
  * Nos Services
  * Nos Réalisations
  * Construction et Renovation
  * Façade et Isolation
  * Peinture
  * Plâtrerie
  * Contacts

Menu

  * Accueil
  * Entreprise
  * Nos Services
  * Nos Réalisations
  * Construction et Renovation
  * Façade et Isolation
  * Peinture
  * Plâtrerie
  * Contacts

  * Accueil
  * Construction et Renovation
  * Façade et Isolation
  * Peinture
  * Plâtrerie
  * Contacts

Menu

  * Accueil
  * Construction et Renovation
  * Façade et Iso...
---
* de
  * fr

  * Startseite
  * Kontakt
  * Impressum
  * Datenschutz

  * Renovieren
  * Ausbauen
  * ums Haus
  * über uns
  * Jobs

  * +Renovieren
    * +Fenster
      * Holzfenster
      * Holz-Alu-Fenster
      * Alu-Kunststoff-Fenster
      * Holz-Denkmal-Fenster
      * Aluminiumfensterläden
      * Kunststofffenster
    * +Haustüren
      * Aluminium-Holz-Haustüren
      * Holz-Haustüren
      * Aluminiuim oder Kunststoff Haustüren
      * Aluminium-Kunststoff-Haustüren
    * Innentüren..."
24,52,24_coiffure_salon_coupe_hair,"coiffure, salon, coupe, hair, données, cheveux, salon coiffure, données personnelles, personnelles, brushing","﻿

Logo

  * Accueil
  * Presentation
  * Nos prestations
    * Hommes
    * Femmes
    * Enfants
  * Galerie Photo
  * Contact

  1. 1 Coiffure hommes
  2. 2 Coiffure femmes
  3. 3 Coiffure enfants

### Nos prestations

## Coiffure hommes

Dégradé, Coupe, nous prenons soin de vous les hommes !

En savoir +

### Nos prestations

## Coiffure femmes

Envie de nouveauté ? Prenez rendez-vous !

En savoir +

### Nos prestations

## Coiffure enfants

Nous chouchoutons également les enfants !

En savoi...
---
﻿

Logo

  * Accueil
  * Notre salon
  * Coiffure
    * Hommes
    * Femmes
    * Enfants
  * Maquillage
  * Contact

  1. 1
  2. 2
  3. 3

## COIFFURE

Dames, Hommes et Enfants

## PRODUITS CAPILLAIRES

## MAQUILLAGE

## Coiffure Fantaisie

  

Dans une ambiance agréable et familiale, notre équipe de professionnels vous
accueille pour satisfaire à vos demandes.

En savoir plus

## Nos services  

##

Hommes

A partir de 15€

En savoir plus

##

Femmes

A partir de 20€

En savoir plus

##

Enfan...
---
﻿

  *   * +352 26 48 24 50
  * cgcoiff@pt.lu

Logo

  * Accueil
  * Notre salon
  * Nos prestations
    * Coiffure
    * Esthetique
    * Barbier
  * Actualites
  * Contact

Prendre rendez-vous

  1. 1 Coiffure
  2. 2 Esthetique
  3. 3 Barbier

## Nos prestations

### Coiffure

En savoir +

## Nos prestations

### Esthétique

En savoir +

## Nos prestations

### Barbier

En savoir +

Previous Next

## Vous souhaitez plus d'informations  
sur les prestations que nous proposons ?

CONTACTEZ-NOUS
..."
25,51,25_sushi_saumon_restaurant_poulet,"sushi, saumon, restaurant, poulet, sauce, carte, allergènes, scampis, 14h30, maki","* Accueil
  * Carte de menu
  * Galerie

#  Restaurant Japonais & wok chinois Petange Luxembourg

## Bienvenue dans notre Restaurant japonais et buffet wok

  

Sushi train

Menu a la carte ou a emporter  

Buffet wok  

Livraison a domicile  
  

  *   *   *   *   *   *   *   *   *   *   * 

Le restaurant Suhi House est situe en face du Cactus a Petange, il vous
accueille tous les jours dans un cadre moderne, epure et elegant ou vous
pourrez deguster notre cuisine japonaise traditionnelle et de...
---
﻿

Logo

  * Accueil
  * Presentation
  * Notre carte
  * Nos actualites
  * Contact

  1. 1
  2. 2
  3. 3

## Restaurant Hua-Ting

Cuisine Chinoise

## Restaurant Hua Ting

Cuisine Thaïlandaise et Indonésienne

## Restaurant Hua-Ting

Cuisine Japonaise

## Bienvenue au restaurant Hua Ting

Venez découvrir le restaurant Hua Ting qui vous propose une cuisine
traditionnelle et savoureuse chinoise, japonaise et thaïlandaise !

En savoir plus

### Lorem ipsum

## Nos Plats

  * Casserole
  * Entree
...
---
* # Sushi Lovers II
  *     * Store
    * Location
    * Contact us
  * 28 80 88 89
Get directions

Business hours

    * 

# Sushi Lovers II

##

Notre vaste gamme de sushis plus savoureux les uns que les autres sauront
ravir les palais les plus delicats.

28 80 88 89

  * 

Categories

  * Menu
  * Entrées
  * Soupes
  * Accompagnements
  * Apéritifs
  * Temaki
  * Sushi
  * Maki
  * California
  * Chirashi
  * Rice
  * Printemps
  * Sashimi
  * Soja
  * Tulipe
  * Saumon
  * Rainbow
  * Plate..."
26,49,26_000_000 000_traitement_données,"000, 000 000, traitement, données, traitement données, personnelles, surface, données personnelles, 250, 150","﻿

RECHERCHE

    
Transaction

     achatlocation
    
neuf

Localité

     - \- Centre-ville Luxembourg
Type de bien

     - Appartement Local commercial Résidence
Budget

     - 100 000 150 000 200 000 250 000 300 000 350 000 400 000 450 000 500 000 550 000 600 000 650 000 700 000 800 000 900 000 1 000 000 1 500 000 2 000 000 3 000 000 4 000 000 5 000 000
à

     - 100 000 150 000 200 000 250 000 300 000 350 000 400 000 450 000 500 000 550 000 600 000 650 000 700 000 800 000 900 000 1 000 000...
---
﻿

RECHERCHE

    
Transaction

     achatlocation
    
neuf

Localité

     - \- Bonnevoie Canach Echternach Luxembourg Moutfort Petange
Type de bien

     - Appartement Maison Terrain constructible
Budget

     - 100 000 150 000 200 000 250 000 300 000 350 000 400 000 450 000 500 000 550 000 600 000 650 000 700 000 800 000 900 000 1 000 000 1 500 000 2 000 000 3 000 000 4 000 000 5 000 000
à

     - 100 000 150 000 200 000 250 000 300 000 350 000 400 000 450 000 500 000 550 000 600 000 650 000...
---
﻿

RECHERCHE

    
Transaction

     achatlocation
    
neuf

Localité

     - Beckerich Bissen Colpach-bas Eischen Goesdorf Lintgen Mertzig Oberpallen Ospern Redange Rollingen
Type de bien

     - Appartement Bureau Maison
Budget

     - 100 000 150 000 200 000 250 000 300 000 350 000 400 000 450 000 500 000 550 000 600 000 650 000 700 000 800 000 900 000 1 000 000 1 500 000 2 000 000 3 000 000 4 000 000 5 000 000
à

     - 100 000 150 000 200 000 250 000 300 000 350 000 400 000 450 000 500 000..."
27,49,27_architecture_construction_projets_urbanisme,"architecture, construction, projets, urbanisme, architecte, architectes, résidence, 352, contact, références","* \+ 352 33 29 65
  * info@bs-construction.lu

  * Ben-Scholtes s.a.
  * Steelconcept s.a.
  * Construction s.a.

#  Bs-construction (fr)

  * 

  * Notre équipe
  * Références
  * Contact

#  Bs-construction (fr)

  * Notre équipe
  * Références
  * Contact

  * \+ 352 33 29 65
  * info@bs-construction.lu

  * Ben-Scholtes s.a.
  * Steelconcept s.a.
  * Construction s.a.

Congé collectif

Nous sommes en congé du 30 juillet jusqu'au 28 août (inclus) et nous vous
souhaitons de bonnes et agréables...
---
Skip to content

#  Architecture et Urbanisme

  * Accueil
  * Projets
  * Contact

#  Architecture et Urbanisme

Main Menu

  * Accueil
  * Projets
  * Contact

##### Architecte

# Manuel Schumacher

##### Projets

Perrard

Ecole Lenningen

Ecole Strassen

## Go to

  * Accueil
  * Projets
  * Contact

## Contact

  * 18, av. Gaston Diderich, L-1420 Luxembourg
  * Tel.: (+352) 44 17 12
  * architecte@mschumacher.lu

Copyright © 2022 Architecture et Urbanisme

---PAGE BREAK---

Skip to content

...
---
#  Decker, Lammar & Associes - Architecture et Urbanisme

#  Decker, Lammar & Associes - Architecture et Urbanisme

Menu

  * Projets
  * Bureau
  * Contact
  * Offres d'emploi

Close

  * Projets
  * Bureau
  * Contact
  * Offres d'emploi

## Projets

Menu

Histoire

  * all
  * actualit
  * 2017-2020
  * 2010-2016
  * 2006-2009
  * 2004-2005
  * 1997-2003
  * 1990-1996
  * 1983-1989
  * 1982

Programmes

  * all
  * urbanisme et amnagement
  * btiments publics
  * quipements communaux
  * infr..."
28,48,28_00_cookies_08 00_08,"00, cookies, 08 00, 08, assurance, editus, cookies pourrez, culture recommandé, fonctionnalités contenu, recommandé autoriser","Afin de fournir une fonctionnalité complète, ce site Web nécessite votre
consentement explicite pour stocker des cookies de navigateur. Si vous
n'autorisez pas les cookies, vous ne pourrez peut-être pas utiliser certaines
fonctionnalités du site Web, notamment les suivantes: contenu personnalisé,
changement de culture. Il est recommandé d'autoriser tous les cookies.

#  Chapeau Moderne

  * Accueil
  * Presentation
  * Produits & Services
  * Realisations
  * Contact

Chapeau Moderne Mondercange...
---
Afin de fournir une fonctionnalité complète, ce site Web nécessite votre
consentement explicite pour stocker des cookies de navigateur. Si vous
n'autorisez pas les cookies, vous ne pourrez peut-être pas utiliser certaines
fonctionnalités du site Web, notamment les suivantes: contenu personnalisé,
changement de culture. Il est recommandé d'autoriser tous les cookies.

  * Accueil
  * Presentation
  * Produits d'assurance
  * Nos assurances
  * Contact

  *   *   *   * 

# Contact

##  Infos prati...
---
Afin de fournir une fonctionnalité complète, ce site Web nécessite votre
consentement explicite pour stocker des cookies de navigateur. Si vous
n'autorisez pas les cookies, vous ne pourrez peut-être pas utiliser certaines
fonctionnalités du site Web, notamment les suivantes: contenu personnalisé,
changement de culture. Il est recommandé d'autoriser tous les cookies.

  * Accueil
  * Presentation
  * Produits & Services
  * Nos produits
  * Contact

Luxembourgeoise de Tuyauterie et Maintenance In..."
29,47,29_dog_precise_chiens_dogs,"dog, precise, chiens, dogs, chien, animaux, wix, hund, pet, common","EN

EN

DE

FR

  * Home
  * Dog Walking
  * Daycare
    * Creche Buddies Code
  * Boarding
  * Grooming
  * Lucky Jobs
  * About Us
    * Privacy Policy
  * More

Use tab to navigate through the menu items.

Lucky Dogs stands with the people of Ukraine!

RESERVE

#### Your Dog's Home Away From Home!

###### We're Hiring! Click here for details.

Read more

Read more

Read more

###### OPENING HOURS

MONDAY-FRIDAY

7:00-19:00

###### ADDRESS

11, rue de Garnich

L-8369 Hivange

T: +352 26 375 63...
---
* Home
  * Book
  * How it Works
  * Dog Parent Reviews
  * Pricing
  * Become a Dog Sitter
  * FAQs
  * About Us
  * Media Coverage
  * Gallery
  * Contact
  * More

Use tab to navigate through the menu items.

  *   * 

## WE ARE WAITING TO CONNECT YOU TO THE RIGHT DOG SITTER!

Hello!  We would love to know more about you and your dog :-)

Please use the Booking Request form below to tell us a little about you both.
This is the information we need most but you can use the 'Additional
Informati...
---
* HOME
  * SALON & TEAM
  * LEISTUNGEN
  * WARUM HUNDEFRISEUR
  * NAHRUNG & ACCESSOIRES
  * GALERIE
  * KONTAKT
    * Impressum
    * Datenschutz
  *     *     *     * 

  * HOME
  * SALON & TEAM
  * LEISTUNGEN
  * WARUM HUNDEFRISEUR
  * NAHRUNG & ACCESSOIRES
  * GALERIE
  * KONTAKT
    * Impressum
    * Datenschutz
  *     *     *     * 

Copyright 2019 The Dog Company SARL - created and hosted by NETsite.lu SARL

---PAGE BREAK---

* HOME
  * SALON & TEAM
  * SERVICES
  * POURQUOI TOILETTER SON..."
30,46,30_000_m2_000 000_immobilier,"000, m2, 000 000, immobilier, m², luxembourg, appartement, agence, balcony, immo","﻿         FR |  EN
  * Ventes
    * Toutes les ventes
    * Appartements
    * Maisons
    * Terrains
    * Bureaux
    * Commerces
  * Locations
    * Toutes les locations
    * Appartements
    * Maisons
    * Bureaux
    * Commerces
  * Neuf
    * Tous les biens neufs
    * Appartements
    * Maisons
  * Estimation
  * Services
  * Assurance
  * Equipe
    * Equipe
    * Recrutement
  * Contact

Homesell S.à.r l

Votre agence immobilière à Luxembourg

Toute l'équipe est

à votre écoute dans l...
---
﻿RE/MAX, Leader Mondial de l'Immobilier, est présent dans 85 pays avec plus de
100000 agents. Contactez-nous !

﻿

RE/MAX - Select  
6-8 rue Jean Origer  
L-2269 Luxembourg  
+352 27 49 56-1  
select@remax.lu

  * Accueil
  * Ventes
    * Toutes les ventes
    * Maisons
    * Appartements
    * Bureaux
    * Terrains
  * Locations
    * Toutes les locations
    * Maisons
    * Appartements
    * Bureaux
  * Neuf
  * A propos
  * Vidéos
  * Blog
  * Estimation
  * Contact

## Votre specialiste  
...
---
# Bureau immobilier au Luxembourg et à l‘International

﻿     Fr   En

  * Accueil
  * Ventes
    *   * Locations
  * International
    *   * À propos
    * Le Luxembourg
    * Services
    * Qui sommes-nous ?
  * Nos réalisations
    * Vendus
    * Loués
  * Contact
  * Estimation

  *   *   *   *   * 

RECHERCHE

    
Transaction

     achatlocation
    
neuf

Localité

     - \- Belair \- Centre-ville \- Gasperich \- Kirchberg \- Limpertsberg Luxembourg Nancy (54000)
Type de bien

     - Appa..."
31,45,31_appartement_m²_m2_maison,"appartement, m², m2, maison, ventes, 000, ventes locations, locations, vente, surface","7 jours / 7   à votre disposition

+352 26 81 37 37

  * Accueil
  * Vente
  * Location
  * Notre entreprise
  * Contact
  * Gérance

L'agence qui bouge !...

  *   *   *   * 

Vente Location

Type de bien AppartementBureauImmeuble de rapportLocal commercialMaisonMaison
de ma?tre

Ville DillingenDoncolsEttelbruckHoltzNiederkornSonlezWasserbillig

  * Wasserbillig - Maison  
Surface: 220.00 m²   3 950 €  
Ref: 497877  
  

Maison entièrement rénovée à neuf, possibilité pour 2 familles, comprenant...
---
7 jours / 7   à votre disposition

+352 26 81 37 37

  * Accueil
  * Vente
  * Location
  * Notre entreprise
  * Contact
  * Gérance

L'agence qui bouge !...

  *   *   *   * 

Vente Location

Type de bien AppartementBureauImmeuble de rapportLocal commercialMaisonMaison
de ma?tre

Ville DillingenDoncolsEttelbruckHoltzNiederkornSonlezWasserbillig

Trier par : Prix  Surface  Nombre de chambre(s) Date

2 résultats

Holtz - Bureau  
Ref: 497854  
  

bureau a louer ( 2 disponibles) pour siège de soc...
---
* Facebook
  * Instagram

fr

  * 

  * Ventes
  * Locations
  * Estimation
  * Projets réalisés
  * Ventes réalisées
  * Projets futurs
  * Nos agences
  * Contactez-nous
  * CleanHome

  * Vente
  * Location

TypesAppartementBateauBureauCave / BoxCommerceGarage / ParkingImmeubleLocaux
d'activité / EntrepôtsMaisonTerrain

VilleBaschleidenBereldangeBigonvilleBilsdorfBoevange-sur-
AttertBoulaideClervauxDiekirchDrinklangeEisenbachEsch-sur-
AlzetteGoesdorfHarlangeHelmdangeHosingenHuldangeHunsdorfKa..."
32,44,32_events_2017_2019_2012,"events, 2017, 2019, 2012, 2018, vignes, 2022, 2013, 2020, 2016","* Home
  * Agenda
    * Agenda 2022
    * Agenda 2021
  * Events
    * 29th September 2022
    * 2nd June 2022
    * 24th March 2022
    * 23rd September 2021
    * 29th June 2021
    * 20th May 2021
    * 25th March 2021
  * Archives
    * Archives
    * Posts
  * About us
    * Become a Member
    * Committee
    * Ethics
  * Links
    * Useful links
    * Forms
    * RSS
    * Reserved

Select Page

## BeNeLux Power 2022 on October 10th/11th , 2022

by Common Europe Luxembourg | 22/07/2022
Th...
---
Toggle Navigation

  * Accueil
  * News
  * Agenda
  * All Branchen 
    * Beaver
    * Wëllefcher
    * Scouten
    * Explorer
    * Rover
    * Cheffen
  * Documents
  * Iwwert eis
  * Aloggen
  * Search for:

# Däreldéieren

  * There are no upcoming events. 

  * There are no upcoming events. 

  * There are no upcoming events. 

  * There are no upcoming events. 

  * There are no upcoming events. 

## News

###### Actualités All Branchen

####  Schnupperversammlung rentrée 22/23: Samstes 2...
---
## Minimum Php version 7.3 required for Amr Ical Events. Your version is
7.2.34

# Letzebuerger Ardenner Studbook a.s.b.l.

Suchen

Primäres Menü Zum Inhalt springen

  * Willkommen
  * Ardenner
  * News
  * Kontakt
  * Presse
    * Allgemeines
    * L.A.S.
  * SHOP
    * Kleidung mit Ardennerlogo
    * Bücher/Zeitschriften…
  * Vorstand
  * Deckhengste
    * Decksaison 2010
    * Decksaison 2011
    * Decksaison 2012
    * Decksaison 2013
    * DECKSAISON 2014
    * Decksaison 2016
    * Decksa..."
33,44,33_eis_iech_vum_och,"eis, iech, vum, och, méi, iwwer, joer, ginn, doheem, 00","* Startsäit
  * De Butzeneck
  * Eis Organisatioun
    * Eis Raimlechkeeten
    * Altersgruppen
  * Aktivitéiten
  * Kontakt

  * Startsäit
  * De Butzeneck
  * Eis Organisatioun
    * Eis Raimlechkeeten
    * Altersgruppen
  * Aktivitéiten
  * Kontakt

# Bei eis fillen sech Är Kanner wuel

  * Bei eis fillen sech Är Kanner wuel
  * Mär betreien nët nëmmen Är Butzen, mär si frou mat hinnen
  * 25 Joer an Ärem Dengscht

### Kontakt

(+352) 57 25 52

info@butzeneck.lu

150 Rue Victor Hugo L-4141 E...
---
Zum Inhalt springen

  * 138, Boulevard de la Pétrusse, 2330 LuxembourgLUX
  * Kontaktéiert ons
  * Login

InstagramFacebookYouTube

  * STARTSÄIT
  * GROUPE ANIMATEUR(GA)
    * Groupe AnimateurINFO
De Groupe Animateur (GA) gouf 1983 vu verschiddenen deemolegen Animateure
gegrënnt a besteet domat zanter méi wei 35 Joer.

      * Iwwer eis Aktivitéiten
      * Iwwer d'Formatioun
      * Aktuelle Comité2022
      * Memberskaart
    * ### Kolonien & Weekender
### Gëff Animateur

    * ### Aktuelle ...
---
Skip navigation Aktuelles  Spenden  Wee 2050, eis Ziler  Facebook  Nee zum
Auslännerwahlrecht (2015)  Press & Co  Kultur a Geschicht  – Geschicht vu
Lëtzebuerg  – Lëtzebuerger Virnimm  Kontakt  
#  Déi neiste Bäitreeg op dësem Site:

# News

#  Een neit Buch iwwer Lëtzebuerg ""Mir gi Lëtzebuerg net op"" vum Fred Keup an
Tom Weidig

12 Jun 2022

(comments: 0)

Der Fluch des Turbowachstums

Ausschnnitt, Seite 102 im Buch:

In den letzten Jahren werden die Probleme des Wachstums aber immer
offensicht..."
34,43,34_cookies_alto_schreinerei_samedi,"cookies, alto, schreinerei, samedi, lundi, vendredi, 18h00, permis, lundi vendredi, expérience","Skip to content

+352 26 56 13 33  |  Me contacter par mail  | Du Lundi au vendredi de 9h à 16h et le samedi de 9h à 11h 
  * Accueil
  * Présentation
  * Services
    * Création d’espaces verts
    * Abattage / Elagage
    * Maçonnerie paysagère
    * Clôtures
    * Contrat d’entretien
  * Réalisations
  * Contact

Menu Fermer

  * Accueil
  * Présentation
  * Services
    * Création d’espaces verts
    * Abattage / Elagage
    * Maçonnerie paysagère
    * Clôtures
    * Contrat d’entretien
  *...
---
﻿

  *     * Lundi au vendredi : 8h - 18h, Samedi : 8h - 12h
  * +352 26 45 92 80
  * contact@gazoon.lu

Logo

  * Accueil
  * A propos
  * Nos prestations
    * Gazon synthetique
    * Étapes de pose d'un gazon synthetique
    * Enclos pour chiens
  * Realisations
  * Contact

  1. 1 Amenagement terrasse
  2. 2 Amenagement piscine
  3. 3 Royal Grass
  4. 4 Amenagement jardin
  5. 5 Pose de gazons synthetiques

### Aménagement de tous type de surfaces

## Gazons synthétiques

jardin, terrasse, p...
---
Skip to content

+352 24 84 02 25  | info@autocarrosserie.lu |Lundi au Vendredi: 8h00 - 12h | 13h - 18h et le samedi : 08h00 - 12h00, seulement sur RDV. 
  * Accueil
  * Présentation
  * Nos services
    * Carrosserie / Peinture
    * Mécanique
    * Pneumatique
    * Contrôle technique
  * Nos actualités
  * Contact
  * 

Rechercher sur ce site

Menu Fermer

  * Accueil
  * Présentation
  * Nos services
    * Carrosserie / Peinture
    * Mécanique
    * Pneumatique
    * Contrôle technique
  * ..."
35,43,35_crèche_enfants_enfant_parents,"crèche, enfants, enfant, parents, activités, ans, données, foyer, creche, jeux","* Notre Crèche
  * Notre Pédagogie
  * Nos Activités
  * Galerie Photo
  * Contact

#

BIENVENUE !

PRE-INSCRIVEZ VOTRE ENFANT

## Nos crèches

* * *
Nous vous accueillons dans nos chaleureuses maisons familiales situées près
des axes routiers et de différents endroits de découverte pour les petits
bouts.

###

### OUVERTE

##### ( depuis avril 2021 )

Notre structure de Bertrange offre un lieu sûr et chaleureux pour les petits
bouts de 3 mois à 4 ans qui nous seront confiés. Cette crèche à tail...
---
*   *   * 

Crèche Belair  Crèche Mamer

Enfants scolarisés

Crèche Bridel

Enfants scolarisés

Philosophie  Galeries  Contact

# Crèche Belair

La crèche ""Am Schleekenhaus"" vous propose un accueil chaleureux dans une belle
maison traditionnelle à Belair…  
  

En savoir plus

# Crèche Mamer

La crèche et foyer de jour ""Am Schleekenhaus"" vous accueillent dans une maison
conviviale nouvellement construite…

En savoir plus

# Crèche Bridel

Notre nouvelle crèche accueille les petits de 0-4 ans dan...
---
Facebook

#  Bienvenue à la crèche et au foyer de jour Coccinella

  * Accueil
  * Présentations
  * Valeurs
  * Pédagogie
  * Activités
  * Atouts
  * Contact

Retour à l’accueil

© Copyright 2017 Crèche Coccinella | Created by myAgency
## Notre crèche

La crèche Coccinella située à Esch-sur-Alzette accueille jusqu'à 57 enfants
âgés de 2 mois à 4 ans du lundi au vendredi de 5h30 à 18h30. Nous avons un
groupe de 22 bébés 2 mois à 24 mois et un groupe de 35 grands de 2 à 4 ans.

  * De 2 mois à 4..."
36,42,36_safari_396_mullerthal_voyages,"safari, 396, mullerthal, voyages, reisen, outdoor, mullerthal trail, trail, hotels, bus","###

‹ › ×

Toggle navigation

  * fr
  * en
  * de
  * nl

  * Home 
  * Entdecken 
    * Schlösser und Burgen 
    * Wandern 
    * Radfahren 
    * Aqua Park Beaufort 
    * Ice Park Beaufort 
    * Natur- & Geopark Mëllerdall 
    * Ausgehen 
    * Sport & Freizeit 
    * Einkaufen 
  * Essen & Übernachten 
    * Restaurants 
    * Campingplätze 
    * Hotels 
    * Jugendherberge 
    * Ferienwohnungen 
  * Veranstaltungskalender 
  * Nützliche Hinweise 
    * Stellenanzeige 
    * Broschür...
---
###

‹ › ×

Toggle navigation

  * fr
  * en
  * de
  * nl

  * fr
  * en
  * de
  * nl

  * Die Gemeinde Consdorf 
  * Entdecken 
    * Kunst & Kultur 
    * Natur & Ausflüge 
    * Natur- & Geopark Mëllerdall 
    * Ausgehen & Shopping 
    * Sport & Freizeit 
    * Verschiedene 
  * Essen & Übernachten 
    * Hotels 
    * Campingplätze 
    * Ferienwohnungen 
    * Restaurants 
  * Veranstaltungskalender 
  * Camping La Pinède 
    * Camping 
    * CampingHuts 
    * Mobilehome Life 
    * M...
---
###

‹ › ×

Toggle navigation

  * fr
  * en
  * de
  * nl

  * fr
  * en
  * de
  * nl

  * Touristcenter 
    * Die ehemalige Mühle 
    * Regionale Produkte Shop 
    * Best of Wandern 
    * Picknickkorb/-rucksack 
    * Kindergeburtstag 
    * Schulausflug 
    * Seminarraum 
    * Außenbereich 
    * Jährliche Veranstaltungen 
  * Wandern & Sport 
    * Wandern 
    * Fahrrad 
    * Fahrradverleih 
    * Klettern 
    * Schwimmbäder 
    * Wassersport 
    * Golf 
    * Andere Sportarten 
..."
37,41,37_ovhcloud_06 17_2022 06_06,"ovhcloud, 06 17, 2022 06, 06, dédié, solution, liberté, hébergement, 17, asbl","# Félicitations !

Votre domaine habilis.lu a bien été créé chez OVHcloud.

  

  

Accédez à votre Webmail OVHcloud

Configurez votre domaine  
depuis votre Espace Client Web

Consultez la liste des  
questions fréquemment posées

  
  

  

Vous pouvez dès à présent lui associer un hébergement,  
en choisissant la solution la plus adaptée à vos besoins :

  

## Hébergement Web

Une solution économique  
pour héberger vos projets Web :  
site Internet, boutique en ligne,  
landing page...

  
...
---
# Félicitations !

Votre domaine arteviva.lu a bien été créé chez OVHcloud.

  

  

Accédez à votre Webmail OVHcloud

Configurez votre domaine  
depuis votre Espace Client Web

Consultez la liste des  
questions fréquemment posées

  
  

  

Vous pouvez dès à présent lui associer un hébergement,  
en choisissant la solution la plus adaptée à vos besoins :

  

## Hébergement Web

Une solution économique  
pour héberger vos projets Web :  
site Internet, boutique en ligne,  
landing page...

  ...
---
# Félicitations !

Votre domaine itli.lu a bien été créé chez OVHcloud.

  

  

Accédez à votre Webmail OVHcloud

Configurez votre domaine  
depuis votre Espace Client Web

Consultez la liste des  
questions fréquemment posées

  
  

  

Vous pouvez dès à présent lui associer un hébergement,  
en choisissant la solution la plus adaptée à vos besoins :

  

## Hébergement Web

Une solution économique  
pour héberger vos projets Web :  
site Internet, boutique en ligne,  
landing page...

  
  
..."
38,41,38_données_traitement_000_personnelles,"données, traitement, 000, personnelles, traitement données, données personnelles, 000 000, cas, finalités, data","﻿

SUIVEZ-NOUS SUR

  * Accueil
  * Vendre
  * Location
  * Neufs
  * Simulez votre crédit
  * Contact

## Politique de confidentialité

La présente politique de confidentialité définit et vous informe de la manière
dont ELSA'HOME Sarl utilise et protège les informations que vous nous
transmettez, le cas échéant, lorsque vous utilisez le présent site accessible
à partir de l'URL suivante : http://www.elsahome.lu (ci-après le Â « Site Â»).  
En utilisant notre site, vous acceptez notre Politique ...
---
617, rue de Neudorf - L-2220 Luxembourg-Neudorf | Tél.: +352 24 51 33 79 / +352 661 199 021 | Email: info@mansoimmo.lu
            FR  |  EN  |  DE
  * Accueil
  * Ventes
  * Locations
  * Neufs
  * Contact

## Politique de confidentialité

La présente politique de confidentialité définit et vous informe de la manière
dont Manso Immo utilise et protège les informations que vous nous transmettez,
le cas échéant, lorsque vous utilisez le présent site accessible à partir de
l'URL suivante : http://...
---
18, rue des Primevères - L-3926 Luxembourg-Belair | Tél.: +352 621 147 097 +352 26 51 09 34 | Email: info@fidelimmo.lu
  * Accueil
  * Ventes
  * Locations
  * Neufs
  * Contact

## Politique de confidentialité

La présente politique de confidentialité définit et vous informe de la manière
dont FIDELIMMO utilise et protège les informations que vous nous transmettez,
le cas échéant, lorsque vous utilisez le présent site accessible à partir de
l'URL suivante : http://www.fidelimmo.lu (ci-après le ..."
39,40,39_investment_tax_atoz_funds,"investment, tax, atoz, funds, corporate, fund, financial, banking, services, data","Navigation

  * Our Group
    * B.A. Fiduciaire
    * Andersen Tax
    * B.A. Tax-HauckSchuchardt
    * Paddock Corporate Services
    * Paddock Fund Solutions
  * Home
  * About Us
  * Our Services
  * Career
  * Contact

  * Our Group
    * B.A. Fiduciaire
    * Andersen Tax
    * B.A. Tax-HauckSchuchardt
    * Paddock Corporate Services
    * Paddock Fund Solutions
  * Home
  * About Us
  * Our Services
  * Career
  * Contact

### About Us

### Paddock Corporate Services

##### Luxembourg-bas...
---
Toggle navigation

  * Top Menu
  * Services

  * Financial Assets
    * Relationship Management
    * Legal & Compliance
    * Portfolio Management
    * Investment Compliance
    * Risk, Valuation & Reporting
    * LRI RAIF Platform
  * Real Assets
    * Relationship Management
    * Legal & Compliance
    * Risk, Valuation & Reporting
  * Fund Distribution
  * Funds
    * Informationen fur Anleger
  * Insights
  * 

  * Parent Group 
    * Apex Group
    * Apex Group Brands
      * EDB
      ...
---
Menu

  * Home
  * About us
    * Our story
    * Our DNA
    * Awards
  * Expertise
    * ###### Practice areas
    * * * *
    * 01\. Investment management
    * 02\. Litigation, arbitration & dispute resolution
    * 03\. Banking, finance &  
capital markets

    * 04\. Corporate
    * ###### Key competencies
    * * * *
    *       * Private equity - Fund structuring
      * Venture capital funds
      * Real estate - Fund structuring
      * Hedge funds
      * Crypto funds
      * Private ..."
40,39,40_chambres_m²_m2_appartement,"chambres, m², m2, appartement, vente, chambres chambres, surface, 000, maison, location","*   * Vente
  * Location
  * Financer
  * Contact

Agence immobilière

  * Français

  * Where dreams come home 
Agence immobilière IMMOBILIS

  * Where dreams come home 
Agence immobilière IMMOBILIS

  * Where dreams come home 
Agence immobilière IMMOBILIS

## Recherche

Catégorie Maisons - Maison jumelée - Maison mitoyenne - Maison
individuelleAppartements - AppartementGarages - ParkingTerrains - Terrain à
batir

Choisir la localité Luxembourg    Berchem    Bettembourg    Crauthem
Dudelange   ...
---
*   * Vente
  * Location
  * Neuf
  * Projets
  * Estimation
  * Financer
  * Partenaires
  * Contact

Agence immobilière

  *   *   *   * 

## Recherche

Catégorie Maisons - Maison - Maison individuelleAppartements - Appartement -
DuplexRésidences - Résidence en construction

Choisir la localité Luxembourg    Bascharage    Dippach    Esch-sur-Alzette
Garnich    Luxembourg-Muhlenbach    MamerBelgique    Arlon    Chenois

Transaction Vente Location

Chambres 1 chambres 2 chambres 3 chambres 4 cha...
---
+352 621 434 750

share

  *   * Vente
  * Location
  * Estimation
  * Contact

  * 

## Recherche

Catégorie Maisons - Maison - Maison jumelée - Maison mitoyenne - Maison
individuelleAppartements - Appartement - StudioGarages - Emplacement
intérieurLocaux commerciaux - Bureau

Choisir la localité Luxembourg    Bascharage    Bettendorf    Clemency
Differdange    Esch-sur-Sûre    Kehlen    Luxembourg-Gare    Luxembourg-Merl
Niederkorn    Noerdange    Pétange    Rodange    Soleuvre    Steinfort
Us..."
41,39,41_vins_domaine_caves_pinot,"vins, domaine, caves, pinot, wine, crémants, wines, blanc, vin, dégustation","* Accueil
  * Wine Select
  * Services
  * Les vins
    * Alsace
    * Bordelais
    * Bourgogne
    * Champagne
    * Languedoc et Roussillon
    * Loire
    * Rhône
    * Corse et découvertes internationales
  * E-shop
  * Contact

Menu

# Le vin Haute Couture

3

#### Dernières actualités

## Clos Venturi - La beauté des vins corses

Le lieu A Piedgrigio au centre nord de la Corse, le Clos Venturi est une
parcelle isolée de 28 hectares. Elle est située à une hauteur de 400m sur un
terroir de ...
---
* Notre domaine viticole
  * Cave internationale
  * Oenotourisme
  * Récompenses
  * Événements & Actualités
  * Contact & accès
  * •
  * Commander en ligne

•

  * en

0

  *   *   * 

rejoignez-nous sur

Produire des vins dans le respect de la nature afin que ceux-ci reflètent
toujours la typicité du terroir et du cépage.

  * LU-BIO-05
  *   * 

Découvrez nos vins

  
## Les vins de nos terroirs

  * Wintrange Hommelsbierg
  * Wintrange Felsbierg
  * Schwebsange Kolteschbierg
  * Remerschen...
---
Aller au contenu

## Recevez nos promotions!

Abonnez-vous pour recevoir nos promotions, nos derniers vins et toutes nos
actualités.

S'inscrire

Vins

Tous nos vins

Vins blancs

Vins rouges

Vins rosés

Les spécialités

  * Vins Biologiques
  * CHARTA Luxembourg
  * Domaine & Tradition
  * Vendanges tardives

Crémants

Tous les crémants

Crémants blancs

Crémants rosés

Coffrets dégustations

Coffrets thème ""Vignerons""

Coffrets thème ""Cépages""

Coffrets thème ""Terroirs""

Promotions

Nos vigne..."
42,39,42_title title_title_lycée_scolaire,"title title, title, lycée, scolaire, élèves, classes, formation, sepas, schüler, 2022","#  LYCEE du NORD  
  * Le lycée
    * Nouveautés
    * Postes vacants
    * Présentation du LN
    * LN dans la Presse
    * Philosophie du LN
    * Direction / Secrétariat
    * Classes
    * Sections ABCDG
    * BTS « Technologie Bois »
    * BTS « Commerce »
    * Formation des adultes
    * Cours DIMAS
    * Projets
    * Comités
    * Amicale du LN
    * iLNW
    * LN Makerspace
    * Médias sociaux
  * Visites du LN
    * Aperçu
    * Visites virtuelles
    * Reportage télé
  * Information...
---
* Bac International
  * Inscriptions 2022
  * A propos
    * Bienvenue
    * Calendrier scolaire
    * Charte scolaire
    * Formulaires
    * Horaire
    * Inscriptions
    * Manuels scolaires
    * Offre scolaire
    * Portes ouvertes
    * Présentation
  * Communauté Scolaire
    * Direction
    * AALTMA
    * Classes
    * Comité de la conférence du lycée
    * Comité des élèves
    * Comité des parents
    * Conseil d’éducation
    * Enseignants
    * Projet d’établissement
    * SePAS
    ...
---
* Menu 
  * Sitemap

  * Menu 
  * Notre LycéeInfos & Législation
    * Centres de formation du LTPS
    * Nos Équipes
      * La Direction du LTPS
      * Le Personnel du Siège
      * Le Personnel du LTPS Mercator
      * Le Personnel du LTPS Bascharage
      * Le Personnel du LTPS Ettelbruck
      * Le comité de la conférence
      * Le Comité d'élèves
      * Le Comité des parents
      * Le Conseil d'éducation
      * Commission pour la formation de l’aide‐soignant
      * Commissions natio..."
43,38,43_tuesday_https_000_people,"tuesday, https, 000, people, 20 00, projects, weekly, drink, 000 000, bring","#  syn2cat

The Geek and Hacker Community

  * About us
  * Where to find us
  * Join us!
  * Contact

  * » Wiki
  * » Level2
  * » Planet
  * » Github

  1.  
  2. Blog

1 2 3 4 5 6 … 16 Next »

##  Reopening Level2 1

Jul

9

2020

Despite never having announced that Level2 is closed, everyone was disciplined
not to organize large gatherings. During the last months we got some requests
if visiting is possible. To those we replied that alone is fine. This was well
respected. Thanks to everyone...
---
#  syn2cat

The Geek and Hacker Community

  * About us
  * Where to find us
  * Join us!
  * Contact

  * » Wiki
  * » Level2
  * » Planet
  * » Github

  1.  
  2. Blog

1 2 3 4 5 6 … 16 Next »

##  Reopening Level2 1

Jul

9

2020

Despite never having announced that Level2 is closed, everyone was disciplined
not to organize large gatherings. During the last months we got some requests
if visiting is possible. To those we replied that alone is fine. This was well
respected. Thanks to everyone...
---
Toggle navigation

  * Level2
  * Events
  * API
  * Press

  * Sorry, we're Closed

Sorry, we're Closed

# #openTuesday

Our Hackerspace is open every Tuesday evening from 8pm, where members and non-
members hang out, hack on projects, socialize, and collaborate. More about
#openTuesday

# Location

Level2 is located in Bonnevoie, very close to Luxembourg city. We hold events
which are open to everyone.

Level2  
87, route de Thionville  
L-2611 Luxembourg  
T: +352 20 333 550

# Next Event

##..."
44,35,44_smart_projekt_construction_concept,"smart, projekt, construction, concept, voir projet, projekte, norbert, projet, design, projets","Home

Leistungen

Smart Home  Gebäudetechnik  Öffentliche Aufträge

Über uns

Projekte

Kontakt

Bereitschaft 24/7

+352 760113

#  Wir liefern Power mit  
Kompetenz!

Stadtentwiclklung by Jim Godart

#  Ein Zuhause zum  
Wohlfühlen

Smart Home by Jim Godart

#  Wir leben die  
Verlässlichkeit

Gebäudetechnik by Jim Godart

zurückweiter

##  Das sind unsere

###  Einsatzgebiete

## Smart Home

Passende Lichtstimmung in jeder Situation, die Küche bereitet schon alles vor,
noch bevor Sie zu Hause ...
---
* Home
  * Dienstleistungen
  * Referenzen
  * Kontakt

  

#  Wir finden für jedes Dach eine Lösung

#  Unsere Dienstleistungen

Die Dacheindeckung eines Gebäudes stellt hohe Ansprüche an Planung, Auswahl
der Materialien, Isolierung und Ausführung der Arbeiten. Bei Isospan ist jedes
neue Projekt eine Herausforderung, die wir gerne angehen und meistern. Wir
definieren uns als starken Partner für Ihr Vorhaben und führen die Arbeiten in
ganz Luxemburg sowie in Belgien aus. Weitere Informationen üb...
---
* Home
  * Projets
  * Actualités
  * Services
    * Real Estate et Construction
    * Transport & Infrastructures
    * Structural Engineering
    * Building Technologies
  * A propos de nous
  * Contact

©Beissel&Ruppert

  * Building  
Technologies

Nouveau service

Plus d'infos

  * Structural  
Engineering

Nouveau service

Plus d'infos

  * Contournement  
de Bascharage

Infrastructure

Voir le projet

  * Siège  
Cargolux

Bureaux

Voir le projet

  * Technical Due  
Dilligence  
""Le Dôme..."
45,34,45_cookies zulassen_zulassen_speicherung browser_einschließlich folgenden,"cookies zulassen, zulassen, speicherung browser, einschließlich folgenden, empfohlen cookies, funktionalität gewährleisten, zustimmung speicherung, bestimmte funktionen, ausdrückliche zustimmung, browser cookies","Um die volle Funktionalität zu gewährleisten, benötigt diese Website Ihre
ausdrückliche Zustimmung zur Speicherung von Browser-Cookies. Wenn Sie Cookies
nicht zulassen, können Sie möglicherweise bestimmte Funktionen der Website
nicht nutzen, einschließlich der folgenden: personalisierte Inhalte,
Ausschnittverschiebung. Es wird empfohlen, dass Sie alle Cookies zulassen.

  * Startseite
  * Prasentationsseite
  * Produkte & Dienstleistungen
  * Unsere Leistungen
  * Kontakt

## Über uns

Votre par...
---
Um die volle Funktionalität zu gewährleisten, benötigt diese Website Ihre
ausdrückliche Zustimmung zur Speicherung von Browser-Cookies. Wenn Sie Cookies
nicht zulassen, können Sie möglicherweise bestimmte Funktionen der Website
nicht nutzen, einschließlich der folgenden: personalisierte Inhalte,
Ausschnittverschiebung. Es wird empfohlen, dass Sie alle Cookies zulassen.

  * Startseite
  * Über Cutting Queens
  * Unsere Dienstleistungen
  * Kontakt

de

FR

# Cutting Queens

Die Cutting Queens be...
---
Um die volle Funktionalität zu gewährleisten, benötigt diese Website Ihre
ausdrückliche Zustimmung zur Speicherung von Browser-Cookies. Wenn Sie Cookies
nicht zulassen, können Sie möglicherweise bestimmte Funktionen der Website
nicht nutzen, einschließlich der folgenden: personalisierte Inhalte,
Ausschnittverschiebung. Es wird empfohlen, dass Sie alle Cookies zulassen.

  * fr 
  * de 

Echangez, partagez

  *   *   *   * 

  * Startseite
  * Prasentationsseite
  * Produkte
  * Katalog
  * Konta..."
46,31,46_rééducation_déménagement_luxembourg_email,"rééducation, déménagement, luxembourg, email, 352, assistance, services, fax, fax 352, luxembourg luxembourg","Aller au contenu

#  MESA

Lifestyle Luxembourg

  * Déménager au Luxembourg
  * Vivre au Luxembourg
  * Finance
  * Mode de vie
  * Santé
  * Éducation
  * Emploi
  * Logement
  * Blog

MESA

Lifestyle Luxembourg

Main Menu

  * Blog

Rechercher

Rechercher

## Articles récents

  * Comment est calculée la retraite au Luxembourg ?
  * Entretien voiture et contrôle technique au Luxembourg
  * Jours Fériés Luxembourg en 2022
  * Comment appeler au Luxembourg ?
  * Meilleur aspirateur balai

  * B...
---
Contactez-nous

\+ 352 26 17 66 31

Toggle navigation Menu

  * Accueil
  * Nos activités
  * On vous rappelle
  * Demande de devis

# Votre déménagement au Luxembourg

  * 

  * Déménagement
  * Gardes meubles
  * Archivage
  * International
  * Nos agences en France
  * Actualités

## Demande de devis

pour votre déménagement

Quel que soit le lieu où s'affirment vos besoins, HEISS CLAUDE DÉMÉNAGEMENT au
Luxembourg mobilise ses énergies pour intervenir. Fort d'un réseau européen
DEMECO/DEMECO ...
---
# Planifier un rendez-vous avec le cabinet Hardy KINESPORT au Luxembourg -
KINESPORT - DUDELANGE

×

  * ACCUEIL 
  * L'ÉQUIPE
  * SERVICES
    * COACHING POST-RÉHABILITATION 
    * RÉÉDUCATION GÉRIATRIQUE 
    * RÉÉDUCATION NEUROLOGIQUE 
    * RÉÉDUCATION ONCOLOGIQUE 
    * RÉÉDUCATION ORTHOPÉDIQUE 
    * RÉÉDUCATION PÉDIATRIQUE 
    * RÉÉDUCATION RESPIRATOIRE 
    * RÉÉDUCATION TRAUMATOLOGIQUE 
    * ONDES DE CHOC 
    * KINÉSITHÉRAPIE À DOMICILE 
    * CONSULTATIONS EN OSTÉOPATHIE 
    * CENT..."
47,31,47_clean_fliesen_électricité_nettoyage,"clean, fliesen, électricité, nettoyage, installation, appareils, devis, bauer, chauffage, planung","* Électricité
  * Électroménager
  * Nos atouts
  * Cuisines
  * Contact

Sélectionner une page

# Des prestations de haute qualité dans les domaines de l'électricité générale

Electricité Bauer vous offre des services variés et des produits de la
meilleurs qualité où que vous soyez au Luxembourg.

ContactAppelez-nous !

# Des prestations de haute qualité dans les domaines de l'électricité générale

Electricité Bauer vous offre des services variés et des produits de la
meilleurs qualité où que v...
---
# Installations, entretien, dépannage et remplacement de chaudières au
Luxembourg

# Améliorez le confort dans votre habitat !

Mon nom et prénom*

Mon téléphone*

Mon email*

Message*

*En soumettant ce formulaire, j'accepte que mes informations soient utilisées par Thermo Concept S.A. dans le cadre de la demande d'un devis
Number

Je souhaite obtenir des infos

## Chaudières

Thermo Concept S.A. veille toujours à mettre au profit de ses clients une
offre détaillée avec le meilleur matériel. No...
---
* Accueil
  * Entretien de chaudières
  * Nos réalisations et projets
  * Contact

Sélectionner une page

# Votre référence pour vos travaux de réparation et entretien de chauffages,
sanitaires, climatisations, ventilations et panneaux solaires au Luxembourg

Demander un devis en ligne

Nous téléphoner



#### Notre adresse

16, rue de Drinklange  L-9911 Troisvierges



#### Envoyez-nous un e-mail

info@unichauff.lu



#### Appelez-nous

+352 99 81 56



#### Notre adresse

16, rue de Drinkl..."
48,30,48_total_by_type_productcount_products total_by_type_products,"total_by_type, productcount, products total_by_type, products, eur, homme, boutique, hp, lots, vêtements","*   * 

  * Accueil
  * Nos ventes
    * Les prochaines ventes
    * Comment acheter ?
  * Résultats
  * Connexion
    * Newsletter

  * ###  25 septembre 2022 - 14h00 
###  Luxemburgensia III

Détails de la vente

  * ###  23 octobre 2022 - 14h00 
###  VENTE BIJOUX, MONTRES, DRESSING...

Détails de la vente

  * ###  30 octobre 2022 - 14h00 
###  INSTRUMENTS DE MUSIQUE & VINYLES

Détails de la vente

  * ###  3 - 14 novembre 2022 
###  Cartes postales du Luxembourg

Détails de la vente

  * ###...
---
Skip to content

  * Livraison gratuite au Luxembourg à partir de 49.99 €

  * 

  * Recherche
×

  *   *   * 

  * Recherche
×

  *   * 

    * Sports
      *         *           * Running
            * Chaussures running
              * Chaussures femme
              * Chaussures homme
            * Vêtements femme
              * Bas
              * Hauts
            * Vêtements homme
              * Bas
              * Hauts
            * Electronique
            * Accessoires
            * ...
---
# Action Line - Luxembourg - Articles publicitaires - Textiles personnaliss -
Dcoration voitures, vitrines

## Tout pour votre publicit: Accessoires automobile, Accessoires de voyage,
Affiche, Agenda, Allumette, Article promotionnel, Articles de bureau,
Autocollant, Badge, Bagagerie, Ballon, Bannire, Bloc adhsif, Bonnet, Bougie,
Briquet, Broderie, Cadre photo, Calculatrice, Calendrier, Calicot, Carnet de
notes, Carte de visite, Carte d'identification, Casquette, Cendrier, Chemise,
Cl USB, Confre..."
49,30,49_tennis_club_badminton_training,"tennis, club, badminton, training, 2022, courts, sports, sponsors, hamm, ecole","#  Tennis Club Pétange

Se connecter

  * Accueil 
    * Retour
    * Sponsors 
  * Le Club 
    * Retour
    * Historique 
    * Le comité 
    * Agenda 
  * Ecole de Tennis 
    * Retour
    * Nos entraîneurs 
    * Formules&Tarifs;
    * Inscription 
    * Galerie 
  * Compétition 
    * Retour
    * Interclubs 
    * Tournois 
    * Palmarès 
  * Terrains & Tarifs 
    * Retour
    * Courts intérieurs 
    * Courts extérieurs 
    * Carte Membre 
  * Contact 
  * ITF KYOTEC OPEN 
    * Retou...
---
Skip to main content

## Secondary Navigation

  * Actualités
  * Compétition
  * Contact
  * Centenaire du TCA 1922-2022
  * Facebook

## Main navigation

  * Le club
    * Conseil d'Administration
    * Historique
    * Notre équipe
    * Palmarès
  * L'école de tennis
  * Abonnements
    * Courts extérieurs
    * Courts intérieurs
  * Stages

Réserver un court

  * 7 courts en terre battue
  * 8 courts intérieurs
  * 5 courts avec toit ouvrant
  * 12 entraîneurs diplômés
  * 15 semaines de st...
---
Tennis Club Steinfort

  * Home
  * Club
Son histoire Le comité Les infrastructures

La protection des données

Nous contacter

  * Abonnements
Les abonnements

Location du hall

  * École de tennis
École de tennis

Stages de tennis

  * Compétitions
Nos membres

Interclubs - calendrier

Coupe FLT

Tournois nationaux Tournois internationaux

  * Partenaires
Programmes de sponsoring

Nos sponsors

  * Galerie de photos
  * Liens
  * Se connecter
  * Réservation

  

  1.   2.   3.   4. 

Previous..."
50,29,50_marbre_galerie_ttc_2021,"marbre, galerie, ttc, 2021, tours, comparer, escalier, ttc ajouter, fermer, art","* Home
  * Audio Reviews
  * Video Reviews
  * Features & Interviews
  * Kid's Corner
  * ICMA
  * Agenda
  * Support Us

  * ### Advertising
  *   *   *   *   *   * 

## Was Placido Domingo the victim of a dubious Latin-American organization?

17/08/2022

The Argentinian and Uruguayan newspapers La Nacion and El Observador report
about a police operation aimed at dismantling the so called Villa Crespo
organization, allegedly involved in human trafficking, sexual exploitation and
other crimes. T...
---
* Notre démarche
  * Projets/réalisations
  * Showroom
  * Nos produits
    * Maison
    * Luminaires
    * Bureaux
    * Objets
    * Rideaux & tapis
    * Déco
  * Soldes
  * Nos marques
  * contactez-nous
  *     * fr   | 

  * 

Congé annuel

Du 08/08 au 22/08

Bienvenue chez Casa Nova Contemporain

CRéONS VOTRE ESPACE DE VIE

Casa Nova Contemporain

Realisation

CRéONS VOTRE ESPACE DE VIE

Casa Nova Contemporain

Realisation

CRéONS VOTRE ESPACE DE VIE

Casa Nova Contemporain

REALISATION

...
---
* Accueil
    * Qui sommes-nous?
    * Informations livraisons
    * Galeries photos
    * Nos Producteurs
    * News
  * VINOTHÈQUE
VINS

CAVA

EAUX-DE-VIE

LIQUEURS

SHERRY & JEREZ  

BRANDY

RHUM

BIÈRES

GINS

VODKAS

WHISKYS

CIDRES

## Predicador 2019

Acheter en ligne

  * ÉPICERIE FINE
CHARCUTERIE

JAMBONS IBÉRICO

JAMBONS SERRANO

FROMAGES

OLIVES DE TABLE

HULIES D'OLIVES

BISCUITERIE & CONFISERIE

POISSONS EN CONSERVE

LÉGUMES EN CONSERVE

RIZ & LÉGUMES SECS

ÉPICES & CONDIMENTS

VINA..."
51,27,51_machines_cloison_réalisations_eau,"machines, cloison, réalisations, eau, travaux, cloisons, electro, default, rénovation, modernes","Skip to content

  * Besoin d’un conseil ou une question à poser ? Contactez-nous ! 

  *   * Web Shop
  * Connexion 
  * Panier 

  * Besoin d’un conseil ou une question à poser ? Contactez-nous ! 
  * 

  * 

  * Accueil
  * Nos machines
    * Engins de manutention
      * Transpalette électrique et manuel
      * Gerbeur électrique et manuel
      * Chariot à mât rétractable
      * Chariot élévateur à fourches
      * Accessoires pour chariot élévateur
    * Nacelles-Montes personne
      * ...
---
Close

Skip to content

  * +352 661 707 077
  * accueil@inolux.eu

  * Accueil
  * Présentation
  * Nos services
    * Rayonnage
    * Cloisons
    * Mobilier
  * Nos réalisations
  * Contact

Menu Fermer

Rayonnage

Quel que soit votre projet, nous vous apportons la solution et travaillons
avec des marques reconnues dans ce domaine. [...]

En savoir plus

Cloisons

Nous vous proposons des solutions d’optimisation de vos espaces grâce à une
large gamme de cloisons adaptées au secteur tertiaire ...
---
Et si vous rejoigniez une entreprise qui aménage du bien-être à ses clients !
Cliquez ici

  * Devis 
  * Contact 

  * À propos
Société

Démarches responsables

Sponsoring

  * Nos activités
Parachèvement à sec

    * Cloison réutilisable 
    * Isolation thermique 
    * Correction acoustique 
    * Cloison 
    * Plafond suspendu 
    * Isolation ouate de cellulose 
Menuiserie intérieure

    * Cloison mobile 
    * Porte intérieure 
    * Habillage mural 
    * Parquet 
    * Mobilier sur me..."
52,26,52_domain_hosting_server_domains,"domain, hosting, server, domains, servers, ip, ip address, kunden, kunde, provider","# Web Server's Default Page

* * *
## If you see this page it means:

  1. the DNS zone for this domain is has not been configured yet or
  2. hosting for this domain is not configured or
  3. no content has been uploaded yet or 
  4. this domain might be available for sale

## You can do the following:

  1. Log into your account at DNS-Stock to manage the DNS zone
  2. Order your hosting and upload contents

* * *
## Hosted by Visual Online S.A.

  * B.P. 2534
  * L-1025 Luxembourg
  * Télépho...
---
# Web Server's Default Page

* * *
## If you see this page it means:

  1. the DNS zone for this domain is has not been configured yet or
  2. hosting for this domain is not configured or
  3. no content has been uploaded yet or 
  4. this domain might be available for sale

## You can do the following:

  1. Log into your account at DNS-Stock to manage the DNS zone
  2. Order your hosting and upload contents

* * *
## Hosted by Visual Online S.A.

  * B.P. 2534
  * L-1025 Luxembourg
  * Télépho...
---
* Hosting
    * Web Hosting
    * Business Hosting
    * Virtual Private Servers
    * Reseller Hosting
    * ASBL Hosting
    * Dedicated Servers
  * Domains
    * Domain Registration
    * Domain Transfer
  * Services
    * Website Builder
    * SSL Certificates
    * Cloud Based Backup
    * Email Marketing
    * Hosted Exchange
    * SEO Tool
    * Website Monitoring
  * Company
    * About Us
    * Blog
    * Terms Of Service
    * Privacy And Policy
    * General FAQ

  * Client Login
  * ..."
53,26,53_restaurant_défaut description_défaut_cuisine,"restaurant, défaut description, défaut, cuisine, plat, expiration, carte, mozzarella, menu, 14h","﻿

Logo

  * Accueil
  * Presentation
  * Notre carte
  * Contact

  1. 1
  2. 2
  3. 3

## Notre restaurant

Venez déguster une cuisine riche en saveurs italiennes et françaises

## Notre restaurant

Venez déguster une cuisine riche en saveurs italiennes et françaises

## Notre restaurant

Venez déguster une cuisine riche en saveurs italiennes et françaises

## Restaurant-Pizzeria Aal Kayl  

## Restaurant Pizzeria Aal Kayl

  
Nous vous accueillons dans un cadre verdoyant et convivial dans leq...
---
* Accueil
  * Restaurant romantique
  * Carte
    * Menu Estival
  * Le restaurant
  * Gastronomie
  * Bistronomie
  * Tradition
  * Reservation en ligne

##

## Bistronome

Restaurant romantique, bistronomique, gastronomique et cuisine traditionnelle

Réservation en ligne  

Réservation par tel. au (+352) 26 31 31 90

## Conges d'Ete:

## Fermeture du Dimanche 21 Aout au Mardi 6 Septembre inclus.

## Mise en place:

## Le Mercredi 7 Septembre

## Reouverture Clients:

## Le Jeudi 8  Septembre

...
---
* Accueil
  * Restaurant romantique
  * Carte
    * Menu Hiver
  * Le restaurant
  * Gastronomie
  * Bistronomie
  * Tradition
  * Reservation en ligne

##

## Bistronome

Restaurant romantique, bistronomique, gastronomique et cuisine traditionnelle

Réservation en ligne  

Réservation par tel. au (+352) 26 31 31 90

## Le restaurant sera ferme  
du Dimanche 13 Fevrier au Mercredi 23 Fevrier inclus.

* * *
## Un Bib Gourmand pour le Bistronome!

Écrit par Fabien Rodrigues - Publie Le 17.12.2020 ..."
54,26,54_baker_tilly_pwc_islands,"baker, tilly, pwc, islands, republic, lieferzeit, portugal, anzeigen, united, careers","*   *   *   * 

LOGIN

Private investor Professional investor Financial intermediaries and
institutions

LUXEMBOURG

## Europe

Austria

Belgium

Croatia

Cyprus

Czech Republic

Denmark

Finland

France

Germany

Greece

Italy

Hungary

Ireland

Jersey

Liechtenstein

Luxembourg

Norway

Poland

Portugal

Slovakia

Spain

Sweden

Switzerland

The Netherlands

United Kingdom

## Asia Pacific

Australia

Bahrain

Hong Kong

Indonesia

Japan

Macau SAR, China

Malaysia

Singapore

South Korea

Tai...
---
Skip to content Skip to footer

PwC Legal Expertise About us Publications News Our events/conferences Careers
Contact us

More

Luxembourg

Search

Afrique Francophone Albania Andorra Angola Argentina Armenia Australia Austria
Azerbaijan Bahamas Barbados Belgium Belgique België Bermuda Bolivia Bosnia and
Herzegovina Botswana Brasil British Virgin Islands Brunei Bulgaria Cambodia
Cameroon Canada Cape Verde Caribbean Cayman Islands Central and Eastern Europe
Chad Channel Islands Chile China Colomb...
---
* Services 
    * Accounting
    * Tax
    * Corporate services
    * Audit & Commissariat aux comptes
    * Payroll & HR
  * Seminaires
  * Covid News
  * News
  * Carrieres
  * Qui sommes-nous 
    * Notre histoire
    * Nos valeurs
    * L'equipe
  * Contact
  * International

Language

Fr French

  * Fr French
  * En English

Close

  * Afrique
  * Amerique du Nord
  * Amerique latine
  * Asie-Pacifique
  * L'Europe
  * Moyen-Orient

  * Angola
  * Benin
  * Botswana
  * Cameroon
  * Egypt
 ..."
55,25,55_50_quick viewadd_viewadd_viewadd cart,"50, quick viewadd, viewadd, viewadd cart, 00, unavailable, lunch, fries, pickup, dinner","* LUNCH MENU
  * EVENTS
  * TABLE RESERVATIONS
  * CORPORATE &   
PRIVATE EVENTS

  * NEWS
  * ABOUT US
  * CONTACT

Menu

  * LUNCH MENU
  * EVENTS
  * TABLE RESERVATIONS
  * CORPORATE &   
PRIVATE EVENTS

  * NEWS
  * ABOUT US
  * CONTACT

#### from 12 to +-22:00 this Tuesday.  
South-America Street Food Lunch from 12 to 14:00.  
Flamms from 17 to 21:00.

####

KYOSK is CLOSED this Wednesday due to high risk of thunders! See you
tomorrow...

## LUNCH MENU

Every month we explore street food fr...
---
Close

Login

PICKUP IS AVAILABLE EVERY DAY BETWEEN 12.00 AND 14.00 AT LUNCH & BETWEEN 18.00
AND 22.00 AT DINNER

PICKUP IS AVAILABLE EVERY DAY BETWEEN 12.00 AND 14.00 AT LUNCH & BETWEEN 18.00
AND 22.00 AT DINNER

PICKUP IS AVAILABLE EVERY DAY BETWEEN 12.00 AND 14.00 AT LUNCH & BETWEEN 18.00
AND 22.00 AT DINNER

PICKUP IS AVAILABLE EVERY DAY BETWEEN 12.00 AND 14.00 AT LUNCH & BETWEEN 18.00
AND 22.00 AT DINNER

PICKUP IS AVAILABLE EVERY DAY BETWEEN 12.00 AND 14.00 AT LUNCH & BETWEEN 18.00
AND 22....
---
Close

Login

## Your favourite food for pick-up at Schräinerei. For deliveries, please
visit wedely.lu

WE ARE OPEN 7/7. PICKUP IS AVAILABLE FROM 12.00 TO 14.00 & FROM 18.00 TO
21.45. (SATURDAYS AND SUNDAYS ONLY AT DINNER).

WE ARE OPEN 7/7. PICKUP IS AVAILABLE FROM 12.00 TO 14.00 & FROM 18.00 TO
21.45. (SATURDAYS AND SUNDAYS ONLY AT DINNER)

WE ARE OPEN 7/7. PICKUP IS AVAILABLE FROM 12.00 TO 14.00 & FROM 18.00 TO
21.45. (SATURDAYS AND SUNDAYS ONLY AT DINNER).

WE ARE OPEN 7/7. PICKUP IS AVAILA..."
56,25,56_esg_investment_fund_equity,"esg, investment, fund, equity, income, fonds, pdf, universal, bond, asset","# Welcome to Degroof Petercam Asset Services

  * About us
  * Investor information
  * Fund information
  * Contact us

MENU

“Customer satisfaction is our main objective.“

Expertise in management company services, risk management, middle office and
distribution support.

## About us

Designing Your Investment Vehicle

An important added value

The performance of your investment funds is not only measured by its net asset
value, but also by the strict efficiency of services related to their
ad...
---
*   *   * Prodotti
####  Profilo di rischio e rendimento

####  Categoria del prodotto

Obbligazionari

Obbligazionari Flessibili

Azionari

Bilanciati

Flessibili

* * *
Eurofundlux Azionario Globale ESG A  Eurofundlux Azionario Globale ESG B
Eurofundlux Azionario Globale ESG I  Eurofundlux Balanced Income A
Eurofundlux Balanced Income B  Eurofundlux Balanced Income D  Eurofundlux Bond
Income A  Eurofundlux Bond Income B  Eurofundlux Bond Income D  Eurofundlux
Climate Change ESG A  Eurofundlux ...
---
*c-questionc question887625C2-7BF1-4000-B4A3-B26DC9267EA1@3x2F9E87B5-5CC3-4957-855A-0368FBC07B2C@1xGroup 13-Group 13-Group 13+Group 13+c-questionflag-enStroke 1Stroke 1
  * Fund range 
  * Strategies 
  * Solutions 
  * Investing responsibly 
  * Insights 
  * About us 
  * Library 

  * 

Fund range Strategies

Value Equity Corporate Bonds Fixed Income Strategic Asset Allocation
Convertible Bonds

Solutions Investing responsibly

Our Approach ESG Integration Stewardship Exclusions & Ethical Tra..."
57,23,57_sauce tomate_tomate_sauce_crème,"sauce tomate, tomate, sauce, crème, javascript, buffet, champignons, basilic, 12, devez activer","* (+352) 26 80 33 76
  * (+352) 26 80 33 75
  * Cette adresse e-mail est protégée contre les robots spammeurs. Vous devez activer le JavaScript pour la visualiser.

  * Home
  * Présentation
    * Qui sommes nous?
    * Conseil d'administration
    * Cellule de Coordination Locale et l'équipe
    * Interview avec le président
  * Activités
    * Nos activités
    * Formation continue
    * Service de proximité
    * Service Environnement
    * Livraison à domicile de médicaments
    * Jardin sol...
---
* Accueil
  * Expertises
    * Humidité
    * Isolation thermique
    * Isolation acoustique
  * Contacts
  * Partenaires

#  Contacts

### E&T s.a.

2-4, rue J.P. Kirchen

L-4744 Pétange

Tél. 26 50 05 60

Fax: 23 65 26 20

Cette adresse e-mail est protégée contre les robots spammeurs. Vous devez
activer le JavaScript pour la visualiser.

### E&T; s.a.

2-4, rue J.P. Kirchen

L-4744 Pétange

Tél. 26 50 05 60

Fax: 23 65 26 20

Cette adresse e-mail est protégée contre les robots spammeurs. Vous ...
---
* Accueil
  * Menu de la semaine
  * La carte
  * Notre restaurant
  * Contactez-Nous

.

  

  

  
Passer vos commandes à partir de 9h du matin par tel : 26480834 ou par mail

NOUVELLE ADRESSE EMAIL

Cette adresse e-mail est protégée contre les robots spammeurs. Vous devez
activer le JavaScript pour la visualiser.  

Prévoyez à l’avance vos commandes pour être livrer à l’heure.  
De 11h00 a 14h30 du Lundi au Vendredi et de 18h00 a 22h00  
  

  *   *  

  
Services

  * Animaux admis
  * Banqu..."
58,23,58_camping_campingplatz_herausgeber_sit amet,"camping, campingplatz, herausgeber, sit amet, amet, camp, dolor sit, ipsum dolor, sit, preise","DE FR NL EN

  * Home
  * Aktuelles
  * Camping
  * Aktivitaten
  * Preise
  * Buchen

# Camping du Barrage an der Our

Campingplatz Ourtal - Luxemburger Ardennen

## Covid-Info:

Wir sorgen fur einen sicheren und erholsamen Aufenthalt. Personen ab 12
Jahren, die doppelt geimpft, genesen (vor 180 Tagen oder weniger) oder
geboostert sind, sind von der Testpflicht befreit.

Mehr Infos bezuglich der aktuellen Corona-Lage in Luxemburg:
https://covid19.public.lu/de.html

## Herzlich Willkommen!

Dire...
---
Hit enter to search or ESC to close

  *     *     * 

  *     *     * 

  * No menu assigned
  * 

  * Buchung
  * +352 83 60 99-300
  * 

## Entscheide Dich fürs Leben.  
Entscheide Dich für die unbegrenzte Natur.

Willkommen im Camping Park Beaufort!

Wir freuen uns, Sie als Gast bei uns begrüssen zu dürfen. Hier in der Region
des Natur- und Geopark Müllerthal, der Kleinen Luxemburger Schweiz, warten
unbegrenzte Möglichkeiten auf Sie.

Egal ob Sie einen Aktivurlaub bevorzugen oder einfach nur...
---
Skip to main content

Tel.: (+352) 83 90 04 l info@camping-bissen.lu

Hit enter to search or ESC to close

Close Search

Menu

  * Home
  * Camping
    * .
    * Camping
      * Stellplätze
      * Wohnmobil
      * Jahresplätze
    * Austattung
      * Bistro
      * Shop
      * Restaurant
      * Wellness
      * Sanitär
    * Infos
      * News & Angebote
      * Events
      * Hunde
      * Plan
  * Unterkunft
    * Mietwohnung | 11 P.
    * Chalet | 6 P.
    * Wohnwagen | 4 P.
    * Lodge ..."
59,23,59_header_chateau_lunettes_facebook,"header, chateau, lunettes, facebook, énergétique, diagnostic, footer, security, erpeldange, cookies","* Facebook

Contact: +352 621 750 159 / +352 621 182 458

  * Accueil
  * Actualités
  * AAH asbl
    * Comité
    * Travail sur place
    * Historique d’AAH
    * Statuts
    * Financement
  * Parrainage
  * Projets
    * Ecole « Le Reformiste »
    * Formations – Bourse
    * Reboisement et Education à l’environnement
    * Odyssee 2016 – Camp scouts
  * Publications
  * Liens
  * Contact
  * Faites un don
  * Rechercher
  * Menu Menu

# Pour une recherche rapide, veuillez entrer un mot valide...
---
+352 661 797 089

  * Facebook

  * Facebook

  * Devis gratuit €

  * Accueil
  * Passeports énergétiques
    * CPE Passeport énergétique existant
    * CPE Passeport énergétique neuf AAA
  * Bureau d’étude énergie
    * Audits énergétiques
    * Conseil énergétique
    * Aides étatiques – Primehouse
    * Caméra thermique – Thermographie
    * Blowerdoor test – test d’étanchéité
    * Ponts thermiques
    * Légionelle
    * Répartiteurs d’énergie
  * Bureau d'étude conseil
    * Bureau d’étude...
---
* Facebook

  * ACCUEIL 
  * Tendances 
    * 1- Lunettes de vue - Entrée de gamme
    * 2- Lunettes de vue - Qualité supérieur
    * 3- Lunettes de vue - Haut de gamme
    * 4- Lunettes de soleil - Entrée de gamme
    * 5- Lunettes de Soleil - Qualité supérieur
    * 6- Lunettes de Soleil - Haut de gamme 
    * 7- Lentilles
    * 8- Produits Lentilles
  * Vidéos 
  * Espace Clients 
  * Promotions 
  * Luxe 
    * Gold & Wood
    * Gouverneur - Audigier
  * Infos 
    * Relooking Juin 2018
    ..."
60,23,60_fleurs_plantes_bouquet_deuil,"fleurs, plantes, bouquet, deuil, nicole, panier, ajouter, jpg, arrangements, fromages","commande  
par téléphone  
+352 444 555

livraison  LUXEMBOURG VILLE  
ET ENVIRONS  

  * Accueil
  * Albus Fleurs
  * Nos activités
    * Fleurs
    * Plantes
    * Décoration
    * Mariage
    * Deuil
  * Actualités
  * Contact

DE

* Français
* English
# Contact

## CONTACTEZ-NOUS !

Choix de fleurs coupées, bouquets de toute occasion, pour naissance,
anniversaire, mariage,…

Contactez-nous par téléphone au +352 444 555 pour passer commande !

  * 5 rue Léopold Sedar Senghor  
L-2567 Luxembou...
---
Toggle navigation

  * Accueil
  * Rue des Fleurs
  * Catalogue de produits
Catalogue de produits

    * Arrangements 
    * Fleurs 
    * Plantes 
    * Occasions 
    * Orchidees 
    * Roses Eternelles 
Occasions

    * Anniversaire 
    * Bapteme 
    * Communion 
    * Mariage 
    * Deuil 
  * Entreprise
  * Nos réalisations
  * Contact

Afficher le Groupe Top

Panier 0 article articles 0 article

Aucun produit

À définir  Livraison

0,00 € TVA

0,00 € Total

Commander

Produit ajouté au p...
---
+352 51 27 67 breining@pt.lu Votre jardinier-fleuriste à Dudelange

Languages

  * Français

  * 

  * Accueil
  * Fleurs
    * Fleurs & Bouquets
    * Mariages
    * Deuil
    * Arrangements
  * Plantes
    * Plantes d'intérieur & d'extérieur
    * Plantes saisonnières
      * Annuelles à floraison printanière et estivale
      * Toussaint – Arrangements de plantes d’automne
    * Orchidées
    * Décorations
  * Shop
  * Mon compte
  * Contact
    * Contact
    * Questions Fréquentes (FAQ)
    ..."
61,23,61_eur_essentiel_shipping_artikel,"eur, essentiel, shipping, artikel, warenkorb, shoes, cart, 00, 14 18, mwst","Skip to content

FREE STANDARD SHIPPING IN EUROPE ON ALL ORDERS OVER €200!SIGN UP TO OUR
NEWSLETTER AND GET 10% OFF YOUR NEXT ORDER!

Toggle Navigation

  * Account
    * Username:
Password:

Remember Me

Register

  * Cart0

Toggle Navigation

  * Home
  * New in!
  * Women's Clothing
    * Coats & Jackets
    * Women's Tops
    * Women's Bottoms
    * Dresses & Jumpsuits
  * Shoes
    * Boots
    * Flat Shoes
    * Sneakers
  * Accessories
    * Bags
    * Hats & Scarves
    * Jewellery
  * Fo...
---
Währung : EUR

  * Dinar 
  * Euro 

Deutsch

  * Français
  * Deutsch

  * Kontakt
  * Sitemap
  * 

Go

Warenkorb 0 Produkt Artikel 0

Keine Artikel

versandkostenfrei  Versand

0,00 € Gesamt

Warenkorb anzeigen

##  Artikel wurde in den Korb gelegt

Menge

Gesamt

##  Sie haben 0 Artikel in Ihrem Warenkorb.  Sie haben 1 Artikel in Ihrem
Warenkorb.

Alle Artikel: (inkl. MwSt.)

Summe Versandkosten (o. MwSt.)  versandkostenfrei

Gesamt (inkl. MwSt.)

Mit dem Einkauf fortfahren  Zur Kasse gehen
...
---
Saltar para o conteúdo

Livraison GRATUITE Dès EUR 60 d'achat (LU & FR)

Découvrez notre Boutique Etsy et faites vos achats dans la langue de votre
choix

Hey! Tu es nouvelle? utilise ce code (ETFCDQ7PEERW) et profite de 10% de
réduction au passage à la caisse

  * Accueil 
  * Vêtements 
Vêtements

    * Tous les produits 
    * Robes 
    * Ensembles 
    * Jupes 
    * Ponchos 
    * Combinaisons 
    * Hauts 
    * Edition limitée 
    * Nouvelle Collection 
  * Accessoires 
Accessoires

   ..."
62,22,62_médical_sophrologie_liewen_social,"médical, sophrologie, liewen, social, 1900, matériel, cookie, message, association luxembourgeoise, psycho","* Accueil
  * Notre équipe
  * Stomie
  * Incontinence
  * Autres
  * Contact

Vente de matériel médical Medexia - Expert en vente  
de matériel médical au Luxembourg. Appelez-nous  Société au service des
professionnels  
et des patients Notre équipe de professionnels est au service  
des soignants et de leurs patients. Appelez-nous

Medexia  
Matériel Médical Luxembourg

# Votre expert du matériel médical au Luxembourg

## Vente de matériel médical au Luxembourg

Medexia est une entreprise luxe...
---
Skip to content

Tel: +352 2671 4503|info@hundephysio.lu

FacebookMade in Luxembourg

Suche nach:

  * Home
  * Hundephysiotherapie
    * Therapieangebote
      * Aquatherapie im Unterwasserlaufband
      * Therapeutische Massage
      * Dorntherapie
      * Manuelle Therapie
      * Akupunktur
      * Lasertherapie
      * Blutegeltherapie
      * Ultraschalltherapie
  * Hundeosteopathie
    * Therapieangebote
      * Cranio Sacrale Therapie
      * Viscerale Osteopathie
      * Fasziale Osteop...
---
* HOME
  * ABOUT US
  * OUR SERVICES
  * OUR TEAM
  * JOBS
  * CONTACT US
  * FB
  * Insta

Contact

✕

A Luxembourgish Physiotherapy center in its second generation located in
Luxembourg-Merl, offering orthopaedic, post-surgery, sport-related and
osteopathic treatments

## OUR SERVICES

* * *
#### Orthopedic Physiotherapy

#### Post-Surgery Physiotherapy

#### Sports Physiotherapy

* * *
#### Manual Therapy

#### Lymphatic Drainage

#### Osteopathy

* * *
#### Isokinetic Strengthening

#### Sho..."
63,21,63_generated_hosting_background_repeat,"generated, hosting, background, repeat, remich, https, sitemap, automation, xml, leading","Web Server's Default Page

This page is generated by Plesk, the leading hosting automation software. You
see this page because there is no Web site at this address.

You can do the following:

  * Create domains and set up Web hosting using Plesk.

What is Plesk

Plesk is a hosting control panel with simple and secure web server and website
management tools. It was specially designed to help IT specialists manage web,
DNS, mail and other services through a comprehensive and user-friendly GUI.
Le...
---
Web Server's Default Page

This page is generated by Plesk, the leading hosting automation software. You
see this page because there is no Web site at this address.

You can do the following:

  * Create domains and set up Web hosting using Plesk.

What is Plesk

Plesk is a hosting control panel with simple and secure web server and website
management tools. It was specially designed to help IT specialists manage web,
DNS, mail and other services through a comprehensive and user-friendly GUI.
Le...
---
*/  (function(i,s,o,g,r,a,m){i['GoogleAnalyticsObject']=r;i[r]=i[r]||function(){ (i[r].q=i[r].q||[]).push(arguments)},i[r].l=1*new Date();a=s.createElement(o), m=s.getElementsByTagName(o)[0];a.async=1;a.src=g;m.parentNode.insertBefore(a,m) })(window,document,'script','https://www.google-analytics.com/analytics.js','ga'); ga('create', 'UA-77509084-1', 'auto'); ga('set', 'anonymizeIp', true); ga('set', 'forceSSL', true); ga('send', 'pageview');  .qtranxs_flag_lb {background-image: url(https://visi..."
64,19,64_business_ultimate_données_rh,"business, ultimate, données, rh, solutions, employés, données personnelles, software, personnelles, reply","Passer ce contenu

# RSE-IT

Simplifiez-vous l'IT

  * Accueil
  * Veeam
  * À propos
  * Blog
  * Nous contacter

##### \- Luxembourg -

## Votre partenaire IT à Luxembourg

###### Services

##### Un service sur mesure avec des outils adaptés à vos besoins

Développement d'applications mobiles

Besoin d'une application mobile pour votre entreprise?

Ecrivez à info@rse-it.lu et discutons ensemble de votre projet.

Support aux entreprises et particuliers

Que vous soyez une entreprise, indépendan...
---
# Matériel et services informatiques  
pour utilisateurs professionnels.

Voir le site internet

# Votre partenaire bureautique,  
à votre service depuis 30 ans.

Voir le site internet

---PAGE BREAK---

#### Navigation principale

  * La société
  * Services
  * Produits
  * Constructeurs
  * Jobs
  * Contact

Support TeamViewer  (+352) 402 403 1

## La société

Dsl - it solutions & services est une societe 100% luxembourgeoise specialisee
dans l'etude, l'installation et la maintenance d'equipe...
---
Changer navigation Démarrer Démo

  * Fonctionnalités
  * Prix Prix & Services
  * Démo personnaliséeDémo
  * Démarrer maintenant
  * Contact 
  *     *     *   * Display in English

#  Le premier logiciel RH que vos employés vont adorer

Made in Luxembourg, myHR est un logiciel de gestion du personnel destiné aux
entreprises de toutes tailles et utilisable sur ordinateur, tablette et
smartphone.

Prêt en quelques minutes sans aucune installation. Import de vos données et
documents existants. St..."
65,19,65_assurance_ausgabe_lalux_easyprotect,"assurance, ausgabe, lalux, easyprotect, 31 12, assurances, protect, habitation, auto, agence","* Particuliers
    * EasyProtect
    * Assurance Auto
    * Assurance Habitation
    * Assurance Accident
    * Assurance Construction
    * Santé & Loisirs
    * Épargne & Prévoyance
  * Professionnels
    * EasyProtect Pro
    * Aprobat
    * Plan de pensions entreprises
    * Plan de pensions pour les indépendants
    * University employees
  * Notre agence
  * Équipe
  * Contacts
  * More

Use tab to navigate through the menu items.

### Ne vous assurez pas a moitie

###### Voiture, maison, ...
---
﻿

Logo

  * Accueil
  * Presentation
  * Professionnels
    * EasyPROTECT Pro
    * APROBAT
    * Plan de pension entreprises
    * Plan de pension independants
  * Particuliers
    * EasyPROTECT
    * Assurance Auto
    * Assurance Habitation
    * Assurance Accident
    * Assurance de construction
    * Sante & loisir
    * Épargne & Prevoyance
  * DKV
  * Contact

  1. 1
  2. 2

## Agence Lalux - Guy Hollerich

Découvrez nos solutions d'assurances pour les professionnels

  
En savoir plus  ...
---
* 

Menu

  * Accueil
  * Particuliers
    * easyPROTECT
    * Assurance Auto
    * Assurance Habitation
    * Assurances de construction
    * Santé et Loisirs
    * Épargne et Prévoyance
  * Professionnels
    * easyPROTECT Pro
    * APROBAT
    * lalux-Staff Protect
  * Devis
    * Demande de devis pour une assurance auto
    * Demande de devis pour une assurance habitation
    * Demande de devis Assurance – Vie
  * Immobilière Ferreira
  * Contact

# Accueil

L'agence générale d'assurances A..."
66,19,66_malawi_bulletin_projets_soutenir,"malawi, bulletin, projets, soutenir, conseil administration, dons, association, spenden, projekte, care","+352 308734 info@aideaubenin.lu

  * Aide au Bénin
  * Projets
  * Objectifs
  * Contact
  * Statuts

Select Page

## Au secours des orphelins, femmes et enfants les plus démunis d’un des plus
pauvres pays du monde par la mise en œuvre de projets humanitaires comme le
forage de puits, la construction d’écoles et la mise à disposition de matériel
médical et scolaire.

### Compte BIL: LU28 0027 1100 1382 4900

Une des premières visites de la famille Koeune. Les responsables de l'ANAP
n'avaient pas...
---
Kindernothilfe Luxembourg

Jetzt spenden Pate werden

Kindernothilfe Luxembourg. Hilfe, die wirkt!

  * DE
  * FR
  * EN
  * Suche

  * Kindernothilfe
  * Helfen
    Spenden 
    Werden Sie Pate
    Ehrenamtlich engagieren
    Als Unternehmen helfen
    * Jetzt spenden Echsinndobäitrag! Unsere Projekte Spenden statt schenken Testament und Erbschaft Spendenaktionen
    * Jetzt Pate werden Kinderpate werden Projektpate werden Patenschaft verschenken
    *     * Close
  * Informieren
    Unsere Pro...
---
Fondation Ste Zithe

  * Home
  * Über uns
  * Organisationen
    * Kongregation der Tertiar-Karmelitinnen
    * Carmelite Sisters Malawi
    * Fondation Ste Zithe
    * St. Gabriel’s Hospital
    * Eng oppen Hand fir Malawi
    * Zikomo – Hilfe für Malawi
    * ZithaSenior S.A.
    * ZithaMobil und ZithaFoyers
    * ZithaAktiv
    * ZithaKiné
    * ZithaRésidences
    * ZithaUnit
  * Projekte
  * Downloads
  * Jobs
  * Kontakt
  * Deutsch
    * Lëtzebuergesch
    * Français
    * English

Menü
..."
67,19,67_cercle_air_sport_donnees,"cercle, air, sport, donnees, pilot, training, fleet, donnees caractere, caractere personnel, licence","﻿

Email:  
Password:  
. login  
français  
english

A propos  
Présentation  
Les ballons  
Les pilotes  
L'equipe  
  
Informations  
News  
Ecole de pilotage  
Voler avec nous  
Liens  
GDPR  
  
Contact  
Contactez nous  
Devenir membre  

© 2008-2022 Cercle Luxembourgeois de l'Aérostation  
Design & hosting by itix s.a.

Introduction

La plupart des gens ont deja vecu l'une ou l'autre forme de voyage aerien.
Mais tres peu ont parcouru le ciel a la plus belle des manieres possibles,
dans un...
---
* Impressum
  * Datenschutzerklärung

zum AKW Saarland

Sprache: DE  FR  EN

  * 
Toggle navigation

  * Home 
  * Profil 
    * Ziele und Aufgaben 
    * Regelmaßige Leistungen 
    * Mehrwert und Nutzen einer Mitgliedschaft 
    * Chronik 
    * Struktur 
  * Aktuell 
    * Übersicht 
  * Mitglieder 
    * Übersicht 
    * Mitglied werden 
  * Veranstaltungen 
    * Übersicht 
    * Archiv 
  * Bildergalerie 
    * 2022-07-09 Sommerfest bei Ramborn Cider in Rouspert-Mompech 
    * 2022-17-05 ""...
---
Skip to content

  * Home
  * Learn to Fly
  * Our Aircraft
  * About Aero-Sport
    * Club Information
    * Location
  * Travel and Events
  * Contact Us

## AERO-SPORT ASBL LUXEMBOURG

### Welcome to AERO-SPORT du Grand Duché de Luxembourg.

### AERO-SPORT is the largest and most active aviation club in Luxembourg. We
have more than 600 members and a fleet of 12 reliable and well maintained
aircraft.

### We are located at Luxembourg International Airport within the National
General Aviation ..."
68,18,68_maisons_chambres_appartement_maison,"maisons, chambres, appartement, maison, ares, 000, maisons unifamiliales, unifamiliales, m2, mondercange","Find Property:

Des résidences à vivre

Résidences CINQUANTE-4/5/6/7

MAISONS UNIFAMILIALES

MAISONS JUMELÉES

MAISONS EN BANDE

MAISONS UNIFAMILIALES AUTOUR D'UNE COUR INTÉRIEURE

Résidences CINQUANTE-0/1/2

  * Accueil
  * Vision Globale
    * Steinfort
    * Présentation
    * Types d'habitation
      * Résidences exclusives
      * Maisons unifamiliales autour d'une cour intérieure
      * Maisons en bande
      * Maisons jumelées
      * Maisons unifamiliales
  * Disponibilités
    * Appart...
---
﻿

  * Accueil
  * Ventes
  * Locations
  * Neuf
  * Nos réalisations
  * Infos utiles
  * Nous contacter
  * Calculez votre crédit

## Résultat de votre recherche

1 - 5 sur 5 annonces

  * 1

  * Surface
  * |
  * Date
  * |
  * Chambre
  * |
  * Prix
  * |
  * Localité
  * |
  * Type

##  Duplex à Mondercange

Nous sommes heureux de proposer à la Vente, notre nouveau projet à Mondercange
: 2 maisons bi familiales Maison 1A, et maison 1B se décomposant comme suit,
pour chacune d’elles...

Surf...
---
FR DE

  * Accueil
  * Services
  * Ventes
  * Locations
  * Projets
  * Contact

# L’immobilière all-inclusive

Ensemble, trouvons ce qui vous correspond le mieux

Biens à l’affiche

Location  
Vente  
Projet Toutes les regions Nord Sud Centre Tous les types Maison Appartement
Penthouse Nouveau b&acirc;timent Terrain Commerce Immeuble commercial Bureaux
Immeuble de rapport Rechercher

## Biens à la une

Charmante Maison à Bavigne

Maison à bavigne

1 081 500 € Ref.: PW

Maison de prestige à Not..."
69,18,69_version_browser_352 81_american,"version, browser, 352 81, american, recommend, update, 82, 81, produkt, music","Your browser version is outdated. We recommend that you update your browser to
the latest version.

  * > Home
  * > Meeting 2020 Canceled
    * > Music
    * > Car Registration Form
    * > Entrance fees
    * > Rules and regulations
  * > Partners
  * > Club
    * > Member's Rides
    * > Good old times
    * > Statuts
  * > Press
    * > Media
  * > Contact 

  * > Home
  * > Meeting 2020 Canceled
    * > Music
    * > Car Registration Form
    * > Entrance fees
    * > Rules and regulations
...
---
Your browser version is outdated. We recommend that you update your browser to
the latest version.

  * > Start
  * > Iwwer eis
    * > Eis Missioun
    * > Comité
    * > Wéi mir schaffen
    * > Statutten
  * > Projeten
    * > Wüstegras
    * > Formatiounszentrum
    * > Mango-Tango
      * > Bestellformular
  * > Fotoen
    * > Projet Wüstegras
  * > Member ginn
  * > Spenden
  * > Archiv
  * > Links
  * > Kontakt

  * > Start
  * > Iwwer eis
    * > Eis Missioun
    * > Comité
    * > Wéi m...
---
Your browser version is outdated. We recommend that you update your browser to
the latest version.

  * > Accueil
  * > Comité
  * > Agenda Manifestations
  * > Sentiers nature
  * > CityApp
  * > Pistes Cyclables
  * > Photos/Vidéos
  * > Liens
  * > Contact

S.I.C.N.

SYNDICAT D'INITIATIVE DE LA COMMUNE DE NIEDERANVEN

145 Route de Treves L-6940 NIEDERANVEN      *     (+352) 26 34 07 42      *
info@sicn.lu

  
  
  * > Accueil
  * > Comité
  * > Agenda Manifestations
  * > Sentiers nature
  * ..."
70,18,70_verre_carte_menu_restaurant,"verre, carte, menu, restaurant, menu jour, sauce, janvier 2022, fromages, stories, solo","Menu

  * Home
  * À propos
  * Activités
    * Parois de douche
    * Garde-corps
    * PORTES EN VERRE
    * Revêtements muraux
    * DALLES EN VERRE
    * CLOISONS EN VERRE
    * Encadrement
    * OBJETS EN VERRE
    * Réparation de vitres
  * Atelier
  * Contact
  * 

Langues

  * Français

  *   *   * 
info@vitralux.lu

(+352) 49 42 52 1

Sélectionner une page

  * Home
  * À propos
  * Activités
    * Parois de douche
    * Garde-corps
    * PORTES EN VERRE
    * Revêtements muraux
    * D...
---
* Présentation
  * Menu du jour
  * La carte
  * Contact
  * Évènements
  * … 
    * Présentation
    * Menu du jour
    * La carte
    * Contact
    * Évènements

  * Présentation
  * Menu du jour
  * La carte
  * Contact
  * Évènements
  * … 
    * Présentation
    * Menu du jour
    * La carte
    * Contact
    * Évènements

  * Présentation
  * Menu du jour
  * La carte
  * Contact
  * Évènements
  *   * 

  * # 
#

Le Restaurant

####

####

Cuisine traditionnelle italienne et française

Pi...
---
#

Menu

  * Menu 
Retour

  * Notre carte et menu 
    *       * #### menu
        * Notre carte
          * A grignoter
          * Entrées
          * Viandes
          * Burgers
          * Poissons
          * Végétarien
          * Menu de la semaine
          * Fromages & Desserts
          * Notre carte à emporter
          * Menu enfant
          * Les Allergènes
        * Menu de la semaine
  * Carte des vins 
  * Boissons 
  * Events 
    *       * #### menu
        * Salle de réunion..."
71,18,71_domain_registered_appartement_composé,"domain, registered, appartement, composé, buanderie, extensions, lot, registration, hall entrée, sélection","# This domain name has been registered with Gandi.net

View the WHOIS data for lemarquisdelily.lu to see the domain’s public
registration information.

lemarquisdelily.lu  
is registered

Want your own domain name?  
Learn more about the domain name extensions we manage  
Find a domain name similar to lemarquisdelily.lu

Gandi.netRegister Domain NamesTransfer Domain NamesSSL CertificatesWeb
HostingCloudNewsHelp
---
# This domain name has been registered with Gandi.net

View the WHOIS data for jwzen.lu to see the domain’s public registration
information.

jwzen.lu  
is registered

Want your own domain name?  
Learn more about the domain name extensions we manage  
Find a domain name similar to jwzen.lu

Gandi.netRegister Domain NamesTransfer Domain NamesSSL CertificatesWeb
HostingCloudNewsHelp
---
# This domain name has been registered with Gandi.net

View the WHOIS data for higher-group.lu to see the domain’s public
registration information.

higher-group.lu  
is registered

Want your own domain name?  
Learn more about the domain name extensions we manage  
Find a domain name similar to higher-group.lu

Gandi.netRegister Domain NamesTransfer Domain NamesSSL CertificatesWeb
HostingCloudNewsHelp"
72,18,72_close_esc_search esc_enter,"close, esc, search esc, enter, hit enter, enter search, search, esc close, apple, hit","Skip to main content

  * Instagram
  * Facebook
  * NEWSLETTER
  * BRASSERIE
  * HOTEL
  * DE
  * FR
  * EN

Hit enter to search or ESC to close

Close Search

Menu

  * 30 Jahre
  * Golfplatz
  * Turniere
  * Gäste
    * Schnuppern
    * Greenfee
    * Events
  * Mitglieder
  * Kontakt
  * Jetzt buchen

Donnerstag 29°C

GOLFPLATZ: Offen  
DRIVING RANGE: Offen  
GOLF CART erlaubt: Ja  
GREEN: Sommer

### SONDERANGEBOT: 20 % Rabatt auf Greenfees und Golfcars vom 15.07.2022 bis
zum 15.09.2022 / Z...
---
Skip to main content

  * facebook
  * pinterest
  * instagram

Vereinbaren Sie einen termin

Hit enter to search or ESC to close

Close Search

Menu

  * Home
  * Leistungen
    * Fassadengestaltung
      * Mineralische, atmende Anstrich-, Putz- und Wärmedämmverbundsysteme
      * Lack- und Lasurbeschichtungen
      * Fassadenstuck, Stein & Beschriftungen
      * Design-Vorhang-Fassadenplatten
    * Wohnraumgestaltung
      * Maler-, Verputz- und Trockenbau-Arbeiten
      * Natur-Kalkputz von K...
---
Skip to main content

Hit enter to search or ESC to close

Close Search

  * Deutsch
  * Français

  * Home
  * Dienstleistungen
    * Niederlassung in Luxemburg
    * Administrative Dienstleistungen
    * Buchhaltung
    * Steuerliche Dienstleistungen
  * Über uns
    * Team
  * Kontakt

# ""Orientierung nach den Wünschen des Kunden“

FKP SERVICES S.A.

# Unsere  
Gesellschafts-  
struktur

### Wir sind ein 26-köpfiges Team mit Fachwissen in folgenden Bereichen :

  * Buchhaltung
  * Rechnungspr..."
73,17,73_investment_fund_funds_management,"investment, fund, funds, management, di, equity, sicav, cap, investor, sustainability","BIP Group is an independent financial investor that strives to be an
investment partner of choice for mid-market businesses

  * home
  * aboutUs
    * Our team
    * Our history
  * investmentapproach
    * Investment APPROACH
    * Investment characteristics
  * portfolio
    * SELECTED INVESTMENTS
    * SELECTED EXITS
  * news
  * contact
    * CONTACT US
    * SHAREHOLDERS LOGIN
  * 

# 18

years in  
business

# 61

transactions  
to date

# €300 m

assets under  
management

# 10

team mem...
---
Skip to main content

Private Investor

EN

Columbia Threadneedle Foundation

Careers

Media Centre

Contact

About us

Back

About us

About Columbia Threadneedle

Columbia Threadneedle has a comprehensive range of investment funds catering
for a broad range of objectives. You can view the latest prices and
information on our OEIC and SICAV funds.

Investment approach

Our people

Responsible investment

Responsible business

Awards

Our funds

Back

Our Funds

Find your fund

Columbia Threadne...
---
Skip to main content

## Main navigation

  * About Us
  * Asset Management
  * Our Funds
  * Wealth Management
  * Sustainability
  * The Message
  * Contacts

  * en
  * it
  * fr

  * en
  * it
  * fr

## Main navigation

  * About Us
  * Asset Management
  * Our Funds
  * Wealth Management
  * Sustainability
  * The Message
  * Contacts

# Management Company and Asset Manager

Alpha Investor Services Management (AISM) is a Luxembourg Management Company
authorized under chapter 15 of the Law,..."
74,17,74_dentaire_dr_plans_meuble,"dentaire, dr, plans, meuble, cabinet, daten, patient, chirurgie, dentaires, xavier","BAPTISTA DENTAL

GROUP

#          +352 27 91 88 64

  * Accueil
  * Les cliniques
    * Remich
    * Hollerich
  * La Philosophie
  * La Team
  * Dr. Augusto André BAPTISTA
    * Travaux et publications
  * Traitements
    * Occlusodontie
    * Orthodontie
    * Composites Esthétiques
    * Endodontie sous Microscope
    * Inlay/Onlay/Overlay/Veneerlay
    * Facettes Dentaires
    * Prothèses et Couronnes Dentaires
    * Chirurgie Orale
    * Chirurgie Endodontique
    * Chirurgie Parodontale &...
---
* NOTRE SOLUTION
  * NOTRE ENTREPRISE
  * FAQ
  * CONTACT

APPLUX vous présente…

# Le logiciel Dentaire

# MEDICOSCH

Praticiens dentaires, simplifiez-vous la vie avec Medicosch, le logiciel
dentaire par excellence.

Pourquoi nous choisir

Contactez-nous

#### La société APPLUX…

Applux, la référence du logiciel dentaire.

Applux est spécialiste dans la conception de logiciels sur-mesure. Réalisés
d’après un cahier des charges précis et détaillé, nos logiciels sont
spécifiquement développés sel...
---
Skip to content

# cabinet dentaire du Dr Xavier SCHANG & Associés

Médecins Dentistes à Kayl Tétange

  * Accueil
  * A propos
  * Equipe de soins
  * Services
  * Notre équipement
  * Cabinet
  * Contact
  * Prenez rendez-vous
  * Accès réservé

# cabinet dentaire du Dr Xavier SCHANG & Associés

Médecins Dentistes à Kayl Tétange

Afficher/masquer la navigation

  * Accueil
  * A propos
  * Equipe de soins
  * Services
  * Notre équipement
  * Cabinet
  * Contact
  * Prenez rendez-vous
  * Accè..."
75,17,75_deutsch_00 m2_chalet_français,"deutsch, 00 m2, chalet, français, thomas piron, english, piron, jeunesse, crèches, foyers","Newsletter

Français

  * Français
  * English

  * Qui sommes-nous ?
    * Présentation
    * Nos structures
    * Nos équipes
  * Pédagogie et valeurs
    * Pédagogie
    * Alimentation
    * Activités
    * Parents
  * Montessori
  * Nos crèches & foyers de jour
    * Présentation
    * 15
Nos crèches

      * Beggen
      * Dudelange 1
      * Esch-sur-Alzette 1
      * Esch-sur-Alzette 2
      * Fentange
      * Kayl
      * Kirchberg
      * Limpertsberg 1
      * Limpertsberg 2
      * Li...
---
* Kaufen
  * Mieten
  * Neubau
  * Ausland
  * Über uns
  * Dienstleistungen
  * Blog
  * Kontakt
  * Deutsch
    * English
    * Français

  * en
  * fr
  * de

Lorem ipsum dolor

  * Kaufen
  * Mieten
  * Neubau
  * Ausland
  * Über uns
  * Dienstleistungen
  * Blog
  * Kontakt
  * Deutsch
    * English
    * Français

##  IHR IMMOBILIEN-PARTNER

Alle Orte Assel Bertrange Bridel Contern Dippach Findel Howald Imbringen
Kuşadası LUXEMBOURG Lorgues Parc Hosingen Rodenbourg Roeser Soleuvre Strasse...
---
FR  DE  EN

T. (+352) 34 18 14 1

  * Homepage
  * Häuser & Grundstücke
  * Wohnungen
  * Ihr Bau
  * Gruppe
  * Musterhäuser / -wohnungen
  * Referenzen
  * Kontact

Alles

  * Holtz
  * Mamer
  * Nospelt
  * Reisdorf
  * Remerschen
  * Schouweiler
  * Strassen
  * Tuntange
  * Waldbillig
  * Welfrange
  * Wolwelange

Alles

  * Arlon
  * Howald
  * Kopstal
  * Luxembourg
  * Luxembourg-Belair
  * Schifflange
  * Senningerberg
  * Steinfort
  * Windhof

  * Individuell gestaltbare Häuser
  * Wo..."
76,17,76_hotel_restaurant_hotel restaurant_zimmer,"hotel, restaurant, hotel restaurant, zimmer, wellness, moulin, hôtel, arrangements, cookie, consent","*   *   *   *   * Offer a gift voucher
  * Prices & reservation

en

DE FR NL EN

  * Hotel
  * Restaurant
  * Wellness
  * Activities
  * News
  * Contact

Family hotel in third generation

Discover our rooms

Restaurant ""La Table de Clervaux""

Discover our new restaurant

Walking

Clervaux

Relax in our wellness area

Book a relaxing massage

Events

current events

Indoor Pool

Discover our indoor pool

Book now or offer an unforgettable experience at Hotel du Commerce!

Online Booking

In th...
---
### Navigation

Hotel Au Vieux Moulin Au Vieux Moulin

DE

DE  EN  FR  NL

+352 72 00 68 1

Jetzt buchen

Home

### Main Menu

  * Home
  * Restaurant
  * Zimmer
  * Arrangements
  * Gutschein
  * Müllerthal
  * Jobs

Toggle navigation

  * EcoLabel Gold
  * Attraktionen
  * Kontakt
  * Über Uns
  * Galerie
  * Praktische Informationen
  * Covid-19

Return to Content

Hotel Au Vieux Moulin Au Vieux Moulin

# Jobs

## Wir stellen ein!

  * Kellner/in
  * Chef de Rang
  * Studierende mit Erfahrung...
---
* Home
  * Our Hotels
    * Hotel du Moulin
    * Le Relais Postal
    * Packages
    * Gift cards
    * Gallery
  * Restaurant
  * What to do
    * At the hotel
    * Around us
  * Contact
    * About Us
  * Book Now
  * EN
    * FR
    * DE
    * NL

Payment Options

Terms Conditions

US

IT

ES

My Account

###### LOG IN

Add Your Review

4

###### Best Hotel Plugin

CHECK FEATURES

###### Multi Purpose

A LOT OF DEMOS

###### No Code Required

VERY EASY TO USE

My Bookings

  * Home
  * Our ..."
77,17,77_report abuse_abuse_skip_soirée,"report abuse, abuse, skip, soirée, report, content skip, sortie, search, camp, chalet","Search this site

Skip to main content

Skip to navigation

KlammKlub Uelzechtdall

  * NEWS
  * Evenementer
  * Kueren
  * Klub
  * Member ginn

KlammKlub Uelzechtdall

  * NEWS
  * Evenementer
  * Kueren
  * Klub
  * Member ginn
  * More
    * NEWS
    * Evenementer
    * Kueren
    * Klub
    * Member ginn

# KlammKlub Uelzechtdall

## Frëndschaft - Leidenschaft - Abenteuer

Iwwersiicht:

Clean-Up Day Wanterbaach Berdorf

Symposium <NEW DEAL>

14.05.2022 Fun-Cup zu Biissen

28.4.2022 Nei Rout...
---
Search this site

Skip to main content

Skip to navigation

www.sphydraulik.lu

  * Home
  * Bilder
  * Services
  * Contact

www.sphydraulik.lu

  * Home
  * Bilder
  * Services
  * Contact
  * More
    * Home
    * Bilder
    * Services
    * Contact

Report abuse

Page details

Page updated

Google Sites

Report abuse

---PAGE BREAK---

Search this site

Skip to main content

Skip to navigation

www.sphydraulik.lu

  * Home
  * Bilder
  * Services
  * Contact

www.sphydraulik.lu

  * Home
  *...
---
Search this site

Skip to main content

Skip to navigation

Umellungsstopp bei de Beaver an de Wëllefcher

Mei Informatiounen

Caper Piwitschen

  * News
  * En route!
    * Brancherechner
  * Home
  * Branchen
    * Beaver
    * Wëllefcher
    * Scouten
    * Explorer
    * Rover
    * Tembo
  * Chalet
    * Chalet - Fotoen a Pläng
    * Chalet - Construction
    * Geschicht
  * Kontakt
  * Fir eis Memberen
    * Accès Chef
    * Coronamesuren
    * Dokumenter
    * Go Green
    * Objets trouvé..."
78,16,78_00_00 12_explicite stocker_culture recommandé,"00, 00 12, explicite stocker, culture recommandé, personnalisé changement, navigateur autorisez, complète nécessite, changement culture, fonctionnalité complète, recommandé autoriser","Afin de fournir une fonctionnalité complète, ce site Web nécessite votre
consentement explicite pour stocker des cookies de navigateur. Si vous
n'autorisez pas les cookies, vous ne pourrez peut-être pas utiliser certaines
fonctionnalités du site Web, notamment les suivantes: contenu personnalisé,
changement de culture. Il est recommandé d'autoriser tous les cookies.

  * Accueil
  * Presentation
  * Produits & Services
  * Nos services 
    * Renovation interieure 
    * Renovation exterieure
  ...
---
Afin de fournir une fonctionnalité complète, ce site Web nécessite votre
consentement explicite pour stocker des cookies de navigateur. Si vous
n'autorisez pas les cookies, vous ne pourrez peut-être pas utiliser certaines
fonctionnalités du site Web, notamment les suivantes: contenu personnalisé,
changement de culture. Il est recommandé d'autoriser tous les cookies.

  * Accueil
  * Presentation
  * Nos services
    * Vente et pose de carrelages 
    * Façades
    * Plafonnages
    * Constructio...
---
Afin de fournir une fonctionnalité complète, ce site Web nécessite votre
consentement explicite pour stocker des cookies de navigateur. Si vous
n'autorisez pas les cookies, vous ne pourrez peut-être pas utiliser certaines
fonctionnalités du site Web, notamment les suivantes: contenu personnalisé,
changement de culture. Il est recommandé d'autoriser tous les cookies.

  * Accueil
  * Les maitres maçons
  * Produits & Services
  * Galeries photos 
    * Maisons completes 
    * Renovation interieu..."
79,16,79_00_navigateur autorisez_personnalisé changement_complète nécessite,"00, navigateur autorisez, personnalisé changement, complète nécessite, culture recommandé, explicite stocker, fonctionnalité complète, fournir fonctionnalité, recommandé autoriser, fonctionnalités contenu","Afin de fournir une fonctionnalité complète, ce site Web nécessite votre
consentement explicite pour stocker des cookies de navigateur. Si vous
n'autorisez pas les cookies, vous ne pourrez peut-être pas utiliser certaines
fonctionnalités du site Web, notamment les suivantes: contenu personnalisé,
changement de culture. Il est recommandé d'autoriser tous les cookies.

Echangez, partagez

  *   *   *   * 

  * Accueil
  * Presentation
  * Produits & Services
  * Realisations
  * Contact

Menuisier...
---
Afin de fournir une fonctionnalité complète, ce site Web nécessite votre
consentement explicite pour stocker des cookies de navigateur. Si vous
n'autorisez pas les cookies, vous ne pourrez peut-être pas utiliser certaines
fonctionnalités du site Web, notamment les suivantes: contenu personnalisé,
changement de culture. Il est recommandé d'autoriser tous les cookies.

Echangez, partagez

  *   *   *   * 

  * Accueil
  * Presentation
  * Nos services
  * Nos competences
  * Nous contacter

Compta...
---
Afin de fournir une fonctionnalité complète, ce site Web nécessite votre
consentement explicite pour stocker des cookies de navigateur. Si vous
n'autorisez pas les cookies, vous ne pourrez peut-être pas utiliser certaines
fonctionnalités du site Web, notamment les suivantes: contenu personnalisé,
changement de culture. Il est recommandé d'autoriser tous les cookies.

  * Accueil
  * Presentation
  * Decouverte du site en photos...
  * Contact

Nos étangs seront ouvert le 23 juin 2021!

Nos étang..."
80,16,80_00 achat_achat immédiat_bio_immédiat,"00 achat, achat immédiat, bio, immédiat, laboratoire, données, dentaire, essentielles, huiles, achat","﻿

  *   * +352 26 53 28 12 
  * ernstdrogerie@web.de 

Logo

  * Accueil
  * A propos
  * Nos produits
    * Maquillage
    * Produits de soin
    * Produits pour bebes
    * Produits d'entretien
    * Articles de decoration
  * Cheques cadeaux
  * Actualites
  * Contact

  1. 1 Maquillage
  2. 2 Produits de soin
  3. 3 Produits pour bebes
  4. 4 Produits d'entretien
  5. 5 Articles de decoration

## Nos produits et services

### Maquillage

Lire plus

## Nos produits et services

### Produits ...
---
﻿

Logo

  * Accueil
  * A propos
  * Services
    * Prothese adjointe
    * Prothese conjointe
    * Prothese combinee
    * Prothese implantaire
    * Prothese numerique
    * Orthodontie
  * Actualites
  * Contact

  1. 1
  2. 2
  3. 3
  4. 4
  5. 5
  6. 6

## Prothèse adjointe

Une prothèse adjointe est une prothèse amovible

En savoir plus

## Prothèse conjointe

Une prothèse conjointe est une prothèse fixe

En savoir plus

## Prothèse combinée

Une prothèse combinée se compose d'une partie...
---
﻿

Logo

  * Accueil
  * Le cabinet
  * Les soins
    * Podologie du sport
    * Podo-pediatrie
    * Posturologie
    * Traitements
  * Actualites
  * Contact

  1. 1
  2. 2
  3. 3
  4. 4

# Nos soins Podologie du sport

En savoir plus

# Nos soins Podo-pédiatrie

En savoir plus

# Nos soins Posturologie

En savoir plus

# Nos soins Traitements

En savoir plus

## BIENVENUE CHEZMichael Corbeel Podologue

Podologue Diplome vous accueille dans ses Cabinets de Podologie situes a
Ettelbruck et Perl..."
81,15,81_rénovation_construction_défaut description_défaut,"rénovation, construction, défaut description, défaut, expiration, devis, projet, description, nom, travaux","* Accueil
  * Notre société
  * Nos activités
    * Nouvelles constructions
    * Bâtiments publics
    * Transformations-rénovations
    * Promotion immobilière
  * Votre projet
    * Étapes du projet
    * Garanties
  * Réalisations
  * Contact

Contactez-nous au +352 26 95 36 60

Contactez-nous au +352 26 95 36 60

# JD-construction, une entreprise générale avec vous tout au long de votre
projet

Demandez votre devis !

# JD-construction, une entreprise générale avec vous tout au long de votr...
---
Skip to content

  * Rénovation intérieure
  * Construction
  * Rénovation & aménagements extérieurs
  * Contact

Menu Fermer

  * Rénovation intérieure
  * Construction
  * Rénovation & aménagements extérieurs
  * Contact

# CLTS

## Construction, Rénovation, Aménagement  
Depuis plus de 40 ans à votre service

## Nos services

### Rénovation intérieure

CLTS prend en charge tous les types de travaux. Que ce soit de petites
réparations ou un réaménagement complet, l'entreprise réalise votre pro...
---
* Facebook
  * Instagram
  * Twitter
  * Youtube

Phone: +352 661 269 433

  * Home
  * Services
  * Contact
  * Menu

  * ## CONSTRUCTION ET RÉNOVATION DES BÂTIMENTS
Tous vos projets professionnels et particuliers

ContactDemander un Devis

  * ## CONSTRUCTION ET RÉNOVATION DES MAISONS
Nous réalisons les projets de votre maison de rêve

ContactDemander un Devis

  * ## Rénovation Carrelage
Tous vos projets de pose de carrelage et faïence.

ContactDemander un Devis

  * ## Rénovation Salle de Ba..."
82,14,82_nettoyage_lavage_vitres_services,"nettoyage, lavage, vitres, services, entretien, clean, cleaning, particuliers, service, savoir","Espaces verts

Entretien soigné des jardins et des plantes

Particuliers Professionnels

Facility services

Les multiples services nécessaires au fonctionnement de votre bâtiment

En savoir plus

Nettoyage fin de chantier

Nettoyage de locaux et habitations après construction et après travaux

En savoir plus

Lavage de vitres

Lavage de toute surface vitrée et toute hauteur

En savoir plus

Entretien de locaux

La propreté et l’hygiène des locaux en toute confiance

En savoir plus

Service hiver...
---
Bienvenue

Présentation

Nos Services

Contactez-Nous

# best clean services sàrl

## Nettoyage & Désinfections de Bâtiments

Une structure efficace, un personnel flexible et compétent ont permis à Best
Clean Services de se spécialiser dans le domaine de nettoyage et d’entretien
de bâtiments.

Vous êtes une entreprise, un particulier, société de gérance, administration
Best Clean Services est à votre service pour répondre à vos attentes avec une
équipe de professionnels.

Une demande, une questi...
---
* Accueil
  * A propos
  * Services
  * Portfolio
  * Contact

Select Page

# XLCleaning Services

vous propose un large éventail de prestations pour assurer hygiène et propreté
de vos locaux.

Services



###### Nettoyage Residential



###### Nettoyage Commercial



###### prise de Rendez-vous

Z

###### intervention unique



###### nettoyage régulier



###### nettoyage et entretien de vitres

## Service de nettoyage complet

Entretien ménager, nettoyage de bureaux et partie communes, n..."
83,14,83_judo_fu_defense_kids,"judo, fu, defense, kids, 2020, club, entraînements, 2019, entraînement, 2018","Aller au contenu

Cercle de Judo

Association sportive et culturelle de Judo et Ju-Jitsu

Menu et widgets

Rechercher :

## Pages

  * Cercle de Judo • Esch-sur-Alzette
    * Dojo
    * Horaires des cours
    * Informations pratiques
  * Contrôle Medico sportif (avant 1er janvier 2017)

## Catégories

  * Cadre réglementaire
  * Judo
  * La vie du club
  * News
  * Résultats

## Articles récents

  * Assemblée Générale Ordinaire 2019
  * Suspension des cours
  * Entraînement Judo Virtuel
  * NEW...
---
Défends -Toi!

  * HOME
  * NEWS
    * BLOG
  * CLASSES
    * ESSAI GRATUIT
    * KAE DO
    * KAE DO DEFENSE
    * KUNG FU KIDS
    * ZUMBA KIDS
    * SIU LAM WING TJUN KUNG FU
  * TIMETABLE
    * ALL CLASSES
    * KAE DO
    * KAE DO DEFENSE
    * KUNG FU KIDS
    * SIU LAM WING TJUN KUNG FU
    * ZUMBA KIDS
  * PHOTOS
  * CONTACT
  * Courses
  * My Courses
  * User Account
  * Thank You for Purchase

  * HOME
  * NEWS
    * BLOG
  * CLASSES
    * ESSAI GRATUIT
    * KAE DO
    * KAE DO DEFENS...
---
# Judo Club Ettelbruck

## Club de Judo et Jujitsu affilié à la FLAM

Menu Aller au contenu

  * Le Club
    * Comité
    * Historique du club
    * Le Dojo
    * Horaires des entraînements
  * Judo
    * Jigoro Kano – le fondateur du Judo
    * Horaires des entraînements
    * Le Dojo
    * Les moniteurs
    * Judo - saison 2021-2022
    * Judo – saison 2018/2019
    * Judo – saison 2017/2018
    * Judo – saison 2016/2017
    * Judo – saison 2015/2016
  * Ju-Jitsu
    * Horaires des entraînemen..."
84,14,84_enfant_crèche_parents_enfants,"enfant, crèche, parents, enfants, montessori, pédagogie, activités, pré, groupe, pédagogique","* A propos
  * Pédagogie Montessori
  * Pré-inscription
  * Politique de confidentialité

## A propos

Confier son enfant est un geste important et une décision mûrement réfléchie
par chacun. Cette démarche répond à certains besoins des parents mais aussi à
leur volonté d’offrir à leur enfant un lieu d’accueil dans lequel il pourra
s’épanouir sereinement.

Les crèches Casa del bambino ont été conçues pour répondre à vos besoins et
accueillir votre enfant dans un environnement sécurisé et sécuris...
---
Skip to content

MENU

  * Accueil
  * Concept
  * Galerie
  * Pré-Inscriptions
  * Contact

FacebookEmail

  * Pré-Inscriptions

MENU

  * Accueil
  * Concept
  * Galerie
  * Pré-Inscriptions
  * Contact

#  Crèche les Petites Bouilles

##  Objectifs principaux de notre crèche

\- Assurer un équilibre du rythme physiologique et individuel de l’enfant.

\- Favoriser un éveil créatif au travers de diverses activités.

\- Acquisition de son autonomie physique (propreté-motricité), mais également
i...
---
Postes à pourvoir

### REJOIGNEZ NOTRE ÉQUIPE !

La pédagogie que nous avons choisi pour travailler avec les enfants s’applique
également au management de nos collaborateurs : les préceptes de la pédagogie
Montessori doivent se retrouver dans la vie quotidienne de la crèche autant
pour les enfants que pour les adultes encadrants.

#### Liberté et autonomie, deux piliers de notre philosophie

Quelque soit votre âge et votre expérience professionnelle, vous pouvez, à
l’intérieur de votre poste, fa..."
85,14,85_haff_ferme_bio_daten,"haff, ferme, bio, daten, eist, kontakt, verarbeitung, garten, umgebung, gemüse","MENU

  * A propos
    * Notre éthique
    * Notre organisation
    * Le centre d’emballage
    * En vidéos
  * Les fermes
    * Ferme Rüdiger Born à Morbach
    * Ferme Les Bleuets à Longeau
    * Ferme Jemming à Kahler
    * Ferme Dormans à Fischbach (Clervaux)
    * Ferme Laeisenhof à Ferschweiler
    * Ferme Mario Kleer à Everlange
    * Ferme Isabelle Matgé-Stoltz à Dondelange
    * Ferme Christian Mathieu à Derenbach
    * Ferme Trifolie à Cruchten
    * Ferme Vincent Rémy à Bastogne
    *...
---
Startseite Unternehmen Planung & Tipps

Startseite Gartengestaltung Gartenpflege Holz- & Steinarbeiten

Startseite Automatische Bewässerung Automower

Kontakt AGB Datenschutz Disclaimer Impressum

Kontakt

Unternehmen

Startseite

Automower Automatische Bewasserung Planung & Tipps

Startseite  »  Allgemeine Geschäftsbedingungen

# Allgemeine Geschäftsbedingungen

-
„Als Unternehmer bin ich zeitlich sehr eingebunden. Daher habe ich mich für
die Variante automatisches Mähen entschieden. Dank der k...
---
* LU
  * DE
  * FR
  * 

  * Start
  * „Eist Uebst a Geméis""
  * Produzenten
    * Bauer Greif
    * Ferme Batty Kapgen
    * Charles Lahr
    * Ënnen van Douawen
    * Ferme Hilgert Frères
    * Haff Muller Lemmer
    * Legulux
    * Obsthof Samson
    * Obst und Gemüse Grieshop
    * Pretemer Haff
    * Steeseler Uebstbau Genossenschaft
    * Wein- und Obstgut Briesch
  * Produkte
  * Saisonkalender
  * Kontakt

##### Regional, Saisonal, Genial

# Qualitätsobst und Gemüse aus der Region

Mehr ..."
86,14,86_anschrift_antenne_sponsoren_infos,"anschrift, antenne, sponsoren, infos, club, saison, standard, syrdall, 2018, senior","info@syrdallheem.lu

Für weitere InformationenT. 34 86 72

  * über Uns
    * Präsentation
    * Geschichte
    * Struktur
    * Mitglieder & Partner
    * Galerie
  * Unsere Leistungen
    * Krankenpflege & Hilfestellung
    * Tagesstätte
    * Help 24 Alarmknopf
    * Club Senior Syrdall
  * Infos
    * Finanzierung
    * Kunde werden
    * Infos & Beratung
    * Veröffentlichungen
  * Aktuelles & Veranstaltungen
  * Kontakt

  * de
  * fr

Close

  * über Uns
    * Präsentation
    * Geschich...
---
Weider bei den Säiteninhalt

HC Standard

Menü

  * News
  * De Club
    * Komitee
    * Erfolleg
    * Member ginn
  * Equipen
    * Hären
    * Dammen
    * Jugend
    * Interviews
  * Trainingszäiten an Halen
  * Geschicht
    * Zeitungsartikel
  * Beachhandball
  * Links
  * Fotoen
  * Sponsoren
    * Eis Sponsoren
    * Sponsor ginn
    * Club vun den 200 Supporteren
  * Letzebuergesch
    * Deutsch
    * Français
    * Letzebuergesch

# De Club

H.C. Standard LUXEMBOURG

gegrënnt 1967  
Me...
---
* Hilfe & Pflege zu Hause
  * Tagesstätten & betreutes Wohnen
  * Clubs Senior
  * Freizeitaktivitäten
  * Help24

26 70 26

DE

  * FR
  * DE
  * PT

Show menu

  * Hilfe & Pflege zu Hause 
  * Tagesstätten & betreutes Wohnen 
  * Clubs Senior 
  * Freizeitaktivitäten 
  * Help24 

  * Über Help 
  * Unser Kundendienst 
  * Stellenangebote 
  * News 
  * Unsere Medien 

Type your search here

  * Home
  * Stellenangebote

# Unsere  
Stellenangebote

Entfalten Sie sich bei Ihrer Arbeit während S..."
87,14,87_30 13_windows_06 07_2022 06,"30 13, windows, 06 07, 2022 06, 03, 01 07, 07, size, ticket, 13","# Index of /

 NameLast modifiedSizeDescription  
* * *  
 Biller/ 2015-01-07 18:17  \-  
 cgi-bin/ 2014-12-16 12:48  \-  
 charpente.html 2015-01-07 18:17 1.8K  
 contact.html 2015-01-07 18:17 1.9K  
 css/ 2015-01-07 18:17  \-  
 default.html 2015-01-07 18:17 3.1K  
 ferblanterie.html 2015-01-07 18:17 2.4K  
 patricia/ 2015-10-20 10:51  \-  
 toiture.html 2015-01-07 18:17 3.1K  
 winandy_css.txt 2015-01-07 18:17 2.4K  
* * *
---
# Index of /

 NameLast modifiedSizeDescription  
* * *  
 400.shtml 2021-03-30 13:11 229  
 401.shtml 2021-03-30 13:11 207  
 403.shtml 2021-03-30 13:11 203  
 404.shtml 2021-03-30 13:11 204  
 413.shtml 2021-03-30 13:11 216  
 500.shtml 2021-03-30 13:11 243  
 cp_errordocument.shtml 2021-03-30 13:11  10K  
 ltu.lu/ 2022-08-11 02:14  \-  
 wisdomdragonacademy.lu/2022-08-11 02:14  \-  
* * *

---PAGE BREAK---

# Index of /

 NameLast modifiedSizeDescription  
* * *  
 wisdomdragonacademy.lu/2022...
---
# Index of /

    
     Name                    Last modified      Size  Description
    * * *
     .bash_logout            2022-06-07 16:42   24   
     .bash_profile           2022-06-07 16:42  236   
     .bashrc                 2022-06-07 16:42  131   
     www/                    2022-01-10 17:47    -   
    
    * * *

---PAGE BREAK---

# Site under construction

Do you need assistance or information?

  

Guides

Forum

Contact

Control Panel

  

(C) Copyright 1999 OVHcloud

---PAGE BREA..."
88,14,88_warning_php_exchange_modules,"warning, php, exchange, modules, wp, rate, views, strict, reply, string","Warning: Illegal string offset 'h1' in
/home/www/web1721/web1721u1/html/composants/contact/index.php on line 78
Warning: Illegal string offset 'description' in
/home/www/web1721/web1721u1/html/composants/contact/index.php on line 79
Warning: Illegal string offset 'fenetre' in
/home/www/web1721/web1721u1/html/composants/contact/index.php on line 80
Warning: Illegal string offset 'keyword' in
/home/www/web1721/web1721u1/html/composants/contact/index.php on line 81
Warning: Illegal string offset 't...
---
Warning: Creating default object from empty value in
/home/www/web1190/web1190u1/html/Main/plugins/system/modulesanywhere/helper.php
on line 394

#

## Den beschten Jugendclub am Land !

  * News

  * Programm
  * Kontakt
  * Comite
  * Memberen
  * History
  * Presse
  * Fräeschenzeitung
  * Links
  * Fanshop

Benutzername  

Passwort  

Angemeldet bleiben

  * Passwort vergessen?
  * Benutzername vergessen?
  * Registrieren

CDJ Bettenduerf

Fräeschebal 2019  
Geschrieben von: Yann  
Mittwoch,...
---
Skip to Main Content Area

  * FRANÇAIS
  * ENGLISH

  * WELCOME
  * WHO WE ARE
  * SERVICES
  * CAREER
  * CONTACT US

  * strict warning: Non-static method view::load() should not be called statically in /home/rubiconlu/public_html/sites/all/modules/views/views.module on line 906.
  * strict warning: Declaration of date_handler_field_multiple::pre_render() should be compatible with content_handler_field_multiple::pre_render($values) in /home/rubiconlu/public_html/sites/all/modules/date/date/da..."
89,13,89_cheval_finale_artikel_vorstand,"cheval, finale, artikel, vorstand, kurse, examen, exemples, catering, partner, produit","Skip to main content

  *   *   * 

Close Search

Menu

  * News
  * Über uns
  * Preise & Reservierung
  * Anfahrt
  * Partner
  * Ponyclub

  * facebook
  * instagram
  * mailto

## Der Bouferterhaff -  
Ein Paradies für Pferd & Reiter!

mehr erfahren

## Neuigkeiten

Neuigkeiten

### Letztes Turnier 2019

Jumping Bouferterhaff

November 18, 2019 in Neuigkeiten

### Letztes Turnier 2019

Jumping Bouferterhaff

Weiterlesen

> # Seit über 20 Jahren ist der Bouferterhaff ein verlässlicher Partner...
---
* Accueil
  * Maréchal-Ferrant
  * Radiométrie aux infrarouges
    * Présentation du produit
    * Méthode d'Examen
    * Quelques Exemples
  * Me contacter

Select Page

# Charles-François Marin

Maréchal-Ferrant

Radiométrie Equine

Luxembourg - Belgique

## Maréchal-Ferrant

L'objectif premier du Maréchal-Ferrant est de respecter ou de corriger ce que
la nature a donné comme pied à votre cheval. Le bien-être de votre équidé
dépendra avant tout de la qualité du travail fourni par votre marécha...
---
Accueil Cavaliers Chevaux Resultats en competition News Statuts Contact Liens
utiles  
#  News

  
  
» FLSE CHAMPIONNAT NATIONAL DE DRESSAGE  
Publie: 31 Aug 2009  

Dimanche le 30 aout 2009, Veronique Henschen est devenue pour la 3e fois en
suite Championne Luxembourgeoise de Dressage des Seniors avec son cheval
Fontalero.  
La 2e place a ete faite par Sacha Schulz avec son cheval Florieux. La 3e place
a ete faite par Pascale Sax avec son cheval Bonus.

* * *  
» Ecole d'equitation au Luxembou..."
90,13,90_flossbach storch_flossbach_storch_06 2022,"flossbach storch, flossbach, storch, 06 2022, mitteilung, maçonnerie, kb, pdf, multi, opportunities","Type and press enter to search

  * Accueil
  * Présentation
    * Maison de conseil
    * Ce que nous faisons au quotidien
    * Notre positionnement et nos valeurs
    * Des chiffres et une histoire
    * Un cabinet international – Nextcontinent
  * Vos besoins
    * Orientation client et usager
    * Excellence opérationnelle
    * Certification
    * Ressources Humaines
    * Mobilisation
    * Systèmes d’information
  * Références
  * Publications/Actualités
  * Rejoignez-nous
  * Contact

...
---
Menu Toggle Menu Toggle

  * Wer wir sind
  * Services & Fonds
  * Aktuelles

  * Wer wir sind
    * Unser Profil
      * Über uns
      * Unser Leitbild
      * Der Fondsplatz Luxembourg
      * Aufsichtsbehörde
    * Unser Team
      * Managementteam Luxembourg
      * Ansprechpartnerinnen und Ansprechpartner
      * Verwaltungsrat Luxembourg
      * Karriere
    * Unser Engagement
      * Nachhaltiges Investieren
      * Kooperationen, Commitments und Mitgliedschaften
  * Services & Fonds
   ...
---
* Deutsch
    * Deutsch
    * English
    * Espanol
    * Italiano
    * Francais
    * Nederlands

Deutsch

DeutschEnglishEspanolItalianoFrancaisNederlands

# Bitte wählen Sie Ihr Land

Luxemburg

Deutschland

Österreich

Schweiz

Spanien

Italien

Portugal

Belgien

Frankreich

Liechtenstein

Other tax information

# Bitte wählen Sie Ihren Anlegertyp

Herkunftsland: Luxemburg

Privatanleger

Professioneller Anleger

Sonstige

# Bitte wählen Sie Ihren Anlegertyp

Herkunftsland: Deutschland

Pri..."
91,13,91_iphone_écran_samsung_unit,"iphone, écran, samsung, unit, ipad, batterie, réparation, vitre, window, vianden","Aller au contenu

197 Rue de Differdange , 4437 Saneminfo@zolwerpress.lu+352 621 410 435Lundi–
Vendredi 09:00h – 19h / Samedi 09:00h -16:00h

La page Facebook s'ouvre dans une nouvelle fenêtreLa page Twitter s'ouvre dans
une nouvelle fenêtre

Blog

Zolwerpress

Grand choix de Tabacs, Papeterie, Loterie Nationale, Post .

  * Point Post
  * Services
    * Cartes Cadeaux
    * Point Post
    * Réparation
    * Tabac, tabac à rouler
    * CBD Shop Luxembourg
  * Actualités
  * Contact
  * A Propos
...
---
Zum Inhalt springen

+352 47 18 73DI-SA 10:00 - 18:00

Facebook page opens in new window

Bijoux Streff Luxembourg

Edler Damenschmuck und Uhren in Luxemburg

  * Home
  * Schmuck
    * Ringe
    * Halsketten
    * Armbänder & Ohrringe
  * Uhren
  * Kontakt

  * Home
  * Schmuck
    * Ringe
    * Halsketten
    * Armbänder & Ohrringe
  * Uhren
  * Kontakt

## Damenringe

Wunderschöne Damenringe aus Gold, Weißgold und Roségold, ob schlicht oder
liebvoll mit Diamanten und Edelsteinen besetzt – ega...
---
Contenu en pleine largeur

+352 621 410 435Zolwereck Shopping - Store Zolwerpress 195-197 Rue de
Differdange

  * Français
  * English (Anglais)
  * Deutsch (Allemand)

Facebook page opens in new windowTwitter page opens in new windowInstagram
page opens in new windowYouTube page opens in new window

Search:

Menu

Pc Express Luxembourg

Réparation Rapide Smartphone Tablet et Ordinateur

  * Accueil
  * iPhone
    * Réparation iPhone 13, et 13 Pro
      * Écran iPhone 13
      * Écran iPhone 13 ..."
92,12,92_camping_reservierung_umgebung_personen,"camping, reservierung, umgebung, personen, aktivitäten, campingplatz, camp, daten, kontakt, chalet","* Camping
    * Stellplätze
    * Saisonplätze
    * Preisliste
    * Reservieren
    * Geländeplan
    * Ökologie
    * Video
  * Biohof
    * Biobauernhof
    * Highland Rinder
    * Islandpferde
    * Geschichte
  * Service
    * Rezeption
    * Bistrot 15.07 bis 15.08
    * Kautionen für Eingang mit Sep-Key
    * Sanitär & Anlagen
    * Stromanschlüsse
    * Wifi
    * Bibliothek
    * Mobilität
    * Touristische Infos
  * Aktivitäten
    * Aktivitäten
    * Pony’s für Kinder
    * Aktivitä...
---
fr de nl en

Home

Einrichtungen

Rezeption

Restaurant

Geschäft

Swimmingpool

Freizeit

Aufenthaltsraum

Spielplatz

Die Umgebung entdecken.

Animation

Centre Aquatique

Exkursionen in der Nähe

Camping-Informationen

News

Preisliste

Sanitär

Plan vom Camping

Standard

Komfort

Mobilheim Typ O'Hara 4 Personen

Mobilheim Typ O'Hara 6 Personen

Mobilheim O'Hara 6 Personen Deluxe

Camping POD

Arrangements

Galerie

Tourismus  Reservierung  Kontakt

Einrichtungen

  * Rezeption 
  * Restaura...
---
Top

MENU

  * Home
  * Accomodaties
    * Camping
    * Chalets
    * Tentverhuur
    *   

  * Vakantiehuizen
    * Appartement
    * Black Pearl
    *   

  * Faciliteiten
    * Bistro Beau
    * Zwembad
    * Sanitair
    * Sport en spel
    *   

  * Informatie
    * Omgeving
    * Markten
    * Nieuws
    * Plattegrond
    * Recensies
    * Foto's
    * Onze partners
    * Camping Reglement
    * FAQ's
    *   

  * Reserveren
    * Tarieven
    * Aanbiedingen
    * Online boeken
    * Res..."
93,12,93_passwort_vergessen_benutzername_school,"passwort, vergessen, benutzername, school, login, anmelden, unternehmen, passwort vergessen, kontakt, 24h","## CLVV

### Cercle Luxembourgeois de Vol à Voile

MENU

  * Willkommen
  * Der CLVV
  * Flugschule
  * Der Flugplatz ELUS
  * Flugzeugpark
  * Gastflüge
  * Kontakt

Startseite Flugzeugpark

### Login Form

Benutzername

Passwort

Sicherheitscode

Angemeldet bleiben

Anmelden

  * Benutzername vergessen?
  * Passwort vergessen?

### Choose your language

  *   *   * 

##  Flugpark CLVV

#### Der CLVV verfügt über eine komplette Typenreihe, vom Schulflugzeug bis
zum Leistungssegler: der Schulung...
---
* Deutsch
    * français
    * English
    * Deutsch

  * UNSEREN GESCHÄFTEN
  * PAUL WELTWEIT

  * Anmelden 

* * *
  * UNSEREN GESCHÄFTEN 
  * PAUL WELTWEIT 
  * Anmelden 

  * Catering
  * Click & Delivery

  * Hauptmenu
  * Mein Konto
  * Anmelden

# JavaSript benötigt.

Wir entschuldigen uns, aber der Boulangerie PAUL website funktionniert nicht
perfeckt ohne JavaScript

# Kundenkonto anmeldung

Ihre E-mail Adresse:

Ihr Passwort:

Sich an mich erinnern

Passwort vergessen ?

Noch nicht Kun...
---
## Sidebar

×

  * Home
  * Unternehmen
    * Unternehmen
      * Wir über uns
      * Stellenausschreibung
    * Standorte
      * Luxembourg
      * Deutschland
  * Leistungen
  * Feuerwehrbedarf
    * Feuerwehrbekleidung
    * Feuerwehrtechnik
    * Rettungstechnik
    * Vorbeugender Brandschutz
    * Notfallmedizin
  * Werkstattleistungen
    * Atemschutzwerkstatt
    * Gasmesstechnik
    * Serviceleistungen
  * Kontakt & Service
    * Kontakt
    * Impressum
    * Datenschutz
    * Datenver..."
94,11,94_panier_ttc_aperçu rapide_total,"panier, ttc, aperçu rapide, total, aperçu, rapide, livraison, sandwichs, ajouter panier, produit","Contact

Rechercher

Panier 0 Produit Produits (vide)

Aucun produit

Livraison gratuite !  Livraison

0,00 € TTC Total

Commander

##  Produit ajouté au panier avec succès

Quantité

Total

##  Il y a 0 produits dans votre panier.  Il y a 1 produit dans votre panier.

Total produits (TTC)

Frais de port (HT)  Livraison gratuite !

Total (TTC)

Continuer mes achats  Commander

  * Achat en ligne

Catégories

  * Présentation
  * Nos boutiques
  * Offres/Services
  * Marques
  * Conseils
  * News...
---
* Tél: +352 30 99 85

Compte

  * Se connecter
  * S'enregistrer
  * Mon compte

Chariot 0 article articles 0 article

Aucun produit

A déterminer  Livraison

0,00 € TVA

0,00 € Total

Les prix sont TTC

Votre panier

Produit ajouté à votre panier

Quantité

Total

Il y a 0 produits dans votre panier.  Il y a 1 article dans votre panier.

Total produits (TTC).

Frais de port (TTC).  A déterminer

TVA 0,00 €

Total (TTC).

Poursuivre les achats  Commander

Basculer la navigation

  * Accueil
  * ...
---
Compte

  * Se connecter
  * S'enregistrer
  * Mon compte

Chariot 0 article articles 0 article

Aucun produit

Être déterminé  Livraison

0,00 € Taxe

0,00 € Total

Les prix sont TTC

Commander

Produit ajouté à votre panier

Quantité

Total

Il y a 0 produits dans votre panier.  Il ya 1 article dans votre panier.

Nombre de produits (TTC).

Expédition totale (TTC).  Être déterminé

Taxe 0,00 €

Total (TTC).

Poursuivre les achats  Commander

Basculer la navigation

  * Accueil
  * De Cillia
  ..."
95,11,95_mtb_beautiful_bike_professional,"mtb, beautiful, bike, professional, tour, guide, discover, 18h30, 00, vélos","* Custom Made
  * Newsletter

fren

  * Bikes  

  * Components  

  * Accessories  

  * Our Brands  

  * Promos  

  * Contact  

# Bikes

# City

# Singlespeed/Fixie

# Road

# Gravel/Travel

# E-Bikes

# Cargo

# Our brands

  * 6KU
  * BLB
  * CINELLI
  * LARRY VS HARRY
  * TOKYOBIKE
  * WATT

View all brands

# Payment Methods

  * Bank Transfer Payment
  * Cash On Delivery / Pick Up

You also have option to just  
REQUEST AN OFFER  
  
All prices are subject to change without notice!

# ...
---
* Accueil
  * Vélos
    * Route
    * VTT
    * Gravel
    * Active
    * Enfants
  * Vélos électriques
    * Route
    * Vtt
    * Gravel
    * Active - VAE
  * Services
    * Maintenance & réparation
    * Retül
    * Montage personalisé
    * Vélo test
    * Leasing vélo
  * Actualités
  * Magasins / Contact

## Pour les cyclistes.  
Par des cyclistes.

#  Votre spécialiste vélos route, VTT, e-Bikes, textiles et accessoires.

Votre magasin de vélo local au Luxembourg pour la vente, la réparat...
---
* HOME
  * TOURS
  * RENTALS
  * COACHINGS
  * SCHOOLS
  * BLOG
  * GALLERY
  * More

Use tab to navigate through the menu items.

# WELCOME AT BIKETOURS.LU

Biketours is a professional tour agency in Luxembourg. Since 2013 we are
taking cyclists to the most beautiful spots of our tiny country. No matter if
dirt or road, your tour will be exclusively tailored by our experienced team.

​

We also offer professional coachings, like MTB school for adults and kids,
where we work on the mental and te..."
96,11,96_zoom photo_photo zoom_photo_zoom,"zoom photo, photo zoom, photo, zoom, vêtements, robe, marques, données, collections, thill","﻿

Logo

  * Accueil
  * A propos
  * Collections
  * Nos marques
  * Actualites
  * Contact

  1. 1

## Acapela, Esch-sur-Alzette

Le prêt à porter féminin tendance et glamour !

  
EN SAVOIR PLUS

###  
  
​​​​​​​Après la mise en place des mesures de préventions face au Covid-19,  
nous pouvons vous accueillir en toute sécurité !  
  

* * *
###  
Notre nouvelle collection n'attend que vous !

  

* * *
​​​​​​​

## Acapela

### Depuis 2013

Acapela est un magasin de prêt à porter féminin où se...
---
﻿

Logo

  * Accueil
  * A propos
  * Notre catalogue
  * Actualites
  * Contact

  1. 1

## Ma Robe Ma Retouche

### Parce que vous êtes unique, votre robe aussi doit l'être !

  
  
En savoir plus

## A propos

### Depuis 2018

Paula Marques vous accueille dans sa boutique Ma Robe - Ma Retouche située à
Bertrange et propose  
un service de retouche et customisation de vos vêtements de cérémonie.  
  
Nous proposons également une gamme de prêts-à-porter pour tous vos grands
évènements.

En savo...
---
﻿

Logo

  * Accueil
  * A propos
  * Collections
  * Actualites
  * Contact

  1. 1
  2. 2

## Rinascimento

L'élégance sexy des créations italiennes se décline chez Rinascimento.  
Retrouvez nos collections de prêt à porter féminin dans notre boutique à
Esch/Alzette.  
  
En savoir plus

## Rinascimento

Le chic des créations italiennes !  
Elégance, Féminité & Vêtements haut de gamme  
  
En savoir plus

###  
Après la mise en place des mesures de préventions face au Covid-19,  
nous pouvons ..."
97,10,97_00 30_30 00_delivery_00 00,"00 30, 30 00, delivery, 00 00, 19 00, asia, 00, incl, 19, menuiserie","Mon Shop

Voir la fiche du Shop Modifier

Tous nos Shops

Bienvenue

Se déconnecter

Mon Espace Fidélité Come In

Cagnottez 5% sur vos commandes à emporter et en Click & Collect et utilisez
votre cagnotte sur toutes vos commandes !

Besoin d’aide ?

Vous avez une question sur une commande passée, nos produits ou nos services
?

Mon historique de commande

Retrouvez les détails et le suivi de vos dernières commandes

Mes produits préférés

Gérez et ajoutez rapidement à votre panier tous vos pro...
---
Skip to content

  * Menu

  *     * No products in the cart.
  *     * Search for:
  * Login / Register 

  * #### Cart
No products in the cart.

  *     * Search for:
  * 

  * Home
  * Online Booking
  * Hair artist
  * Le Barbier
  * Galery & expo
  * Contact
  * Shop online
    * Discover our store
    * Shop now
    * Checkout
    * Cart

# ARTISTE COIFFEUR

SEE MORE ONLINE Booking

# GALLERY & EXPO

See more

# LE BARBIER

SEE MORE SHOP NOW!

#  Exclusive

See more

SHOP NOW

#####  Think...
---
LunchDinner

  *   * 

LunchDinner

Lieferzeit: 19:30 - 20:30

  *   *   *   *   * 0
  *   * DE
    * EN
    * FR

LunchDinner

Lieferzeit: 19:30 - 20:30

Suchen

Restaurants

Filter

  * EN
  * FR
  * DE

Success: Your account has been activated!

# Boost your day  
with the food  
you love.

Order my LunchOrder my Dinner

Contact us

## New:  
Intelligent Fridges

  
Introducing ""Foozo Market"":  
intelligent fridges at the office.

Delicious food at affordable prices 24/7.  
The ideal way to a..."
98,10,98_09 22_22_a1_19 09,"09 22, 22, a1, 19 09, jours, a2, formation, 09, ligne, asbl","Aller au contenu

MENU

# Á la une

##  Formation continue

###  Seance d'information-La validation des acquis de l'experience-VAE

Prochaines séances d’information le 26.09 en luxembourgeois et le 27.09 en
français

En savoir plus

##  Europe et formation

###  Teachers and trainers in a changing world - Luxembourg

New Cedefop ReferNet report

En savoir plus

##  Aides à la formation

###  Aides à la formation pour particulier

Mener à bien son projet de formation et accroître ses compétences
...
---
﻿

  * Leudelange, Luxembourg
  *   * Kontakt

  * Vereinigung
    * Die Geschichte
    * Ziele der Vereinigung
    * Der Vorstand
    * Jahresbericht
    * Statuten
    * Mitglied werden
    * Impressum
  * Begegnungszentrum
    * Allgemeine Informationen
    * Öffnungszeiten
    * Tagesablauf
    * Trimesterprogramm
    * Veranstaltungskalender Centre 
    * Activity-Card
    * Hausordnung
    * Parkinson Zeitung
  * Kalender
    * Veranstaltungskalender
    * Besondere Veranstaltungen
    * V...
---
### Cours du Centre de Formation

  * Luxembourgeois
  * Allemand
  * Français
  * Anglais
  * Informatique

  * CFLH
  * Agenda des cours
  * Inscription
  * Evaluation
  * CECR
  * Contact
  * Manifestations
  * Liens utiles
  * Centre de Formation Lucien Huss a.s.b.l.

  * Français
  * Lëtzebuergesch
  * English

### Horaires d'ouverture

### les lundis, de 9h30 à 13h30

### les  jeudis  de 14h00 à 18h00

les vendredis de 9h30 à 13h30

Adresse du secrétariat :

5, Avenue Marie-Thérèse

Bâtime..."
99,10,99_review_rouge_reservieren_rezepte,"review, rouge, reservieren, rezepte, blanc, vin, rezept, booking, 2018, 2019","* ACCUEIL
  * QUI SUIS JE ?
  * VINS
    * Alsace
    * Auvergne
    * Beaujolais
    * Bordeaux
    * Bourgogne
    * Jura
    * Languedoc-Roussillon
    * Moselle
    * Provence
    * Savoie
    * Sud-Ouest
    * Vallée de la Loire
    * Vallée du Rhône
    * Corse
    * Portugal
    * Angleterre
    * Luxembourg
    * Chili
    * Suisse- Cidres
  * CHAMPAGNES
  * Items
  * More

Use tab to navigate through the menu items.

## Liste des vins disponibles selon la meteo

## mais des nouveautes r...
---
* Karte & Menüs 
    * FORMULE MENU DU JOUR
    * Carte des boissons
    * Carte 
  * Fotos 
    * Le restaurant
    * Daiwelskichen
    * La cuisine
  * Meinungen
  * Erreichbarkeit/Kontakt

Reservieren

DE

  * EN 
  * ES 
  * IT 
  * FR 
  * RU 
  * CS 
  * JA 
  * ZH 
  * NL 
  * EL 

  * Karte & Menüs
    * FORMULE MENU DU JOUR
    * Carte des boissons
    * Carte 
  * Fotos
    * Le restaurant
    * Daiwelskichen
    * La cuisine
  * Meinungen
  * Erreichbarkeit/Kontakt

Reservieren

  * E...
---
* Fotos 
    * Côté cuisine
    * Le restaurant
    * Virtuelle Besichtigung
  * Meinungen
  *   * Erreichbarkeit/Kontakt

Reservieren

DE

  * EN 
  * ES 
  * IT 
  * FR 
  * RU 
  * CS 
  * JA 
  * ZH 
  * NL 
  * EL 

  * Fotos
    * Côté cuisine
    * Le restaurant
    * Virtuelle Besichtigung
  * Meinungen
  *   * Erreichbarkeit/Kontakt

Reservieren

  * EN 
  * ES 
  * IT 
  * FR 
  * RU 
  * CS 
  * JA 
  * ZH 
  * NL 
  * EL 

  *   * 

# Meinungen

## Unsere Kundenbewertungen

  * #### ..."
100,10,100_2017 2022_soutenir_2022 12_12 30,"2017 2022, soutenir, 2022 12, 12 30, musical, 30 13, appareil, midi, 2022, 2017","* Home
  * Ensch
    * Wer sind wir?
    * Unsere Werte
    * Unser Engagement
    * Unsere Partner
    * Wir suchen Mitarbeiter
  * Leistungen
    * Unternehmen
    * Öffentliche Einrichtungen
    * Hausverwaltungen
    * Privatkunden
  * Austattung
    * Kehrmaschinen
    * Scheuersaugmaschinen
    * Salztreu- und Schneeräummaschinen
    * Hängebühne
    * LKW mit Heckklappe
  * Angebotsanfrage
  * Kontakt
    * Kontaktformular
    * Anfahrtsplan
  * Zertifizierung

  * Fr
  * De

Search for:
...
---
* Home
  * Primes
    * Primes communales
  * MyEnergy
  * Contact

energieatelier

#### Wëllkomm am Energieatelier vum Kanton Réiden  

### Wee si mir?

Den Energieatelier vum Kanton Réiden kann Iech bei Froen zu Theme wéi
Energiespueren, erneierbar Energien, nohalteg Renovéierung, Neibau a
Mobilitéit hëllefen.

D’Finanzéierung vum Energieatelier leeft iwwert déi 10 Gemenge vum Réidener
Kanton an iwwert myenergy. Den Energieatelier ass offiziellen myenergy
infopoint fir de Réidener Kanton.

Dir...
---
* Home
  * de Verband
    * Zentralcomité 2017-2022
    * Regionaldelegéiert 2017-2022
    * Statuten
    * Presentatioun
    * Siège
    * Formulairen
    * Chronik 1969-1994
    * Jobs
  * Doku
    * Publications
    * Sonndeslidder
    * Partiturelëschten
    * Jean-Pierre Schmit
  * Tëleesmassen
    * Fräi Terminer
    * Monatsplanung
  * Photoen
  * Canticum

Anzeige #  5 10 15 20 25 30 50 100 Alle

  * Zugriffe: 13037  Regionaldelegéiert 2017-2022   
Geschrieben von Super User

  * Zugriff..."
