topic_id,count,name,top_words,representative_docs
-1,34287,-1_luxembourg_352_contact_restaurant,outliers,""
0,5088,0_000_appartement_000 000_chambres,"000, appartement, 000 000, chambres, m2, surface, maison, donnes, immobilier, traitement","﻿FR | EN
  * Accueil
  * Ventes
  * Locations
  * Neuf
  * Biens d'exception
  * Contact
  * Calculez votre crédit

AETOS Immobilière s.a.  
15, rue de l'Alzette  
L-4011 Esch-sur-Alzette

Tél.   +352 57 30 30  
         +352 621 47 74 13  
Fax : +352 57 30 35  
aetosinvest@pt.lu

Ouvert tous les jours de 9h00  
à 12h00 et de 13h00 à 19h00  
Et à tout autre moment  
sur rendez-vous

achatlocation
    
neuf

- Houffalize (6660) Villerupt (54190) Pergola (region marche) Ehlange Esch-sur-alzette Fo...
---
* Accueil
  * Ventes
  * Locations
  * Contact

achatlocation
    
neuf

- \- Neudorf Dudelange Luxembourg Mamer Briey (54150) Longlaville (54810) Saulny (57140) Thionville (57100)
Type de bien

- Appartement Immeuble de rapport Maison Terrain constructible
Budget

- 100 000 150 000 200 000 250 000 300 000 350 000 400 000 450 000 500 000 550 000 600 000 650 000 700 000 800 000 900 000 1 000 000 1 500 000 2 000 000 3 000 000 4 000 000 5 000 000
à

- 100 000 150 000 200 000 250 000 300 000 350 000...
---
* Accueil
  * Ventes
  * Locations
  * Contact

achatlocation
    
neuf

- Athus Saint-vith \- Newel Daleiden Newel Thailen \- Centre-ville \- Gare Esch-sur-alzette Herborn Koerich Luxembourg Mondorf-les-bains Wiltz
Type de bien

- Appartement Fonds de Commerce Garage - Parking Immeuble de rapport Maison Terrain constructible
Budget

- 100 000 150 000 200 000 250 000 300 000 350 000 400 000 450 000 500 000 550 000 600 000 650 000 700 000 800 000 900 000 1 000 000 1 500 000 2 000 000 3 000 000 4 ..."
1,2892,1_fund_investment_funds_management,"fund, investment, funds, management, financial, asset, tax, global, bank, equity","* Services & Solutions
  * Discover MC²
  * Contacts

* Asset Managers
    * Accelerator
      * Solution Design
      * Governance
      * Risk Management
      * Execution
    * Incubators
      * UCITS
      * AIF Luxembourg
      * AIF Singapore
      * Securitisation
    * Distribution
      * Marketing & Fundraising
      * Master Feeder
      * Relocation
  * Financial Advisors
    * Accelerator
      * Solution Design
      * Governance
      * Risk Management
      * Execution
    * Inc...
---
Investor type Private Investor Intermediary Institutional

Select country Australia Austria Belgium Denmark Finland France Germany Hong
Kong Ireland Italy Luxembourg Middle East Netherlands Norway Portugal
Singapore Spain Sweden Switzerland U.S. UK

* Global Home
  * Media Centre
  * Contact us

* Home
  *   * Investment Themes
    * The UN Sustainable Development Goals & Our Themes
    * Responsible Investments
    * Behavioural Finance
    * Columbia Threadneedle Proprietary Responsible Invest...
---
Now loading.  
Please wait.

* Home
  * The Firm
    * Overview
    * LFP – Why?
    * Management
    * Our Values
    * Careers
  * Our Services
    * Management Company
    * Fund & Sub-Fund Set-up
    * Asset Management 
    * Central Administration
    * Risk Management 
    * Fund Compliance 
    * Sales & Marketing Support 
    * Downloads 
  * Fund Platforms
    * Protected Cell Concept
  * Structures
    * UCITS
    * SIF
    * SICAR/SOPARFI
    * AIFMD
    * RAIF
    * SLP
  * Our Funds..."
2,1372,2_daten_verarbeitung_google_personenbezogenen,"daten, verarbeitung, google, personenbezogenen, personenbezogenen daten, person, dsgvo, data, cookies, abs","* start
  * about us
  * services
  * contact
  * impressum
  * privacy police

* start
  * about us
  * services
  * contact

## 1\. Datenschutz auf einen Blick

Die folgenden Hinweise geben einen einfachen Überblick darüber, was mit Ihren
personenbezogenen Daten passiert, wenn Sie unsere Website besuchen.
Personenbezogene Daten sind alle Daten, mit denen Sie persönlich identifiziert
werden können. Ausführliche Informationen zum Thema Datenschutz entnehmen Sie
unserer unter diesem Text aufgefüh...
---
* Leudelange
  * Junglinster
  * Trier-Petrisberg

* Get started
  * Betreuung
  * Training
  * Ernährung
  * Team
  * Franchise
  * b
  *   *   *

### Datenschutzerklärung LuxFitness S.à.r.l.

I. Name und Anschrift des Verantwortlichen

LuxFitness S.à.r.l.  
Sebastian Backes  
2-4, rue du Château d’Eau,  
L – 3364 Leudelange

Telefon: +352 26 378 378  
E-Mai: info(at)luxfit.com

Vertretungsberechtigter Geschäftsführer: Sebastian Backes, Peter Sebisch

Registergericht: B162764  
Umsatzsteuer-ID:...
---
Biomethanisation Mangen Jean-Marc

# Datenschutzerklrung

Nachfolgend informieren wir Sie ber die Erhebung personenbezogener Daten bei
der Nutzung unseres Internetauftritts.  
Wir nehmen den Schutz Ihrer Daten sehr ernst und behandeln Ihre
personenbezogenen Daten vertraulich und entsprechend der gesetzlichen
Vorschriften. Die Verarbeitung Ihrer Daten erfolgt daher mit groer Sorgfalt
und unter strikter Beachtung der anwendbaren Datenschutzgesetze.  
Wir verarbeiten Ihre personenbezogenen Daten da..."
3,1255,3_commune_communal_communale_conseil communal,"commune, communal, communale, conseil communal, dchets, administration, population, conseil, communaux, pag","#  Administration Communale de Heffingen

JavaScript ne semble pas être activé dans votre navigateur. Veuillez l’activer
et réessayer.

* Accueil
    * Actualité
    * Agenda
    * FAQActuellement sélectionné
    * Contact
    * Annuaire
  * La commune se présente
    * Politique
      * Le bourgmestre
      * Le collège échevinal
      * Le conseil communal
      * Commissions consultatives
      * Séances du conseil communal
    * L'administration
      * Bureau de la population
      * Secrét...
---
Administration Communale de Nommern

* Actualite
  * Agenda
  * Adresses utiles
  * Publications
  * FAQ
  * Liens
  * Photos
  * Video
  * Contact
  * Recherche
  * Plan du site

* La commune se presente
    * Decouvrir la commune
    * Histoire
    * La commune en chiffres
  * Politique
    * Le bourgmestre
    * Le college echevinal
    * Le conseil communal
    * Commissions Consultatives
    * Syndicats intercommunaux et cooperations
    * Seances du conseil communal
  * Administration
    ...
---
#  Administration Communale de Nommern

JavaScript ne semble pas être activé dans votre navigateur. Veuillez l’activer
et réessayer.

* La Commune
    * Histoire
    * Les villages
      * Cruchten
      * Glabach
      * Nommern
      * Schrondweiler
    * La commune en chiffres
  * Politique
    * Politique
      * Le bourgmestre
      * Le collège échevinal
      * Le conseil communal
      * Les commissions consultatives
      * Syndicats intercommunaux et coopérations
  * Administration
   ..."
4,1199,4_crche_enfants_lenfant_enfant,"crche, enfants, lenfant, enfant, parents, activits, foyer, crches, foyer jour, creche","Les Petits Gourmands

* Accueil
  * Notre philosophie
  * Equipe Interne
  * Galeries

### 1\. Projet Pédagogique

Un petit déjeuner est servi dans les différents groupes jusqu’à 7h30.  
Le menu principal est affiché devant chaque section . Il peut être adapté aux
allergies éventuelles des enfants ( sous certificat médical ou PAI).  
Une collation est proposée l’après-midi.  
Les repas sont confectionnés par notre prestataire en restauration du groupe
Ansamble livrés en liaison froide et réchauf...
---
* ACCUEIL
  * Nos structures
  * Nos actualités
  * les repas
  * journées types
  * nos équipes
  * Contact
  *

C’est un travail quotidien basé sur la patience, l’empathie et sur une
présence aimante. Cela passe autant par l’intonation de la voix que par le
regard. C’est le résultat d’un respect communicatif et mutuel.

### Rituels quotidiens :

Nous fonctionnons de façon ritualisée pour que l’enfant ait des habitudes dans
notre structure, ces habitudes vont lui procurer un certain confort apa...
---
Vous acceptez l'utilisation des cookies.

* ACCUEIL
  * Nos structures
  * NOS actualités
  * les repas
  * journées types
  * nos équipes
  * Contact
  *

C’est un travail quotidien basé sur la patience, l’empathie et sur une
présence aimante. Cela passe autant par l’intonation de la voix que par le
regard. C’est le résultat d’un respect communicatif et mutuel.

### Rituels quotidiens :

Nous fonctionnons de façon ritualisée pour que l’enfant ait des habitudes dans
notre structure, ces habitude..."
5,1173,5_cloud_business_security_solutions,"cloud, business, security, solutions, data, informatique, management, support, services, innovation","### Main menu sidebar

* Home 
    * Telindus Training Institute
  * Formations
    * Notre calendrier 
    * Cours garantis
  * Services
    * e-Assistance
    * Expertise Excel
    * Power BI
    * Security Awareness
    * Développement bureautique
    * Réalisation de screencasts
    * Coaching Systèmes IT
    * Evaluations On-Line
    * Audit de fichiers
    * Location de salles/matériels
    * Help-Desk Bureautique
    * Application iTTest
    * Supports de cours
    * Secure Coding
    * Q...
---
Go to contentGo to navigation Nous trouver Menu

* Training Institute
  * Jobs
  * Blog
  * Evénements

* Vos besoins
  * Nos solutionsNos solutions
    * Services Managés 
    * Cloud 
    * Solutions ICT 
    * Cybersécurité 
    * Fixe, Mobile et Connectivité 
    * Digital Finance Solutions 
    * Services d'infrastructure
    * Gestion de l’environnement de travail
    * Services Applicatifs
    * Service Desk
    * Services de Gouvernance
    * Services professionnels
    * Cloud Privé
   ...
---
Technoport SA  
9 avenue des Hauts-Fourneaux  
L-4362 Esch-sur-Alzette  
Phone: +352 54 55 80 - 1  
Fax: +352 54 55 80 - 555

* Incubator
  * Event Space
  * Projects
  * Our partners

* Home
  * |
  * About us
  * |
  * Contact & Access maps
  * |
  * Downloads

* Incubator
    * Home
    * Incubation Programs
    * Hosted Companies
    * Former Companies
      * | Testimonials
  * Event Space
    * Home
    * The Open space
    * Meeting Rooms
    * Pricing | Booking
  * Projects
  * Our partn..."
6,1039,6_design_marketing_communication_digital,"design, marketing, communication, digital, cration, rfrencement, seo, stratgie, visuelle, campagne","* Unternehmen
    * Konzept
    * Unternehmen
    * Team
  * Lösungen
    * Standardangebote
    * Spezielle Angebote
    * E-commerce
    * Mobile Apps
    * Digitales Marketing
    * Management der sozialen Netzwerke
    * Zusatzangebote
    * Premium
  * Portfolio
  * Karriere
    * Verkauf
    *   * Aktuelles
  * Kontakt
  * Kunden Login
  * Deutsch
    * English
    * Français

*  Deutsch
    *  English
    *  Français

* ### Unternehmen
    * Konzept
    * Unternehmen
    * Team
  * ### Lö...
---
* Site Web
  * Branding
  * SEO
  * Rédaction Web
  * Photographie
  * Vidéo
  * Affichage Dynamique

# Actu Communication Digitale

1. Genius Communication
  2. Actu Communication Digitale

### Comment créer un objet promotionnel avec votre logo ?

La fabrication de produits promotionnels avec votre logo est un moyen rentable
de faire de la publicité pour votre entreprise. Ils constituent également un
excellent ...

### Quels sont les avantages d'une vitrine digitale ?

Dans le monde profession...
---
L'agence Expertises Projets Blog Références Contact Job

Stratégie  
de marque

Création  
Graphique

Solutions  
digitales

Support  
& objets pub

### STRATÉGIE DE MARQUE OFFLINE/ONLINE

#### Analyse marketing 360°

Une étude détaillée permettra de définir votre image, d’identifier vos forces
et faiblesses et de mettre en évidence vos concurrents et les cibles à
atteindre. En fonction de cet analyse, nous pourrons établir une stratégie
marketing globale  
qui répond à :

Votre problématique / ..."
7,867,7_architecture_architectes_architecte_construction,"architecture, architectes, architecte, construction, maison, unifamiliale, maison unifamiliale, darchitecture, transformation, btiment","# Schemel Wirtz Architectes Associés

Concours gagné! plus d'information

Foto > Johannes-Maria Schlorke Fotografie

* Projets
  * Actualites
  * Profil
  * Contact
  * FB
  * IG
  * LI
  * Deutsch

* All Projects
  * art et culture 
  * commerce 
  * concours 
  * construction bois 
  *   * enseignement 
  * événementiel 
  * habitation et hebergement 
  * industriel 
  * privé 
  * public 
  * soins 
  * sport et loisirs 
  * travail 
  * divers projets

* All Projects
  * art et culture 
  * ...
---
* Accueil 
  * Présentation 
    * Bureau 
    * Domaines d'activité 
  * Références 
  * Actualités 
  * Contact

* Vous êtes ici :
  * Accueil
  * Références

* Tous
  * Nouvelles constructions 
  * Transformations

Construction d’une maison unifamiliale mitoyenne

Construction de deux maisons jumelées

Construction d'une maison unifamiliale

Construction d'une maison individuelle

Etude d'Avant projet pour la construction d'une Résidence

Etude d'avant projet pour la construction d'une maison...
---
* Accueil
  * Le bureau
  * Portfolio
  * Nos Projets
  * Blog
  * Contact

# CONSTRUISONS  
NOTRE FUTUR

Bienvenue sur le site internet de notre bureau d'architecture.

Nous sommes une équipe passionnée et expérimentée, spécialisée dans la
conception et la réalisation de vos projets d’architecture et d’urbanisme.

Nous sommes à l'écoute de vos besoins et de vos attentes pour créer des
espaces uniques et fonctionnels, en harmonie avec votre environnement.

Sur notre site internet vous trouverez ..."
8,829,8_installation_domotique_installations_alarme,"installation, domotique, installations, alarme, dalarme, electricit, lectriques, lectrique, systmes, led","* Accueil
  * Nos services
    * Electricité générale
    * Alarme
    * Cablage informatique
    * Climatisation
    * Travaux électrique spécifique
  * Domotique
  * Réalisation de projet
  * Nos références
  * Contact

#  Climatisation reversible

## A partir du dossier d’architecture, Lux Electricité Foetz établit les
études de l’ensemble des installations techniques de tout type de bâtiment.

Dans le domaine de la climatisation, nous nous attacherons tout d’abord à bien
définir, avant toute...
---
Skip to primary content

Skip to secondary content

* E-WATT
  * Electricité
  * Alarmes et sécurité
  * Bureautique et informatique
  * Communication et informatique
  * Contact

# Electricité, Electronique, alarme, securité - Consdorf Luxembourg E-WATT
SARL

# E-WATT - Présentation de l'entreprise

E-Watt est une société spécialisée dans les domaines de:

* L'électricité
  * L'électronique appliquée à la bureautique et à l'informatique
  * L'électronique appliquée à la communication
  * L'inst...
---
* Accueil 
  * Nos services 
  * Réalisations 
  * Devis 
  * Contact

# Les services de votre électricien au Luxembourg

1. Accueil 
  2. Current: Nos services

À la recherche d’un électricien à Luxembourg ?  
Electro Joma vous conseille, crée, rénove ou répare tout type d’installation
électriques.

Bénéficiez des conseils de nos électriciens, du suivi chantier réalisé par le
patron et de notre réseau de partenaires, pour mener à bien tous vos petits ou
grands travaux électriques.

* Installati..."
9,767,9_sushi_poulet_saumon_pices,"sushi, poulet, saumon, pices, thon, scampis, roll, avocat, maki, sauce","Home Ambiance Papaya La Carte Menus du jour Nos inspirations Livre d'or
newsletter Nous situer RESERVER

Choisir Soupes Entrées Tataki Salades Plats Chinois Plats Thaïlandais Riz
Nouilles Udon Nigiri Sashimi Hosomaki & Futomaki Uramaki Papaya Roll Hot Roll
Témaki Gunkan Combos - Combinaisons variées Nos desserts Nos Thés

fumet de poisson, algues japonaises , tofu à la cébette

fumet de poisson, crevettes, algues japonaises , Narutomaki, carotte, tofu à
la cébette

poulet, tofu, champignons du b...
---
Home Ambiance Papaya La Carte Commande en ligne Menus du jour Nos inspirations
Livre d'or RESERVER newsletter Nous situer

Choisir Soupes Entrées Tataki Salades Plats Chinois Plats Thaïlandais Riz
Nouilles Udon Nigiri Sashimi Hosomaki & Futomaki Uramaki Papaya Roll Hot Roll
Témaki Gunkan Combos - Combinaisons variées Nos desserts Nos Thés

fumet de poisson, algues japonaises , tofu à la cébette

fumet de poisson, crevettes, algues japonaises , Narutomaki, carotte, tofu à
la cébette

poulet, tofu...
---
Nous proposons un service de livraison gratuit, uniquement le soir (entre 18h
et 22h)  
Alentour de Mertzig dans un rayon de 5km pour toute commande à partir de 35€
et plus de 5km pour toute commande à partir de 45€.

* Accueil
  * Présentation
  * Menu
    * Chinois
      * Soupes
      * Entrées Chaudes
      * Salades
      * Poulet
      * viandes
      * Canard
      * Scampis
      * Suggestions
      * Riz et nouilles
    * Thaïlandais
      * Soupe Thaï
      * Entrée Thaï
      * Poulet..."
10,688,10_vins_pinot_domaine_vin,"vins, pinot, domaine, vin, riesling, blanc, wine, chteau, crmant, pinot gris","Skip to primary content

Skip to secondary content

* Accueil
  * Les vins
  * Les huiles d'olive
  * Dégustation & atelier vin
  * Idées cadeaux
  * Promotion
  * News
  * Contact

# Vitis Vinifera importateur et distributeur de vins francais, d’espagne, de
portugal et d’huiles d’olive Luxembourg

# Découvreur de Vins

## Les Vins Français

Domaine Eschbach-Dornstetter à Eguisheim  
Pinot Noir  
Domaine Jean Louis Mauler à Béblenheim  
Muscat  
Riesling  
Pinot Gris  
Gewurztraminer  
Riesling ...
---
* Home
  * Vins et Crmants
  * Le Domaine
  * La Moselle
  * Commande
  * Contact

fr | de
### Vins et crmants de moselle issus  
de culture traditionnelle

### Vins et crmants de moselle issus  
de culture traditionnelle

#### Crmant Hremillen Grande Rserve Brut

#### Crmant Hremillen Grande Cuve Brut

Il se caracterise par son epatante fraicheur et son eclatante petillance.
Accord gourmand : Sandre roti sur lit de choucroute accompagne de son beurre
blanc.

#### Elbling classique

Vin leger, t...
---
* Menu 
  * Domaine
    * Historique
    * Dégustations | Bar à vin
    * Information
  * Vins et Crémants
    * Crémants
    * Vins blancs
    * Vins rosés
    * Vins rouges
    * Vins ‘Charta Privatwënzer’
    * Spécialités
    * Liste de prix actuelle à télécharger
  * Références
    * Charte de qualité
    * Liens
    * Presse
  * Evénements
    * Agenda
    * Photos
    * Newsletter
  * Contact

#### Vins et Crémants

* Crémants
  * Vins blancs
  * Vins rosés
  * Vins rouges
  * Vins ‘Chart..."
11,658,11_soins_beaut_visage_soin,"soins, beaut, visage, soin, peau, institut, corps, massage, cils, soins visage","*   * Accueil
  * Nos Soins
  * Nos produits
  * Galerie
  * Contact

## Nous vous proposons

###### Nous vous accueillons pour des soins du corps et des soins du visage
dans un univers prestigieux consacré à la beauté.

Explore All Services

* Soins MATIS
  * Soins des mains & pieds
  * Epilation
  * Soins visage & Corps
  * La Sultane de Saba
  * Massage

#### MATIS SOINS PROFESSIONNEL DU VISAGE

* Soins Sublimateur Empreinte Jeunesse
  * Soin Réponse Révélateur Eclat
  * Soin Sublimateur Empr...
---
* L'INSTITUT
  * NOS PRESTATIONS
  * GALERIE PHOTO
  * L'ÉQUIPE
  * LES TARIFS
  * CONTACT
  * VISITE VIRTUELLE

TARIFSadmin50512020-06-13T14:41:18+00:00

Les coups de coeur de l'équipe

Manucure simple 30’ (limage,cuticules) 20€  
\+ soin des mains,gommage,crème 15€  
\+ vernis couleur 8€  
\+ vernis french 13€  
\+ vernis semi-permanent 41€  
\+ dépose semi-permanent 20€  
\+ dépose Gel 30€  
Vernis semi-permanent couleur ou French 50€  
Vernis semi-permanent babyboomer 52€  
\+ gainage 10€  
...
---
* Sur RDV du Lundi au Samedi : 09h00 - 18h00 
  * 26532455
  * pausebeaute@pt.lu

* Accueil
  * Presentation
  * Nos soins
    * Soins du visage
    * Maquillage semi-permanent
    * Soins du corps pour dames
    * Soins du corps pour hommes
    * Onglerie
    * Pedicure medicale
    * Produits Clarins
    * Les + de l’institut
  * Nos tarifs
  * Nos Actualites
  * Contact

## Soins du corps pour dames

1. Accueil
  2. Nos soins
  3. Soins du corps pour dames

## Soins du corps - Dames

* * *
##..."
12,587,12_352_fax_fax 352_rue,"352, fax, fax 352, rue, 26, 352 26, email, tl, luxembourg 352, projekt","Site en reconstruction...  
  
  
  
  
  
  
  
  
  
! Nouvelle adresse partir du 1 dcembre 2017 !  
  
69, rue de Merl     |     L-2146 Merl     |     Tl.: +352 48 02 91     |     Fax.: +352 40 29 28     |     info@silbereisen.lu
---
""de schmatt""  
3, rue de Colmar-Berg  
L-9179 Oberfeulen  
Luxemburg  
> SunSquare (deutsch)
> SunSquare (english)  
e-mail: office@schmatt.lu  
phone: +352 - 81 83 01  
mobile: +352 \- 621 22 79 91  
fax:       +352 - 26 81 18 38  
link:      www.sonnensegel.lu  
# SONNENSEGEL
---
145, rue de Cessange     |     L-1321 Luxembourg     |     Tl.: +352 48 02 91     |     Fax.: +352 40 29 28     |     info@silbereisen.lu"
13,571,13_jardin_gazon_plantes_jardins,"jardin, gazon, plantes, jardins, verts, jardinage, amnagement, entretien, garden, arbres","* Jardinage Luxembourg
  * Nos services
    * Activités de paysage
      * Aménagement de jardin
      * Aménagement de terrasses
      * Pavage
      * Clôtures de jardin
      * Engazonnement & pose de gazon
      * Plantation
    * Activités de jardinage
      * Entretien du jardin
      * Tonte de pelouse
      * Taille de haie & élagage
      * Nettoyage de Gouttières
      * Enlèvement des déchets
  * Galerie
  * Contact
  * Français
    * Anglais
  *   *   * Menu Menu

# Services d’expert...
---
* +352 621 239 164
  * info@spellini.lu
  * Facebook
  * Jobs
  * Blog
  * À propos
  * Contactez-nous

*   * Élagage / Abattage
    * Élagage
    * Abattage
  * Paysagiste
    * Conception de jardin
    * Plan de jardin
  * Aménagement extérieur
    * Constructions en bois
    * Constructions métalliques
    * Illumination de jardin
    * Engazonnement
    * Entretien de jardin
    * Entretien de plantes
    * Maçonnerie
    * Toiture végétale
    * Bassin / Piscine naturelle
  * Réalisations
 ...
---
* +352 621 239 164
  * info@spellini.lu
  * Facebook
  * Jobs
  * Blog
  * À propos
  * Contactez-nous

*   * Élagage / Abattage
  * Paysagiste
  * Aménagement extérieur
    * Constructions en bois
    * Constructions métalliques
    * Illumination de jardin
    * Engazonnement / Gazon synthétique
    * Entretien de jardin
    * Maçonnerie
    * Toiture végétale
    * Bassin / Piscine naturelle
  * Réalisations
  * Marques
    * Carhartt
    * Laski
    * Resigrass

Ensemble, créons le jardin do..."
14,568,14_fc_seniors_match_senior,"fc, seniors, match, senior, esch, saison, coupe, dames, fola, basket esch","#  FC Jeunesse Canach

* Home 
  * Club 
    * Zeréck
    * News 
    * Historique 
    * Comite 
  * 1\. Ekipp 
    * Zeréck
    * Tabell 
    * Spillerstatistiken 
    * Palmares 
    * Frendschaftsmatcher 
    * Coupe de Luxembourg 
    * Spillplang 
    * Transferts 
  * 2\. Ekipp 
  * Jugend 
    * Zeréck
    * Juniors 
    * Cadets 
    * Scolaires 
    * Minimes 
  * Kalenner 
  * Multimedia 
    * Zeréck
    * Gallery 
    * Videos 
  * Sponsors 
  * Contact

Jeunesse Canach (Seniors M)
...
---
* Home 
  * News 
  * plans hebdomadaires 
    * Zeréck
    * Calendriers F.L.F. 
    * Calendriers 
  * Abonnements 
  * Equipes Seniors 
    * Zeréck
    * Kader 
    * Matcher 
    * Tabell 
    * Statistiques 
    * paroles entraîneurs 
  * Jeunes 
    * Zeréck
    * Cotisation 
    * entraînements 
    * entraîneurs 
    * U19 
    * U17 
    * U15 
    * U13 
    * U11 
    * U9 
    * U7 
  * Pack FCS 
  * Club 
    * Zeréck
    * Documents 
    * Comité 
    * Histoire 
  * Multimedia 
 ...
---
#  Déckebierg huel se!

* Home 
  * Club 
    * Zeréck
    * Aktivitéiten 
    * Comité 
    * Terrain 
    * Historique 
  * Seniors 
    * Zeréck
    * Kader 
    * Seniors I 
    * Seniors II 
  * Jeunes 
    * Zeréck
    * Conseils 
    * Categories 
  * Vétérans 
  * Sponsoren 
  * Multimedia 
    * Zeréck
    * Galerie 
    * Videoen 
  * Neiegkeeten 
  * Kalenner 
  * Fanzone 
  * Kontakt

2\. Divisioun 2. Bezierk - 2021/2022

FC The Belval Belvaux

FC Red Star Merl-Belair

Etoile Sportiv..."
15,517,15_chauffage_sanitaire_chaleur_climatisation,"chauffage, sanitaire, chaleur, climatisation, chaudire, ventilation, installation, gaz, chauffage sanitaire, pompe","# Chauffage Artisanal

* Nos Réalisations
  * Nos chantiers
  * Nos Partenaires
  * Contact

* Chauffage &  
Régulation

* Sanitaire &  
Robinetterie

* Pompes à  
chaleur

* Climatisation  
& Ventilation

* Énergies  
Renouvelables

* Dépannage  
& Entretien

Oasis de bien-être pour votre maison

Installateur chauffagiste professionnel au Luxembourg

Créez votre salle de bain de rêve

Installez votre chauffage central économique et confortable

L'ÉNERGIE GRATUITE… profitez-en!!!

Libérez-vous d...
---
# Chauffage Artisanal

* Nos Réalisations
  * Nos chantiers
  * Nos Partenaires
  * Contact

* Chauffage &  
Régulation

* Sanitaire &  
Robinetterie

* Pompes à  
chaleur

* Climatisation  
& Ventilation

* Énergies  
Renouvelables

* Dépannage  
& Entretien

Oasis de bien-être pour votre maison

Installateur chauffagiste professionnel au Luxembourg

Créez votre salle de bain de rêve

Installez votre chauffage central économique et confortable

L'ÉNERGIE GRATUITE… profitez-en!!!

Libérez-vous d...
---
* Accueil
  * Presentation
  * Produits & Services
  * Nos activites 
    * Chauffage
    * Entretien chaudiere 
    * Sanitaire 
    * Ventilation 
  * Nos realisations
    * Chauffage 
    * Sanitaire
  * Contact

# Installation et reparation de votre systeme de chauffage au gaz, fioul,
mazout, panneau solaire et pompe a chaleur pour les particuliers et les
professionnels au Luxembourg

## Installation de votre mode de chauffage : au gaz, au fioul ou au mazout,
pompe a chaleur ou panneau solai..."
16,481,16_assurance_assurances_insurance_dassurances,"assurance, assurances, insurance, dassurances, dassurance, lalux, auto, lassurance, foyer, habitation","* Accueil
  * Particuliers
    * easyPROTECT
    * Assurance Auto
    * Assurance Habitation
    * Assurances de construction
    * Santé et Loisirs
    * Épargne et Prévoyance
  * Professionnels
    * easyPROTECT Pro
    * APROBAT
    * lalux-Staff Protect
  * Devis
    * Demande de devis pour une assurance auto
    * Demande de devis pour une assurance habitation
    * Demande de devis Assurance – Vie
  * Contact

* easyPROTECT
  * Assurance Auto
  * Assurance Habitation
  * Assurances de cons...
---
* Présentation
  * Professionnels
  * Particuliers
  * Contact

## Nos services pour les professionnels

Assurances professionnelles

Que vous dirigiez une grande entreprise ou une PME, un garage automobile, un
cabinet médical, un hôtel familial ou une exploitation agricole, nous vous
proposons des solutions individualisées en fonction de vos besoins.

easy-PROTECT PRO est la solution idéale pour votre activité professionnelle.
Vous pouvez regrouper en un seul contrat toutes vos principales assu...
---
* Français
  * Allemand

*   *   *   *   *   *   *   *

holtz@agence.lalux.lu E-mail

+352 26 88 90 26 Tel.

8b, Rue Prince Jean L-9052 ETTELBRUCK

* Home
  * Services
    * easyPROTECT
    * Assurance Auto
    * Assurance habitation
    * Epargne et prévoyance
    * Santé et Loisir
    * easyPROTECT PRO
  * Sur nous
  * Contactez-nous
  * Français
    * Allemand
  *

### Épargne et Prévoyance

L'assurance vie est une protection idéale contre les coups de la vie. Ils vous
offrent des solutions a..."
17,467,17_lves_lyce_scolaire_classes,"lves, lyce, scolaire, classes, school, schler, classe, isl, students, sciences","Mot de la direction.

Chers parents,  
Chers élèves,

Chaque année, les élèves, les professeurs, les différents services et
associations de notre lycée ainsi que le comité des parents, en collaboration
avec la direction, font découvrir à plus de 600 visiteurs les différentes
facettes de notre lycée lors d’une journée « Portes Ouvertes ». Plus de 300
élèves et 180 professeurs contribuent à donner lors de cette journée un aperçu
de l’infrastructure du lycée et des méthodes de travail qui y sont mi...
---
Skip to main content

* Administration
    * Direction
    * Secrétariat
    * SPOS
      * Généralités
      * Personnel
      * Services du SPOS
    * Service socio-éducatif
      * Généralités
      * Tâches
    * Service informatique
    * Service technique
    * Léierwierkstat
    * Bibliothèque
      * Généralités
      * Bibliothèque de travail
      * Bibliothèque des élèves
      * Liesconcours
      * Vitrine près du secrétariat
      * Catalogue
      * Nouveautés
      * Liens
  * Co...
---
* ACTUALITÉ
  * KLASSEBUCH
  * INSCRIPTIONS
  * EXAMENS
  * BRANCHES
  * RESTOPOLIS
  * ANCIENS

* LYCÉE
    * Direction
    * Personnel
      * Enseignants
      * Administration
      * SPOS & SE
      * Service Technique
    * Comites
      * Professeurs
      * Parents
      * Élèves
    * Anciens
  * CLASSES
    * Photos
    * Tableau
    * Horaires
    * Génie civil
    * BTS
    * Cours du soir
  * SERVICES
    * SPOS / SE
    * CISMO
    * Restauration
    * Cyber-cafe
    * Bibliotheque..."
18,462,18_coiffure_salon_cheveux_coupe,"coiffure, salon, cheveux, coupe, salon coiffure, coloration, 0900, 1800, 0800, hair","Afin de fournir une fonctionnalité complète, ce site Web nécessite votre
consentement explicite pour stocker des cookies de navigateur. Si vous
n'autorisez pas les cookies, vous ne pourrez peut-être pas utiliser certaines
fonctionnalités du site Web, notamment les suivantes: contenu personnalisé,
changement de culture. Il est recommandé d'autoriser tous les cookies.

* Accueil
  * Presentation
  * Produits & Services
  * Nos prestations
    * Coiffure
    * Esthetique
  * Contact

> Produits & S...
---
*     * Du mardi au jeudi : 8h30 à 12h et 14h à 18h / vendredi : 8h30 à 18h / samedi : 8h à 16h
  * +352 32 76 85 
  * info@coiffure-francine.lu

* Accueil
  * Notre salon
  * Nos prestations
  * Realisations
  * Contact

1. 1 Coiffure
  2. 2 Maquillage
  3. 3 Manucure

## Salon de coiffure  
Schaack Francine

Nous sommes impatients de vous accueillir pour vous faire passer un moment de
détente et révéler la personnalité de vos cheveux.

Coupes | Colorations | Brushing | Permanentes  
Mises en p...
---
# Salon de Coiffure Noiré Sandrine

* lu
  * de
  * en
  * fr

* Accueil
  * Présentation
  * Nos actualités
  * Produits & Services
  * Nos prestations
    * Coiffure
    * Esthétique
    * Tarifs étudiants
  * Contact

* Accueil
  * Contact

## Formulaire de contact

Saisissez les caractères qui s'affichent dans l'image

##  Itinéraire :  Y aller En partir

Véhicules  
Petite voiture Voiture de taille moyenne Routière Grande routière Poids lourd,
PTAC < 3.5T Poids lourd, PTAC < 12T Poids lourd..."
19,449,19_thtre_musique_music_concert,"thtre, musique, music, concert, piano, percussion, philharmonie, concerts, musical, scne","* Home
  * Les Amis
    * Pressemitteilungen
    * Publikationen
    * In eigener Sache
    * Verwaltungsrat
    * Satzung
    * Mitglied werden
  * Orchester
    * Historie
    * Chefdirigent
    * Musiker
    * Fotos
    * Videos
  * Aktivitäten
    * Concerts apéritif
    * Orchesterproben
    * Begleitreisen
    * Concerts »extra-muros«
    * Sonderveranstaltungen
  * Partner
    * Partner werden
  * Kontakt

Philippe Koch - Photo: Eric Chenal

Philippe Koch entstammt einer traditionsreichen...
---
* FAQ
  * Mentions legales

* Enseignement
    * Conditions d’âge
    * Droits d’inscription
    * Programmes
    * Unités de valeurs (UV)
    * Imposés
    * Formulaires en ligne
    * Vacances et congés
  * Conservatoire
    * Matières enseignées
    * Plans des classes
    * Ensembles
    * Masterclass - Workshop - Conférence
    * Inscriptions 2021/2022
    * Examens d'entrée
    * Admission division moyenne spécialisée / division supérieure
    * FAQ – Inscriptions
  * Ecole des Quartiers
 ...
---
* Trio 2022
  * Composition Competition
  * Gallery
  * History
  * Links
  * The association

# 2022 Percussion Trio Competition

## 16th until 24th July 2022

## Percussion Trio 2022 Laureates

Find all performances on YouTube

* * *
## Second prize ex aequo

Lorenzo MANQUILLET, 22 (France)  
Louis LEBRETON, 24 (France)  
Victor LODEON, 24 (France)

Gabriel MICHAUD, 19 (France)  
Loïc MORIN, 25 (France)  
Antonin JACCARD, 19 (Switzerland)

* * *
## Third prize

Gabriel BEYRER, 20 (Germany)  
G..."
20,444,20_nettoyage_vitres_cleaning_services,"nettoyage, vitres, cleaning, services, clean, entretien, particuliers, mnage, 0800, lavage","* Accueil
  * A propos
  * Services
  * Portfolio
  * Contact

Votre Estimation Gratuite

###### Appeler: (+352) 691 238 502

###### Email: info@xlcleaning.lu

###### Pas de frais cachés

###### Pourquoi devrais-je choisir XL Cleaning Services comme service de
ménage?

Notre programme d’assurance qualité vous donne l’assurance que nos employés
hautement qualifiés respectent rigoureusement nos normes de nettoyage et
qu’ils se soucient tous de la qualité du travail qu’ils effectuent chez vous.
Nou...
---
* Accueil
  * A propos
  * Services
  * Contact

Votre Estimation Gratuite

###### Appeler: (+352) 691 238 502

###### Email: info@xlcleaning.lu

###### Pas de frais cachés

###### Pourquoi devrais-je choisir XL Cleaning Services comme service de
ménage?

Notre programme d’assurance qualité vous donne l’assurance que nos employés
hautement qualifiés respectent rigoureusement nos normes de nettoyage et
qu’ils se soucient tous de la qualité du travail qu’ils effectuent chez vous.
Nous sommes total...
---
Afin de fournir une fonctionnalité complète, ce site Web nécessite votre
consentement explicite pour stocker des cookies de navigateur. Si vous
n'autorisez pas les cookies, vous ne pourrez peut-être pas utiliser certaines
fonctionnalités du site Web, notamment les suivantes: contenu personnalisé,
changement de culture. Il est recommandé d'autoriser tous les cookies.

* Accueil
  * Presentation
  * Produits & Services
  * Prestations
    * Particuliers 
    * Professionnels
    * Autres services ..."
21,442,21_toiture_toitures_charpente_couverture,"toiture, toitures, charpente, couverture, ferblanterie, toit, isolation, travaux, bois, pose","+352 691 727 341 +352 28 99 09 59

Rechercher Demander un devis

* Accueil
  * A propos
  * Nos services
    * Aménagement de comble et grenier
    * Bardage
    * Charpente
    * Couverture
    * Entretien & réparation
    * Ferblanterie
    * Isolation
    * Velux ®
  * Nos actualités
  * Contact
  * FR

## Une entreprise familiale de toiture à votre écoute pour réaliser votre
projet !

Depuis plusieurs années, notre société, spécialisée dans le domaine de la
toiture, exerce son expérience et ...
---
MEHLEN COUVERTURE - TOITURE Luxembourg  +352 671 157 897

Traitement de Charpente

RENOVATION DE TOITURES

MEHLEN COUVERTURE TOITURE Luxembourg

Toiture-Peinture-Isolation-Ferblanterie-Charpente-Couverture-Ravalement De
Façade- Depannage

Cree a l'initiative de Alain MEHLEN COUVERTURE est une entreprise au
Luxembourg issue de l'experience de son dirigeant de plus de 20 ans dans la
Toiture, Couverture, Ferblanterie, Charpente, Ravalement de Façade, Peinture,
et Isolation.

MEHLEN COUVERTURE c'est...
---
* ACCUEIL
  * À PROPOS
  * NOS PRESTATIONS
    * Couverture Toiture
    * Ferblanterie
    * Charpente
  * NOS RÉALISATIONS
  * CARRIÈRES
  * CONTACT
  * More

Use tab to navigate through the menu items.

# Couverture Toiture

## Confiez tous vos travaux de couverture a nos equipes.

Vous avez decide d'entreprendre un projet de construction et recherchez un
artisan qualifie ayant fait ses preuves dans le domaine de la toiture ?

Vous vous lancez dans un projet de renovation de toiture, d'amenage..."
22,431,22_bmw_audi_peugeot_vhicules,"bmw, audi, peugeot, vhicules, 608, diesel, tdi, 561, 562, 542","Passer au contenu principal

Pour cause de maintenance, AutoScout24 est accessible de manière limitée. Cela
concerne quelques fonctions, comme par exemple la prise de contact avec les
vendeurs, la connexion à votre compte ou la gestion de vos véhicules en vente.

* Rechercher 
Voitures neuves et d’occasion Motos Camping-cars et Caravanes Camions

* Vendre 
Voiture d’occasion gratuit

* Connexion 
  * Mon AutoScout24  Se connecter
Mes annonces préférées Mes recherches sauvegardées Mes annonces Co...
---
* 18, zone artisanale Um Woeller|L-4410 Soleuvre

* (+352) 584 384
  * garage@pereira.lu

* Notre stock
  * Historique
  * Proposez votre véhicule
  * Contact
  * Découvrez Dylan

Marque Abarth Alfa Romeo Alpina Aston Martin Audi Bentley BMW Cadillac
Chevrolet Citroën Cupra DS Automobiles Ferrari Fiat Fisker Ford Honda Hyundai
Infiniti Jaguar Jeep Lamborghini Lancia Land-Rover Lexus Maserati Mazda
Mercedes-Benz MINI Nissan Opel Peugeot Porsche Renault Saab Seat Skoda Toyota
Volkswagen BMW Harley...
---
* Accueil
  * Nos Voitures
    * Voir toutes les voitures
    * Recherche Voiture
  * Services
    * Nos services
    * Stock Véhicules
      * Voitures
  * Nos Prix
    * Nos Prix
  * Nous trouver

# Showing 85 RESULTS for your search

1st Registration from:

## Search Results: 85

Sort by: Dernier Ajouts Prix Haut - Bas Prix Bas - Haut Nom A - Z Nom Z - A

Page:  1 of 11 Previous Next

## BMW X5 30dA 245 xDrive

BMW X5 30dA 245 xDrive Année: 04/2011 Kilométrage: 190542

## VW Golf VII 2.0 R

V..."
23,429,23_fondation_projets_enfants_sos,"fondation, projets, enfants, sos, faim, projet, nepal, monde, care, dveloppement","* Presse
  *   * Enseignants
  *   * Entreprises
  *   * Publications
  *   * FAQ
  *   * Contact

*   *   *   *   *   *   *   *

#### Inscrivez-vous dans notre Newsletter et restez informé

### Newsletter - Top menu

* Full Name*
  * Email*

Cette iframe contient la logique nécessaire pour manipuler Gravity Forms avec
AJAX

* Notre travail
#### Actif dans 190 pays, dont

* Yémen Aidons les enfants oubliés
    * Nigeria Aidons les enfants malnutris
    * Ethiopie Stop à la mutilation génitale fé...
---
* DE 
  * FR 
  * EN

* HOME
  * Über uns
  * Projekte
  * Uns helfen
  * Kontakt

##  Conception et le développement de contenu d'apprentissage numérique pour
l’alphabétisation des enfants des premières années scolaires avec OLE Nepal -
Projet 021

* Drucken 
  * E-Mail

Projet 021 / 2019 - 2023

OLE Nepal a été fondé en 2017 et a pour mission d’adresser les disparités dans
la délivrance d’une éducation de qualité au Népal, via des supports
technologiques.

Le Népal a réalisé des progrès signif...
---
Zum sekundären Inhalt wechseln

* Startseite
  * ÜBER UNS
    * Verwaltungsrat
    * Unsere Philosophie
    * Datenschutzerklärung
  * QUI NOUS SOMMES
    * conseil d'administration
    * notre philosophie
    * nos statuts
    * déclaration de confidentialité
  * FREIWILLIGENDIENST
    * Aktuelles
    * Berichte von früheren Freiwilligen
  * SERVICE VOLONTAIRE
    * actualités
    * Commentaires d'anciens/anciennes volontaires
  * KONTAKT
  * CONTACT
  * UNSERE PROJEKTE
    * in BOLIVIEN
      ..."
24,416,24_fenster_aluminium_portes_pvc,"fenster, aluminium, portes, pvc, fentres, pergola, volets, pergolas, tren, stores","72 Rue des Prés, L-7333 Steinsel

* Accueil
  * Gamme
    * Fenêtres
    * Portes
    * Portes Anti-Effraction
    * Portes de Garage
    * Volets et Moustiquaires
  * Délais & Pose
  * Réalisations
  * Blog
    * Avantages et comparaison des portes PVC et Aluminium
    * Menuiserie au Luxembourg
    * Stores et volets électrique
    * Fenetres et portes en pvc
    * Double et triple vitrage
    * Isolation phonique
    * Porte anti-effraction
  * Contact
  * Facebook
  * Liens & Documents

#  A...
---
* Home 
  * Renovieren 
    * Böden 
    * Fenster 
      * Aluminium-Holz-Fenster 
      * Aluminium-Kunststoff-Fenster 
      * Holz-Denkmal-Fenster 
      * Holz-Fenster 
      * Kunststoff-Fenster 
    * Haustüren 
      * Aluminium-Holz-Haustüren 
      * Aluminium-Kunststoff-Haustüren 
      * Aluminium- oder Kunststoff-Haustüren 
      * Holz-Haustüren 
    * Innentüren 
    * Treppen 
    * Wandpaneele 
  * Ausbauen 
    * Markisen & Sonnenschutz 
    * Veranda, Pergola & Wintergarten 
 ...
---
* Accueil
  * Contact
  * Mentions légales
  * protection des données

* Rénover
  * Agrandir
  * Aménagement extérieur
  * Qui sommes nous
  * emplois

* +Rénover
    * +Fenêtres
      * Fenêtre en bois
      * Fenêtre en bois – alu
      * Fenêtre en pvc - alu
      * Fenêtre patrimoine
      * Volets alu
      * Fenêtre en pvc
    * +Portes d’entrées
      * Portes d’entrées Bois-Aluminium
      * Portes d’entrées Bois
      * Portes d’entrées Aluminium ou PVC
      * Portes d’entrées PVC-Alu..."
25,396,25_lettrage_impression_panneaux_format,"lettrage, impression, panneaux, format, limpression, publicitaire, signaltique, publicitaires, papier, supports","* Accueil
  * Prestations
    * Lettrage publicitaire
    * Film teinté
  * LuxSkates
  * Réalisations
  * Actualités
  * Contact

# IMPRIMEUR AU LUXEMBOURG :FAITES CONFIANCE À UN PROFESSIONNEL SPÉCIALISÉ DANS
L’IMPRESSION PAR SÉRIGRAPHIE OU DIGITALE

SERILUX est votre atelier spécialisé dans les impressions tous supports. Votre
imprimeur au Luxembourg est à vos côtés pour optimiser votre communication
visuelle. Lettrage, autocollants, film teinté, bâches, panneaux, carte de
visite, rollup, impr...
---
* HOME (current)
  * INTRO
  * SERVICES
LETTRAGE / COVERING

* PROJETS
  * CONTACT

# ATELIER DE LETTRAGES, PUBLICITES, GRAPHISME

L'atelier graphique est un bureau de graphisme spécialisé dans la création de
projets graphiques, lettrages et publicitaires situé à Warken, Ettelbruck au
Luxembourg

## Notre but est de mettre en avant la création et la réalisation de vos
projets

Professionnels ou Privés, tels que la présentation de votre société aussi bien
sur papier qu'en lettrage publicitaire su...
---
* HOME (current)
  * INTRO
  * SERVICES
LETTRAGE / COVERING

* PROJETS
  * CONTACT

# ATELIER DE LETTRAGES, PUBLICITES, GRAPHISME

L'atelier graphique est un bureau de graphisme spécialisé dans la création de
projets graphiques, lettrages et publicitaires situé à Warken, Ettelbruck au
Luxembourg

## Notre but est de mettre en avant la création et la réalisation de vos
projets

Professionnels ou Privés, tels que la présentation de votre société aussi bien
sur papier qu'en lettrage publicitaire su..."
26,391,26_dr_cancer_health_patients,"dr, cancer, health, patients, mdecins, sant, medicine, patient, patienten, membres","### INC | 1A-B, rue Thomas Edison | L-1445 Strassen | G.D. Luxembourg | +352 26 11 97 37 
  * EN
  * FR

* General information
  * Covid-19
  * Events & Publications
  * INC organisation & collaborators
  * INC workgroups
  * RCP
  * Projects & Activities
  * Cancer research in Luxembourg

#### Events & Publications

* INC Newsletter
  * Agenda : Meetings and conferences in oncology
  * Interviews
  * Press-releases
  * Events
  * Guidelines & position papers
  * Annual reports

The first issue ...
---
### INC | 1A-B, rue Thomas Edison | L-1445 Strassen | G.D. Luxembourg | +352 26 11 97 37 
  * EN
  * FR

* General information
  * Covid-19
  * Events & Publications
  * INC organisation & collaborators
  * INC workgroups
  * RCP
  * Projects & Activities
  * Cancer research in Luxembourg

#### Events & Publications

* INC Newsletter
  * Agenda : Meetings and conferences in oncology
  * Interviews
  * Press-releases
  * Events
  * Guidelines & position papers
  * Annual reports

Last updated on ...
---
* Home
  * About us
    * Our Mission 
    * Recognition 
    * Team 
    * Contact 
  * Partners
  * Lab
  * News
  * Events
  * Publications
    * Publications 2021 
    * Publications 2020 
    * Publications 2019 
    * Publications 2018 
    * Publications 2017 
  * Academy

### Article RTL : Human Motion Lab -Nei Raimlechkeeten a modernst Technologie

https://www.rtl.lu/news/national/a/2057336.html

### Opening of the new Human Motion Lab (HML)

On April 28, 2023, at 3 p.m., the Luxembourg..."
27,375,27_referenz_adidas_chaussures_femme,"referenz, adidas, chaussures, femme, schuhe, homme, jeans, eur, shoes, vtements","* Bienvenue, Invité
* |
* S'inscrire
* /
* Log In
(0)

* Accueil
  *     * Chaussures Femme
      * Baskets
        * ADIDAS
        * PEPE JEANS
        * LE COQ SPORTIF
        * KAWASAKI
        * SERGIO TACCHINI
        * PUMA
        * REEBOK
        * CONVERSE
        * KAPPA
        * TOMMY HILFIGER
        * SUPERDRY
        * ROXY
        * LA GEAR
        * NEW BALANCE
        * EA7
      * Bottes, bottines
        * TBS
        * DC SHOES
        * ROXY
        * TIMBERLAND
        * ...
---
* Français
  * English
  * Deutsch

Calendrier de lancement

* Toutes les chaussures homme
  * Nouveautés
  * Running Lifestyle
  * Basketball
  * Skate
  * Tennis
  * Baskets Montantes
  * Bottes
  * Sandales et claquettes
  * Randonnée

* Tous les vêtements homme
  * Nouveautés
  * Sweats à capuche
  * Vestes de survêtement
  * Sweats
  * Pantalon de jogging
  * T-Shirts
  * Manteaux & Vestes
  * Maillots de sport
  * Débardeurs
  * Shorts
  * Sous-vêtements

* Tous les accessoires homme
  * N...
---
Nous utilisons des cookies pour vous permettre d'utiliser notre site Internet
de façon optimale. Si vous continuez de naviguer sur le site sans modifier vos
parametres de cookies, nous considererons que vous acceptez notre politique
d'utilisation des cookies pour cet appareil.

* POUR LES COMMANDES D'UN MONTANT SUPÉRIEUR À 60 £ / 85 €, LA LIVRAISON STANDARD EST TOUJOURS GRATUITE !
  * Garantie 100 % satisfait ou remboursé (Délai de retour de 28 jours)
  * Retours possibles en magasin ou par tran..."
28,374,28_voyages_travel_reisen_voyage,"voyages, travel, reisen, voyage, reise, bus, hotel, emile weber, forfait, emile","Welcome bei Emile Weber

* Deutsch
    * Français

* Travel & more
    * RIO 2016
### RIO 2016

XXXI. OLYMPISCHE SPIELE IN RIO DE JANEIRO - Vom 05. bis 21. August 2016.
10.500 Athleten aus 205 verschiedenen Ländern werden wahrend 17 Tagen in 306
Wettkampfen um eine Olympische Medaille kampfen.

* RIO 2016
    * Emile Weber Reisen
### Emile Weber Reisen

Bei uns sind Sie an der richtigen Adresse, wenn Sie Europa von seiner
schonsten Seite erleben und unvergessliche Eindrucke mit nach Hause nehmen...
---
Bienvenue chez Emile Weber

* Français
    * Deutsch

* Travel & more
    * Voyages Emile Weber
### Voyages Emile Weber

Nous vous ferons decouvrir les plus beaux endroits d'Europe. Impressions
inoubliables et souvenirs precieux garantis.

* Toutes les categories
      * Parc d´attractions
      * Culture & decouvertes
      * Art, culture & evenements
      * Cure & bien etre
      * Salons
      * Comedie musicale
      * City trips
      * Voyages d'un jour
      * Paysage hivernal & soleil d...
---
Bienvenue chez Emile Weber

* Français
    * Deutsch

* Travel & more
    * Voyages Emile Weber
### Voyages Emile Weber

Nous vous ferons decouvrir les plus beaux endroits d'Europe. Impressions
inoubliables et souvenirs precieux garantis.

* Toutes les categories
      * Parc d´attractions
      * Football Total
      * Voyages Jubile
      * Culture & decouvertes
      * Art, culture & evenements
      * Cure & bien etre
      * Salons
      * Comedie musicale
      * Comedie musicale-Express
 ..."
29,367,29_mozzarella_tomate_tomate mozzarella_jambon,"mozzarella, tomate, tomate mozzarella, jambon, sauce, salade, tomates, champignons, crme, parmesan","*   * 75 02 53 
  * info@restaurant-auberge-du-lac.lu

* Accueil
  * Presentation
    * Photos restaurant
    * Photos plats
  * Carte
  * Nos Menus
    * Menu de la Semaine
    * Menu de Dimanche
  * Actualites
  * Contact

Réservez votre table

## Découvrez notre carte

1. Accueil
  2. Carte

* Menu de la Semaine
  * Selection du Chef
  * Entrees & Salades
  * Poissons
  * Viandes
  * Vegetarien
  * Gratines & Pates
  * Menu Enfant
  * Pizzas
  * Desserts
  * Les allergenes, intolerances alime...
---
* Accueil
  * La carte
  * Notre restaurant
  * Contact

Réservations et Livraisons  
+352 26 34 06 47

* Pizzas
  * Boissons
  * Entrees
  * salades
  * Pates
  * Poissons
  * Viandes
  * Risottos
  * Desserts
  * Vins

Pizza Piadina  
Huile d'olive, origan  
Allergène(s) : 1 Blé, 1 Seigle, 1 Orge, 1 Avoine, 1 Epautre, 1 Kamut

Pizza Marinara  
Tomate, ail, origan  
Allergène(s) : 1 Blé, 1 Seigle, 1 Orge, 1 Avoine, 1 Epautre, 1 Kamut, 5

Pizza Margherita  
Tomate, mozzarella  
Allergène(s) : 1 ...
---
Email Password Vous voulez créer un compte ?  
Cliquez ici !

### Bech-Kleinmacher

### Boevange-sur-attert

### Esch-sur-alzette

### Heiderscheidergrund

### Hostert/Niederanven

### Luxembourg Bonnevoie

### Luxembourg Gasperich

### Luxembourg Kirchberg

### Luxembourg-Cents

### Luxembourg-Strassen

### Mertert-Wasserbillig

### Mondorf-les-bains

### Reckange sur Mess

### Redange-sur-attert

### Rombach-martelange

### Roussy-le-village

### Wormeldange-haut

### arts de la table

### Cui..."
30,361,30_accessoires_431_pcs_poids,"accessoires, 431, pcs, poids, marque, 380, rfrence, prix, zubehr, machine","# SBM Luxembourg : Imprimante laser, jet d'encre, multifonctions, Portable,
Tablette tactile, Disque dur, Ipad

* Audio Photo  
Video

* Accessoires vidéos
Accessoires et chargeursEtuis et Coques protection

Amplificateurs audioCablesCasques EcouteursHaut-parleursMicrophonesPre-
Amplifiers

Audio Vidéo Portatifs

Audio Vidéo PortableAudio Visuel Accessoires

Blu RayDVDHome Theatre SystèmesPortable DVD

Collaboration solutions

Meeting Room products

Connectivité Télécommandes

Amplificateur de S...
---
Accessoires: SPEER  
  
  
  
  
  
Type Marque Poids Rfrence Prix  
OGIVES SPEER 0 Kg 244  
  
Accessoires:

Systeme permetant de transporter votre gibiers en foret ainsi qu'a l'arriere
de votre voiture  
  
Type Marque Poids Rfrence Prix  
PORTE GIBIERS 0 Kg 429  
  
Accessoires: 4STABLESTICK SWING

CANNE DE PIRSCH  
  
Type Marque Poids Rfrence Prix  
CANNE DE PIRSCH 4STABLESTICK 0 Kg 99  
  
Accessoires: SCHMEISSER AUTO-CLEANER

Nettoyant pour armes semi-auto  
  
Type Marque Poids Rfrence P...
---
Accessoires: LOS (05/06/14)

Ogives LOS cuivrees par electrolyse - FP = Tete plate  
  
Type Marque Poids Rfrence Prix  
OGIVES LOS (05/06/14) 0 Kg LOS38/357FP 41  
  
Accessoires: Fiocchi

Munitions cal.357 Mag - amorçage boxer - douille laiton - plombs - semi-
wadcutter - 158grs

Type Marque Poids Rfrence Prix  
Fiocchi 0 Kg Pro357M SWC 299  
  
Accessoires: GLOCK (07/10/10)  
  
  
  
  
  
Type Marque Poids Rfrence Prix  
CASQUETTE noire GLOCK (07/10/10) 0 Kg GLO3038 15  
  
Accessoires: GLO..."
31,347,31_law_droit_avocats_cour,"law, droit, avocats, cour, firm, litigation, legal, avocat, civil, profile","* HOME
  * EXPERTISE
  * OUR TEAM
  * PUBLICATIONS
  * CONTACT
  *     *  Français
    *  Deutsch

HOME1luxadminlex2021-04-26T14:07:00+00:00

## About LUXLEX Law Firm

LuxLex Avocats à la Cour is an independent law firm with a multidisciplinary
team capable of assisting you with and handling various legal, regulatory and
tax issues related to your business. We also represent our local and
international clients before the Luxembourg and international courts and
tribunals and arbitral institutions...
---
* Accueil
  * À propos de nous
  * Comment ça marche
  * Nos avocats
  * Blog
  * Guides

* Conditions générales
  * Politique de confidentialité
  * Notice d'information cookies
  * Nous contacter
  * Se connecter

Soumettre votre dossier à tous les avocats

57 Avocats trouvés :

Maître Naima El handouz

Prestation de serment: 21/09/2017

5 boulevard Royal  
L-2425 Luxembourg

Taux horaires indicatifs

Français Anglais Arabe

Domaines préférenciels

Droit de la famille Droit des biens et de l'i...
---
* Accueil
  * À propos de nous
  * Comment ça marche
  * Nos avocats
  * Blog
  * Guides

* Conditions générales
  * Politique de confidentialité
  * Notice d'information cookies
  * Nous contacter
  * Se connecter

Soumettre votre dossier à tous les avocats

51 Avocats trouvés :

Maître caroline margerit

Prestation de serment: 21/09/2017

10 rue du Bois  
L8121 Bridel

Taux horaires indicatifs

Anglais Français Allemand

Domaines préférenciels

Droit des sociétés Droit fiscal et droit douanier..."
32,339,32_coaching_sophrologie_coach_stress,"coaching, sophrologie, coach, stress, vie, yoga, life, jai, relaxation, conscience","* Accueil
  * Coaching
    * Coaching
    * Coaching en entreprise
    * Coaching de vie
    * Coaching familial
    * Questions sur le coaching
  * Et plus
    * Et plus
    * Supervision
    * Formation
    * Conseil RH
    * Sites partenaires à Coaching et plus
  * Vos coaches
    * Vos coaches
    * Références
    * Code de la FFC Pro
  * La démarche
    * La démarche
    * Où et comment se passe le coaching ?
    * Coaching par téléphone
    * Les tarifs
  * Contact

Sélectionner une page

...
---
* Accueil
  * Coaching
    * Coaching
    * Coaching en entreprise
    * Coaching de vie
    * Coaching familial
    * Questions sur le coaching
  * Et plus
    * Et plus
    * Supervision
    * Formation
    * Conseil RH
    * Sites partenaires à Coaching et plus
  * Vos coaches
    * Vos coaches
    * Références
    * Code de la FFC Pro
  * La démarche
    * La démarche
    * Où et comment se passe le coaching ?
    * Coaching par téléphone
    * Les tarifs
  * Contact

Sélectionner une page

...
---
* Accueil
  * Coaching
    * Coaching
    * Coaching en entreprise
    * Coaching de vie
    * Coaching familial
    * Questions sur le coaching
  * Et plus
    * Et plus
    * Supervision
    * Formation
    * Conseil RH
    * Sites partenaires à Coaching et plus
  * Vos coaches
    * Vos coaches
    * Références
    * Code de la FFC Pro
  * La démarche
    * La démarche
    * Où et comment se passe le coaching ?
    * Coaching par téléphone
    * Les tarifs
  * Contact

Sélectionner une page

..."
33,335,33_powered selfmadewebsite_markeasylu_selfmadewebsite_carte,"powered selfmadewebsite, markeasylu, selfmadewebsite, carte, dor, restaurant, livre, powered, rservation, accueil prsentation","Accueil Présentation Notre restaurant Nos spécialités Notre carte Plats du
jour Notre vidéo Réservation Contact

Powered by Selfmadewebsite (C)2019 Markeasy.lu
---
Home |  Présentation |  Le restaurant |  Notre carte |  Réservation |  Livre d'or |  Newsletter |  Contact

* Home
  * Présentation
  * Le restaurant
  * Notre carte
  * Réservation
  * Livre d'or
  * Newsletter
  * Contact
  *

Powered by Selfmadewebsite (C)2020 Markeasy.lu
---
Home |  Le restaurant |  La carte |  Réservation |  Livre d'or |  Contact

* Home
  * Le restaurant
  * La carte
  * Réservation
  * Livre d'or
  * Contact
  *

Powered by Selfmadewebsite (C)2019 Markeasy.lu"
34,334,34_musek_concert_harmonie_eis,"musek, concert, harmonie, eis, municipale, joer, datei, vum, audio, och","* A propos
  * Musek
    * Grouss Musek
    * Jongbléiser
    * President
    * Directioun
    * Comité
  * Geschicht
    * Ausflich
    * Präsidenten an Dirigenten
    * opgefouert Théaterstecker
    * Geschicht
  * Media
  * Links
  * Informatiounen
  * Galerie
  * Contact

# Waat get et neits?

2.000 Euro fir den Televie

Well d'Garnecher Musek scho laang den Televie ennerstetzt duerch d'Quete um
jarleche Gala Concert, war et selbstverstandlech fir op de Concerten, dei am
Kader vun den 100 Jo...
---
Harmonie Municipale de Schifflange

Mobile-Menü ein-/ausblenden

Suchfeld ein-/ausblenden

* Fréijoersconcert 2023 - Un Sogno Italiano
  * Eis Musek
    * Comite
    * Orchester
    * Jugendgrupp
    * Hämmelsmarch
    * Intern
    * Rapport
  * Contact
  * Statuten

E Wuert zum Hämmelsmarsch:

„Den Hämmelsmarsch ass eng al Traditioun“, heescht et ëmmer erëm. Den
traditionellen Hämmelsmarsch steet a Relatioun mat der vum Jang dem Blannen am
Joer 1340 gegrënnte Schuebermëss. De Brauch staamt vun ...
---
* Haaptsäit
  * Rezentes
  * Agenda
  * Historique
  * Hello world!

###  Onsen Historique

* * *
Home  /  Onsen Historique

## Ons Représentanten

### Den Ufank: 1902-1940

Den 12\. November 1902 hunn zwee Studenten aus dem Dikkrecher Kolléisch, de
Michel Steichen an de Jean-Pierre Bormann, zesumme mat 12 anere Leit zu
Nidderfelen eng Musek ënnert dem Numm « Harmonie Feulen » gegrënnt. Déi éischt
Optrëtter zu där Zäit waren de Kiermesconcert an den Theater-Concert fit
Chrëschtdag. Vill Dirigent..."
35,309,35_lart_mardis_art_galerie,"lart, mardis, art, galerie, mudam, artistes, dart, exposition, gallery, contemporain","* Expositions
  * Artistes en rsidence
  * Art LX
  * Publications
  * Mdiathque
  * Casino Channel

* Agenda
  * Scolaire
  * Adhsion
  * Mdiation
  * Art & Business
  * Le Casino
  * Cap 2016

* Aujourd'hui
  * Demain
  * Cette Semaine
  * La Semaine Prochaine
  * Ce Mois
  * Le Mois Prochain
  * 2016
  * 2015
  * 2014
  * 2013
  * 2012
  * 2011
  * 2010
  * 2009
  * 2008
  * 2007
  * 2006
  * 2005
  * 2004
  * 2003
  * 2002
  * 2001
  * 2000
  * 1999
  * 1998
  * 1997
  * 1996

Toutes les Cat...
---
* Expositions
  * Project Room
  * Art LX
  * Publications
  * Mdiathque
  * Casino Channel

* Agenda
  * Scolaire
  * Adhsion
  * Mdiation
  * Art & Business
  * Le Casino

* Aujourd'hui
  * Demain
  * Cette Semaine
  * La Semaine Prochaine
  * Ce Mois
  * Le Mois Prochain
  * 2015
  * 2014
  * 2013
  * 2012
  * 2011
  * 2010
  * 2009
  * 2008
  * 2007
  * 2006
  * 2005
  * 2004
  * 2003
  * 2002
  * 2001
  * 2000
  * 1999
  * 1998
  * 1997
  * 1996

Toutes les Catgories

* Expositions
  * Conf...
---
* Expositions
  * Artistes en rsidence
  * Art LX
  * Publications
  * Mdiathque
  * Casino Channel

* Le Casino
  * Agenda
  * Visites Guides
  * En famille
  * Scolaire
  * Adhsion
  * Art & Business
  * Ca(f)sino
  * Cap 2016

* Aujourd'hui
  * Demain
  * Cette Semaine
  * La Semaine Prochaine
  * Ce Mois
  * Le Mois Prochain
  * 2017
  * 2016
  * 2015
  * 2014
  * 2013
  * 2012
  * 2011
  * 2010
  * 2009
  * 2008
  * 2007
  * 2006
  * 2005
  * 2004
  * 2003
  * 2002
  * 2001
  * 2000
  * 199..."
36,308,36_transport_transports_express_logistics,"transport, transports, express, logistics, logistique, marchandises, sarl, colis, international, solutions","* Français
  * Deutsch

* Home
  * News
  * Über uns
  * Mitglieder
  * Weiterbildung

* Dokumente
  * Links
  * Kontakt

* ## Verzeichnis
  * Zollabwicklung (9) 
  * Alimentaire (26) 
  * Bennes (25) 
  * Bétons prêt à l’emploi (4) 
  * Bobines (33) 
  * Bois (19) 
  * Getränke (22) 
  * Citerne (12) 
  * Combiné (11) 
  * Commissionnaire (28) 
  * Conteneurs (30) 
  * Déchets (18) 
  * Umzug (10) 
  * Entreposage (44) 
  * Exceptionnel (18) 
  * Express (5) 
  * Fluvial (16) 
  * Fret aérien (...
---
* Français
  * Deutsch

* Home
  * News
  * Über uns
  * Mitglieder
  * Weiterbildung

* Dokumente
  * Links
  * Kontakt

* ## Verzeichnis
  * Zollabwicklung (9) 
  * Alimentaire (26) 
  * Bennes (26) 
  * Bétons prêt à l’emploi (4) 
  * Bobines (33) 
  * Bois (20) 
  * Getränke (23) 
  * Citerne (12) 
  * Combiné (11) 
  * Commissionnaire (29) 
  * Conteneurs (30) 
  * Déchets (18) 
  * Umzug (10) 
  * Entreposage (44) 
  * Exceptionnel (18) 
  * Express (6) 
  * Fluvial (16) 
  * Fret aérien (...
---
* Français
  * Deutsch

* Home
  * News
  * Über uns
  * Mitglieder
  * Weiterbildung

* Dokumente
  * Links
  * Kontakt

* ## Verzeichnis
  * Zollabwicklung (10) 
  * Alimentaire (27) 
  * Bennes (27) 
  * Bétons prêt à l’emploi (4) 
  * Bobines (31) 
  * Bois (20) 
  * Getränke (26) 
  * Citerne (11) 
  * Combiné (11) 
  * Commissionnaire (28) 
  * Conteneurs (30) 
  * Déchets (20) 
  * Umzug (10) 
  * Entreposage (44) 
  * Exceptionnel (19) 
  * Express (5) 
  * Fluvial (15) 
  * Fret aérien ..."
37,304,37_lentilles_lunettes_optique_verres,"lentilles, lunettes, optique, verres, vue, vision, yeux, chirurgie, laser, soleil","(+352) 32 87 63 info@optique-schaefers.lu

* Verres
  * Lunettes de vue
  * Lunettes de soleil
  * Lentilles de contact
  * Contact
  *

# Optique Schaefers  
Votre specialiste a Mersch

Un examen de vue precis, des verres de qualite et un choix varie de montures.
Plus de raison pour ne pas voir clair !

## Presentation de l'Optique

Toujours a l'affut des dernieres tendances et technologies, Optique Schaefers
vous propose une offre globale qui repond a tous vos criteres. Par souci de
proximite,...
---
(+352) 32 87 63 info@optique-schaefers.lu

* Verres
  * Lunettes de vue
  * Lunettes de soleil
  * Lentilles de contact
  * Contact
  *

# Optique Schaefers  
Votre specialiste a Mersch

Un examen de vue precis, des verres de qualite et un choix varie de montures.
Plus de raison pour ne pas voir clair !

## Presentation de l'Optique

Toujours a l'affut des dernieres tendances et technologies, Optique Schaefers
vous propose une offre globale qui repond a tous vos criteres. Par souci de
proximite,...
---
* Verres
  * Lunettes de vue
  * Lunettes de soleil
  * Lentilles de contact
  * Contact

# Optique Schaefers  
Votre spécialiste à Mersch

Un examen de vue précis, des verres de qualité et un choix varié de montures.
Plus de raison pour ne pas voir clair !

## Présentation de l'Optique

Toujours à l’affût des dernières tendances et technologies, Optique Schaefers
vous propose une offre globale qui répond à tous vos critères. Par souci de
proximité, nous sommes situés au Topaze Shopping Center, ..."
38,301,38_fitness_training_trainer_vitamine,"fitness, training, trainer, vitamine, coach, cours, personal, body, sport, collectifs","* Le club
  * L'équipe
  * Les activités
  * Les formules
  * Les actualités
  * La boutique
  * Testez-nous !
  * Contact
  * Get me fit

Vous le constatez chaque jour ce besoin de bouger, de se déstresser, d'être
bien dans sa peau. Se réconcilier avec son corps devient une priorité.
Implanté au Luxembourg depuis plus de 18 ans, Fitness Zone accompagne toutes
les personnes soucieuses de leur forme.

Débutant ou confirmé, vous apprécierez les activités variées, les équipements
et les nombreux am...
---
* Le club
  * L'équipe
  * Les activités
  * Les formules
  * Les actualités
  * La boutique
  * Testez-nous !
  * Contact
  * Get me fit

Vous le constatez chaque jour ce besoin de bouger, de se déstresser, d'être
bien dans sa peau. Se réconcilier avec son corps devient une priorité.
Implanté au Luxembourg depuis plus de 18 ans, Fitness Zone accompagne toutes
les personnes soucieuses de leur forme.

Débutant ou confirmé, vous apprécierez les activités variées, les équipements
et les nombreux am...
---
* Le club
  * L'équipe
  * Les activités
  * Les formules
  * Les actualités
  * La boutique
  * Testez-nous !
  * Contact
  * Get me fit

Vous le constatez chaque jour ce besoin de bouger, de se déstresser, d'être
bien dans sa peau. Se réconcilier avec son corps devient une priorité.
Implanté au Luxembourg depuis plus de 18 ans, Fitness Zone accompagne toutes
les personnes soucieuses de leur forme.

Débutant ou confirmé, vous apprécierez les activités variées, les équipements
et les nombreux am..."
39,300,39_contact_copyright_rfrences_rights,"contact, copyright, rfrences, rights, search, accueil, impressum, kontakt impressum, kontakt, iphone","* home
  * contact
  * news
  * liens
  * offre d'emplois

home  
la société  
nos services  
nos références  
contact  
search  
search

Search Keyword:  
Any words All words Exact phrase  
Ordering:  Newest first Oldest first Most popular Alphabetical
Section/Category  
Search term must be a minimum of 3 characters and a maximum of 20 characters

home  
la société  
nos services  
nos références  
contact  
search  
Links

We are regularly out on the web. When we find a great site we list it h...
---
* home
  * contact
  * news
  * liens
  * offre d'emplois

home  
la société  
nos services  
nos références  
contact  
search  
search

Search Keyword:  
Any words All words Exact phrase  
Ordering:  Newest first Oldest first Most popular Alphabetical
Section/Category  
Search term must be a minimum of 3 characters and a maximum of 20 characters

home  
la société  
nos services  
nos références  
contact  
search  
Links

We are regularly out on the web. When we find a great site we list it h...
---
* home
  * contact
  * news
  * liens
  * offre d'emplois

home  
la société  
nos services  
nos références  
contact  
search  
search

Search Keyword:  
Any words All words Exact phrase  
Ordering:  Newest first Oldest first Most popular Alphabetical
Section/Category  
Search term must be a minimum of 3 characters and a maximum of 20 characters

home  
la société  
nos services  
nos références  
contact  
search  
Links

We are regularly out on the web. When we find a great site we list it h..."
40,296,40_kirche_lglise_mass_community,"kirche, lglise, mass, community, leglise, communaut, 2021, kategorie, messe, ltzebuerg","Prochains événements

#  Comité pour une Paix Juste au Proche-Orient

* ACCUEIL
  * QUI SOMMES-NOUS
    * Notre vision
    * Notre mission
    * Nos valeurs
    * Notre charte
    * Nos statuts
    * Politique de confidentialité﻿
    * Nos partenaires
    * Rapports d’activité
    * Nos membres du CA
  * NOTRE TRAVAIL
    * Projets de Coopération
      * Soutien à la microfinance
      * Soutien aux enfants du camp de Jénine
    * Conférences
    * Stands
    * Actions de rue
    * Expositions
 ...
---
/ Nouvelles / News  
  
/ Feuillets / Leaflets  
  
/ Photos  
  
/ Histoire / History

* de jullet   
  
/ Sermons  
  
/ Contacts

* * *
/ Dons / Donations

* (support):  
LU34 0030 0369 6138 0000  
BGLLLULL

* (reparations):  
LU46 0030 0369 6143 1000  
BGLLLULL

* * *
/ Liens / Links

* \- 
  
  
21 2021  
  
!  
2 17- 2021.  
  
Mes Chers  
L'Eglise sera fermee du 2 au 17 aout inclus.  
  
Dears  
The Church is closed from the 2nd to the 17th of August 2021.  
  
\+  
  
  
12 2021  
, .  
...
---
Andeem dir dësen Internetsite benotzt, sidd Dir mat Cookien d'accord, déi äert
Surfe verbesseren an eng Statistik iwwert d'Kucke vun de Säiten erstellen. Méi
Informatioun. ok  
  * Äerzdiözees . Archidiocèse
  * Paren . Paroisses
    * Méng Par?  
Ma paroisse ?

* Par Äischdall  
Saint-François-et-Sainte-Claire

* Par Äischdall-Helpert  
Saint-Willibrord

* Par Atertdall  
Sainte-Claire

* Par Bartreng-Stroossen  
Saint-Jean XXIII

* Par Beetebuerg-Fréiseng  
Saint-André

* Par Clierf  
Saint-Be..."
41,284,41_permis_conduire_permis conduire_examen,"permis, conduire, permis conduire, examen, catgorie, a2, pratique, conduite, a1, lexamen","* Accueil
  * Permis
  * Les cours
  * Législation/documents
  * Tarifs
  * Contact
  * More

#### Les inscriptions se font de 18H00 a 20H00.

#### Pieces a fournir  
pour l'obtention du permis:

* Certificat medical (datant de moins de 3 mois)
  * Copie Carte d'identite (Passeport)
  * Photo 35X45
  * Extrait du casier judiciaire N° 4 du Luxembourg (datant de moins de 3 mois )
  * Extrait du casier judiciaire du pays d'origine, si la residence au Luxembourg de l'interesse remonte a moins de 5 a...
---
Permis AM Permis A1 Permis A2 Permis A Permis B/ B automatique Permis B CA
B100 (125 cm³) Permis BE Permis C1 Permis C1E Permis C Permis CE Permis F

Site réalisé par Tozé OLIVEIRA   |  Last update .26.04.2024
Copyright © Auto-Moto-Ecole Pier Gaul

AUTO-MOTO-ECOLE PIER GAUL SA

Mersch:   LU14 0024 1147 7810 0000

Redange: LU88 0024 1147 7814 2900

CONDUIRE AVEC PLAISIR

Permis de conduire de la catégorie B

Âge minimum requis pour pouvoir introduire la demande :

17 ans et demi accomplis

Pièces...
---
Permis AM Permis A1 Permis A2 Permis A Permis B Permis B CA Permis B
automatique Permis BE Permis C1 Permis C1E Permis C Permis CE Permis F

B100 (125 cm3)  
FORMATIONS

Site réalisé par Tozé OLIVEIRA et Pier GAUL.  |  Last update 17.07.2019
Copyright © Auto-Moto-Ecole Pier Gaul

AUTO-MOTO-ECOLE PIER GAUL SA

CONDUIRE AVEC PLAISIR

Permis de conduire de la catégorie A2

Âge minimum requis pour pouvoir introduire la demande:

17 ans et demi accomplis

Pièces à fournir pour la demande en obtention..."
42,278,42_menuiserie_portes_dressing_bois,"menuiserie, portes, dressing, bois, meubles, fentres, mesure, treppen, mbel, tren","* Découvrez le bureau d'étude de la menuiserie
  * Contactez-nous

* Présentation
    * L'entreprise
    * Showroom
    * Services
  * Menuiserie intérieure
Portes

* Portes en bois / vitrées
    * Accessoires - Fingerschutz
    * Portes en verre
    * Portes coupe-feu / anti-cambriolage / automatiques
Aménagements particuliers

* Garde-robes et dressings
    * Mobiliers divers
    * Salles de bain
    * Cave à vin
    * Tables et tables basses
    * Cuisines
    * Escaliers
    * Parquet et lam...
---
* Découvrez le bureau d'étude de la menuiserie
  * Contactez-nous

* Présentation
    * L'entreprise
    * Showroom
    * Services
  * Menuiserie intérieure
Portes

* Portes en bois / vitrées
    * Accessoires - Fingerschutz
    * Portes en verre
    * Portes coupe-feu / anti-cambriolage / automatiques
Aménagements particuliers

* Garde-robes et dressings
    * Mobiliers divers
    * Salles de bain
    * Cave à vin
    * Tables et tables basses
    * Cuisines
    * Escaliers
    * Parquet et lam...
---
* Accueil Menuiserie diffusion luxembourg
  * Menuiserie intérieure
  * Menuiserie extérieure
  * Rénovation intérieure
  * Mobilier Crèches
  * Contact

#  Construire. Restaurer. Aménager. Profiter.

###  Prendre rendez vous pour un devis

### Service de qualité

#  MdLux notre menuiserie familiale à Esch sur Alzette au Luxembourg vous
propose :

La réalisation sur mesure de toutes vos menuiseries intérieure et extérieure
grâce à son propre atelier de production et ses menuisiers ébénistes.  
P..."
43,269,43_0800_douverture_lundi_1700,"0800, douverture, lundi, 1700, heures douverture, 1830, heures, vendredi, fax, 1200","* Accueil
  * Webshop
  * Contact

* login
  * /
  * sign in

* Accueil
  * S'enregistrer

* La table et ses alentours
  * Le paradis des éléphants
  * iXXXi jewelry
  * La beauté des bijoux
  * La belle maison décorée
  * Décoration de Noël
  * Idées cadeau
  * Luxembourgalia
  * Le coin soldes

* Accueil
  * Contact

Monsieur  Madame  Mademoiselle

AustriaBelgiumFranceGermanyLuxembourgNetherlandsSwitzerland\-------------------AfghanistanAlbaniaAlgeriaAmerican
SamoaAndorraAngolaAnguillaAntarcti...
---
* Accueil
  * Webshop
  * Contact

* login
  * /
  * sign in

* La table et ses alentours
  * Le royaume des enfants
  * Le paradis des éléphants
  * La belle maison décorée
  * Décoration de Noël
  * Idées cadeau
  * Luxembourgalia

* Accueil
  * Contact

* * *
* * *
## À La Une

### Ellie loves Mosha - 10cm - Elephant Parade

### Luxairphant LGL001 - 10cm - Elephant Parade

### Ellie loves Mosha - 15cm - Elephant Parade

## Meilleures ventes

### Mug Supermiro il fait beau plusieurs fois

### ...
---
Contact Team Exposition Marques Occasions Location Promotions  
## Formulaire de contact

Si vous avez des questions veuillez utiliser le formulaire ci-dessous pour
nous contacter.

Nom:  
Prenom:  
E-Mail:  
Mon message:  
Code:  
## Adresse

Bësch an Gaarden Zenter Mersch  
15 allée John W. Leonard  
L-7526 Mersch  
Tel: 32 93 21  
Fax: 32 87 44  
info@bgz.lu

## Heures d'ouverture

PERIODE ÉTÉ DU 15 MARS AU 15 OCTOBRE  
  
Lundi au Vendredi  
08h00 -12h00 / 13h00 -18h00  
  
Samedi  
09h00 -1..."
44,246,44_offres demploi_demploi_offres_job,"offres demploi, demploi, offres, job, recruitment, jobs, mf, candidates, rh, recrutement","English | Change language
Close  
French  
German  
English  
Badenoch & Clark Luxembourg jobs | banking & financial services jobs, accountancy & finance jobs in Luxembourg  
16/05/2013  Luxembourg Job Doctor #56

08/05/2013  Luxembourg Job Doctor #55

02/05/2013  Luxembourg Job Doctor #54  
  * Home
  * For Candidates
    * Job Search
    * Send us your CV
    * Sign up for Job Alerts
    * Getting the right job
  * For Employers
    * Send us a Vacancy
    * Request a call
  * The Team
  * Con...
---
Favoris, 0 Offres sauvegardées 0  Favoris

#### Main navigation

* Accueil
  * Candidats
    * Vous cherchez un emploi ?
      * Parcourir nos offres
      * Envoyez votre CV
      * Trouvez un emploi avec Mypage
      * Rejoignez PageGroup
      * Join our Shared Services Centre
    * Comment nous pouvons vous aider à gérer votre carrière
      * Conseils de carrière
  * Employeurs
    * Services de recrutement
      * Les étapes du recrutement
      * Les fondamentaux du management d’équipe
  ...
---
* ABOUT US
    * Our Story
    * Our Vision
    * Our Advantages
    * Our Values
  * SERVICES
    * Recruitment & Selection
    * Executive Search
    * Interim Staffing
    * In-House & Advisory
  * JOB OPPORTUNITIES
    * Latest Vacancies
    * Why use Greenfield?
  * TEAM
  * WORK FOR US
  * GDPR
  * PUBLICATIONS
  * CONTACT US

# Supporting all of your recruitment initiatives

Greenfield's extensive local network of interconnected relationships ensures
that we always deliver the right solut..."
45,243,45_club_volvo_club luxembourg_cars,"club, volvo, club luxembourg, cars, tour, asbl, vintage, moto, fotos, american","# LËTZEBUERGER OLDTIMER FEDERATIOUN

## Website Navigation[Überspringen]

* Accueil
  * La Fédération
    * Conseil
    * Commissions
    * Statuts
  * Clubs
  * Véhicules Historiques
  * FIVA
  * Liens
  * Nos Sponsors

1. ALFA ROMEO CLUB LUXEMBOURG a.s.b.l.

MEISCH Robert 8, Aarelerwee L-8376 KAHLER TEL: 661 25 32 00

www.alfaromeoclub.lu / comite@alfaromeoclub.lu

______________________________________________________________

JANDER Marc 28, route de Luxembourg L-6196 EISENBORN

www.alles-al...
---
Navigation ffnen Navigation schlieen

* Home
  * Search
    *   * Member Cars
  * The Club
  * Photos
  * Videos
    * Mustang 2015
      * Garage WENGLER Ettelbreck
      * The Year of the Horse
      * Arrival of an Icon
      * HOONIGAN Ken Block's First Thrash Test of the Ho
      * Hot Cake a la Mustang
      * Mustang - Father's Day
      * The Ghost of Shelby
      * Legendary Ford Mustang GT350
      * Shelby GT350R Mustang 2016
      * Russian Mustang Club ROADSHOW 2015
      * Driftbat...
---
Navigation ffnen Navigation schlieen

* Home
  * Search
    *   * Member Cars
  * The Club
  * Photos
  * Videos
    * Mustang 2015
      * Garage WENGLER Ettelbreck
      * The Year of the Horse
      * Arrival of an Icon
      * HOONIGAN Ken Block's First Thrash Test of the Ho
      * Hot Cake a la Mustang
      * Mustang - Father's Day
      * The Ghost of Shelby
      * Legendary Ford Mustang GT350
      * Shelby GT350R Mustang 2016
      * Russian Mustang Club ROADSHOW 2015
      * Driftbat..."
46,238,46_donnes_donnes personnelles_personnelles_traitement,"donnes, donnes personnelles, personnelles, traitement, collectes, caractre, donnes caractre, caractre personnel, demander, personnelles collectes","* Accueil
  * A propos
  * Nos services
  * Nos projets
  * Contact

##  Politique de protection des données

1. Accueil
  2. Politique de protection des donnees

Avant-propos  
 BOOMERANG CONSTRUCTIONS & TRANSPORTS Sàrl (ci-après dénommé « [ BOOMERANG ]
») attache une grande importance au respect de votre vie privée et a
conscience de l'importance que vous y accordez.  
 BOOMERANG  met dès lors tout en œuvre afin que vous puissiez utiliser les
services offerts par ce site internet en toute conf...
---
* Accueil
  * A propos
  * Nos services
    * Amenagement interieur
    * Plafonnage
    * Revetement de sol & carrelage
    * Peinture & revetement mural
  * Nos realisations
  * Contact

##  Politique de protection des données

1. Accueil
  2. Politique de protection des donnees

Avant-propos  
Arrivista Sàrl attache une grande importance au respect de votre vie privée et
a conscience de l'importance que vous y accordez.  
Arrivista met dès lors tout en œuvre afin que vous puissiez utiliser le...
---
* Accueil
  * A propos
  * Nos prestations
  * Actualites 
  * Contact

##  Politique de protection des données personnelles

1. Accueil
  2. Politique de protection des donnees personnelles

Avant-propos  
Idealhomelux attache une grande importance au respect de votre vie privée et a
conscience de l'importance que vous y accordez.  
Idealhomelux met dès lors tout en œuvre afin que vous puissiez utiliser les
services offerts par ce site internet en toute confiance, notamment en
traitant vos donn..."
47,237,47_asbl_psychologie_untersttzung_ligue,"asbl, psychologie, untersttzung, ligue, 2017, therapie, association, luxembourgeoise, prvention, association luxembourgeoise","* Français
  * Deutsch

* Startseite
  * Über uns
  * Impressum
  * News
  * Mediathek
  * Videos
  * Kontakt
  *   *

* Für Betroffene
    * Wenn du an Suizid denkst
    * Fragen / Antworten
    * Selbsteinschätzung
    * Was mir Helfen kann
    * Suizid verstehen
    * Literatur
  * Für Angehörige
    * Zur Einführung
    * Mythen und Fakten
    * Fragen / Antworten
    * Suizid verstehen
    * Wie soll ich reagieren ?
    * Trauer nach einem Suizid
    * Literatur
  * Für Fachleute
    * Zur ...
---
SOS Détresse sur Facebook

* lu
  * fr
  * de
  * en
  * pt
  * es

* Sie brauchen Hilfe?
  * Sie möchten uns unterstützen?

* Über uns
    * Unsere Organisation
      * Ziele und Zielgruppen
      * Unsere Geschichte
      * Grundsätze und Philosophie
      * Interessiert?
    * Unser Team
      * Unsere Teamkultur
      * Wer antwortet eigentlich?
      * Wer kann bei uns mitmachen?
    * Unsere Ausbildungen
      * Die Grundausbildung
      * Die Weiterbildungen
  * Unsere Partner
    * Im lu...
---
Organisme de formation agréé par arrêté ministériel du 10.08.2016

*     *     *     *     *

* Einen Psychologen / Psychotherapeuten finden
  * Archiv
  * Anmelden

* Startseite
  * Über die SLP
  * Arbeitsgruppen & Experten
  * Dossiers
  * ETHIK
  * Kontakt

## D'POST recrutéiert een Psychologue du travail

Marc Stein \- 19/07/2021

Acteur majeur des télécoms et opérateur national du service postal et
financier postal, le groupe POST Luxembourg est un pilier incontournable de
l'économie luxem..."
48,226,48_judo_club_arts_fu,"judo, club, arts, fu, kids, entranements, fitness, cours, class, classes","# Judo Club Ettelbruck

## Club de Judo et Jujitsu affilié à la FLAM

Menu Aller au contenu

* Le Club
    * Comité
    * Historique du club
    * Le Dojo
    * Horaires des entraînements
  * Judo
    * Jigoro Kano – le fondateur du Judo
    * Horaires des entraînements
    * Le Dojo
    * Les moniteurs
    * Judo - saison 2021-2022
    * Judo – saison 2018/2019
    * Judo – saison 2017/2018
    * Judo – saison 2016/2017
    * Judo – saison 2015/2016
  * Ju-Jitsu
    * Horaires des entraînements...
---
# Judo Club Ettelbruck

## Club de Judo et Jujitsu affilié à la FLAM

Menu Aller au contenu

* Le Club
    * Comité
    * Historique du club
    * Le Dojo
    * Horaires des entraînements
  * Judo
    * Jigoro Kano – le fondateur du Judo
    * Horaires des entraînements
    * Le Dojo
    * Les moniteurs
    * Judo – saison 2018/2019
    * Judo – saison 2017/2018
    * Judo – saison 2016/2017
    * Judo – saison 2015/2016
  * Ju-Jitsu
    * Horaires des entraînements
    * Le Dojo
    * Les monit...
---
# Judo Club Ettelbruck

## Club de Judo et Jujitsu affilié à la FLAM

Menu Aller au contenu

* Le Club
    * Comité
    * Historique du club
    * Le Dojo
    * Horaires des entraînements
  * Judo
    * Jigoro Kano – le fondateur du Judo
    * Horaires des entraînements
    * Le Dojo
    * Les moniteurs
    * Judo – saison 2018/2019
    * Judo – saison 2017/2018
    * Judo – saison 2016/2017
    * Judo – saison 2015/2016
  * Ju-Jitsu
    * Horaires des entraînements
    * Le Dojo
    * Les monit..."
49,216,49_scouten_scout_fnel_scouts,"scouten, scout, fnel, scouts, camp, grupp, joer, eis, explorer, chef","Les Castors Schuttrange, d' Scouten vun der FNEL an der Gemeng Schëtter

* Home
  * Branchen
  * Fotoen
  * Downloads
  * Chalet
  * Kontakt

Scroll down to content

""Les Castors"" ass e Scoutsgrupp vu Schëtter, dee Member vun der FNEL ass, dem
nationale laizistesche Scoutsverbond.

D’ FNEL (""Féderation Nationale des Éclaireurs et Éclaireuses du Luxembourg"")
ass eng laizistesch Associatioun, déi fir jiddereen op ass, egal wat fir enger
Relioun oder Kultur een ugehéiert. D’Ziel vun der FNEL ass, d...
---
* Accueil
  * Groupe
  * Branches
  * Chefs
  * Media
  * More

Use tab to navigate through the menu items.

# FREQUENTLY ASKED QUESTIONS

Actuellement, le FAQ est uniquement disponible en Luxembourgeois et Anglais.

1.1 What is Scouting?

Scouting is a Youth movement, organized by young and dedicated people, for
young people. The movement was first created in 1907 in England by Lord Baden
Powell. In Luxembourg, scouting is split into the FNEL (federation des
eclaireurs et eclaireuses du Luxembo...
---
* Accueil
  * Groupe
  * Branches
  * Chefs
  * Media
  * More

Use tab to navigate through the menu items.

# FREQUENTLY ASKED QUESTIONS

* Wat Sinn Scouten? 
Scouten ass en Weltjugendmouvement vun Jonken fir Jonker, gegrënnt 1907 vum
Lord Baden Powell an England. Zu Lëtzebuerg ass den Mouvement opgedeelt an:
d’FNEL (fédération des éclaireurs et éclaireuses du Luxembourg) déi laïque ass
d’LGS ( Lëtzebuerger Guiden & Scouten) déi Chrëchtlech ass. D’Aigles sinn een
vun den 29 Gruppen vun der FNEL..."
50,211,50_camping_campingplatz_luxemburg_umgebung,"camping, campingplatz, luxemburg, umgebung, bistro, gratis, ardennen, wifi, personen, preise","* info@camping-liefrange.lu
  * (+352) 661 26 88 94

* Häufig gestellte Fragen 
  * Ubersichtsplan 
  * Preise 
  * Anreise 
  * Kontakt

* nl
  * de
  * en
  * fr

* Suchen und buchen
  * Angebote
  *

* Camping 
    * Standard und Komfort Stellplätze 
    * Wohnmobilstellplatz 
  * Vermietung 
    * Wanderhütte 
    * Tiny house 
    * Mobilheime 
    * Glamping 
  * Einrichtungen 
    * Rezeption 
    * Essen und Trinken 
    * Sanitärgebäude 
    * Für Kinder 
    * Spezielle Einrichtungen 
...
---
* Home
  * Algemeen
    * Onze folder
    * Foto impressie Camping
    * Weblinks
    * Aangesloten bij
    * Extra informatie
  * Camping
    * Chalets
    * Petit Restaurant
    * Zwembad
    * Onze regels
    * Plattegrond kampeerterrein
    * Dia presentaties
  * Actueel
    * Beursbezoek
    * Mededelingen
  * Tarieven & Reserveren
    * Aanbiedingen
    * Tarieven
    * Reserveren
    * Reserveringsvoorwaarden
  * Contact
    * Contact
    * Wegwijzer

##  Wateroverlast in Luxemburg

Helaa...
---
* Accomodaties
    * Camping
    * Chalets
    * Tentverhuur
    *

* Vakantiehuizen
    * Appartement
    * Black Pearl
    *

* Faciliteiten
    * Bistro Beau
    * Zwembad
    * Sanitair
    * Sport en spel
    *

* Informatie
    * Omgeving
    * Markten
    * Nieuws
    * Plattegrond
    * Recensies
    * Foto's
    * Onze partners
    * Camping Reglement
    * FAQ's
    *

* Reserveren
    * Tarieven
    * Aanbiedingen
    * Online boeken
    * Reserveringsvoorwaarden
    *

* Boeken
  * C..."
51,210,51_engineering_construction_ingnieur_projets,"engineering, construction, ingnieur, projets, projet, tudes, bureau, associs, coordination, btiments","* Home 
  * Le groupe et ses entités 
    * Présentation 
    * Engagements RSE 
  * Nos activités 
  * Nos références 
  * Actualités 
  * ( +352 ) 26 390-1

* Jobs 
  * Nous contacter

Domaine d'activité Urbanisme et aménagement du territoire Trafic et mobilité
Topographie & Laser scanning 3D Techniques spéciales Système d'Information
Géographique (SIG) Etudes des sols Mesurage officiel Hydrologie Etudes
forestières Environnement naturel Environnement technique Solutions par drone
Construction...
---
* Home 
  * Le groupe et ses entités 
    * Présentation 
    * Engagements RSE 
  * Nos activités 
  * Nos références 
  * Actualités 
  * ( +352 ) 26 390-1

* Jobs 
  * Nous contacter

Les sociétés du groupe L.S.C. recrute fréquemment. Retrouvez toutes nos offres
d'emploi et rejoignez-nous en déposant votre candidature en ligne.

L.S.C. Engineering, important groupe d’ingénieurs conseils au Luxembourg,
engage un(e) Project Manager (m/f)

### Attaché de Direction (M/F)

L.S.C. Engineering Group...
---
* Home 
  * Le groupe et ses entités 
    * Présentation 
    * Engagements RSE 
  * Nos activités 
  * Nos références 
  * Actualités 
  * ( +352 ) 26 390-1

* L.S.C. Awards 
  * Jobs 
  * Nous contacter

Les sociétés du groupe L.S.C. recrutent fréquemment. Retrouvez toutes nos
offres d'emploi et rejoignez-nous en déposant votre candidature en ligne.

### Assistant(e) de Direction (h/f)

Nous sommes un important bureau d’ingénieurs conseils luxembourgeois actif
dans le domaine du génie civil : ..."
52,208,52_dentaire_dr_dents_cabinet,"dentaire, dr, dents, cabinet, chirurgie, rendezvous, patients, patient, becker, traitements","33b. Avenue JF Kennedy. L-1855 Kirchberg. (À côté de la banque UBS. Station de
tramway « Université »)

* Accueil
  * Traitements
  * Équipements
  * Urgences
  * Blanchiment dentaire
  * RDV via Doctena
  * Contact
  * Français
    * English

# Votre dentiste à luxembourg

CENTRE MEDICO DENTAIRE DE KIRCHBERG

###### Le Centre Medico Dentaire de Kirchberg est à votre service  
avec 4 salles de soins et de chirurgie sur 200 m2,  
10 MÉDECINS DENTISTES ET 6 ASSISTANTES DENTAIRES.

#### Ouvert du l...
---
7J7 POUR LES URGENCES

Appelez +352 49 57 99

* Accueil
  * Spécialités et traitements
  * Équipements
  * Urgences
  * Blanchiment Dentaire
  * Photos
  * RDV
  * Blog
  * Nous recrutons
  * Contact
  * Français
    * Anglais
    * Portugais - du Portugal

# Centre Medico Dentaire de Luxembourg

Le Centre Medico Dentaire de Luxembourg est à votre service avec 8 salles de
soins et de chirurgie sur 400 mètres carrés, 20 spécialistes et 12
assistantes.

Prendre RDV via doctena

### Ouvert 7 jours ...
---
* Accueil
  * Nos centres
    * Esch-sur-Alzette
    * Pétange
    * Kayl/Tétange
  * Nos praticiens
    * Nos assistantes dentaires et secrétaires
    * Nos praticiens
    * Dr Jean-Yves GEORGE
    * Dr Pierre KELLER
    * Dr Léa ROCCHI
    * Dr Chris COSTA
    * Dr Valérie MAURICE
    * Dr Olivier SEURET
    * Dr Pierre GALL
    * Dr Birsena DERVISEVIC
    * Dr David DUBOIS
    * Dr Vincent BRANDENBOURGER
  * Nos spécialités
    * Chirurgie Orale :Reconstruction OsseuseExtraction des dents de ..."
53,207,53_fleurs_plantes_bouquet_mariage,"fleurs, plantes, bouquet, mariage, arrangements, roses, dcoration, 0830, 1400 1800, composition","##  Politique de protection des données

1. Home
  2. Politique de protection des donnees

Avant-propos  
Fleurs Nicole Sàrl attache une grande importance au respect de votre vie
privée et a conscience de l'importance que vous y accordez.  
Fleurs Nicole met dès lors tout en œuvre afin que vous puissiez utiliser les
services offerts par ce site internet en toute confiance, notamment en
traitant vos données en toute transparence, dans le strict respect des lois et
réglementations applicables en m...
---
*     * 50 Grand-Rue,  L-9710 Clervaux  
  * +352 92 11 15 
  * info@fleurs-nicole.lu

* Accueil
  * A propos
  * Nos prestations
    * Bouquet
    * Mariage
    * Deuil
    * Cadeaux
  * Actualites
  * Contact

##  Politique de protection des données

1. Accueil
  2. Politique de protection des donnees

Avant-propos  
Fleurs Nicole Sàrl attache une grande importance au respect de votre vie
privée et a conscience de l'importance que vous y accordez.  
Fleurs Nicole met dès lors tout en œuvre afi...
---
* Accueil
  * Rue des Fleurs
  * Catalogue de produits
Catalogue de produits

* Arrangements 
    * Fleurs 
    * Plantes 
    * Occasions 
    * Orchidees 
    * Roses Eternelles 
Occasions

* Anniversaire 
    * Bapteme 
    * Communion 
    * Mariage 
    * Deuil 
  * Entreprise
  * Nos réalisations
  * Contact

Afficher le Groupe Top

Panier 0 article articles 0 article

À définir  Livraison

Produit ajouté au panier avec succès

Il y a 0 produits dans votre panier.  Il y a 1 produit dans vo..."
54,205,54_entry_csi_resultate_payment,"entry, csi, resultate, payment, pferd, gelesen, club, juli, februar, august","# HIPPOline  
Suchen

Primäres Menü Springe zum Inhalt

* HIPPOausschreibung
    * Ausschreibungen National
    * Ausschreibungsänderungen
    * Zeitpläne
    * Ausschreibungen Deutschland
    * Ausschreibungen International
  * HIPPOresultate
    * Resultate National
    * Resultate Luxemburg
    * Turnierberichte aus Luxemburg
    * Luxemburger im Ausland
    * Resultate International
    * Resultate Deutschland
  * HIPPOpartner
  * Impressum
  * Datenschutz

HIPPOpartner, News, Tipp

# 29.05....
---
# HIPPOline  
Suchen

Primäres Menü Springe zum Inhalt

* HIPPOausschreibung
    * Ausschreibungen National
    * Ausschreibungsänderungen
    * Zeitpläne
    * Ausschreibungen Deutschland
    * Ausschreibungen International
  * HIPPOresultate
    * Resultate National
    * Resultate Luxemburg
    * Turnierberichte aus Luxemburg
    * Luxemburger im Ausland
    * Resultate International
    * Resultate Deutschland
  * HIPPOpartner
  * Impressum
  * Datenschutz

# Sie benötigen einen Leihtranspor...
---
# HIPPOline  
Suchen

Primäres Menü Springe zum Inhalt

* HIPPOausschreibung
    * Ausschreibungen National
    * Ausschreibungsänderungen
    * Zeitpläne
    * Ausschreibungen Deutschland
    * Ausschreibungen International
  * HIPPOresultate
    * Resultate National
    * Resultate Luxemburg
    * Turnierberichte aus Luxemburg
    * Luxemburger im Ausland
    * Resultate International
    * Resultate Deutschland
  * HIPPOpartner
  * Impressum
  * Datenschutz

Buchtipps, Dressur, Literaturtipps..."
55,193,55_fotos_einsatz_fahrzeuge_brand,"fotos, einsatz, fahrzeuge, brand, secours, dincendie, grevenmacher, mertert, mitglieder, 21","* Home
  * News
  * Jugend
  * ASBL
  * Über uns
  * Fuhrpark
  * Arbeitsgruppen
  * Media
  * Downloads
  * Kontakt

* Alle
  * 2017
  * 2018
  * 2019
  * 2016

### INFO zu Schornsteinbränden

Da jetzt wieder die Tage und Nächte kälter werden, ist auch die Zeit gekommen
in der die Häuser wieder geheizt werden müssen. Sowohl bei einer normalen
Heizung, welche mit Gas oder Heizöl funktioniert, als auch bei Kaminen, welche
mit Holz befeuert werden, gelten ein paar einfache Regeln um einen
Schornst...
---
* Home
  * News
  * Jugend
  * ASBL
  * Über uns
  * Fuhrpark
  * Arbeitsgruppen
  * Media
  * Downloads
  * Kontakt

* Alle
  * 2017
  * 2018
  * 2019
  * 2020
  * 2016

### INFO zu Schornsteinbränden

Da jetzt wieder die Tage und Nächte kälter werden, ist auch die Zeit gekommen
in der die Häuser wieder geheizt werden müssen. Sowohl bei einer normalen
Heizung, welche mit Gas oder Heizöl funktioniert, als auch bei Kaminen, welche
mit Holz befeuert werden, gelten ein paar einfache Regeln um einen...
---
* Home
  * News
  * Jugend
  * ASBL
  * Über uns
  * Fuhrpark
  * Arbeitsgruppen
  * Media
  * Downloads
  * Kontakt

* Alle
  * 2017
  * 2018
  * 2019
  * 2020
  * 2022
  * 2016

### INFO zu Schornsteinbränden

Da jetzt wieder die Tage und Nächte kälter werden, ist auch die Zeit gekommen
in der die Häuser wieder geheizt werden müssen. Sowohl bei einer normalen
Heizung, welche mit Gas oder Heizöl funktioniert, als auch bei Kaminen, welche
mit Holz befeuert werden, gelten ein paar einfache Regeln..."
56,191,56_quick_viewadd_quick viewadd_carte,"quick, viewadd, quick viewadd, carte, cadeau, unavailable, fruits, auchan, produits, food","### Good to see you!

Adresse de messagerie *

Mot de passe perdu ?

Continue with Facebook

Continue with Google

Register with an email

Your personal data will be used to support your experience throughout this
website, to manage access to your account, and for other purposes described in
our politique de confidentialité.

View order Go to checkout Shop closed

Aucun produit dans le panier.

* BRASSERIE
  * BAR
  * VINS

* Suggestions
  * Pour commencer
  * Plats
  * Desserts
  * Extras
  * S...
---
## Check if we deliver to you

Please enter your address.>

# ORDERS ARE AVAILABLE BETWEEN 17.30 AND 21.30. WEEKENDS DELIVERY CAN TAKE UP
TO 1H30.

* Drinks
  * Starters
  * Essentials
  * Salads
  * Burgers
  * Pizzas
  * Pasta
  * Kids
  * Desserts
  * Wine

* Sale!
## Goose IPA

Unavailable ~~6,00 €~~ 3,50€ Quick ViewAdd to cart

* Sale!
## Battin 50cl

* Sale!
## Mirinda 33cl

Unavailable ~~3,00 €~~ 2,00€ Quick ViewAdd to cart

* Sale!
## Pepsi Cola 33cl

* Sale!
## Pepsi Max 33cl

* Sale!
#...
---
BRASSERIE 1535 Sàrl (“we” or “us” or “our”) respects the privacy of our users
(“user” or “you”). This Privacy Policy explains how we collect, use, disclose,
and safeguard your information when you visit our website
[eat.schrainerei.lu], including any other media form, media channel, mobile
website, or mobile application related or connected thereto (collectively, the
“Site”). Please read this privacy policy carefully. If you do not agree with
the terms of this privacy policy, please do not acces..."
57,190,57_rnovation_travaux_renovation_construction,"rnovation, travaux, renovation, construction, projet, devis, amnagement, rnovations, pose, projets","(+352) 26 29 63 36 info@luxtim.lu

* Information du site
    * Politique de confidentialité
    * Politique de cookies

* À propos
  * Nos services
  * Nos réalisations
    * Galerie
  * Nos partenaires
  * Contact
  *   *

Sélectionner une page

# Luxtim : Entreprise générale de construction et de rénovation au Luxembourg

## Luxtim S. à r. l. : Le partenaire pour la construction de votre prochain
projet.

Nous sommes une société de construction luxembourgeoise qui existe depuis
2006. Nous offr...
---
(+352) 26 29 63 36 info@luxtim.lu

* Information du site
    * Politique de confidentialité
    * Politique de cookies

* À propos
  * Nos services
  * Nos réalisations
    * Galerie
  * Nos partenaires
  * Contact
  *   *

Sélectionner une page

# Luxtim : Entreprise générale de construction et de rénovation au Luxembourg

## Luxtim S. à r. l. : Le partenaire pour la construction de votre prochain
projet.

Nous sommes une société de construction luxembourgeoise qui existe depuis
2006. Nous offr...
---
* ACCUEIL
  * À PROPOS
  * NOS SERVICES
  * CONTACT
  * SALLE DE BAINS
  * MENTIONS LÉGALES
    * INFORMATIONS LÉGALES
    * MENTIONS LÉGALES
  * PLUS

Use tab to navigate through the menu items.

## ENTREPRISE DE  
RÉNOVATION À LUXEMBOURG

DEMANDEZ VOTRE DEVIS GRATUIT

# RÉNOVATION | CONSTRUCTION | AGRANDISSEMENT | EXTENSION| ALENTOURS
### RÉNOVER,AGRANDIR,  
TRANSFORMER OU FAIRE  
UNE EXTENSION.

###### Nous nous efforçons de creer des espaces uniques et innovants qui
refletent la beaute et la..."
58,188,58_photo_photos_photographe_portraits,"photo, photos, photographe, portraits, sance, photography, studio, portrait, shooting, mariage","* Portraits & Famille
    * Portfolios
      * Femme enceinte
      * Enfants
      * Famille
      * Portraits féminins
      * Portraits masculins
    * FAQ Portraits & Famille
  * Photos de Couple
    * Portfolios
      * Couple et engagement
      * Trash the dress, etc.
    * FAQ Couple
  * Photos Boudoir et Nu artistique
    * Photos Boudoir
    * Nu artistique
    * Photos Glamour

* Entreprises & Presse
    * Portfolios
      * Portraits Corporate
      * Photo éditoriale
      * Évèneme...
---
Validation de la commande...

* CONTACT
  * FAQ
  * SE CONNECTER
  * PANIER (0)

* ACTUALITÉS
  * SERVICES
  * PORTFOLIO
  * GALERIES PHOTOS
  * NOS RÉALISATIONS

### Informations générales

#### »Pourquoi choisir Studion?

10 bonnes raisons pour lesquelles choisir Studion :

1. un accueil souriant
  2. un staff motivé
  3. un service professionnel, complet, rapide et efficace
  4. des photographes expérimentés
  5. la force d'une équipe complémentaire
  6. un laboratoire spécialisé dans les tir...
---
Validation de la commande...

* CONTACT
  * FAQ
  * SE CONNECTER
  * PANIER (0)

* ACTUALITÉS
  * SERVICES
  * PORTFOLIO
  * GALERIES PHOTOS
  * NOS RÉALISATIONS

### Informations générales

#### »Pourquoi choisir Studion?

10 bonnes raisons pour lesquelles choisir Studion :

1. un accueil souriant
  2. un staff motivé
  3. un service professionnel, complet, rapide et efficace
  4. des photographes expérimentés
  5. la force d'une équipe complémentaire
  6. un laboratoire spécialisé dans les tir..."
59,187,59_john_machines_manutention_ps,"john, machines, manutention, ps, serie, valable, produits, chariot, 37, promotion","* Landtechnik
  * Gebrauchtmaschinen
  * Melk-und Stalltechnik
  * Rasen -und Grundstückspflege
  * Service & ErsatzteileNew
  * MyJohnDeere
  * Online bestellenNew
  * Support & Kundendienst
  * News
  * Jobs
  * Kontakt

* New Online bestellen 
  * Support & Kundendienst 
  * News 
  * Jobs 
  * Kontakt 
  *

*   * Landtechnik 
  * Gebrauchtmaschinen 
  * Melk-und Stalltechnik 
  * Rasen -und Grundstückspflege 
  * New Service & Ersatzteile 
  * MyJohnDeere

#### WIR SIND FÜR SIE DA UND LIEFER...
---
* Landtechnik
    * Traktoren
    * Kommunaltechnik
    * Rad- und Teleskoplader
    * Smartes Agrar-Management
    * Ballenpressen
    * Selbstfahrende Feldhäcksler
    * Pflanzenschutztechnik
  * Gebrauchtmaschinen
  * Melk-und Stalltechnik
  * Rasen -und Grundstückspflege
  * Service & Ersatzteile
  * Unsere Marken
  * Rasen & GartenpflegeNew
  * Ersatzteile bestellen
  * Angebote & Aktionen
  * Support
  * MyJohnDeere
  * News
  * Jobs
  * Kontakt

* New Rasen & Gartenpflege 
  * Ersatzteile...
---
* Landtechnik
    * Traktoren
    * Kommunaltechnik
    * Rad- und Teleskoplader
    * Präzisionslandwirtschaft
    * Ballenpressen
    * Selbstfahrende Feldhäcksler
    * Pflanzenschutztechnik
    * Mähdrescher
    * Grünlandtechnik
    * Bodenbearbeitungstechnik
    * Transportfahrzeuge
    * Gülletechnik
    * Finanzierung
  * Gebrauchtmaschinen
  * Melk-und Stalltechnik
    * Melktechnik
    * Stalltechnik
    * Kühltechnik
    * Unsere Referenzen
  * Rasen- und Grundstückspflege
    * Priva..."
60,187,60_danse_dance_cours_salsa,"danse, dance, cours, salsa, description, jazz, classes, tango, july, figure","École de danses latines au Luxembourg

* Salsa Cubaine
  * Salsa Portoricaine
  * Bachata
  * Kizomba
  * Danses Africaines

### Prochain(s) événement(s)

##### Salsa Cubaine [avancés]

LUXEMBOURG, de 18h30 à 19h30

##### Bachata [intermédiaires]

LUXEMBOURG, de 19h40 à 20h40

##### Kizomba [intermédiaires]

LUXEMBOURG, le 18 Juillet 2018 de 20h50 à 21h50

##### Salsa Cubaine [intermédiaires]

LUXEMBOURG, le 19 Juillet 2018 de 20h50 à 21h50

##### Bachata [débutants]

LUXEMBOURG, le 20 Juillet 2...
---
École de danses latines au Luxembourg

* Salsa Cubaine
  * Salsa Portoricaine
  * Bachata
  * Kizomba
  * Danses Africaines

### Prochain(s) événement(s)

##### Salsa Cubaine [intermédiaires]

LUXEMBOURG, de 18h30 à 19h30

##### Bachata [débutants]

LUXEMBOURG, de 20h50 à 21h50

##### Kizomba [débutants]

LUXEMBOURG, le 24 Juillet 2019 de 19h50 à 20h50

##### Kizomba [intermédiaires]

LUXEMBOURG, le 24 Juillet 2019 de 20h50 à 21h50

LUXEMBOURG, le 26 Juillet 2019 de 18h30 à 19h30

### Articles r...
---
École de danses latines au Luxembourg

* Salsa Cubaine
  * Salsa Portoricaine
  * Bachata
  * Kizomba
  * Danses Africaines

### Prochain(s) événement(s)

### Articles récents

* Nouveaux cours de danses de salon 8 juillet 2020
  * Programme des cours de septembre 2020 2 juillet 2020
  * Workshops Salsa, Bachata, Cha cha cha et Valse lente 30 juin 2020
  * Réouverture de l’école en respectant les mesures de sécurité 27 mai 2020
  * Cours hebdomadaires en vidéo conférence pendant le Covid-19 29 a..."
61,182,61_film_tarantula_festival_films,"film, tarantula, festival, films, kinepolis, cinma, laden, min, productions, slectionn","* Tarantula
    * Actualité
    * Projets
    * Films
    * À propos
    * Équipe
    * Partenaires
    * CONTACT
    * E-SHOP
    * YOUTUBE

* Tarantula Luxembourg
  * Tarantula Belgique
  * Tarantula Distribution

## « Viendra le feu » récompensé à Cannes - Prix du Jury et Meilleure création
sonore

Le long-métrage « O que arde » (Viendra le feu/Fire will come) réalisé par
Oliver Laxe et co-produit par Donato Rotunno et Elise André (Tarantula
Luxembourg) s'est…

## « VIENDRA LE FEU » sélection...
---
* Tarantula
    * Actualité
    * Projets
    * Films
    * À propos
    * Équipe
    * Partenaires
    * CONTACT
    * E-SHOP
    * YOUTUBE

* Tarantula Luxembourg
  * Tarantula Belgique
  * Tarantula Distribution

## Bitter Flowers sélectionné au Brussels International Film Festival

Bitter Flowers est sélectionné au Brussels International Film Festival, en
compétition nationale.   Le festival se déroulera du 20 au 30 juin 2018.

## Session Wallimage réussie pour « Poissonsexe » d'Olivier Babi...
---
* Tarantula
    * Actualité
    * Projets
    * Films
    * À propos
    * Équipe
    * Partenaires
    * CONTACT
    * E-SHOP
    * YOUTUBE

* Tarantula Luxembourg
  * Tarantula Belgique
  * Tarantula Distribution

## Brutalia de Manolis Mavris obtient le prix Canal + à la Semaine de la
Critique à Cannes

Brutalia, Days of Labour, le court-métrage de Manolis Mavris, a obtenu hier le
prix Canal + lors de la remise des prix de la Semaine…

## Le Paradis de Zeno graton obtient le soutien d'Eurimag..."
62,180,62_language_courses_cours_langues,"language, courses, cours, langues, langue, luxembourgish, chinese, english, learning, formation","FR | EN | DE
  * Clients sociétés 
Connexion

Compte client obligatoire  
Pour demander un compte client:  
info@prolingua.lu / Tél: +352 40 39 91-0

Toggle navigation Prolingua First Language Centre in Luxembourg since 1983

* Accueil
  * A propos 
    * L'entreprise
    * Centre de langues
    * Visitez notre centre
    * Actualités
  * Langues 
    * Allemand
    * Anglais
    * Français
    * Luxembourgeois
    * Espagnol
    * Italien
    * Néerlandais
    * Portugais
    * Russe
    * Polo...
---
* Home
  * About us
  * Contact us

Call us: +352 27 76 29 15 or Let us call youEmail us: info@study.lu

* Home
  * About us
  * Contact us now
  * Language courses
    * French language schools
    * German language schools
    * English language schools
    * Spanish language schools
    * Italian language schools
    * All languages
    * Career Coaching
  * Courses for you
    * Adults
    * Teens
    * Children
    * Professionals & companies
    * Career Coaching

Home Language courses for...
---
* Home
  * About us
  * Contact us

Call us: +352 27 76 29 15 or Let us call youEmail us: info@study.lu

* Home
  * About us
  * Contact us now
  * Language courses
    * French language schools
    * German language schools
    * English language schools
    * Spanish language schools
    * Italian language schools
    * All languages
    * Career Coaching
  * Courses for you
    * Adults
    * Teens
    * Children
    * Professionals & companies
    * Career Coaching

Home Language courses for..."
63,178,63_destinataire_email destinataire_ami coordonnes_destinataire email,"destinataire, email destinataire, ami coordonnes, destinataire email, coordonnes destinataire, recommander ami, editus luxembourg, editus, recommander, accueil prsentation","* lu
  * de
  * en
  * fr

#### Echangez, partagez

* Accueil
  * Présentation
  * Produits & Services
  * Nos travaux
  * Contact

* Travaux de fondations spéciales, pieux, micropieux, ancrages, parois berlinoises, injectons, clous et gunitages.

Dernière mise à jour : 01/03/2016

©2015, Site produit par Editus Luxembourg

Accès professionnelMentions légalesPlan du site

## Recommander à un ami

### Coordonnées du destinataire

E-mail du destinataire

Saisissez les caractères qui s'affichent da...
---
* lu
  * de
  * en
  * fr

#### Echangez, partagez

* Accueil
  * Présentation
  * Produits & Services
  * Approches
  * Contact

Dernière mise à jour : 25/02/2016

©2015, Site produit par Editus Luxembourg

Accès professionnelMentions légalesPlan du site

## Recommander à un ami

### Coordonnées du destinataire

E-mail du destinataire

Saisissez les caractères qui s'affichent dans l'image
---
* lu
  * de
  * en
  * fr

#### Echangez, partagez

* Accueil
  * Présentation
  * Produits & Services
  * Approches
  * Contact

Dernière mise à jour : 25/02/2016

©2015, Site produit par Editus Luxembourg

Accès professionnelMentions légalesPlan du site

## Recommander à un ami

### Coordonnées du destinataire

E-mail du destinataire

Saisissez les caractères qui s'affichent dans l'image"
64,178,64_rducation_kinsithrapie_cabinet_thrapie,"rducation, kinsithrapie, cabinet, thrapie, manuelle, drainage, pathologies, patient, douleurs, therapie","* Accueil
  * Techniques de traitement
  * Notre équipe
  * Contact

#  Techniques de traitement et physiothérapie

##  Techniques de traitement

Réeducation en orthopédie et traumatologie

Rééducation raisonnée de l’épaule

Kinésithérapie respiratoire, drainage bronchique, inhalations

Kinésithérapie du sport

Réeducation posturale globale selon Souchard (RPG)

Rééducation uro-gynécologique (avec ou sans biofeedback)

Traitement par ondes de choc radiales (Stosswellentherapie)

Rééducation neur...
---
* Accueil
  * Techniques de traitement
  * Notre équipe
  * Contact

#  Techniques de traitement et physiothérapie

##  Techniques de traitement

Réeducation en orthopédie et traumatologie

Rééducation raisonnée de l’épaule

Kinésithérapie respiratoire, drainage bronchique, inhalations

Kinésithérapie du sport

Réeducation posturale globale selon Souchard (RPG)

Rééducation uro-gynécologique (avec ou sans biofeedback)

Traitement par ondes de choc radiales (Stosswellentherapie)

Rééducation neur...
---
* Accueil
  * Techniques de traitement
  * Physiothérapie
  * Notre équipe
  * Contact
  * Covid 19
  * Nouveautés
  * … 
    * Accueil
    * Techniques de traitement
    * Physiothérapie
    * Notre équipe
    * Contact
    * Covid 19
    * Nouveautés

* Accueil
  * Techniques de traitement
  * Physiothérapie
  * Notre équipe
  * Contact
  * Covid 19
  * Nouveautés
  *   *

* # 
Techniques  de traitement

* ### 
Rééducation en orthopédie et traumatologie

Rééducation raisonnée de l’épaule

## R..."
65,176,65_dp_di_nummer_eis,"dp, di, nummer, eis, och, sprooch, link, politik, ginn, vum","Skip navigation Aktuelles  Spenden  Wee 2050, eis Ziler  Facebook  Nee zum
Auslännerwahlrecht (2015)  Press & Co  Kultur a Geschicht  – Geschicht vu
Lëtzebuerg  – Lëtzebuerger Virnimm  Kontakt  
#  Déi neiste Bäitreeg op dësem Site:

#  28.10.2020 De Grond firwat d'Wunnengen ëmmer méi deier ginn

De Grond firwat d'Wunnengen ëmmer méi deier ginn:

D'Schafen vun ze vill Arbechtsplazen an déi domat verbonnen
Massenimmigratioun.

-
Am KLOERTEXT op RTL hunn se et esou erkläert:

FIRWAT SINN WUNNENGEN...
---
Skip navigation Aktuelles  Spenden  Wee 2050, eis Ziler  Facebook  Nee zum
Auslännerwahlrecht (2015)  Press & Co  Kultur a Geschicht  – Geschicht vu
Lëtzebuerg  – Lëtzebuerger Virnimm  Kontakt  
#  Déi neiste Bäitreeg op dësem Site:

#  28.10.2020 De Grond firwat d'Wunnengen ëmmer méi deier ginn

De Grond firwat d'Wunnengen ëmmer méi deier ginn:

D'Schafen vun ze vill Arbechtsplazen an déi domat verbonnen
Massenimmigratioun.

-
Am KLOERTEXT op RTL hunn se et esou erkläert:

FIRWAT SINN WUNNENGEN...
---
Skip navigation Aktuelles  Spenden  Wee 2050, eis Ziler  Facebook  Nee zum
Auslännerwahlrecht (2015)  Press & Co  Kultur a Geschicht  – Geschicht vu
Lëtzebuerg  – Lëtzebuerger Virnimm  Kontakt  
#  Déi neiste Bäitreeg op dësem Site:

#  14.10.2020 Villmools Merci fir är Ënnerstëtzung

Léif Ënnerstëtzer vum Wee2050,

Op dësem 14. Oktober ass de Fred Keup an der Chamber als neien Deputéierte vun
der ADR vereedegt ginn.

Dat Walresultat wat dozou geféiert huet hien haaptsächlech 2 Engagementer ze
v..."
66,174,66_soins_aides_antenne_doheem,"soins, aides, antenne, doheem, domicile, anschrift, hllef, pflege, aide, dpendance","* Français 
    * Français
    * Deutsch

* Français
  * Deutsch

* Partenaires et liens utiles
  * FAQ
  * Plan du site

* Aide et soins
  * Fondation
    * Qui sommes-nous ?
    * Vision, valeurs, culture
    * Philosophie des soins
    * Publications
    * Partenaires et liens utiles
    * 15 ans à votre service
    * Dons
Découvrez la Fondation Stëftung Hëllef Doheem, le plus grand réseau d'aide et
de soins au Luxembourg. Créé en 1999, la fondation compte aujourd'hui plus de
1'850 employés. ...
---
* Aides et soins à domicile
  * Centres de jour et logements encadrés
  * Club Senior
  * Activités et loisirs

* À propos de HELP 
  * Recrutement 
  * Agenda 
  * Actualités 
  * Nos métiers

Type your search here

* Accueil
  * Help - FAQ

Comment devenir client chez Help ?

Pour devenir client chez Help, il suffit de nous contacter au 26 70 26. Nos
collaborateurs se tiennent à votre disposition et vous conseilleront dans les
démarches. Vous pouvez les joindre tous les jours de la semaine de ...
---
* Français 
    * Français
    * Deutsch

* Français
  * Deutsch

* Partenaires et liens utiles
  * FAQ
  * Plan du site

* Aide et soins
  * Fondation
    * Qui sommes-nous ?
    * Vision, valeurs, culture
    * Philosophie des soins
    * Publications
    * Partenaires et liens utiles
    * Rapport d’activités
    * 15 ans à votre service
    * Dons
Découvrez la Fondation Stëftung Hëllef Doheem, le plus grand réseau d'aide et
de soins au Luxembourg. Créé en 1999, la fondation compte aujourd'hu..."
67,174,67_client_commande_vendeur_ware,"client, commande, vendeur, ware, livraison, miele, lacheteur, letzshop, paiement, baywa","Voir l'adresse email

*   * Matériaux
  * Works
  * Locations
  * Transports
  * Galerie
  * Actualités
  * Contact
  * Conditions générales de vente et de location

# Conditions générales de vente et de location

CONDITIONS GENERALES DE VENTE

(élaborés sur base de la FEMACO - Fédération Luxembourgeoise des Négociants en
matériaux de Constructions – 06/2023/v.06)

APPLICABLES A COMPTER DU 1er juillet 2023

1. Dispositions générales

Les présentes conditions générales de vente (ci-après les « CG...
---
Changement de magasin/pays

En changeant de magasin, vous allez être déconnecté, voulez-vous continuer ?
Oui Non ×

JavaScript seems to be disabled in your browser.  
Javascript doit être activé dans votre navigateur pour utiliser toutes les
fonctionnalités de ce site.

Liste de mariage Liste Compte

Article(s) Récemment Ajouté(s) ×

Votre panier est vide.

* MEUBLE & CANAPE
    * Voir tout MEUBLE & CANAPE
    * MEUBLE
      * Voir tout MEUBLE
      * Armoire
      * Bar
      * Buffet
      * B...
---
* Austria | Österreich 
  * Belgium | Belgie| Belgique 
  * Bulgaria | България 
  * Croatia 
  * Czech Republic | Česka republika 
  * Denmark | Danmark 
  * Estonia 
  * Finland (sv) | Suomi 
  * France 
  * Germany | Deutschland 
  * Greece 
  * Hungary | Magyarorszag 
  * Ireland 
  * Italy | Italia 
  * Latvia 
  * Lithuania

* Luxembourg 
  * Netherlands | Nederland 
  * Norway | Norge 
  * Poland | Polska 
  * Portugal 
  * Romania | Romania 
  * Serbia 
  * Slovakia | Slovenska republika..."
68,172,68_restaurant_pizzas_italienne_carte,"restaurant, pizzas, italienne, carte, plats, pizzeria, ptes, spcialits, emporter, menu","# PEPE Ristorante Pizzeria

Accueil |  Présentation |  Notre restaurant |  Spécialités |  Cartes |  Réservation |  Contact

* Accueil
  * Présentation
  * Notre restaurant
  * Spécialités
  * Cartes
  * Réservation
  * Contact
  *

##  
## Specialites italiennes et pizzas

#####  
##### C'est dans un decor sobre et moderne rehausse ça et la de quelques
references italiennes,  
que l'equipe de Pepe Ristorante Pizzeria situe a Luxembourg vous accueille
avec le sourire.

#####  
##### Nous vous inv...
---
Accueil |  Présentation |  Notre restaurant |  Spécialités |  Cartes |  Réservation |  Contact

* Accueil
  * Présentation
  * Notre restaurant
  * Spécialités
  * Cartes
  * Réservation
  * Contact
  *

## Specialites italiennes et pizzas

#####  
##### Le restaurant Dolce e Piccante situee a Kayl vous souhaite la bienvenue.

#####  
##### Vous etes un amateur de la cuisine traditionnelle italienne ?

##### Le restaurant Dolce e Piccante est l'adresse qu'il vous faut et cela
depuis 2010.

#####...
---
Accueil |  Présentation |  Notre restaurant |  Spécialités |  Cartes |  Réservation |  Contact

* Accueil
  * Présentation
  * Notre restaurant
  * Spécialités
  * Cartes
  * Réservation
  * Contact
  *

## Specialites italiennes et pizzas

#####  
##### Le restaurant Dolce E Piccante situee a Kayl vous souhaite la bienvenue.

#####  
##### Vous etes un amateur de la cuisine traditionnelle italienne ?

##### Le restaurant Dolce E Piccante est l'adresse qu'il vous faut et cela
depuis 2010.

#####..."
69,172,69_donnees_donnees personnelles_caractere_donnees caractere,"donnees, donnees personnelles, caractere, donnees caractere, caractere personnel, collectees, traitement donnees, personnelles, traitement, protection donnees","# Reflexologue - Pedicure medicale diplomee

# POLITIQUE DE PROTECTION DES DONNEES

Pedicenter SARLS (ci-apres denomme « Pedicenter ») attache une grande
importance au respect de votre vie privee et a conscience de l'importance que
vous y accordez.

Pedicenter met des lors tout en oeuvre afin que vous puissiez utiliser les
services offerts par ce site internet en toute confiance, notamment en
traitant vos donnees en toute transparence, dans le strict respect des lois et
reglementations applicabl...
---
* ACCUEIL
  * À PROPOS
  * NOS MARQUES
  * CONTACT
  * More

Use tab to navigate through the menu items.

Accueil > Politique de protection des donnees personnelles

##### Politique de protection des donnees personnelles

Best Of (ci-apres denomme « Best Of ») attache une grande importance au
respect de votre vie privee et a conscience de l'importance que vous y
accordez.

Best Of met des lors tout en oeuvre afin que vous puissiez utiliser les
services offerts par ce site internet en toute confi...
---
# Reflexologue - Pedicure medicale diplomee

# POLITIQUE DE PROTECTION DES DONNEES

Pedicenter SARLS (ci-apres denomme « Pedicenter ») attache une grande
importance au respect de votre vie privee et a conscience de l'importance que
vous y accordez.

Pedicenter met des lors tout en oeuvre afin que vous puissiez utiliser les
services offerts par ce site internet en toute confiance, notamment en
traitant vos donnees en toute transparence, dans le strict respect des lois et
reglementations applicabl..."
70,171,70_pdicure_pieds_pied_mdicale,"pdicure, pieds, pied, mdicale, cabinet, chaussures, pathologies, ongles, soins, douleurs","Cabinet de Podologie SCHOLTES

* Hom
  * FR
  * GB
  * DE
  * Prendre RDV 
  * Contact
  * aA

* Orthonyxie
  * Pour qui ?
  * Orthoplastie
  * Réflexologie
  * Semelles 3D
  * Pédicure

Cabinet de podologie SCHOLTES  
2 place des villes Jumelées L-5627 Mondorf-les-bains  
\+ 352 26 67 27 98

Chez les enfants de moins 4-5 ans, le pattern de la marche n'est pas encre
défini de manière définitive.  
Les troubles de croissance tels que pieds plats, déformation du genou (genou
varum en O, genou valg...
---
Cabinet de Podologie SCHOLTES

* Hom
  * FR
  * GB
  * DE
  * Prendre RDV 
  * Contact
  * aA

* Orthonyxie
  * Pour qui ?
  * Orthoplastie
  * Réflexologie
  * Semelles 3D
  * Pédicure

Cabinet de podologie SCHOLTES  
2 place des villes Jumelées L-5627 Mondorf-les-bains  
\+ 352 26 67 27 98

Chez les enfants de moins 4-5 ans, le pattern de la marche n'est pas encre
défini de manière définitive.  
Les troubles de croissance tels que pieds plats, déformation du genou (genou
varum en O, genou valg...
---
Cabinet de Podologie SCHOLTES

* Hom
  * FR
  * GB
  * DE
  * Prendre RDV 
  * Contact
  * aA

* Orthonyxie
  * Pour qui ?
  * Orthoplastie
  * Réflexologie
  * Semelles 3D
  * Pédicure

Cabinet de podologie SCHOLTES  
2 place des villes Jumelées L-5627 Mondorf-les-bains  
\+ 352 26 67 27 98

Chez les enfants de moins 4-5 ans, le pattern de la marche n'est pas encre
défini de manière définitive.  
Les troubles de croissance tels que pieds plats, déformation du genou (genou
varum en O, genou valg..."
71,168,71_garage_carrosserie_1200_0800 1200,"garage, carrosserie, 1200, 0800 1200, 1300, rparation, 1200 1300, 1330, voitures, 0800","* Accueil
  * Presentation
  * Nos voitures d’occasion
  * Contact

##  Politique de protection des données

1. Accueil
  2. Politique de protection des donnees

Avant-propos  
Garage Feyereisen Sàrl (ci-après dénommé « [Garage Feyereisen] ») attache une
grande importance au respect de votre vie privée et a conscience de
l'importance que vous y accordez.  
Garage Feyereisen met dès lors tout en œuvre afin que vous puissiez utiliser
les services offerts par ce site internet en toute confiance, no...
---
* Accueil
  * A propos
  * Nos prestations
  * Actualites
  * Contact

##  Politique de protection des données personnelles

1. Accueil
  2. Politique de protection des donnees personnelles

Avant-propos  
Garage Auto Tec Sàrl attache une grande importance au respect de votre vie
privée et a conscience de l'importance que vous y accordez.  
Garage Auto Tec met dès lors tout en œuvre afin que vous puissiez utiliser les
services offerts par ce site internet en toute confiance, notamment en
traitan...
---
* Accueil
  * A propos
  * Nos prestations
  * Actualites
  * Contact

##  Politique de protection des données personnelles

1. Accueil
  2. Politique de protection des donnees personnelles

Avant-propos  
Garage Auto Tec Sàrl attache une grande importance au respect de votre vie
privée et a conscience de l'importance que vous y accordez.  
Garage Auto Tec met dès lors tout en œuvre afin que vous puissiez utiliser les
services offerts par ce site internet en toute confiance, notamment en
traitan..."
72,167,72_taxi_transport_chauffeur_transports,"taxi, transport, chauffeur, transports, rservation, 24h24, 7j7, tarifs, service, max","Aller au contenu principal

* Taxi Solution Luxembourg 
  * Services & Transport 
  * Réservation

Select your language FrançaisEnglishGerman

Laisser ce champ vide

## Taxi solutions accueil

* # Taxi Luxembourg
Déplacements  
Professionnels et Privés

## TAXI SOLUTION Luxembourg

### Une societe de taxi a votre service, la solution pour tous vos
déplacements au Luxembourg et a l'etranger

Située au Nord du Grand-Duché de Luxembourg depuis 2018, Taxi Solution vous
propose des tarifs très ...
---
+352 28 37 18 73 Info@alotaxi.lu

* ACCUEIL
  * RÉSERVATION
  * SERVICES
  * À PROPOS
  * NOS TARIFS
  * CONTACT

Sélectionner une page

# Taxi service de qualité au meilleur prix

Réservez votre transfert vers l’aéroport ou gare avec  
Alo Taxi Luxembourg et économisez jusqu’à 30% sur les  
Kilomètres parcourus.

Bénéficier d'une remise de 10% sur toute réservation effectuée via
l'application mobile

### Bénéficier d'une remise de 10% sur toute réservation effectuée via
l'application mobile

Al...
---
+352 28 37 18 73 Info@alotaxi.lu

* ACCUEIL
  * RÉSERVATION
  * SERVICES
  * À PROPOS
  * NOS TARIFS
  * CONTACT

Sélectionner une page

# Taxi service de qualité au meilleur prix

Réservez votre transfert vers l’aéroport ou gare avec  
Alo Taxi Luxembourg et économisez jusqu’à 30% sur les  
Kilomètres parcourus.

Bénéficier d'une remise de 10% sur toute réservation effectuée via
l'application mobile

### Bénéficier d'une remise de 10% sur toute réservation effectuée via
l'application mobile

Al..."
73,166,73_boulangerie_pain_ptisserie_traiteur,"boulangerie, pain, ptisserie, traiteur, boucherie, pains, produits, charcuterie, 1800, donnes","* Accueil
  * A propos
  * Nos prestations
    * Boulangerie
    * Patisserie
    * Chocolat
    * Glaces
    * Traiteur
    * Petite restauration
  * Nos creations
  * Contact

##  Politique de protection des données

1. Accueil
  2. Politique de protection des donnees

Avant-propos  
Boulangerie-Pâtisserie Christian Schumacher Sàrl (ci-après dénommé «
Pâtisserie-Boulangerie Christian Schumacher ») attache une grande importance
au respect de votre vie privée et a conscience de l'importance que ...
---
* Accueil
  * Presentation
  * Nos services
  * Contact

##  Politique de protection des données personnelles

1. Accueil
  2. Politique de protection des donnees personnelles

Avant-propos  
Au bon pain Sàrl attache une grande importance au respect de votre vie privée
et a conscience de l'importance que vous y accordez.  
Au bon pain  met dès lors tout en œuvre afin que vous puissiez utiliser les
services offerts par ce site internet en toute confiance, notamment en
traitant vos données en tout...
---
* Accueil
  * Presentation
  * Nos services
  * Contact

##  Politique de protection des données personnelles

1. Accueil
  2. Politique de protection des donnees personnelles

Avant-propos  
Au bon pain Sàrl attache une grande importance au respect de votre vie privée
et a conscience de l'importance que vous y accordez.  
Au bon pain  met dès lors tout en œuvre afin que vous puissiez utiliser les
services offerts par ce site internet en toute confiance, notamment en
traitant vos données en tout..."
74,164,74_energiepass_nergtique_passeport_passeport nergtique,"energiepass, nergtique, passeport, passeport nergtique, energie, myenergy, performance nergtique, nergie, btiments, gebude","Aller au contenu principal

* Produits
    * Conseil en énergie
      * Aides étatiques
      * Prime commune
      * Guide d’assainissement
      * Eau de pluie
      * * * *
      * Demande de devis
    * Energiepass
      * Energiepass bât. existants
      * Energiepass nouveaux bâtiments
      * Bâtiments fonct. existants
      * * * *
      * Devis gratuit
    * Blower-door test
      * Bâtiments existants
      * Nouvelles constructions
      * * * *
      * Devis gratuit
    * Concept éne...
---
* Produkte
    * Energieberatung
      * Staatliche Beihilfen
      * Gemeindebeihilfen
      * Leitfaden Altbausanierung
      * Regenwassernutzung
      * * * *
      * Angebot anfragen
    * Energiepass
      * Energiepass Wohngebäude (bestehend)
      * Energiepass Wohngebäude (Neubau)
      * Zweckbau bestehend
      * * * *
      * Gratis Angebot anfordern
    * Lenoz Zertifizierung
    * BlowerDoor
      * Bestehende Gebäude
      * Neubauten
      * * * *
      * Gratis Angebot anfordern...
---
* Produkte
    * Energieberatung
      * Staatliche Beihilfen
      * Gemeindebeihilfen
      * Leitfaden Altbausanierung
      * Regenwassernutzung
      * * * *
      * Angebot anfragen
    * Energiepass
      * Energiepass Wohngebäude (bestehend)
      * Energiepass Wohngebäude (Neubau)
      * Zweckbau bestehend
      * * * *
      * Gratis Angebot anfordern
    * Lenoz Zertifizierung
    * BlowerDoor
      * Bestehende Gebäude
      * Neubauten
      * * * *
      * Gratis Angebot anfordern..."
75,163,75_tennis_club_terrains_tournoi,"tennis, club, terrains, tournoi, tournois, senningerberg, nordstad, saison, petange, sponsors","Tennis Club Steinfort

* Home
  * Club
Son histoire Le comité Les infrastructures

La protection des données

* Abonnements
Les abonnements

* École de tennis
École de tennis

* Compétitions
Nos membres

Interclubs - calendrier Interclubs - programme Interclubs - Derniers résultats

Tournois nationaux Tournois internationaux

* Partenaires
Programmes de sponsoring

* Galerie de photos
  * Liens
  * Se connecter
  * Réservation

1.   2.   3.   4.   5.

### Le TENNIS CLUB STEINFORT

#### vous souh...
---
Tennis Club Steinfort

* Home
  * Club
Son histoire Le comité Les infrastructures

La protection des données

* Abonnements
Les abonnements

* École de tennis
École de tennis

* Compétitions
Nos membres

Interclubs - calendrier

Tournois nationaux Tournois internationaux

* Partenaires
Programmes de sponsoring

* Galerie de photos
  * Liens
  * Se connecter
  * Réservation

### Le TENNIS CLUB STEINFORT

#### vous souhaite la bienvenue sur son site

## En nous rejoignant, vous trouverez

### Conv...
---
Tennis Club Steinfort

* Home
  * Club
Son histoire Le comité Les infrastructures

La protection des données

* Abonnements
Les abonnements

* École de tennis
École de tennis

* Compétitions
Nos membres

Interclubs - calendrier

Tournois nationaux Tournois internationaux

* Partenaires
Programmes de sponsoring

* Galerie de photos
  * Liens
  * Se connecter
  * Réservation

### Le TENNIS CLUB STEINFORT

#### vous souhaite la bienvenue sur son site

## En nous rejoignant, vous trouverez

### Conv..."
76,163,76_brasserie_0100_restaurant_carte,"brasserie, 0100, restaurant, carte, menu, plats, dimanche, plat, cuisine, samedi","Accueil |  Présentation |  Notre restaurant |  Plats du jour |  Suggestions |  Notre carte |  Réservation |  Contact

* Accueil
  * Présentation
  * Notre restaurant
  * Plats du jour
  * Suggestions
  * Notre carte
  * Réservation
  * Contact
  *

##### La brasserie du Musee situee a Rumelange,  
est un restaurant convivial qui sert une delicieuse cuisine française et
luxembourgeoise.  
  
N'hesitez pas a venir passer un moment plus qu'agreable avec notre personnel
accueillant et chaleureux.  
...
---
* Accueil
  * Notre carte
  * Événements
  * A propos de nous
  * Menu du jour
  * Réservation / Contact

### La cuisine traditionelle

Dans une démarche culinaire authentique, la Brasserie l'Étoile vous propose
des plats de qualité à travers une sélection d'entrée, de plats et de desserts
variés et raffinés.

Notre souhait est de vous recevoir dans les meilleures conditions pour vous
faire partager une cuisine authentique faite avec des produits frais issus de
notre terroir.

La brasserie et to...
---
* Accueil
  * A propos
  * Notre carte
  * Menu de la semaine
  * Actualites
  * Contact

## Restaurant - Brasserie Napoleongaart

Raul Santos ainsi que leur équipe sont heureux de vous acceuillir.

Nous vous proposons une carte qui s'inspire d'une cuisine tradionnelle,
casanière, faite en très grand majorité avec des produits frais

La brasserie Napoleonsgaart située à Kotschette, vous propose une cuisine
régionale et des spécialités portugaises faites maison avec des produits
frais.

* Snacks
..."
77,162,77_chicken_sauce_lamb_indian,"chicken, sauce, lamb, indian, cooked, add cart, curry, cart, morceaux, add","* Accueil
  * Order Online
  * Galerie
  * Plan
  * Connexion
  * Panier

###  A emporter ou en Livraison

Suite aux nouvelles mesures gouvernementales, le restaurant est ouvert à
emporter et en livraison le midi de 11h30 à 14h00 et le soir de 17h30 à 21h30
Commande à emporter ou en livraison TEL : 26 203 203

Nous vous proposons Lunch Box a emporter ou en Livraison : Vegetarien et non
Vegetarien Box

* Livraison Gratuite

Mar, Mer, Jeu, Ven, Sam & Dim

Livraison entre 0 et 5 Km : montant minimu...
---
* About us
  * Reservation
  * Gallery
  * News & Events
  * Contact
  * ONLINE ORDER

Dear valued Guests,  
  
Our restaurant will be closed from 1st May to 9th May 2023. We will be back at
your service regularly from 10th May again. See you very soon! Thank you for
your understanding and support.

🙏🙏 Restaurant khanakhazana 🙏🙏

## Welcome to  
Khana Khazana

where you can find the authentic taste of south Asian cusines and take comfort
on our customer service and freshly prepared food by our c...
---
* About us
  * Reservation
  * Gallery
  * News & Events
  * Contact
  * ONLINE ORDER

## Welcome to  
Khana Khazana

where you can find the authentic taste of south Asian cusines and take comfort
on our customer service and freshly prepared food by our chef.

Place an Order  View Menu

Select Menu Starters Child Menu Vegetarian Specialities Chicken Specialities
Beef Specialities Lamb Specialities Fish & Prawn Specialities Tasa
Specialities Chef's special Himalayan Dishes Tandoori (Grilled)Speci..."
78,161,78_modell_marke_vlos_vlo,"modell, marke, vlos, vlo, bike, infos, 50, shop, carbon, black","# LS Sports - Atelier de réparation qualifié depuis 1998

*  Deutschde
  *  Françaisfr
  *  Englishen

* Home
  * News & Events
  * Testcenter
    * Scott Testcenter
    * Riese & Müller Testcenter
    * HaseBikes Testcenter
    * NuVinci Test-Service Center
    * Pinion Test & Service Partner
    * Bosch eBike Test & Service Center
  * Fahrradvermietung
  * Bikestation
  * Kontakt

* Über uns
  * Fahrräder
    * Rennräder
    * MTB, Mountainbike
    * Trekking
    * Stadtfahrrad
    * Elektrorä...
---
# LS Sports - Atelier de réparation qualifié depuis 1998

*  Deutschde
  *  Françaisfr
  *  Englishen
  *  Letzebuergeschlu

* Home
  * News & Events
  * Testcenter
    * Riese & Müller Testcenter
    * HaseBikes Testcenter
    * Elektro Lasten Fahrrad Testcenter
    * Enviolo Test-Service Center
    * Bosch eBike Test & Service Center
  * Fahrradvermietung
  * Bikestation
  * Kontakt

* Über uns
  * Elektrofahrräder-Pedelec
    * eBike Reichweiten-Assistent
    * Elektro Vollgefedertes Trekking...
---
# LS Sports - Atelier de réparation qualifié depuis 1998

*  Deutschde
  *  Françaisfr
  *  Englishen

* Home
  * News & Events
  * Testcenter
    * Riese & Müller Testcenter
    * HaseBikes Testcenter
    * Elektro Lasten Fahrrad Testcenter
    * Enviolo Test-Service Center
    * Bosch eBike Test & Service Center
  * Fahrradvermietung
  * Bikestation
  * Kontakt

* Über uns
  * Elektrofahrräder-Pedelec
    * eBike Reichweiten-Assistent
    * Elektro Trekking Fahrräder
    * Elektro Stadt Fahrra..."
79,159,79_pneus_jantes_montage_muller,"pneus, jantes, montage, muller, marques, auto, 55, voiture, dimensions, xl","Pneus Mreches    |     Historique   
# Pneus Mreches Luxembourg, ventes pneumatiques

#### Services Pneus Mreches

* Un choix de pneus neufs, de grandes marques pour tous les types de vhicules : moto - tourisme -4X4 - camionnette - poids lourd - agraire -travaux publics -gnie civil -..
  * Montage de pneus et dmontage de pneus
  * Service Pick Up
  * Un choix de roue en acier et en alliage
  * Le rechapage et les rparations de pneus  
dpannage domicile

* Une quipe votre service,

* Un service d...
---
Pneus Mreches    |     Historique   
### Demande prise en charge Pick Up

Remplissez ce formulaire si vous dsirez que votre vhicule soit pris en charge
par Pneus Mreches Luxembourg  .  
Nous prendrons contact avec vous au plus vite afin de valider votre prise en
charge.  
  
  
Pneus Mreches Luxembourg assure le service PICK UP .  
  
Renseignement sur notre service PICK UP au +352 39 77 88-1.  
  
Horaire ouverture :  
Du lundi au vendredi de 8h00 17h00  
  
Horaire ouverture saison hivernale (...
---
Pneus Mreches    |     Historique   
# Pneus Mreches Luxembourg, ventes pneumatiques

#### Services Pneus Mreches

* Un choix de pneus neufs, de grandes marques pour tous les types de vhicules : moto - tourisme -4X4 - camionnette - poids lourd - agraire -travaux publics -gnie civil -..
  * Montage de pneus et dmontage de pneus
  * Service Pick Up
  * Un choix de roue en acier et en alliage
  * Le rechapage et les rparations de pneus  
dpannage domicile

* Une quipe votre service,

* Un service d..."
80,158,80_mdecine_docteur_luxembourg monsieur_monsieur,"mdecine, docteur, luxembourg monsieur, monsieur, monsieur docteur, luxembourg madame, madame, chirurgie, clinique, dr","Contact  |  Liens  
  OK  
  
  
  * Prsentation 
    * Qu'est-ce que l'Ordre ?
    * Missions
    * Historique
    * RGPD
    *

* Documents
    * Documents professionnels
    * Lgislation
    * Rapports annuels
    *

* Publications
    * Info-Point
    * Divers
    *

College medical  
2, rue Albert 1er,  
L-1117 Luxembourg  
Tel.: 20601101-20 info@collegemedical.lu  
Page d'accueil /

# Professionnels inscrits

### Recherche alphabtique :

A   B   C   D   E   F   G   H   I   J   K   L   M   ...
---
Contact  |  Liens  
  OK  
  
  
  * Présentation 
    * Qu'est-ce que l'Ordre ?
    * Missions
    * Historique
    * RGPD
    *

* Documents
    * Documents professionnels
    * Législation
    * Rapports annuels
    *

* Publications
    * Info-Point
    * Divers
    *

College medical  
2, rue Albert 1er,  
L-1117 Luxembourg  
Tel.: 20601101-20 info@collegemedical.lu  
Page d'accueil /

# Professionnels inscrits

### Recherche alphabtique :

A   B   C   D   E   F   G   H   I   J   K   L   M ...
---
Contact  |  Liens  
  OK  
  
  
  * Présentation 
    * Qu'est-ce que l'Ordre ?
    * Missions
    * Historique
    * RGPD
    *

* Documents
    * Documents professionnels
    * Législation
    * Rapports annuels
    *

* Publications
    * Info-Point
    * Divers
    *

College medical  
2, rue Albert 1er,  
L-1117 Luxembourg  
Tel.: 20601101-20 info@collegemedical.lu  
Page d'accueil /

# Professionnels inscrits

### Recherche alphabtique :

A   B   C   D   E   F   G   H   I   J   K   L   M ..."
81,158,81_natation_club_permis_saison,"natation, club, permis, saison, stage, water, comptition, cup, mer, challenge","* Contact
  * Liens utiles

* Accueil
  * Club
    * Présentation
      * Qui sommes nous ?
      * Nos dirigeants
    * Notre Mission
    * Partenariat
      * Sponsors
      * Devenir partenaire du SL
    * Performances
      * Records (LUX & CLUB) – Elite
      * Meilleure performance
    * Rapports Semestriels
    * Piscines
  * Activités
    * Parcours
    * Ecole de Natation
    * Enfants de Poséidon
    * Natation
      * Groupes Compétition
      * Groupes Loisirs – Jeunes
      * Groupe...
---
* Club
    * Présentation
    * Comité 2016/17
    * Bénévolat
    * Nos partenaires
    * Contact
  * Ecole
    * Aqua Ludique
    * Débutants
    * Avancés
    * Nos moniteurs
  * Natation
    * Précompétiteurs
    * Filière Compétition
      * Jeunes compétiteurs 2
      * Jeunes Compétiteurs 1
      * Elites/Compétiteurs 1
      * Compétiteurs 2
    * Natation sportive
    * Masters
    * Entraîneurs
  * Synchro
    * Les groupes
    * Nos entraîneurs
  * Polo
  * Events
    * Challenge Inte...
---
* Club
    * Présentation
    * Comité 2016/17
    * Bénévolat
    * Nos partenaires
    * Contact
  * Ecole
    * Aqua Ludique
    * Débutants
    * Avancés
    * Précompétiteurs
    * Nos moniteurs
  * Natation
    * Filière Compétition
      * Jeunes compétiteurs 2
      * Jeunes Compétiteurs 1
      * Espoirs
      * Elites/Compétiteurs 1
      * Compétiteurs 2
    * Natation sportive
    * Masters
    * Entraîneurs
  * Synchro
    * Les groupes
    * Nos entraîneurs
  * Polo
  * Events
    ..."
82,155,82_chamber_lartisanat_chambre_chamber commerce,"chamber, lartisanat, chambre, chamber commerce, mtiers, chambre mtiers, metiers, publie, federation, commerce","* Presse 
  * Outils pratiques 
    * Bourse d'entreprises 
    * Aides aux entreprises 
    * Moteur de recherche Energie fir d'Zukunft+ 
    * Agenda des manifestations 
    * Agenda des formations 
    * Médiathèque 
  * Contact 
    * Vos contacts 
    * Adresse et plan d'accès 
    * Nous contacter 
    * Newsletter 
    * Location de salles

* Presse 
  * Outils pratiques 
  * Contact

* Ma création  
d'entreprise

* Mon  
apprentissage

* Mon Brevet  
de Maîtrise

* Ma formation  
continu...
---
* Home 
  * About us 
    * La Chambre des Métiers 
    * Composition de l'Assemblée Plénière de la Chambre des Métiers 
    * Composition du Comité de la Chambre des Métiers 
    * Conseil Interrégional des Chambres des Métiers 
  * L'Artisanat 
    * L'Artisanat 
    * Les activités artisanales 
    * Chiffres et statistiques 
  * Outils pratiques 
    * Bourse d'entreprises 
    * Moteur de recherche Energie fir d'Zukunft+ 
    * Agenda des événements 
    * Agenda des formations 
  * Médiath...
---
* About
    * Our Team
    * Advisory Board
    * Partners
  * Membership
    * Membership Benefits
    * Founder & Sustaining Members
    * Our Members
    * Members Corner
  * Events
  * News
    * Bilateral Relations
    * Sponsorship
    * Publications
    * Useful Links 实用链接
  * Contact
    * FAQs
    * Mailing List
    * Jobs Board
    * Privacy Policy
  * 中卢商会

* News
  * 50th Anniversary
  * Our Events
  * Newsletter
  * Press Release
  * Partners' News
  *

Archives Select Month July 20..."
83,154,83_gardecorps_mtalliques_acier_inox,"gardecorps, mtalliques, acier, inox, mtallique, escaliers, constructions, verre, aluminium, mtal","* Accueil
  * Nos Spcialits
    * Garde-coprs
    * Portails
    * Escaliers
    * Botes aux lettres
    * Crochets de toiture
    * Terrases & Toitures verre
    * Dcorations de jardin
    * Mobilier
    * Divers
  * Les Ateliers
  * Nos Ralisations
  * Aides & Primes
  * Actualits
  * Jobs
  * Devis
  * Contact
  *    DE

Escaliers mtalliques d'intrieur ou d'extrieur

Des garde-corps mtalliques sur mesure

Des portails mtalliques sur mesure

Votre bote aux lettres mtallique sur mesure !

Des c...
---
* Accueil
  * Nos Spcialits
    * Garde-coprs
    * Portails
    * Escaliers
    * Botes aux lettres
    * Crochets de toiture
    * Terrases & Toitures verre
    * Dcorations de jardin
    * Mobilier
    * Divers
  * Les Ateliers
  * Nos Ralisations
  * Aides & Primes
  * Actualits
  * Jobs
  * Devis
  * Contact
  *    DE

Des garde-corps mtalliques sur mesure

Des portails mtalliques sur mesure

Escaliers mtalliques d'intrieur ou d'extrieur

Votre bote aux lettres mtallique sur mesure !

Des c...
---
* Accueil
  * Nos Spcialits
    * Garde-coprs
    * Portails
    * Escaliers
    * Botes aux lettres
    * Crochets de toiture
    * Terrases & Toitures verre
    * Dcorations de jardin
    * Mobilier
    * Accessoires de chasse
    * Divers
  * Les Ateliers
  * Nos Ralisations
  * Aides & Primes
  * Actualits
  * Jobs
  * Devis
  * Contact
  *    DE

Escaliers mtalliques d'intrieur ou d'extrieur

Des garde-corps mtalliques sur mesure

Des portails mtalliques sur mesure

Votre bote aux lettres m..."
84,153,84_fassade_fassaden_peinture_farben,"fassade, fassaden, peinture, farben, farbe, leistungen, sanierung, arbeiten, materialien, innen","+352 23630252 kauthen@pt.lu

* Startseite
  * Dienstleistungen
  * Dekorationstechniken
  * WEM Wandheizung
  * Natürlicher Anstrich
  * Unsere Leistungen
  * Angebotsanfrage
  *   *     *

# Ökologischer Innen- und Aussenanstrich - Lehm- und Kalkputze

Für optimalen Komfort in Ihrem Zuhause das ganze Jahr ÜBER

Ich möchte mehr Komfort

## Nachhaltig und ökologisch wohnen

Unser Unternehmen existiert seit 1989 und wir sind spezialisiert auf
Renovierungs- und Neubauprojekte von Privatkunden. Wir ...
---
* Home
  * Leistungen
  * Aktuelles
  * Projekte
  * Ãœber Uns

## FASSADENGESTALTUNG

Die Fassade ist das Gesicht Ihres Hauses und sollte ein erstes AushÃ¤ngeschild
sein. Sie sollte zudem nicht nur schÃ¶n, sondern auch schÃ¼tzend sein. Eine
Fassade ist so facettenreich wie das Gesicht eines Menschen, hierbei kommt es
besonders auf die individuelle Gestaltung an: WohnhÃ¤user und Altbauten
erfordern beispielsweise eine andere Fassadengestaltung als GebÃ¤ude mit
gewerblichem Nutzen. KÃ¼nstlerische...
---
+352 23630252 peinture@kauthen.lu

* Startseite
  * Dienstleistungen
  * Dekorationstechniken
  * WEM Wandheizung
  * Naturlicher Anstrich
  * Unsere Leistungen
  * Angebotsanfrage
  *   *     *

# Ökologischer Innen- und Aussenanstrich - Lehm- und Kalkputze

Fur optimalen Komfort in Ihrem Zuhause das ganze Jahr ÜBER

Ich mochte mehr Komfort

## Nachhaltig und okologisch wohnen

Unser Unternehmen existiert seit 1989 und wir sind spezialisiert auf
Renovierungs- und Neubauprojekte von Privatkunden..."
85,152,85_formation_mba_university_enseignant,"formation, mba, university, enseignant, professionnelle, formations, program, formation professionnelle, business, students","Weiterbildungen Anbieter Vermieter Alles anzeigen  
Einloggen  |  Sich anmelden
Passwort vergessen?

Bewegen Sie den Cursor zur 8

Wir überprüfen, ob Sie kein Suchroboter sind.

Warum sollte man sich bei lifelong-learning.lu anmelden?  
Um mehr über die Verarbeitung Ihrer persönlichen Daten zu erfahren, lesen Sie
unseren rechtlichen Hinweis.

Das Portal in Sachen lebenslanges Lernen

* Startseite
  * Kontext
  * Weiterbildungen
  * Diplome
  * Beihilfen
  * Orientierung
  * Publikationen

Berufl...
---
Se connecter  |  S'inscrire
Mot de passe oublié?

S'abonner à la newsletter Formanews

Merci de déplacer le curseur jusqu'à 9

Nous vérifions que vous n'êtes pas un robot

Pourquoi s'inscrire à lifelong-learning.lu?

la formation tout au long de la vie

La formation continue

L'éducation et la formation tout au long de la vie

Le système scolaire luxembourgeois

Lexique de la formation

L'Observatoire de la formation

Mon parcours personnel

Une histoire de compétences

Des besoins en formation
...
---
###### La formation continue

L'éducation et la formation tout au long de la vie

Le système scolaire luxembourgeois

Exercer l'activité de formateur

###### Mon parcours personnel

Une histoire de compétences

Des besoins en formation

Un projet professionnel

###### Le plan de formation en entreprise

Un projet d'entreprise

Avant le plan de formation

Etapes indispensables

###### Les acteurs de la formation

Formations sectorielles

Formations liées aux droits d'exercice et d'établissement

..."
86,151,86_bureau_mobilier_fauteuil_meubles,"bureau, mobilier, fauteuil, meubles, table, chaise, design, chaises, tables, confrence","* La société
    * Historique
    * Secteurs d'activité
    * L'equipe
  * Notre philosophie
  * Nos produits
    * Mobilier de bureau
    * Mobilier didactique
    * Mobilier design
    * Meuble pour enfant
  * Fournisseurs
  * Références
  * Contact

#### Set your main menu in Appearance > Menus

* S'inscrire
Connexion

Le nom d'utilisateur ou l'email *

Accueil / Mobilier design / Tabouret / Swopper  Page précédente

#### Description du produit

> DESIGN: Per Øie
Du mouvement. Dans chaque dét...
---
* La société
    * Historique
    * Secteurs d'activité
    * Notre philosophie
    * L'équipe
  * Nos produits
    * Mobilier de bureau
    * Mobilier didactique
      * Produits
      * Mobilier scolaire
    * Mobilier pour la Santé
    * Mobilier design
  * Fournisseurs
  * Références
  * Newsletter
  * Contact

#### Set your main menu in Appearance > Menus

Accueil / Mobilier design / Chaises / S10  Return to Previous Page

#### Product Description

#### Sièges pour réunions, conférences ou ...
---
* La société
    * Historique
    * Secteurs d'activité
    * Notre philosophie
    * L'équipe
  * Nos produits
    * Mobilier de bureau
    * Mobilier didactique
      * Produits
      * Mobilier scolaire
    * Mobilier pour la Santé
    * Mobilier design
  * Fournisseurs
  * Références
  * Newsletter
  * Contact

#### Set your main menu in Appearance > Menus

Accueil / Mobilier de bureau / Accueil et espace d’attente / Canapés / LAY -
Operative  Return to Previous Page

#### Product Descriptio..."
87,151,87_maintenance_construction_coming_mode,"maintenance, construction, coming, mode, password, actuellement, bientt, perdu, passe, wordpress","# luxartcontemporary

## Maintenance mode is on

Site is in maintenance mode.

© luxartcontemporary 2023

User LoginLost Password
---
Our website is currently undergoing scheduled maintenance. We Should be back
shortly. Thank you for your patience.
---
Our website is currently undergoing scheduled maintenance. We Should be back
shortly. Thank you for your patience."
88,148,88_sound_audio_light_equipment,"sound, audio, light, equipment, recording, event, lighting, music, video, rental","* #  Please select your page
  *

* WK. SOUND & LIGHT
  * SERVICES
  * EQUIPMENT
  * REFERENCES
  * CONTACT

* Home
  * EQUIPMENT

#  WK Sound & Light Equiment

Do you remember the compelling sound during your last visit of a concert ?  
  
Powerful sound is our passion. And sharing this passion with you is our
ambition.  
  
We are convinced that perfect sound gathers the perfect success of your event.  
Between small systems for your private event and high-performance systems for
your Open-air...
---
HOME  
Rentals  
Sound  
Lighting  
Vision  
Other  
Installation  
Sales  
Sound  
Lighting  
Vision  
Other  
Company  
References  
Itinerary  
Contact  
PRO AUDIO Srl  
7 Spackeltergaass  
L-1670 Senningerberg  
Luxembourg  
  
Tel: (+352) 34 89 22  
Fax: (+352) 34 61 51  
  
info(at)proaudio.lu  
  
Consultations sur rendez-vous  
Rentals  
  
We bring images, lights and sound into line with your goals. To ensure the
success of your event, we not only offer the latest technology, but also
q...
---
+352 691 838 240‬ info@sound-delight.lu

* Home
  * Shop
  * Sales
  * Rental
  * Event-Solutions
  * Recording
  * References
  * Contact

* Rental
Do it yourself by renting your equipment at Sound-Delight

You need a speaker, a spotlight or a full party or band set? Get in touch with
us to get an offer and benefit from our know-how in order to get the
appropriate equipment for your needs. There is a solution for every problem.

#### Sound equipment

Rent our high-quality speakers P.A. systems,..."
89,146,89_pdf_ecologique_mouvement_transition,"pdf, ecologique, mouvement, transition, ltzebuerg, verffentlicht, landwirtschaft, garten, stiftung, beratung","* KB-INT
  * ASTM
  * MECO
  * DOWNLOAD
  * Kontakt

* Deutsch
    * Français

* Home
  * Über uns
    * Mitgliedsgemeinden
    * Cellule de coordination
    * Koordination
    * KB International
  * Aus der Praxis
    * Bauen/Renovieren
    * Betriebe
    * CO2-Bilanzierung
    * Erneuerbare Energien
    * Energie Effizienz
    * Fair-Bio-Regional-Nachhaltig
    * Forstwirtschaft
    * Klimawandel im Süden
    * Kommunale Beschaffung
    * Menschenrechte
    * Mobilität
    * Rohstoffe
    * St...
---
fr  |  de  | EN
Search

* Über uns
    * Unser Engagement
    * Unsere Erfolge
    * Statutarisches
      * Statuten
      * Kongress
      * Resolutionen
    * Strukturen
      * Präsidium
      * Verwaltungsrat
      * Regional- und Lokalsektionen
      * Arbeitsgruppen
    * Staff
    * Aktivitätsberichte
    * Grundsatzpositionen
    * Mitglied werden
      * Beitrittsformular
    * Newsletter
    * Accès
  * move.
  * Regionalsektionen
    * Regionale Miersch an Emgéigend
      * Comite
   ...
---
fr  |  de  | EN
Search

* Über uns
    * Unser Engagement
    * Unsere Erfolge
    * Statutarisches
      * Statuten
      * Kongress
      * Resolutionen
    * Strukturen
      * Präsidium
      * Verwaltungsrat
      * Regional- und Lokalsektionen
      * Arbeitsgruppen
    * Staff
    * Aktivitätsberichte
    * Grundsatzpositionen
    * Mitglied werden
      * Beitrittsformular
    * Newsletter
    * Accès
  * move.
  * Regionalsektionen
    * Regionale Miersch an Emgéigend
      * Comite
   ..."
90,145,90_rolex_vintage_collector_watch,"rolex, vintage, collector, watch, patek, patek philippe, jaune, bague, boucles, philippe","### Urban Jurgensen reference 3. Set of very early platinum 004, pink gold 010
and yellow gold 015, NOS, never worn, box, certificat and booklet. Available
as a set of the 3 watches or each single. Derek Pratt.

This is a rare opportunity for every high-class collector to own a set of very
early, legendary Urban Jurgensen reference 3. All these three watches do come
in NOS condition, never been worn with box, certificat and booklet. The
combination of the early production numbers and the fact th...
---
Showroom opening times: by appointment

Whatsapp: +352 691300033

E-mail: info@watchcollector.lu

No items shall be sent prior to receipt of funds

## International Customers

Duties and taxes are your responsibility

Vintage watches are sold as-is, and there is no guarantee of movement
accuracy, due to the nature of vintage watches

Watch Collector Watch Collector Watch Collector Watch Collector Watch
Collector Watch Collector Watch Collector Watch Collector Watch Collector
Watch Collector Watc...
---
Showroom opening times: by appointment

Tel / Whatsapp: +352 691300033

E-mail: info@watchcollector.lu

No items shall be sent prior to receipt of funds

## International Customers

Duties and taxes are your responsibility

Vintage watches are sold as-is, and there is no guarantee of movement
accuracy, due to the nature of vintage watches

Watch Collector Watch Collector Watch Collector Watch Collector Watch
Collector Watch Collector Watch Collector Watch Collector Watch Collector
Watch Collecto..."
91,144,91_peinture_dcoration_peintures_travaux,"peinture, dcoration, peintures, travaux, intrieure, faade, rnovation, revtement, sols, revtements","* Accueil
  * À propos
  * Peinture
    * Résidences & Maisons
    * Bureaux
    * Commerces & Services
    * Façades
    * Halls & Parkings
  * Décoration
  * Inspiration
    * Nos Projets
    * Nos Conseils & Astuces
  * Contactez-nous
  * More

Use tab to navigate through the menu items.

# Specialiste de la peinture  
et de la decoration  
au Luxembourg

## Des professionnels pour tous vos projets

Nous mettons a votre service plus de 20 annees d'experience dans la peinture
et la decoration ...
---
* Accueil
  * A propos
  * Nos services
    * Peinture et travaux d'interieur
    * Peinture et travaux d’exterieur
  * Nos realisations 
  * Contact

## Peinture et travaux d'intérieur

Notre expertise vous permet de profiter de peintures intérieures et
revêtements muraux au rendu irréprochable.

## Peinture et travaux d'extérieur

Un extérieur accueillant fait toute la différence pour se sentir bien chez
soi.

* * *
##  
Devis gratuit, n’hésitez pas

## peinture et travaux d'intérieur

Nous pr...
---
Afin de fournir une fonctionnalité complète, ce site Web nécessite votre
consentement explicite pour stocker des cookies de navigateur. Si vous
n'autorisez pas les cookies, vous ne pourrez peut-être pas utiliser certaines
fonctionnalités du site Web, notamment les suivantes: contenu personnalisé,
changement de culture. Il est recommandé d'autoriser tous les cookies.

#  Peinture et Décoration

* Accueil
  * Presentation
  * Produits & Services
  * Nos prestations
    * Travaux de peinture
    * ..."
92,142,92_hf_synergie_dtail_postuler,"hf, synergie, dtail, postuler, interim, recherchons, cherche, offres, demploi, recherche","* Accueil
  * Candidats
    * Offres d'emploi
    * Le travail temporaire
    * Missions & contrats
    * Droits et devoirs
    * Infos pratiques
    * Postuler en ligne
  * Entreprises
    * Pourquoi Synergie ?
    * Recourir au travail temporaire
    * Contrats de gestion – Payrolling
    * Pré-recrutement
    * Demande de personnel
  * Synergie
    * Synergie recrute pour Synergie
    * Vision – Mission – Valeurs
    * Le Groupe Synergie
  * News
  * Contact
    * Agence Esch sur Alzette
    ...
---
* Accueil
  * Candidats
    * Offres d'emploi
    * Le travail temporaire
    * Missions & contrats
    * Droits et devoirs
    * Infos pratiques
    * Postuler en ligne
  * Entreprises
    * Pourquoi Synergie ?
    * Recourir au travail temporaire
    * Contrats de gestion – Payrolling
    * Pré-recrutement
    * Demande de personnel
  * Synergie
    * Synergie recrute pour Synergie
    * Vision – Mission – Valeurs
    * Le Groupe Synergie
  * Contact
    * Agence Esch sur Alzette
    * Agence ...
---
* Accueil
  * Candidats
    * Offres d'emploi
    * Le travail temporaire
    * Missions & contrats
    * Droits et devoirs
    * Infos pratiques
    * Lancement d'alerte
    * Données Personnelles
    * Télécharger form. consentement
    * Postuler en ligne
  * Entreprises
    * Pourquoi Synergie ?
    * Recourir au travail temporaire
    * Contrats de gestion – Payrolling
    * Pré-recrutement
    * Demande de personnel
  * Synergie
    * Synergie recrute pour Synergie
    * Vision – Mission –..."
93,141,93_randonne_vtt_challenge_tour,"randonne, vtt, challenge, tour, rock, red, route, parcours, belval, vlo","* Startsait
  * Training
  * Kalenner
  * Comité
  * Sponsoren
  * Shop
  * Kontakt
  * EdT 2019

# 08.06.2019 - Nuit du Sport

* * *
# 27.04.2019 - Télévie Randonnée

Télévie Centre de Promesse Junglinster Tour

Centre Polyvalent 'Gaston Stein'

Parcours (55km / 744m) :

https://www.strava.com/routes/17427363

* * *
# 01.03.2019 - Assemblée Générale Muselbikes

Nous avons le plaisir de vous inviter à notre assemblée générale annuelle qui
se tiendra le

vendredi 01 mars 2019 à 18h30  
Stade ""op ...
---
* Startsait
  * Training
  * Comité
  * Sponsoren
  * Shop
  * Kontakt

Muselbikes Trip Nice - Briançon

##  Nouvelles mesures sanitaires pour les activités sportives

##  Recommandations sanitaires temporaires pour les activités sportives

##  Mir wënschen Iech schéi Chrëschtdeeg an ee gudde Rutsch an d'neit Joer.

##  Muselbikes Gravel/MTB Sunday

Sondesch den 22. November 2020 organiséiert den Muselbikes Comité eng
gemeinsam Gravel/MTB Sortie fir seng Memberen.

* 15h00 Treffpunkt Grevenmache...
---
* Startsait
  * Training
  * Kalenner 2020
  * Comité
  * Sponsoren
  * Shop
  * Kontakt

25.04.2020  
Eis Memberen presentéieren déi nei Muselbikes Tenue 2020_2022

Assemblée Générale Muselbikes - ANNULEE !!

Le comité a décidé de suivre les directives des autorités nationales et
locales en matière de santé publique et prend toutes les mesures nécessaires
afin d’éviter la propagation du virus Covid-19.

>> L'assemblée générale 2020 est annulée <<

Nous allons contacter nos membres dans les proc..."
94,137,94_animal_animaux_cabinet_consultations,"animal, animaux, cabinet, consultations, chirurgie, domicile, chien, dr, pet, clinique","* Accueil
  * Avantages
  * Services
  * A propos
  * Disponibilites
  * Articles
  * Contact

# Medecin Veterinaire  
Consultations a domicile

Diplômé en Médecine Vétérinaire, je suis à votre disposition dans tout le
Luxembourg pour des consultations à domicile afin de prendre soin de votre
animal. Je vous propose ainsi un suivi médical de qualité et entièrement
personnalisé.

Afin de fixer un rendez-vous, merci de me contacter par téléphone au +352 671
100 102

Du lundi au vendredi de 8h à 20...
---
* Accueil
  * Avantages
  * Services
  * A propos
  * Disponibilites
  * Articles
  * Contact

# Medecin Veterinaire  
Consultations a domicile

Diplômé en Médecine Vétérinaire, je suis à votre disposition dans tout le
Luxembourg pour des consultations à domicile afin de prendre soin de votre
animal. Je vous propose ainsi un suivi médical de qualité et entièrement
personnalisé.

Afin de fixer un rendez-vous, merci de me contacter par téléphone au +352 671
100 102

Du lundi au vendredi de 8h à 20...
---
* Accueil
  * Avantages
  * Services
  * A propos
  * Disponibilites
  * Articles
  * Contact

# Medecin Veterinaire  
Consultations a domicile

Diplômé en Médecine Vétérinaire, je suis à votre disposition dans tout le
Luxembourg pour des consultations à domicile afin de prendre soin de votre
animal. Je vous propose ainsi un suivi médical de qualité et entièrement
personnalisé.

Afin de fixer un rendez-vous, merci de me contacter par téléphone au +352 671
100 102

Du lundi au vendredi de 8h à 20..."
95,131,95_cigl_solidaire_proximit_environnement,"cigl, solidaire, proximit, environnement, projets, service, lemploi, dinitiative, jardin, demploi","* Accueil
  * Le CIGL
    * Présentation
    * Conseil d'administration
    * Cellule de coordination locale
    * Bases légales
    * Partenaires
    * Rapport d'activités
  * Activités
    * Service de proximité ""De Réiserbänner Handkesselchen""
    * Aménagement et environnement
    * Service de transport au STEP
    * Internetstuff
  * Galerie
  * Contact

Accueil > Le CIGL > Présentation

### Le CIGL Roeserbann & Weiler-la-Tour

Le CIGL Roeserbann & Weiler-la-Tour est une association sans bu...
---
* Accueil
  * Qui sommes nous
    * Le conseil d'administration
    * Personnel encadrant
  * Nos projets
    * Les projets
      * Le service de proximité et le service recyclage
      * Le service Entretien urbain
      * Le projet Internetstuff KBIT’S PLACE
      * Les projets Environnement et espaces verts
      * Les projets Associatifs et Touristiques
    * Environnement des projets
    * Financement des projets
  * Nos partenaires
  * Nos objectifs
  * Contact
  * Rechercher
  * Menu Menu...
---
* Accueil
  * Qui sommes nous
    * Le conseil d'administration
    * Personnel encadrant
  * Nos projets
    * Les projets
      * Le service de proximité et le service recyclage
      * Le service Entretien urbain
      * Le projet Internetstuff KBIT’S PLACE
      * Les projets Environnement et espaces verts
      * Les projets Associatifs et Touristiques
    * Environnement des projets
    * Financement des projets
  * Nos partenaires
  * Nos objectifs
  * Contact
  * Rechercher
  * Menu

Vou..."
96,122,96_flight_pilot_training_rating,"flight, pilot, training, rating, air, saut, cercle, licence, instrument, club","* Welcome
  * Flight Academy
  * Training Courses
    * The Road to Become a Pilot at LFTA
    * PPL – Private Pilot Licence
    * Night VFR
    * CPL – Commercial Pilot Licence
    * MEP – Multi-Engine-Piston Rating
    * IR – Instrument Rating
    * CBIR and EIR
    * ATPL – Air Transport Pilot Licence
    * MCC – Multi Crew Co-Operation
    * FI – Flight Instructor
    * PBN - Performance Based navigation Course
    * Modular Training
  * About LFTA
    * Your Way to the LFTA Premises
    * D...
---
* Welcome to LFTA
  * Flight Academy
  * Training Courses
    * The Road to Become a Pilot at LFTA
    * PPL(A) – Private Pilot Licence
    * Night VFR
    * CPL(A) – Commercial Pilot Licence
    * MEP – Multi-Engine-Piston Rating
    * IR – Instrument Rating
    * CBIR – Competency Based Instrument Rating
    * ATPL(A) – Air Transport Pilot Licence
    * MCC – Multi Crew Co-Operation
    * FI – Flight Instructor
    * PBN - Performance Based navigation Course
    * Modular Training
  * Flight S...
---
* Welcome
  * Flight Academy
  * Training Courses
    * Modular Training
    * PPL – Private Pilot Licence
    * Night VFR
    * CPL – Commercial Pilot Licence
    * MEP – Multi-Engine-Piston Rating
    * IR – Instrument Rating
    * CBIR and EIR
    * ATPL – Air Transport Pilot Licence
    * MCC – Multi Crew Co-Operation
    * FI – Flight Instructor
    * PBN - Performance Based navigation Course
  * About LFTA
    * Your Way to the LFTA Premises
    * DIMAS
  * Flight Simulator (FNPT II)
  * C..."
97,120,97_libert_solution_projets_espace,"libert, solution, projets, espace, dexcellence, adapte besoins, poses, accdez, boutique ligne, recrute","Votre domaine brooklyn.lu a bien été créé chez OVH.

Accédez à votre Webmail OVH

Configurez votre domaine  
depuis votre Espace Client Web

Consultez la liste des  
questions fréquemment posées

Vous pouvez dès à présent lui associer un hébergement,  
en choisissant la solution la plus adaptée à vos besoins :

Une solution économique  
pour héberger vos projets Web :  
site Internet, boutique en ligne,  
landing page...

## Virtual Private Server

Alliez la flexibilité du Cloud  
à la liberté d...
---
Votre domaine bubbles.lu a bien été créé chez OVH.

Accédez à votre Webmail OVH

Configurez votre domaine  
depuis votre Espace Client Web

Consultez la liste des  
questions fréquemment posées

Vous pouvez dès à présent lui associer un hébergement,  
en choisissant la solution la plus adaptée à vos besoins :

Une solution économique  
pour héberger vos projets Web :  
site Internet, boutique en ligne,  
landing page...

## Virtual Private Server

Alliez la flexibilité du Cloud  
à la liberté du...
---
Votre domaine arteviva.lu a bien été créé chez OVH.

Accédez à votre Webmail OVH

Configurez votre domaine  
depuis votre Espace Client Web

Consultez la liste des  
questions fréquemment posées

Vous pouvez dès à présent lui associer un hébergement,  
en choisissant la solution la plus adaptée à vos besoins :

Une solution économique  
pour héberger vos projets Web :  
site Internet, boutique en ligne,  
landing page...

## Virtual Private Server

Alliez la flexibilité du Cloud  
à la liberté d..."
98,116,98_pharmacie_hrs_1830_830,"pharmacie, hrs, 1830, 830, 1230, 1330, garde, 0800, 1200, 800","* Espace membre 
  * Flux RSS 
  * Contact

* Accueil
  * A propos 
    * À propos du SPL
    * Mot du président
    * Rôle du pharmacien
    * Devenir pharmacien
    * Liens utiles
    * Contact
  * Service de garde 
    * Garde du jour
    * Garde à venir
  * Pharmacies
  * Agenda
  * Actualités
  * Offre d'emploi

# Politique de confidentialité Date de dernière mise à jour : 18.05.2018

Pharmacie.lu, respectivement des membres du Syndicat des Pharmaciens
luxembourgeois (ci-après SPL), s’engag...
---
* Espace membre 
  * Flux RSS 
  * Contact

* Accueil
  * Commande en ligne
  * COVID-19 
    * Actualités
    * Tests rapides
  * A propos 
    * À propos du SPL
    * Mot du président
    * Rôle du pharmacien
    * Devenir pharmacien
    * Liens utiles
    * Contact
  * Service de garde 
    * Garde du jour
    * Garde à venir
  * Pharmacies
  * Agenda
  * Actualités
  * Offre d'emploi

* * *
  
Cher patient, afin d'effectuer une commande en ligne, nous vous prions de
chercher votre pharmacie ...
---
Accueil   Service de garde   Les Pharmacies   Conseils pratiques
Formations   Emplois   Liens   Qui sommes-nous?   Contact  
#

Choisissez votre pharmacie Pharmacie Bouchard Guy Pharmacie Centrale de Mersch
Pharmacie Christnacht Pharmacie d'Eich Pharmacie de Beaufort Pharmacie de
Belair Pharmacie de Belvaux Pharmacie de Bertrange Pharmacie de Bonnevoie
Pharmacie de Capellen Pharmacie de Clausen Pharmacie de Clervaux Pharmacie de
Colmar-Berg Pharmacie de Gasperich Pharmacie de Grevenmacher Pharma..."
99,113,99_rsr_walfer_volleyball_beach,"rsr, walfer, volleyball, beach, hommes, dames, strassen, coupe, cup, gym","#  RSR WALFER VOLLEYBALL

* Bienvenue
  * Club
    * Le Club se présente
    * Le mot du président
    * Palmarès
    * Le comité
    * Nos Arbitres
    * Nos Sponsors
    * Contactez-nous
    * Impressum
  * News
  * Novotel Ligue
    * Equipe Dames (NLD) 
    * Team
    * Next Matches
    * Results
    * Classement
    * Training
    * Equipe Hommes (NLH) 
    * Team
    * Next Matches
    * Results
    * Classement
    * Training
  * Equipes
    * Equipes Dames 
    * Senior Dames II
    * Se...
---
Skip to main content

* Bienvenue
  * Club 
    * Le Club se présente
    * Le mot du président
    * Le comité
    * Palmarès
    * Nos Arbitres
    * Nos Sponsors
    * Contactez-nous
    * Impressum
  * News
  * Equipes 
    * Equipes Dames
      * Senior Dames 1
      * Senior Dames 2
    * Equipes Hommes
      * Senior Hommes 1
      * Senior Hommes 2
      * Senior Hommes 3
    * Section Loisir
      * Loisir
    * Equipes Jeunes
      * U19 Dames
      * U19 Hommes
      * U17 Dames
     ...
---
#  RSR WALFER VOLLEYBALL

* Bienvenue
  * Club
    * Le Club se présente
    * Le mot du président
    * Palmarès
    * Le comité
    * Nos Arbitres
    * Nos Sponsors
    * Contactez-nous
    * Impressum
  * News
  * Equipes
    * Equipes Dames 
    * Senior Dames I
    * Senior Dames II
    * Senior Dames III
    * . 
    * Equipes Hommes 
    * Senior Hommes I
    * Senior Hommes II
    * Section Loisir 
    * Loisir
    * Equipes Jeunes 
    * Bouncing Grizzlies
    * Minimes
    * Scolaires..."
100,112,100_q8_participant_mazout_pellets,"q8, participant, mazout, pellets, card, gulf, premium, chauffage, bois, total","* Particulier
  * Professionnel

* Besoin d'aide?
  * Carwash
  * Chercher une station-service

1. Accueil
  2. Conditions d'utilisation

#  Conditions d'utilisation

Ce site web est la propriété et est géré par :  
Kuwait Petroleum (Belgium) S.A.  
Brusselstraat 59 boîte 1  
2018 Anvers.  
  
BTW BE 0404.584.525  
RPM, division Anvers  
  
Tel: 032.(0)3.241.33 00  
Fax: +32 (0) 2. 241 34 00  
  
Adresse électronique: [email protected]  
  
Les mots ""Nous"" et ""Nos"" repris dans ces termes et cond...
---
* Welcome
  * Request an offer
  * Become customer

* 1 Start
  * 2 Your company
  * 3 Your fleet
  * 4 Your cards
  * 5 Bank account
  * 6 Validation

Please check the data marked in red

Important! In step 2, a scan will be asked of the front of the ID or passport
of the Director (or his representative) of your company. Please ensure that
you have prepared this file before you start filling out the form. Completing
this form takes just a few minutes, but you will receive your fuel cards
faster...
---
* Willkommen
  * Angebot beantragen
  * Kunde werden

* 1 Start
  * 2 Ihr Unternehmen 
  * 3 Ihr Fuhrpark
  * 4 Ihre Karten 
  * 5 Bankverbindung 
  * 6 Bestätigung

Überprüfen Sie bitte die rot markierten Daten

Wichtig! In Schritt 2, wird ein Scan der Vorderseite des Personalausweises
oder vom Reisepass des Direktors der Firma (oder dessen Vertreter) gefragt.
Bitte stellen Sie sicher, dass Sie diese Datei erstellt haben, bevor Sie
anfangen das Formular ausfüllen. Das Ausfüllen des Formulars da..."
101,112,101_haff_eis_ferme_och,"haff, eis, ferme, och, eisen, iwwert, buttek, gemse, kontakt, betrieb","* Home
  * Mir iwwert eis
  * Eise Betrib
  * Eis Déieren
    * Allgemeng Informatiounen
    * Eis Mëllechkéi
    * Eisen Nowues
  * Ferme pédagogique MUHlti KUHlti
    * Allgemeng Informatiounen
    * Thema Mëllech: Vun der Kou bis zum Botter
    * Thema Getreide: Vum Kar bis zum Brout/Müsli
    * De Bauerenhaff an de 4 Joreszäiten
    * Kannergebuertsdag
    * Eis Haffwiichtelecher
    * Schoulprojet 2015-2017
      * Projet
      * Haffblat
  * Verkaf um Haff
  * Kontakt

# Biohaff Witry zu D...
---
* Home
  * Mir iwwert eis
  * Eise Betrib
  * Eis Déieren
    * Allgemeng Informatiounen
    * Eis Mëllechkéi
    * Eise Nowues
  * Ferme pédagogique
    * Allgemeng Informatiounen
    * Thema Mëllech: Vun der Kou bis zum Botter
    * Thema Getreide: Vum Kar bis zum Brout/Müsli
    * De Bauerenhaff an de 4 Joreszäiten
    * Kannergebuertsdag
  * Schoulprojet 2015-2017
    * Projet
    * Haffblat
  * Verkaf um Haff
  * News
  * Kontakt

# Biohaff Witry zu Dippech

## Wëllkomm op eiser Saït

Mir s...
---
Adress: 3 an der Lengt, L-9350 Bastendorf

* Meyrishaff
  * Iwwert Eis
  * Är Epicerie um Haff
    * Vum Haff
    * Saisonal
    * Rôtisserie
    * Hausgemaacht
    * Regional
    * Kaffispaus?
  * Eis Kontaktéieren
  * Search
  * Menu

* Iwwert Eis
  * Iwwert den Haff
  * Iwwert Epicerie

De Meyrishaff ass ee Bauerebetrib, deen tëscht Baastenduerf an der Selz läit
an op deem Fräilandhinger, Angus Kéi mat Kalwer, a Schof hiert Doheem hunn.

De Meyrishaff produzéiert nieft de Wiseneeër an dem Fle..."
102,112,102_caf_cafe_cafs_tea,"caf, cafe, cafs, tea, machines, vert, coffee, espresso, santos, rfrence","* Cette boutique necessite JavaScript afin de fonctionner correctement. Merci de l'activer dans votre navigateur.

Bienvenue, identifiez-vous

* Panier : 0 produit produits (vide)
  * Votre compte

* ACCUEIL
  * SHOP
  * APPRENDRE
  * A PROPOS

####  Panier  
articles article (vide)

Expedition 0,00 €  
Total 0,00 €

* CAFÉS
    * CAFÉ DE PRESTIGE
    * INTENSITÉ 2/5 - DOUX / AROMATIQUE 
    * INTENSITÉ 3/5 - LÉGÈREMENT CORSÉ
    * INTENSITÉ 4/5 - CORSÉ / INTENSIF
    * INTENSITÉ 5/5 - PUISSANT ...
---
* Cette boutique necessite JavaScript afin de fonctionner correctement. Merci de l'activer dans votre navigateur.

Bienvenue, identifiez-vous

* Panier : 0 produit produits (vide)
  * Votre compte

* ACCUEIL
  * SHOP
  * APPRENDRE
  * A PROPOS

####  Panier  
articles article (vide)

Expedition 0,00 €  
Total 0,00 €

* CAFÉS
    * CAFÉ DE PRESTIGE
    * INTENSITÉ 2/5 - DOUX / AROMATIQUE 
    * INTENSITÉ 3/5 - LÉGÈREMENT CORSÉ
    * INTENSITÉ 4/5 - CORSÉ / INTENSIF
    * INTENSITÉ 5/5 - PUISSANT ...
---
* Cette boutique necessite JavaScript afin de fonctionner correctement. Merci de l'activer dans votre navigateur.

Bienvenue, identifiez-vous

* Panier : 0 produit produits (vide)
  * Votre compte

* ACCUEIL
  * SHOP
  * APPRENDRE
  * A PROPOS

####  Panier  
articles article (vide)

Expedition 0,00 €  
Total 0,00 €

* CAFÉS
    * CAFÉ DE PRESTIGE
    * INTENSITÉ 2/5 - DOUX / AROMATIQUE 
    * INTENSITÉ 3/5 - LÉGÈREMENT CORSÉ
    * INTENSITÉ 4/5 - CORSÉ / INTENSIF
    * INTENSITÉ 5/5 - PUISSANT ..."
103,110,103_sol_parquet_revtements_sols,"sol, parquet, revtements, sols, parquets, revtement, pose, bois, tapis, designer","+352 26 88 08 25 info@sol-designer.lu

* ACCUEIL
  * POSE DE TERRASSE
  * NOS REVÊTEMENTS DE SOL
    * INSTALLATION DE PARQUETS
    * NOS MARQUES DE PARQUETS ET LAMINÉS
    * NOS AUTRES TYPES DE REVÊTEMENTS
    * NOS MARQUES DE TAPIS
  * NOS STORES
  * CONTACT

# Votre professionnel des revêtements de sol et de la décoration d’intérieur
au Luxembourg

Sol Designer : Une créativité intarissable et une expertise sans cesse
renouvelable pour des sols et des intérieurs inspirant confort et convivial...
---
* ACCUEIL
  * POSE DE TERRASSE
  * NOS REVÊTEMENTS DE SOL
    * INSTALLATION DE PARQUETS
    * NOS MARQUES DE PARQUETS ET LAMINÉS
    * NOS AUTRES TYPES DE REVÊTEMENTS
    * NOS MARQUES DE TAPIS
  * NOS STORES
  * CONTACT

# Votre professionnel des revêtements de sol et de la décoration d’intérieur
au Luxembourg

Sol Designer : Une créativité intarissable et une expertise sans cesse
renouvelable pour des sols et des intérieurs inspirant confort et convivialité

J'accepte que mes données soient t...
---
* ACCUEIL
  * POSE DE TERRASSE
  * NOS REVÊTEMENTS DE SOL
    * INSTALLATION DE PARQUETS
    * NOS MARQUES DE PARQUETS ET LAMINÉS
    * NOS AUTRES TYPES DE REVÊTEMENTS
    * NOS MARQUES DE TAPIS
  * NOS STORES
  * CONTACT

# Votre professionnel des revêtements de sol et de la décoration d’intérieur
au Luxembourg

Sol Designer : Une créativité intarissable et une expertise sans cesse
renouvelable pour des sols et des intérieurs inspirant confort et convivialité

J'accepte que mes données soient t..."
104,109,104_powered selfmadewebsite_markeasylu_selfmadewebsite_accueil prsentation,"powered selfmadewebsite, markeasylu, selfmadewebsite, accueil prsentation, powered, prsentation, ralisations, devis, accueil, contact","Accueil Présentation Les Techniques Nos références Nous situer Contact

Powered by Selfmadewebsite (C)2021 Markeasy.lu
---
Accueil Présentation Les Techniques Nos références Nous situer Contact

Powered by Selfmadewebsite (C)2019 Markeasy.lu
---
Accueil Présentation Notre carte Réservation Contact

Powered by Selfmadewebsite (C)2018 Markeasy.lu"
105,108,105_event_events_vnement_building,"event, events, vnement, building, team, vnements, party, animations, communication, agency","* +352 26 26 23 07
  * info@ghanime.lu

* COVID-19
    * POUR LES ENTREPRISES
    * POUR LES PARTICULIERS
  * ORGANISER VOTRE EVENEMENT
    * ANNIVERSAIRE D'ENTREPRISE
    * CONFERENCES
    * INAUGURATIONS
    * LANCEMENT DE PRODUITS
    * TEAM BUILDING
    * SUMMER PARTY
    * CHRISTMAS PARTY
    * SAINT NICOLAS
    * POUR LES PARTICULIERS
  * PLUS DE SERVICES
    * Photobooth
    * Logistique
    * Personnel qualifié
    * Solutions print & digitales
  * VALEURS
    * ANTICIPER
    * ECOUTER
 ...
---
* +352 26 26 23 07
  * info@ghanime.lu

Facebook-f Youtube Instagram Linkedin

* EVENEMENT DIGITAL
    * TEAM BUILDING VIRTUEL
    * ÉVÈNEMENTS HYBRIDES
    * VISIO CONFERENCE
    * RÉALITÉ VIRTUELLE
    * COVID-19
  * EVENEMENT PRESENTIEL
    * ANNIVERSAIRE D'ENTREPRISE
    * CONFERENCES
    * INAUGURATIONS
    * LANCEMENT DE PRODUITS
    * TEAM BUILDING
    * SUMMER PARTY
    * CHRISTMAS PARTY
    * SAINT NICOLAS
    * POUR LES PARTICULIERS
  * PLUS DE SERVICES
    * PHOTOBOOTH
    * LOGISTIQU...
---
* +352 26 26 23 07
  * info@ghanime.lu

* EVENEMENT DIGITAL
    * TEAM BUILDING VIRTUEL
    * ÉVÈNEMENTS HYBRIDES
    * VISIO CONFERENCE
    * RÉALITÉ VIRTUELLE
    * COVID-19
  * EVENEMENT PRESENTIEL
    * ANNIVERSAIRE D'ENTREPRISE
    * CONFERENCES
    * INAUGURATIONS
    * LANCEMENT DE PRODUITS
    * TEAM BUILDING
    * SUMMER PARTY
    * CHRISTMAS PARTY
    * SAINT NICOLAS
    * POUR LES PARTICULIERS
  * PLUS DE SERVICES
    * PHOTOBOOTH
    * LOGISTIQUE
    * PERSONNEL QUALIFIE
    * SOLUTI..."
106,108,106_dog_dogs_chiens_pet,"dog, dogs, chiens, pet, walking, booking, care, chien, hund, pension","+352 661 991 661 \- info@dogwalker.lu

* DOGS
  * CATS
  * TEAM
  * CONTACT

* * *
##  LUCIANO the boss

Luciano is the owner and founder of Dogwalker.lu. He carries with him over a
decade of experiences with dogs. Along with his Dog Chica, he created the
first Dog-walking service in Luxembourg. His devotion to dogs didn’t stop
there as he continued his knowledge for our canine friends through several
seminars with the best Dog-trainers in Germany including Pia grönig and
Manuela Zaitz. Chica ha...
---
* Home
  * Book
  * How it Works
  * Dog Parent Reviews
  * Pricing
  * Become a Dog Sitter
  * FAQs
  * About Us
  * Media Coverage
  * Gallery
  * Contact
  * More

Use tab to navigate through the menu items.

We know how important it is to have somewhere safe to leave your dog when you
travel and we understand you might have additional questions about the
DogStays service. To help make things clearer, here are answers to some
questions dog parents frequently ask us.

1\. Is DogStays like a do...
---
* Home
  * Book
  * How it Works
  * Dog Parent Reviews
  * Pricing
  * FAQs
  * Become a Dog Sitter
  * About Us
  * Media Coverage
  * Gallery
  * Contact
  * More

Use tab to navigate through the menu items.

We know how important it is to have somewhere safe to leave your dog when you
travel and we understand you might have additional questions about the
DogStays service. To help make things clearer, here are answers to some
questions dog parents frequently ask us.

1\. Is DogStays like a do..."
107,107,107_robe_boutique_mariage_marie,"robe, boutique, mariage, marie, vtements, couture, 1800, donnes, personnelles, 0900","Skip to main content

* Présentation
  * Nos collections
  * accessoires
  * contact

* Présentation
  * Nos collections 
    * Robe de mariée
    * Robe de soirée
    * Costume
    * Communion et baptême
  * accessoires
  * contact

* * *
# Les magasins « Etoile – Boutique » s’associent à votre bonheur …

Pour votre robe de mariée, Etoile Boutique à Pétange au Luxembourg est LA
boutique de robe de mariée idéale ! Vous y trouverez une collection exclusive
de robes de mariée pour faire de votre m...
---
* Accueil
  * Presentation
  * Nos tarifs
  * Creations
  * Service retouches
  * Boutique
  * Nos realisations
  * Contact

##  Politique de protection des données

1. Accueil
  2. Politique de protection des donnees

Avant-propos  
Parami Sàrl (ci-après dénommé « Boutique et Retouche Parami ») attache une
grande importance au respect de votre vie privée et a conscience de
l'importance que vous y accordez.  
Boutique et Retouche Parami met dès lors tout en œuvre afin que vous puissiez
utiliser ...
---
* Accueil
  * Presentation
  * Nos tarifs
  * Creations
  * Service retouches
  * Boutique
  * Nos realisations
  * Contact

##  Politique de protection des données

1. Accueil
  2. Politique de protection des donnees

Avant-propos  
Parami Sàrl (ci-après dénommé « Boutique et Retouche Parami ») attache une
grande importance au respect de votre vie privée et a conscience de
l'importance que vous y accordez.  
Boutique et Retouche Parami met dès lors tout en œuvre afin que vous puissiez
utiliser ..."
108,107,108_passe_password_passe oubli_oubli,"passe, password, passe oubli, oubli, identifiant, forgot, email, forgot password, adresse email, enter","Login Ce champ est requis

Mot de passe Ce champ est requis

Rester connecté  Mot de passe oublié

Connexion avec Azur  Connexion avec Google

Integrix® Vigiguard est un module Infodata-Group

Veuillez saisir votre e-mail pour recevoir le lien de réinitialisation de
votre mot de passe.

Integrix® Planning est un module Infodata-Group

Gestion de mot de passe

Bonjour bs, veuillez saisir votre nouveau mot de passe et le confirmer.

Conrfirmez votre mot de passe

Chargement en cours...

Derniers c...
---
# Propulsé par WordPress

Merci de renseigner votre identifiant ou votre adresse de messagerie. Vous
recevrez un e-mail contenant les instructions vous permettant de réinitialiser
votre mot de passe.

Identifiant ou adresse e-mail

<- Retour vers L'ART ET LA LUMIÈRE

Mot de passe oublié ?

## Nous revenons très vite

Nous travaillons sur notre nouveau site web

© L'ART ET LA LUMIÈRE 2020

Accès utilisateurMot de passe perdu
---
Login Ce champ est requis

Mot de passe Ce champ est requis

Rester connecté  Mot de passe oublié

Connexion avec Azur  Connexion avec Google

Integrix® Vigiguard est un module Infodata-Group

Veuillez saisir votre e-mail pour recevoir le lien de réinitialisation de
votre mot de passe.

Integrix® Planning est un module Infodata-Group

Gestion de mot de passe

Bonjour bs, veuillez saisir votre nouveau mot de passe et le confirmer.

Conrfirmez votre mot de passe

Chargement en cours...

[[Définir ..."
109,107,109_cfl_rgtr_kb_ligne,"cfl, rgtr, kb, ligne, larrt, courses, travaux, gare, lignes, route","*     * FR 
    * DE 
    * EN 
  *   * 2489 2489  Call Center 
  * Contactez-nous

* Voyageurs 
    * Voyageurs  A votre service 
    * Fret  Notre expertise 
      * CFL cargo  Fret ferroviaire 
      * CFL multimodal  Logistique & transport combiné 
    * Infrastructure  Nos projets 
    * Groupe CFL  Mieux nous connaitre

* Infos trafic 
  * Actualités 
    * Actualités 
      * Billets achetés dans le train: une majoration de 1 euro 
      * Nancy - Metz - Luxembourg: plusieurs TER supprimé...
---
Espace Voyageurs  
 Espace Evasion  
 Espace CFL cargo  
 Espace Corporate  
 Espace CFL Multimodal  
  
 De    Le      Depart Arrivee  
 Vers    A      Horaires PDF  
  
  Billets  
interna-  
tionaux  
  
  
Info Gare de Luxem-  
bourg  
  
     
  
CFL mobile  
Les actualités  
Les gares  
Les tarifs  
Les profils clients  
Les droits des voyageurs  
Les infos trafic  
Les bus CFL  
A propos des CFL  
Contact  
FAQ  
News Voyageurs & Infos trafic Zoom sur ...  
Incident sur un passage à nivea...
---
*     * FR 
    * DE 
    * EN 
  *   * 2489 2489  Call Center 
  * Contactez-nous

* Voyageurs 
    * Voyageurs  A votre service 
    * Fret  Notre expertise 
    * Infrastructure  Nos projets 
    * Groupe CFL  Mieux nous connaitre

* Infos trafic 
  * Actualités 
    * Actualités 
    * Les bons plans 
      * Centre Pompidou - Metz 
      * Gare Lorraine Express 
      * Votre ticket de concert vaut titre de transport 
      * Un tour en bateau avec les CFL 
      * Randonnées: les CFL vous ..."
110,107,110_function_var_false_nonce,"function, var, false, nonce, javascript, return, val, data, enable, disabled","*/  /* <![CDATA[ */ var woocommerce_saferpaycw_ajax = {""ajax_url"":""https:\/\/studio-land.lu\/wp-admin\/admin-ajax.php""}; /* ]]> */  function hasWKGoogleAnalyticsCookie() { return (new RegExp('wp_wk_ga_untrack_' + document.location.hostname)).test(document.cookie); }  function shouldTrack(){ var trackLoggedIn = false; var loggedIn = jQuery(""body"").hasClass(""logged-in""); if(!loggedIn){ return true; } else if( trackLoggedIn ) { return true; } return false; }  if (!hasWKGoogleAnalyticsCookie() && sh...
---
*/  /* <![CDATA[ */ var woocommerce_saferpaycw_ajax = {""ajax_url"":""https:\/\/studio-land.lu\/wp-admin\/admin-ajax.php""}; /* ]]> */  function hasWKGoogleAnalyticsCookie() { return (new RegExp('wp_wk_ga_untrack_' + document.location.hostname)).test(document.cookie); }  function shouldTrack(){ var trackLoggedIn = false; var loggedIn = jQuery(""body"").hasClass(""logged-in""); if(!loggedIn){ return true; } else if( trackLoggedIn ) { return true; } return false; }  if (!hasWKGoogleAnalyticsCookie() && sh...
---
*/  /* <![CDATA[ */ var woocommerce_saferpaycw_ajax = {""ajax_url"":""https:\/\/studio-land.lu\/wp-admin\/admin-ajax.php""}; /* ]]> */  function hasWKGoogleAnalyticsCookie() { return (new RegExp('wp_wk_ga_untrack_' + document.location.hostname)).test(document.cookie); }  function shouldTrack(){ var trackLoggedIn = false; var loggedIn = jQuery(""body"").hasClass(""logged-in""); if(!loggedIn){ return true; } else if( trackLoggedIn ) { return true; } return false; }  if (!hasWKGoogleAnalyticsCookie() && sh..."
111,106,111_hotel_nuits_wifi_christophe,"hotel, nuits, wifi, christophe, htel, polo, marco, zimmer, city, 43","* Hotel Christophe Colomb
  * Über uns
  * Leistungen
  * Unsere Zimmer
  * Gästebuch
  * Uns finden
  * Kontakt
  * Direkt Buchen
  * Fotos

# Hotel Christophe Colomb

### Where travelers feel at home

## Das Hotel Christophe Colomb im Herzen der Stadt Luxemburg gelegen

Das Hotel Christophe Colomb empfangt Sie in einer warmen, familiaren
Atmosphare, idealer Ort  fur Geschaftsreisende und Urlauber. Nur wenige Meter
von der Avenue de la Liberte entfernt, auf halbem Weg zwischen dem
Stadtzentrum ...
---
* Hotel Christophe Colomb
  * Über uns
  * Leistungen
  * Unsere Zimmer
  * Gästebuch
  * Uns finden
  * Kontakt
  * Direkt Buchen
  * Fotos

# Hotel Christophe Colomb

### Where travelers feel at home

## Das Hotel Christophe Colomb im Herzen der Stadt Luxemburg gelegen

Das Hotel Christophe Colomb empfangt Sie in einer warmen, familiaren
Atmosphare, idealer Ort  fur Geschaftsreisende und Urlauber. Nur wenige Meter
von der Avenue de la Liberte entfernt, auf halbem Weg zwischen dem
Stadtzentrum ...
---
* Hotel Christophe Colomb
  * Über uns
  * Leistungen
  * Unsere Zimmer
  * Gästebuch
  * Uns finden
  * Kontakt
  * Direkt Buchen
  * Fotos

# Hotel Christophe Colomb

### Where travelers feel at home

## Das Hotel Christophe Colomb im Herzen der Stadt Luxemburg gelegen

Das Hotel Christophe Colomb empfangt Sie in einer warmen, familiaren
Atmosphare, idealer Ort  fur Geschaftsreisende und Urlauber. Nur wenige Meter
von der Avenue de la Liberte entfernt, auf halbem Weg zwischen dem
Stadtzentrum ..."
112,106,112_carrelages_carrelage_pose_pierres,"carrelages, carrelage, pose, pierres, salle, bain, salle bain, sol, 0800 1200, pierre","* Présentation
  * Salle de bain
  * Intérieur-extérieur
  * Contact

Présentation2019-10-01T18:35:47+00:00

# Carrelages Art & Style : vente et pose de carrelage au Luxembourg

## Notre société - « Chez nous, le carrelage est une véritable passion ! »

Fort d’une expérience de 23 ans, Carrelages Art & Style est votre spécialiste
dans la vente et la pose de carrelage au Luxembourg. Notre équipe d’artisans
carreleurs vous offre son savoir faire unique à des prix compétitifs.

Carrelages Art & Sty...
---
* Présentation
  * Salle de bain
  * Intérieur-extérieur
  * Contact

Intérieur-extérieurwordpress2019-10-01T18:37:37+00:00

# Carrelages Art & Style : votre carrelage a du style !

## Pose intérieur de votre carrelage

*   *   *   *   *   *   *   *   *   *   *   *   *   *   *   *   *   *   *   *   *   *   *   *

Le carrelage est désormais présent dans toutes les pièces de la maison et pas
uniquement dans la cuisine ou la salle de bain.

Nos carrelages peuvent avoir de nombreuses apparences : gr...
---
* Accueil 
  * Services 
  * Showroom 
  * Réalisations 
  * Devis 
  * Contact

1. Accueil 
  2. Current: Services

* CHAPES 
  * CARRELAGES
  * MOSAÏQUES
  * DALLES ET PAVES
  * PIERRES NATURELLES, GRANITS ET MARBRES
  * PRODUITS D’ENTRETIEN
  * FAÇADES

Avant de poser votre carrelage, il est important de posséder une base solide.
Dans cette optique, Deco Carrelages vous place des chapes différentes selon
leur fonction ; la chape pour chauffage au sol, la chape énergétique et
l’isolation therm..."
113,106,113_mdiation_kinder_asbl_fondation,"mdiation, kinder, asbl, fondation, parents, sos, datum, ort, kindern, eltern","* Stellenangebote 
  * FAQ 
  * Internes Adressbuch 
  * Kontakt 
  * SOS LOGIN

Zurück zur Startseite

*   * Wer wir sind 
    * Unsere Vision 
    * Unsere Werte 
    * Unsere pädagogische Haltung 
    * Hermann Gmeiner 
    * SOS-Kinderdorf-Familien 
    * Entstehungsgeschichte der Fondation Lëtzebuerger Kannerduerf 
    * SOS-Kinderdorf International 
    * Finanzierung 
    * Verwaltungsrat 
    * Organigramm 
  * Was wir tun 
    * STATIONÄRE BETREUUNG 
      * SOS-Kinderdorf-Familien 
   ...
---
* Wer wir sind 
    * Mission, Vision, Werte 
    * Unsere pädagogische Haltung 
    * Kinder- und Jugendschutz 
    * Unser SDG-Engagement 
    * Hermann Gmeiner 
    * Entstehungsgeschichte der Fondation Lëtzebuerger Kannerduerf 
    * SOS-Kinderdorf International 
    * Finanzierung 
    * Governance 
  * Was wir tun 
    * Tag- und Nachtbetreuung 
      * SOS-Kinderdorffamilien 
      * Externe Kurzzeit SOS Kinderdorffamilien 
      * Kinder / Jugendwohngruppen in Mersch 
      * Jugendwohng...
---
SOS Kannerduerf Miersch - Tiergesttzte Pdagogik

40 JOER  
SOS KANNERDUERF MIERSCH

Deutsch | Français
    / Einrichtungen  »  Tiergesttzte Pdagogik
  * Wer wir sind
    * Fondation Ltzebuerger Kannerduerf
    * Vision, Werte
    * Hermann Gmeiner
    * Prinzipien
    * Die Kinderdorfmutter
    * Geschichte
    * SOS Kinderdorf International
    * Der Vorstand
    * Fragen an das Kinderdorf
  * Einrichtungen
    * SOS Kannerduerf Miersch
    * Kinderwohngruppen
    * Foyer du Nord
    * Foyer Ca..."
114,104,114_travail_pension_salari_lemployeur,"travail, pension, salari, lemployeur, arbeitnehmer, sant, arbeitgeber, scurit sant, sant travail, salaris","* Aide
  * A propos du site
  * Notice légale

Recherche : Recherche avancée

* Accueil-Home
  * Nouveau sur ce site
  * Plan du site
  * Liens
  * Vos réactions
  * Contact
  * Deutsche Seite

* CNAP
  * Périodes d'assurance
  * Prestations
  * Coordination nationale
  * Coordination internationale
  *   * Publications
  * Formulaires
  * Législation
  * Jurisprudence
    * Pension de vieillesse
    * Pension de vieillesse anticipée
    * Pension d'invalidité
    * Pensions de survie
    * Dive...
---
* Aide
  * A propos du site
  * Notice légale

Recherche :  recherche avancée

* Accueil-Home
  * Nouveau sur ce site
  * Plan du site
  * Liens
  * Vos réactions
  * Contact
  * Deutsche Seite

* CNAP
  * Périodes d'assurance
  * Prestations
  * Coordination nationale
  * Coordination internationale
  *   * Publications
  * Formulaires
  * Législation
  * Jurisprudence
    * Pension de vieillesse
    * Pension de vieillesse anticipée
    * Pension d'invalidité
    * Pensions de survie
    * Div...
---
* Aide
  * A propos du site
  * Notice légale

Recherche :  recherche avancée

* Accueil-Home
  * Nouveau sur ce site
  * Plan du site
  * Liens
  * Vos réactions
  * Contact
  * Deutsche Seite

* CNAP
  * Périodes d'assurance
  * Prestations
  * Coordination nationale
  * Coordination internationale
  *   * Publications
  * Formulaires
  * Législation
  * Jurisprudence
    * Pension de vieillesse
    * Pension de vieillesse anticipée
    * Pension d'invalidité
    * Pensions de survie
    * Div..."
115,102,115_matelas_lit_tapis_lits,"matelas, lit, tapis, lits, magasin, mousse, roi, sommeil, taille, 200","Javascript est désactivé dans votre navigateur.  
Javascript doit être activé dans votre navigateur pour utiliser toutes les
fonctionnalités de ce site.

Nous contacter  Magasins Ouverts Jours Feries et Dimanches -  voir la liste
(PDF)

Menu Magasins Rechercher

Mon panier 0 Mon panier (0)

* Mon compte
  * Mon panier
  * Trouver un magasin
  * Catalogues
  * Nous contacter
  * Connexion

* Matelas 70x200
    * Matelas 80x200
    * Matelas 90x190
    * Matelas 90x200
    * Matelas 140x190
    * ...
---
Javascript est désactivé dans votre navigateur.  
Javascript doit être activé dans votre navigateur pour utiliser toutes les
fonctionnalités de ce site.

66 magasins et 4 millions de clients depuis 30 ans

* Quelle est la durée de vie d'un matelas ?
  * Quand dois-je changer mon matelas, mon sommier à lattes ?
  * Puis-je placer un matelas neuf sur un ancien sommier ?
  * Les délais de livraison seront-ils respectés ?

FranceBelgiqueBelgië

Votre magasin : Choisir un magasin

Voir la fiche du ma...
---
Javascript est désactivé dans votre navigateur.  
Javascript doit être activé dans votre navigateur pour utiliser toutes les
fonctionnalités de ce site.

89 magasins et 4 millions de clients depuis 30 ans

* Quelle est la durée de vie d'un matelas ?
  * Quand dois-je changer mon matelas, mon sommier à lattes ?
  * Puis-je placer un matelas neuf sur un ancien sommier ?
  * Les délais de livraison seront-ils respectés ?

FranceBelgiqueBelgië

Votre magasin : Choisir un magasin

Voir la fiche du ma..."
116,102,116_hosting_domain_domains_server,"hosting, domain, domains, server, support, kunde, names, 12, emails, kunden","* Hosting
    * Private Hosting
    * Business Hosting
    * Virtual Private Servers
    * Reseller Hosting
    * ASBL Hosting
  * Domains
    * Domain Registration
    * Domain Transfer
  * Services
    * Website Builder
    * SSL Certificates
    * Cloud Based Backup
    * Email Marketing
    * Hosted Exchange
    * SEO Tool
    * Website Monitoring
  * Company
    * About Us
    * Blog
    * Terms Of Service
    * Privacy And Policy
    * General FAQ

* Client Login
  * Luxhosting Knowlegebas...
---
* Hosting
    * Web Hosting
    * Business Hosting
    * Virtual Private Servers
    * Reseller Hosting
    * ASBL Hosting
    * Dedicated Servers
  * Domains
    * Domain Registration
    * Domain Transfer
  * Services
    * Website Builder
    * SSL Certificates
    * Cloud Based Backup
    * Email Marketing
    * Hosted Exchange
    * SEO Tool
    * Website Monitoring
  * Company
    * About Us
    * Blog
    * Terms Of Service
    * Privacy And Policy
    * General FAQ

* Client Login
  * Lu...
---
* Hosting
    * Web Hosting
    * Business Hosting
    * Virtual Private Servers
    * Reseller Hosting
    * ASBL Hosting
    * Dedicated Servers
  * Domains
    * Domain Registration
    * Domain Transfer
  * Services
    * Website Builder
    * SSL Certificates
    * Cloud Based Backup
    * Email Marketing
    * Hosted Exchange
    * SEO Tool
    * Website Monitoring
  * Company
    * About Us
    * Blog
    * Terms Of Service
    * Privacy And Policy
    * General FAQ

* Client Login
  * Lu..."
117,101,117_0930_1800_boutique_0900,"0930, 1800, boutique, 0900, collections, vtements, 1400 1800, mode, marques, 1400","* Accueil
  * La boutique
  * Produits & Services
  * Nos nouvelles collections 
  * Contact

## Qui sommes-nous ?

Pendant la periode Covid-19

Nous vous proposons des envois gratuits de vos commandes ainsi qu'une
livraison gratuite dans un perimetre de 15 kms autour de Machtum.

Les commandes peuvent s'effectuer par e-mails (kring@pt.lu), Facebook ou par
telephone.

Rita's Fashion 4 kid's, votre boutique de vetements enfants a Machtum.

Decouvrez des vetements et articles de mode pour bebes et...
---
* Accueil
  * Presentation
  * Notre catalogue
    * Vetements pour femmes
    * Vetements pour hommes
    * Service de retouche
    * Maroquinerie
    * Chaussures femmes
    * Chaussures hommes
    * Bijoux
    * Accessoires mode
  * Contact

Prêt-à-porter pour femmes

Prêt-à-porter pour hommes

Maroquinerie, accessoires de mode

## Qui sommes-nous ?

Découvrez dans notre boutique "" L'Atelier du Parc "" à Differdange un grand
choix de vêtements et accessoires de mode de marques portugaises : -P...
---
* Accueil
  * La boutique
  * Produits & Services
  * Nos nouvelles collections 
  * Contact

## Qui sommes-nous ?

Rita's Fashion 4 kid's, votre boutique de vetements enfants a Machtum.

Decouvrez des vetements et articles de mode pour bebes et enfants.

Nos collections sont selectionnees avec soin. Vous trouverez des articles de
premieres et secondes mains.

Notre boutique pour enfants est ouverte du lundi au samedi a Machtum.

> La boutique
Infos pratiques

##  Nos heures d'ouverture

lun. 08..."
118,101,118_belval_center_business_office,"belval, center, business, office, offices, box, bureaux, centre, location, space","* * *
  * Fr
  * De
  * En

* Home
  * Aktuelles
  * Kontakt
  * Sitemap

* Belval
    * Das neue Belval
    * Geschichte
    * Konversionsprojekt
    * Stadtviertel mit Prädikat
    * Anreise und Parken
  * Wohnen
    * 4 Wohnquartiere - Eine Idee
    * Aktuelle Projekte
    * Wohnraum kaufen/mieten
  * Arbeiten
    * 6 gute Gründe
    * Unternehmen & Institutionen
    * Aktuelle Projekte
    * Gewerbeflächen kaufen/mieten
  * Lernen & Forschen
    * Wissensstandort
    * Schulen
    * Universi...
---
* * *
  * Fr
  * De
  * En

* Home
  * Aktuelles
  * Kontakt
  * Sitemap

* Belval
    * Das neue Belval
    * Geschichte
    * Konversionsprojekt
    * Stadtviertel mit Prädikat
    * Anreise und Parken
  * Wohnen
    * 4 Wohnquartiere - Eine Idee
    * Aktuelle Projekte
    * Wohnraum kaufen/mieten
  * Arbeiten
    * 6 gute Gründe
    * Unternehmen & Institutionen
    * Aktuelle Projekte
    * Gewerbeflächen kaufen/mieten
  * Lernen & Forschen
    * Wissensstandort
    * Schulen
    * Universi...
---
* * *
  * Fr
  * De
  * En

* Home
  * Aktuelles
  * Kontakt
  * Sitemap

* Belval
    * Das neue Belval
    * Geschichte
    * Konversionsprojekt
    * Stadtviertel mit Prädikat
    * Make it yours!
    * Anreise und Parken
  * Wohnen
    * 4 Wohnquartiere - Eine Idee
    * Aktuelle Projekte
    * Wohnraum kaufen/mieten
  * Arbeiten
    * 6 gute Gründe
    * Unternehmen & Institutionen
    * Aktuelle Projekte
    * Gewerbeflächen kaufen/mieten
  * Lernen & Forschen
    * Wissensstandort
    * S..."
119,100,119_cuisines_cuisine_meubles_showroom,"cuisines, cuisine, meubles, showroom, design, kche, wei, quipes, intrieur, projet","Skip to main content

Rejoignez nous vite !

* Cuisines Cuisines
  * Electroménagers & accessoires Electroménagers & accessoires
  * Les étapes de votre projet Les étapes de votre projet
  * L'expertise Ixina L'expertise Ixina

* Recevez   
notre catalogue

* Prenez   
rendez-vous

* Trouvez   
un magasin

* Rejoignez   
nous vite !

1. Home
  2. Kitchens
  3. Vita

* See the detail
  * See the detail
  * See the detail
  * See the detail

* See the detail
  * See the detail

* Mélaminé
  * 19 m...
---
* Home
  * Galeries photos
    * Showroom
    * Nos chantiers
  * Cuisines équipées
    * Cuisines équipées
      * Cuisine Baku Brest
      * Cuisine Como
      * Cuisine Como Pamplona
      * Cuisine London
      * Cuisine Baku
      * Cuisine Cambridge
      * Cuisine Torino
      * Cuisine Porto
      * Cuisine Columbia
      * Cuisine Torino Singapur
      * Cuisine London Porto
      * Cuisine Rom Plamplona
      * Cuisine London
    * Cuisines équipées portes massives
    * Cuisines équip...
---
Skip to main content

Rejoignez nous vite !

* Cuisines Cuisines
  * Electroménagers & accessoires Electroménagers & accessoires
  * Les étapes de votre projet Les étapes de votre projet
  * L'expertise Ixina L'expertise Ixina

* Recevez   
notre catalogue

* Prenez   
rendez-vous

* Trouvez   
un magasin

* Rejoignez   
nous vite !

1. Home
  2. Kitchens
  3. Clara

* See the detail
  * See the detail

* See the detail
  * See the detail
  * See the detail

* Mélaminé
  * 19 mm

CLARA, une cuis..."
120,99,120_domain_noms_domaine_nom domaine,"domain, noms, domaine, nom domaine, names, registration, nom, dns, domains, fondation","# my.lu Online Domain Managementmy.lu Gestion en ligne

My accountMon compte

Domain lookupRecherche nom de domaine

My domain namesMes noms de domaine

My holdersMes titulaires

My contactsMes contacts

My ordersMes commandes

My invoicesMes factures

My messagesMes messages

Fees & featuresFrais & fonctionnalités

Privacy noticeNote de confidentialité

Terms & conditionsConditions générales

Your shopping cart is empty.

Votre panier est vide.

> X
> Your browser does not support Javascript wh...
---
* Domaines LU
  * Support
  * Registrars
  * A propos de DNS-LU

Bienvenue sur le site de l'organisme d'enregistrement des noms de domaine sous
la racine nationale .lu. Au Luxembourg, la gestion du domaine geographique de
premier niveau .lu est un service public opere par le Reseau Teleinformatique
de l'Education Nationale et de la Recherche (Fondation RESTENA). La Fondation
RESTENA assure la coordination des ressources internet au niveau national,
dont la gestion des domaines .lu par le biais d...
---
* Domaines LU
  * Support
  * Registrars
  * A propos de DNS-LU

Bienvenue sur le site de l'organisme d'enregistrement des noms de domaine sous
la racine nationale .lu. Au Luxembourg, la gestion du domaine geographique de
premier niveau .lu est un service public opere par le Reseau Teleinformatique
de l'Education Nationale et de la Recherche (Fondation RESTENA). La Fondation
RESTENA assure la coordination des ressources internet au niveau national,
dont la gestion des domaines .lu par le biais d..."
121,99,121_lorem ipsum_ipsum_lorem_ea,"lorem ipsum, ipsum, lorem, ea, texte, lige, ut, faux, dolore, sed","* Accueil
  * A propos
  * Services
    * Peinture
    * Peinture
    * Peinture
    * Peinture
    * Peinture
    * Peinture
    * Peinture
    * Peinture
    * Peinture
    * Peinture
  * Realisations
  * Contact

##  Politique de protection des données

1. Home
  2. Politique de protection des donnees

Le Lorem Ipsum est simplement du faux texte employé dans la composition et la mise en page avant impression. Le Lorem Ipsum est le faux texte standard de l'imprimerie depuis les années 1500, qu...
---
*   * +352 23 67 73 54
  * info@novarte.lu

* Accueil
  * Realisations
  * Services
  * Contact

Lorem ipsum pain sit amet, consectetur adipiscing elit, sed do eiusmod tempor
incididunt ut labore et dolore magna aliqua. Ut enim ad minim veniam, quis
nostrud exercitation ullamco

1. Home
  2. Services
  3. Page generique

Lorem ipsum pain sit amet, consectetur adipiscing elit, sed do eiusmod tempor
incididunt ut labore et dolore magna aliqua. Ut enim ad minim veniam, quis
nostrud exercitation ull...
---
* Accueil
  * A propos
  * Realisations
  * Contact

##  Politique de protection des données

1. Home
  2. Politique de protection des donnees

Le Lorem Ipsum est simplement du faux texte employé dans la composition et la mise en page avant impression. Le Lorem Ipsum est le faux texte standard de l'imprimerie depuis les années 1500, quand un imprimeur anonyme assembla ensemble des morceaux de texte pour réaliser un livre spécimen de polices de texte. Il n'a pas fait que survivre cinq siècles, ma..."
122,94,122_wordpress_rss_bonjour_delete,"wordpress, rss, bonjour, delete, edit, comments, commentaires, post, writing, rcents","Official Website of CIP - it works

Just another WordPress site

# Category: Uncategorized

Welcome to WordPress. This is your first post. Edit or delete it, then start
writing!

* Log in
  * Entries RSS
  * Comments RSS
  * WordPress.org

Proudly powered by WordPress |  Theme: Futurio
  *[RSS]: Really Simple Syndication

# Month: January 2019

# Powered by WordPress

Username or Email Address

<- Back to Official Website of CIP - it works
---
Just another WordPress site

Welcome to WordPress. This is your first post. Edit or delete it, then start
writing!

Author  chris.moulesPosted on January 14, 2016February 15, 2017

* Log in
  * Entries RSS
  * Comments RSS
  * WordPress.org

KKN Proudly powered by WordPress

*[RSS]: Really Simple Syndication
---
Just another WordPress site

Welcome to WordPress. This is your first post. Edit or delete it, then start
writing!

Author  chris.moulesPosted on January 14, 20161 Comment on Hello world!

* Mr WordPress on Hello world!

* Log in
  * Entries RSS
  * Comments RSS
  * WordPress.org

KKN Proudly powered by WordPress

*[RSS]: Really Simple Syndication"
123,94,123_pompes_donnees_dcs_dmarches,"pompes, donnees, dcs, dmarches, proches, wagner, administratives, choix, donnees personnelles, katalog","* Accueil
  * A propos
  * Services
    * Enterrement
    * Cremation
    * Accompagnement Administratif
    * Annonce mortuaire
    * Monument funeraire
    * Arrangements floraux
  * FAQ
  * Contact

##  Politique de protection des données

1. Accueil
  2. Politique de protection des donnees

Avant-propos  
Société Luxembourgeoise de Cremation, Feuerbestattung Luxembourg SA (ci-après
dénommé «Pompes Funèbres Dahm & Ernst») attache une grande importance au
respect de votre vie privée et a consc...
---
* Accueil
  * A propos
  * Nos services
    * Administration
    * Incineration
    * Transports
    * Accessoires
  * Contact

##  Politique de protection des données

1. Accueil
  2. Politique de protection des donnees

Avant-propos  
Pompes Funèbres Henkes Sàrl (ci-après dénommé « [Pompes Funèbres Henkes] »)
attache une grande importance au respect de votre vie privée et a conscience
de l'importance que vous y accordez.  
Pompes Funèbres Henkes met dès lors tout en œuvre afin que vous puissie...
---
* Accueil
  * A propos
  * Nos services
    * Administration
    * Incineration
    * Transports
    * Accessoires
  * Contact

##  Politique de protection des données

1. Accueil
  2. Politique de protection des donnees

Avant-propos  
Pompes Funèbres Henkes Sàrl (ci-après dénommé « [Pompes Funèbres Henkes] »)
attache une grande importance au respect de votre vie privée et a conscience
de l'importance que vous y accordez.  
Pompes Funèbres Henkes met dès lors tout en œuvre afin que vous puissie..."
124,93,124_mullerthal_region_trail_berdorf,"mullerthal, region, trail, berdorf, mllerthal, beaufort, consdorf, echternach, entdecken, schweiz","* Home 
  * Mullerthal Trail 
  * Entdecken 
    * Kultur 
Die Region und ihr kulturelles Erbe.

Die schönsten Wanderwege der Region Müllerthal

Unterwegs auf den schönsten Radwegen.

Entdecken Sie die Sehenswürdigkeiten der Region mit einem Guide

Außergewöhnliche Touren für Einzelpersonen und Familien

Die Region Müllerthal bietet Ihnen 100% Aktivität.

Die Region Müllerthal bietet Kindern viele Möglichkeiten

Unterwegs mit dem Auto, Motorrad und Bus.

Einkaufen in der Region Müllerthal

Entde...
---
## Navigation principale

* Willkommen
  * der Trail
  * Wandertouren
  * Unterkunft
  * Aktuelles
  * Anreise
  * BILDERGALERIE
  * Links
  * Kontakt

## Navigation secondaire

* NEUES WANDERJAHR STARTET
  * Mullerthal Trail auf dem Dt. Wandertag in Melle
  * Mullerthal Biking Days am Echternacher See
  * Reisebüros sind vom Best of Wandern-Testcenter in Müllerthal begeistert
  * HERINGER MILLEFEST AM 22.05.2011
  * MESSESAISON HAT BEGONNEN
  * ES WEIHNACHTET SEHR...
  * GEWINNER DES LUFTBALLON...
---
* Home 
    * EWV Konferenz 2018 
Anmeldung EWV Konferenz 2018

Frequently Asked Questions

Das offizielle Programm der EWV Jahreskonferenz

Veranstaltungen Angebote

* °C
  * Mullerthal Trail 
  * Entdecken 
    * Kultur 
Die Region und ihr kulturelles Erbe.

Die schönsten Wanderwege der Region Müllerthal

Unterwegs auf den schönsten Radwegen.

Entdecken Sie die Sehenswürdigkeiten der Region mit einem Guide

Aussergewöhnliche Touren für Einzelpersonen und Familien

Die Region Müllerthal bietet ..."
125,92,125_parc_game_coque_laser,"parc, game, coque, laser, birthday, park, adventure, parcours, steinfort, party","#### Andere Aktivitäten

* Home
  * Zeitplan
  * Preis
  * Info
  * Kontakt

It seems that javascript is not activated on your browser. Javascript is
required on some part or our site and you may need to activate it.

Nach dem Einchecken gehen sie mit Ihrer Ausrüstung in den ""Briefing"" Bereich.
Ein Aufseher rüstet sie aus und sie folgen dessen Erklärungen gegebenen Falls
auf Video zur ordnungsgemäßen Verwendung der Geräte und Einrichtungen.
Anschließend gehen alle Teilnehmer in die 2. Zone, wo d...
---
* Home
  * Zeitplan
  * Preis
  * Info
  * Kontakt

It seems that javascript is not activated on your browser. Javascript is
required on some part or our site and you may need to activate it.

Nachdem sie sich an der Kasse angemeldet haben, muss ein volljähriger
Erwachsener oder Verantwortlicher der Familie oder der Gruppe unsere gekürzte
Hausordnung lesen und unterschreiben. Dadurch bezeugt er die Hausordnung
gesehen und verstanden zu haben und daß jeder seiner Gruppe das Briefing
gemacht und v...
---
#### Andere Aktivitäten

* Home
  * Zeitplan
  * Preis
  * Info
  * Kontakt

It seems that javascript is not activated on your browser. Javascript is
required on some part or our site and you may need to activate it.

Nach dem Einchecken gehen sie mit Ihrer Ausrüstung in den ""Briefing"" Bereich.
Ein Aufseher rüstet sie aus und sie folgen dessen Erklärungen gegebenen Falls
auf Video zur ordnungsgemäßen Verwendung der Geräte und Einrichtungen.
Anschließend gehen alle Teilnehmer in die 2. Zone, wo d..."
126,92,126_1800_1200_0700_0900,"1800, 1200, 0700, 0900, accueil presentation, editus, presentation, editus luxembourg, 0800, recommand dautoriser","Afin de fournir une fonctionnalité complète, ce site Web nécessite votre
consentement explicite pour stocker des cookies de navigateur. Si vous
n'autorisez pas les cookies, vous ne pourrez peut-être pas utiliser certaines
fonctionnalités du site Web, notamment les suivantes: contenu personnalisé,
changement de culture. Il est recommandé d'autoriser tous les cookies.

* Accueil
  * Presentation
  * Produits & Services
  * Catalogue
  * Contact

> Mentions legales
# Mentions légales

### Nom ou Ra...
---
Afin de fournir une fonctionnalité complète, ce site Web nécessite votre
consentement explicite pour stocker des cookies de navigateur. Si vous
n'autorisez pas les cookies, vous ne pourrez peut-être pas utiliser certaines
fonctionnalités du site Web, notamment les suivantes: contenu personnalisé,
changement de culture. Il est recommandé d'autoriser tous les cookies.

* Accueil
  * Presentation
  * Produits & Services
  * Realisations
  * Contact

Entreprise de façade et de rénovation

Dernière m...
---
Afin de fournir une fonctionnalité complète, ce site Web nécessite votre
consentement explicite pour stocker des cookies de navigateur. Si vous
n'autorisez pas les cookies, vous ne pourrez peut-être pas utiliser certaines
fonctionnalités du site Web, notamment les suivantes: contenu personnalisé,
changement de culture. Il est recommandé d'autoriser tous les cookies.

* Accueil
  * Presentation
  * Produits & Services
  * Mes services
  * Contact

Dernière mise à jour : 18/02/2019 10:45

©2020, S..."
127,89,127_pair_luxembourg_assistance_frontaliers,"pair, luxembourg, assistance, frontaliers, family, guide, actualits, loisirs, emploi, sorties","* Facebook
  * Twitter

*     *     *     *     *

* Informations pratiques
    * Emploi
    * Logement
    * Administratif
    * Education
    * Enfants & Famille
    * Argent & fiscalité
    * Santé et bien-être
    * Informations pratiques
    * Transports
    * Sorties, activités et loisirs
  * Services
    * Assurance logement
    * Assurance complémentaire santé
    * Assurance auto/moto
    * Assurance animal domestique
    * Location de bien immobilier
    * Achat d'un bien immobilier
  ...
---
* Français
  * English

* Accueil
  * Immigrer
    * Education et formations
    * Géographie, climat
    * Histoire et politique
    * Population
    * Regroupement familial
    * Trouver un emploi
    * Trouver un logement
      * Logement temporaire
    * Visas, titres de séjour
  * Vivre
    * Argent et fiscalité
      * Assurances obligatoires
      * Choisir sa banque
      * Choisir sa compagnie d'assurances
      * Impôts sur le revenu
      * Investir avec le crowdfunding
      * Ouvrir...
---
* Français
  * English

* Accueil
  * Immigrer
    * Politique d'intégration
      * Organismes d'intégration
      * Organismes insertion sociale
    * Pourquoi le Luxembourg ?
    * Histoire et politique
    * Géographie, climat
    * Population
    * Visas, titres de séjour
      * Regroupement familial
    * Trouver un emploi
    * Trouver un logement
      * Logement temporaire
    * Education et formations
  * Vivre
    * Démarches administratives
      * Déclarer sa résidence
      * Accu..."
128,89,128_pierre_pierres_stone_monuments,"pierre, pierres, stone, monuments, marbre, monument, escaliers, natural, finition, showroom","* Accueil
  * Bâtiment
    * Escaliers
    * Cuisines
    * Salles de bain
    * Revêtements de sol et de mur
    * Pierre de taille
    * Autres
  * Nouveau site : Monument Funéraire
  * Monuments funéraires
    * Inscriptions
    * Accessoires
    * Columbariums & cinéraires
  * Lëtzebuergesch
  * Notre histoire
  * Nous contacter
  * Blog'Notes

## Notre version des ""50 nuances de gris""

Dans le registre des finitions de la pierre naturelle, voici une méthode de
finissage tout à fait particul...
---
* Accueil
  * Bâtiment
  * Nouveau site : Monument Funéraire
  * Monuments funéraires
  * Lëtzebuergesch
  * Notre histoire
  * Nous contacter
  * Blog'Notes

##  Monuments funéraires : Préparation de la Toussaint

Si le 1er novembre est bien le jour de la Toussaint, le 2 est pourtant le
véritable jour de la commémoration des défunts.

Et à cette époque de l'année, nombre d'entre nous y pensent déjà et ne se
limitent pas à faire nettoyer les monuments funéraires et à les fleurir le
jour J.

Effe...
---
* Accueil
  * Bâtiment
  * Nouveau site : Monument Funéraire
  * Monuments funéraires
  * Lëtzebuergesch
  * Notre histoire
  * Nous contacter
  * Blog'Notes

##  Monuments funéraires : Préparation de la Toussaint

Si le 1er novembre est bien le jour de la Toussaint, le 2 est pourtant le
véritable jour de la commémoration des défunts.

Et à cette époque de l'année, nombre d'entre nous y pensent déjà et ne se
limitent pas à faire nettoyer les monuments funéraires et à les fleurir le
jour J.

Effe..."
129,87,129_sauna_natation_kurs_piscine,"sauna, natation, kurs, piscine, aqua, kurse, spa, bassin, cours, wasser","* Schwimmbad
    * Öffnungszeiten
    * Preise
    * Schwimmkurse
    * Aqua Fitness Kurse
    * Einschreibung
    * Übersicht
    * Kindergeburtstage
    * Barrierefreiheit
  * Wellnessbereich
  * Freizeitsport
  * Über uns
  * Aktuelles
  * Kontakt

## Interkommunales Syndikat Bettemburg / Leudelingen

Mär wëllen Iech heimat informéieren dass am Kader vun eisem Schwammcamp de
Léierbaseng vum 16. bis den 20. Juli 2018 vun 10h00 bis 11h30 net fir de
Public accessibel ass….

Sonntag (01.11 - 01.0...
---
Centre Aquatique de Mersch - Krounebierg  
14, rue de la Piscine  
L-7572 Mersch  
Tél. +352 32 88 23 - 1

Français  |  Deutsch
  * Page d'accueil
  *  | 
  * Contact
  *  | 
  * Plan d'accès

* Online-Shop
  * Le centre
    * Nous
    * Mersch
    * Liens utiles
    * Durabilité
    * Sécurité
  * Accessibilité
  * La piscine
  * Bien-être
    * Saunas
    * Infusions
    * Cabine à infrarouge
    * Hammam
    * Whirlpools bassin chaud
    * Douches aventure
    * Bassin froid
    * Massages
  ...
---
Centre Aquatique de Mersch - Krounebierg  
14, rue de la Piscine  
L-7572 Mersch  
Tél. +352 32 88 23 - 1

Français  |  Deutsch
  * Page d'accueil
  *  | 
  * Contact
  *  | 
  * Plan d'accès

* Le centre
    * Nous
    * Mersch
    * Liens utiles
    * Durabilité
    * Sécurité
  * Accessibilité
  * La piscine
  * Bien-être
    * Saunas
    * Infusions
    * Cabine à infrarouge
    * Hammam
    * Whirlpools bassin chaud
    * Douches aventure
    * Bassin froid
    * Massages
    * Solarium
   ..."
130,87,130_dassistance_1999_modified_besoin,"dassistance, 1999, modified, besoin, dinformations, kb, copyright, size, construction, directory","# Site en construction

Besoin d'assistance ou d'informations ?

(C) Copyright 1999 OVHcloud

c1c2c3c4c5c6c7c8c9c10c11c12c13c14c15c16c17c18c19c20c21c22c23c24c25c26c27c28c29c30c31c32c33c34c35c36c37c38c39c40c41c42c43c44c45c46c47c48c49c50c51

l1l2l3l4l5l6l7l8l9l10l11l12l13l14l15l16l17l18l19l20l21l22l23l24l25l26l27l28l29l30l31l32l33l34l35l36l37l38l39l40l41l42l43l44l45l46l47l48l49l50l51l52l53l54l55l56l57l58l59l60

e1e2e3e4e5e6e7e8e9e10e11e12e13e14e15e16e17e18e19e20e21e22e23e24e25e26e27e28e29e30e31e32...
---
# Site en construction

Besoin d'assistance ou d'informations ?

(C) Copyright 1999 OVHcloud

t1t2t3t4t5t6t7t8t9t10t11t12t13t14t15t16t17t18t19t20t21t22t23t24t25t26t27t28t29t30t31t32t33t34t35t36t37t38t39t40t41t42t43t44t45t46t47t48t49t50t51t52t53t54t55t56t57t58t59t60t61t62t63t64t65t66t67t68

r1r2r3r4r5r6r7r8r9r10r11r12r13r14r15r16r17r18r19r20r21r22r23r24r25r26r27r28r29r30r31r32r33r34r35r36r37r38r39r40r41r42r43r44r45r46r47r48r49r50r51r52r53r54r55r56r57r58r59r60r61r62r63r64r65r66

a1a2a3a4a5a6a7a8a9...
---
# Site en construction

Besoin d'assistance ou d'informations ?

(C) Copyright 1999 OVHcloud

d1d2d3d4d5d6d7d8d9d10d11d12d13d14d15d16d17d18d19d20d21d22d23d24d25d26d27d28d29d30d31d32d33d34d35d36d37d38d39d40d41d42d43d44d45d46d47d48d49d50d51d52

m1m2m3m4m5m6m7m8m9m10m11m12m13m14m15m16m17m18m19m20m21m22m23m24m25m26m27m28m29m30m31m32m33m34m35m36m37m38m39m40m41m42m43m44m45m46m47m48m49m50m51m52m53m54m55m56m57m58m59m60m61

c1c2c3c4c5c6c7c8c9c10c11c12c13c14c15c16c17c18c19c20c21c22c23c24c25c26c27c28c29c30..."
131,87,131_voice_family_animaux_chance,"voice, family, animaux, chance, wonderful, animal, life, dog, dogs, eis","* Home
  * About Us
  * News
  * Pet of the Day
  * Donate Now!
  * Contact Us
  * 5th Annual Summer Dog Day

The 2023 GIVE US A VOICE calendars are here!

Help support our furry friends by purchasing a 2023 Happy Tails calendar
featuring animals who have been given a second chance at life. All proceeds go
to helping animals in need. The cost is only 10€ per calendar!

There are two ways to get a calendar:

1. You can pick up a calendar at our office (28 quai de la Moselle in Remich)
  2. We can...
---
* Home
  * About Us
  * News
  * Pet of the Day
  * Shop
  * Donate Now!
  * Contact Us
  * Links

### The 2020 GIVE US A VOICE “Happy Tails” calendars are here!

Pick one up for yourself, pick one up for your friend and get another for your
dentist! They make the perfect gift for the animal-lover in your life and it
is all for a good cause. All proceeds go to help bettering the lives of
animals in need.

Calendars are 10€ each and there are many ways you can get yours!

You can come pick one up...
---
* Home
  * 3rd Annual Summer Dog Day
  * About Us
  * News
  * Pet of the Day
  * Shop
  * Donate Now!
  * Contact Us

The 2022 GIVE US A VOICE calendars are here! Help support our furry friends by
purchasing a 2022 Happy Tails calendar featuring animals who have been given a
second chance at life. All proceeds go to helping animals in need. The cost is
only 10€ per calendar!

There are three ways to get a calendar:

1. You can pick up a calendar at our office (28 quai de la Moselle in Remich)
 ..."
132,87,132_tango_orange_iphone_mobile,"tango, orange, iphone, mobile, post, internet, facebook, utiles, smartphone, missions","* Home
  * Services
    * Search Engine Optimization
    * Pay Per Click
    * Website Analytics
    * Email Marketing
    * Website Optimization
  * Customers
  * Blog
  * About Us
  * Contact Us / Request A Quote

Browsing articles tagged with ""iphone - Online Marketing Solutions From
Luxembourg""

# iCloud + Dropbox Data Pollution

Mar 15, 2013   //   by Jens Buch   //   Green  //  No Comments

The picture from the crowd during the last two 'new pope presentations' (I
really don't know what el...
---
* Home
  * Services
    * Search Engine Optimization
    * Pay Per Click
    * Website Analytics
    * Email Marketing
    * Website Optimization
  * Customers
  * Blog
  * About Us
  * Contact Us / Request A Quote

Browsing articles tagged with ""iphone - Online Marketing Solutions From
Luxembourg""

# iCloud + Dropbox Data Pollution

Mar 15, 2013   //   by Jens Buch   //   Green  //  No Comments

The picture from the crowd during the last two 'new pope presentations' (I
really don't know what el...
---
* Home
  * Services
    * Search Engine Optimization
    * Pay Per Click
    * Website Analytics
    * Email Marketing
    * Website Optimization
  * Customers
  * Blog
  * About Us
  * Contact Us / Request A Quote

Browsing articles tagged with ""iphone - Online Marketing Solutions From
Luxembourg""

# iCloud + Dropbox Data Pollution

Mar 15, 2013   //   by Jens Buch   //   Green  //  No Comments

The picture from the crowd during the last two 'new pope presentations' (I
really don't know what el..."
133,86,133_incendie_feu_protection_safety,"incendie, feu, protection, safety, portes, secours, scurit, coupe, mtalliques, formation","info@safety-firepro.lu

* Accueil
  * Prestations
  * Actualités
  * Contact

# Qu’est que le resserrage et le compartimentage coupe-feu ?

En cas d'incendie, dans la plupart des cas, le plus grand danger pour les
personnes ne provient pas du feu mais plutôt de l’inhalation des gaz de fumée.
C'est pourquoi un aspect important de la protection préventive contre les
incendies est d'empêcher efficacement la propagation de la fumée. On y
parvient grâce à ce que l'on appelle le compartimentage coupe-...
---
info@safety-firepro.lu

* Accueil
  * Prestations
  * Catalogue
  * Actualités
  * Contact

###### Safety Fire Pro

## NOS TROIS DEPARTEMENTS

Acteur incontournable sur le marché de la protection incendie, nous
intervenons au Luxembourg et en Europe pour garantir la sécurité de vos
bâtiments.

##### Extincteurs et signalétique

Nous vous proposons un large panel d’équipements et matériels de protection et
de sécurité incendie.

##### Formation & audit

Des formations qualifiantes, des recyclages...
---
info@safety-firepro.lu

* Accueil
  * Prestations
  * Actualités
  * Contact

###### Safety Fire Pro

## NOS TROIS DEPARTEMENTS

Acteur incontournable sur le marché de la protection incendie, nous
intervenons au Luxembourg et en Europe pour garantir la sécurité de vos
bâtiments.

##### Extincteurs et signalétique

Nous vous proposons un large panel d’équipements et matériels de protection et
de sécurité incendie.

##### Formation & audit

Des formations qualifiantes, des recyclages et des habili..."
134,85,134_0800_rnovation_construction_0800 1900,"0800, rnovation, construction, 0800 1900, travaux, constructions, carrelage, realisations, accueil presentation, presentation","Afin de fournir une fonctionnalité complète, ce site Web nécessite votre
consentement explicite pour stocker des cookies de navigateur. Si vous
n'autorisez pas les cookies, vous ne pourrez peut-être pas utiliser certaines
fonctionnalités du site Web, notamment les suivantes: contenu personnalisé,
changement de culture. Il est recommandé d'autoriser tous les cookies.

* Accueil
  * Presentation
  * Produits & Services
  * Contact

## Qui sommes-nous ?

Notre entreprise a été fondée en 2011 à Diff...
---
* Accueil
  * Presentation
  * Produits & Services
  * Contact

### Nom ou Raison sociale :

Rimalux Constructions

### N° TVA international :

### N° Registre Commerce :

Construction de bâtiments résidentiels et non résidentiels (41200)

### Année d’établissement :

> Mentions legales
Infos pratiques

* ###  Rimalux Constructions
  * #### 7, Route de Capellen
#### 8279 Holzem (Holzem)

* +352 26 37 53 64
  *   * +352 26 37 59 64

Afin de fournir une fonctionnalité complète, ce site Web nécessi...
---
Afin de fournir une fonctionnalité complète, ce site Web nécessite votre
consentement explicite pour stocker des cookies de navigateur. Si vous
n'autorisez pas les cookies, vous ne pourrez peut-être pas utiliser certaines
fonctionnalités du site Web, notamment les suivantes: contenu personnalisé,
changement de culture. Il est recommandé d'autoriser tous les cookies.

* Accueil
  * Presentation
  * Produits & Services
  * Nos realisations
  * Contact

##  Utilisez le formulaire ci-dessous pour no..."
135,85,135_vum_och_eis_fotoen,"vum, och, eis, fotoen, ginn, foto, eise, mee, club, sin","## Photo-Club Esch a.s.b.l.

1919 hunn eng Rei Escher entscheet, dass et un der Zäit wär een offizielle
Photo-Club zu Esch-Uelzecht ze grënnen.

Honnert an ee Joer méi spéit, si mär d'Iewe vun dëser Associatioun an déi
verbonne Passioun fir d'Fotografie an eis Heemechtsstad Esch.

Gëff och du Deel vun dëser erfollegräicher Escher Kulturgeschicht.

A plang mat eis zesummen déi nächst 100 Joer!

info@pce.lu • +352 27 40 77 72

1919 marque l’année où une partie d’Eschois ont décidé de fonder un pho...
---
« Zreck op Photogen.lu

* ALL NEWS
  * Club Neiegkeeten
  * Contests
  * Fotografie - Technik
  * Partner Saiten
  * Photogen - Allgemeng
  * Websait Entwecklung

(27.04.2017 - 16:15)

Eis AG ass lo schonn bssen hier an et goufen eigentlech zwou wichteg
nnerungen: mier hunn e puer Changementer am Comit an mier hunn d'Statuten
vereinfacht.  
  
Am Comit huet lo den Oli den Presidentenposten iwwerholl, den John an d'Anouk
bleiwen Vize an Trsorire, d'Catherine iwwerhllt den Sekretrsposten vum
Chris...
---
Du bass nach net ugemellt. Mell dech gratis un

m wat geet et op Photogen.lu?

* Start
  * Iwwert Eis
  * Fotoclub
    * Club Info
    * Clubmember ginn
    * Workshops
  * Forum
  * Galerie
  * Concoursen
  * Tutorials
    * Foto bearbechtung
    * Begreff Erklarungen
    * Allgemeng Tipps
  * Annoncen
  * Meetings

Wat ass de Snn vu Photogen

Photogen ass e Site dee gemaach ass fir Leit di d'Fotografie als Hobby un, di
och drunn interessiert sinn sech mat Hllef vu Kommentarer an Kritiken vun
a..."
136,85,136_jugendhaus_dream_eis_joer,"jugendhaus, dream, eis, joer, fair, 58, vum, klick, norden, play","* Startseite
  * D'Jugendhaus
  * D'Equipe
  * Umeldungen fir Aktivitéiten
  * Dokumenter
  * Projeeën
  * Reegelméisseg Offeren
  * Wou mir sinn

*  
  *  
  *  
  *  
  *  
  *

## Jugendhaus ass op fir Jonker aus der Gemeng Betzder  
tëscht 12-26 Joer  
Kolleegen aus aneren Gemengen sinn awer ganz wëllkomm

* * *
D'Jugendhaus Gemeng Betzder a.s.b.l. ass 2013 gegrennt ginn an befennt sech zu
Rued-Sir. Zanter 2019 sinn mir am ""Iewescht Bowengs"", am Duerfzentrum.  
  
Mir sinn op fir alleguerten...
---
Nordstadjugend.lu  2 Jugendhaiser,   1 Service Regional an e  Jugendwunnen
fir Jonker tëscht 12 a 26!  
  * Home 
  * Kontakt 
    * Kontakt 
    * Team 
  * Servicer 
    * Jugendhaiser >
      * Dikricher Jugendhaus 
      * Ettelbrecker Jugendhaus 
    * Regionale Jugendservice 
    * Europaesche Fraiwellegendengscht 
    * Jugendwunnen >
      * Opnahme-Ufro 
      * Ufro - Aktualiseierung 
      * Kommunikatioun 
    * Ludobus 
  * Projets 
    * Summeraktiviteiten 2. Phase >
      * Detail...
---
1 Service Regional an 2 Jugendhaiser fir Jonken tëscht 12 a 26!  
  * News 
    * Agenda 
  * Projets 
    * S.V.O. 
    * Alldag >
      * Wat leeft? 
      * Workshop >
        * Mat oder ouni Salz 
        * made @ Jugendhaus 
    * geschwenn >
      * Jugendtalk 
      * Nordstad on Air 
      * Be Juicy 
      * Babysitting.lu >
        * Babysitting Umeldung 
  * Jugendwunnen 
    * Opnahme-Ufro 
    * Ufro - Aktualiseierung 
  * Proufsall 
    * Proufsall-Ufro 
    * Proufsall Equipement ..."
137,85,137_creos_ko_strom_signs,"creos, ko, strom, signs, gaz, 1er, contrats, jusquau, fur, smart","EN  |  FR  |  DE 
### Cookies auf unserer Website

Wir verwenden Cookies auf unseren Websites. So stellen wir sicher, dass Sie
die beste Nutzererfahrung erhalten, massgeschneiderte Inhalte und Anzeigen
sehen und wir den Verkehr auf unseren Websites analysieren konnen. Um auf
unserer Website fortzufahren, wahlen Sie die Ebene der Cookie-Zustimmung aus,
mit der Sie sich wohlfuhlen.

Die Inkognito-Erfahrung  
Ich möchte von niemandem auf Ihrer Website identifiziert werden. Ich weiß,
dass mein Besuc...
---
## Anpassung der Umsatzsteuer auf Enovos Rechnungen

Auf den Abschlagszahlungen hat sich der zu zahlende Betrag von Dezember 2022
auf Januar 2023 nicht verandert obwohl ab Januar eine USt-Anpassung von 8% auf
7% in Kraft ist.

Wir sind dabei, diese Anpassungen in unser Verrechnungssystem einzuspielen.
Betroffen sind davon Kunden, deren Zahlungsplan im letzten Jahr berechnet
wurde. Zahlungsplane, welche im Jahr 2023 erstellt werden, sind davon nicht
betroffen.

Fur die Jahresendabrechnung wird de...
---
EN  |  FR  |  DE 
### Cookies auf unserer Website

Wir verwenden Cookies auf unseren Websites. So stellen wir sicher, dass Sie
die beste Nutzererfahrung erhalten, massgeschneiderte Inhalte und Anzeigen
sehen und wir den Verkehr auf unseren Websites analysieren konnen. Um auf
unserer Website fortzufahren, wahlen Sie die Ebene der Cookie-Zustimmung aus,
mit der Sie sich wohlfuhlen.

Die Inkognito-Erfahrung  
Ich möchte von niemandem auf Ihrer Website identifiziert werden. Ich weiß,
dass mein Besuc..."
138,84,138_normal_cel_var_default,"normal, cel, var, default, soumis, visual, lire suite, led, formular, solutions","﻿  <!--//--><![CDATA[//><!--
(function(i,s,o,g,r,a,m){i[""GoogleAnalyticsObject""]=r;i[r]=i[r]||function(){(i[r].q=i[r].q||[]).push(arguments)},i[r].l=1*new
Date();a=s.createElement(o),m=s.getElementsByTagName(o)[0];a.async=1;a.src=g;m.parentNode.insertBefore(a,m)})(window,document,""script"",""//www.google-
analytics.com/analytics.js"",""ga"");ga(""create"", ""UA-53304053-1"",
""auto"");ga(""set"", ""anonymizeIp"", true);ga(""send"", ""pageview""); //--><!]]>
<!--//--><![CDATA[//><!-- jQuery.extend(Drupal.settings,
...
---
﻿  */-->  <!--//--><![CDATA[//><!--
if(window.addEventListener){window.addEventListener(""load"",function(){setTimeout(function(){window.scrollTo(0,0.9)},0)});}
//--><!]]>  <!--//--><![CDATA[//><!--
(function(i,s,o,g,r,a,m){i[""GoogleAnalyticsObject""]=r;i[r]=i[r]||function(){(i[r].q=i[r].q||[]).push(arguments)},i[r].l=1*new
Date();a=s.createElement(o),m=s.getElementsByTagName(o)[0];a.async=1;a.src=g;m.parentNode.insertBefore(a,m)})(window,document,""script"",""//www.google-
analytics.com/analytics.js""...
---
﻿  <!--//--><![CDATA[//><!--
(function(i,s,o,g,r,a,m){i[""GoogleAnalyticsObject""]=r;i[r]=i[r]||function(){(i[r].q=i[r].q||[]).push(arguments)},i[r].l=1*new
Date();a=s.createElement(o),m=s.getElementsByTagName(o)[0];a.async=1;a.src=g;m.parentNode.insertBefore(a,m)})(window,document,""script"",""//www.google-
analytics.com/analytics.js"",""ga"");ga(""create"", ""UA-53304053-1"",
""auto"");ga(""set"", ""anonymizeIp"", true);ga(""send"", ""pageview""); //--><!]]>
<!--//--><![CDATA[//><!-- jQuery.extend(Drupal.settings,
..."
139,84,139_studenten_comit_och_di,"studenten, comit, och, di, eis, wien, sech, gnrale, membres, lassemble","* Home
  * Studéiren zu Zürich
    * D’ETH Zürich
    * D’Uni Zürich
    * Wat soss nach wichteg ass
    * Zürich, wou ass dann dat?
    * LSZ
  * Comité
  * Events
  * Contact
  * Sponsoren
  * Login

### Den LSZ - de Club vun de Lëtzebuerger Studenten zu Zürich

Natierlech däerf een eis net vergiessen, den LSZ, d’Lëtzebuerger Studenten zu
Zürich. Mir suergen derfir, datt d’Leit sech net esou eleng fillen, an nieft
dem Schwyzerdüütsch och nach heiansdo Lëtzebuergesch ze héiere kréien. Mee wat
b...
---
Lëtzebuerger Studenten Rhein-Main

* Startsäit
  * LSRM
  * Comité
  * Stied
  * Events
  * Fotoen
  * Kontakt
  * Informatioun
  * Sponsoring
  * Statuten

Assemblée Générale 2020

* * *
Studentefoire goes digital

Den LSRM ass haut an muer op der virtueller Studentefoire vertrueden. Dir
fannt eisen Stand iwwer folgenden Link: https://studentefoire-goes-
digital.lu/fr/stand/visiting/143

Programme Tournoi de Noël

En Freiden, den 27. Dezember spillt den LSRM um Tournoi de Noël am Basket
géint d...
---
Navigation umschalten

* Home
  * LSW
    * Wat ass den LSW?
    * Comité
    * LSW Brochure
    * Merchandise
  * Events
  * Fotos
    * Wiener Wiesn
    * Welcome Party
    * Daaf
    * Studentefoire
    * Pubquiz
    * Beerpong Tournoi
    * Tournoi de Noël
    * Student fir 1 Dag
    * Ugly Skiing Day
    * Beach-Volleyball
    * Saufest
    * Ambassade
    * ACEL Studentebal
    * Stammdësch
  * Wien
    * Zu Wien studéieren
    * Studentetipps
      * Wunnengssich
      * Ëffentlechen Tran..."
140,84,140_chess_challenge_coupe_jeunes,"chess, challenge, coupe, jeunes, championship, championnat, tournoi, tournament, differdange, bonnevoie","Site du club d'échecs Gambit Bonnevoie

* Home
  * Infos
  * Cours d'échecs
  * Calendrier
  * Équipes
  * Résultats
  * Tournois
  * Galerie photo
  * Liens
  * Contact
  * Calculateur ELO

# Tag Archives: chess

## Resultats Championnat Rapid Chess Individuel U20

Posted on 14/04/2013 by Willem van Gemert

Le Championnat Rapid Chess Individuel U20 2013 de la FLDE a été organisé par
notre club et a eu lieu le dimanche 14 avril 2013 aux locaux de Gambit
Bonnevoie. Le championnat consistait de de...
---
Site du club d'échecs Gambit Bonnevoie

* Home
  * Infos
  * Cours d'échecs
  * Calendrier
  * Équipes
  * Résultats
  * Tournois
  * Galerie photo
  * Liens
  * Contact
  * Calculateur ELO

## Coronavirus spread incoronates Gambit national team champions

Posted on 28/04/2020 by Kim Walisch

The Luxembourg chess federation (FLDE) has decided to truncate the season due
to the coronavirus outbreak. Bonnevoie I have been declared Champions based on
their 6.5/7 score in the completed first phase of...
---
Site du club d'échecs Gambit Bonnevoie

* Home
  * Infos
  * Cours d'échecs
  * Calendrier
  * Équipes
  * Résultats
  * Tournois
  * Galerie photo
  * Liens
  * Contact
  * Calculateur ELO

## Cours d'échecs saison 2021-2022

Posted on 13/07/2021 by Sebastien Wernerus

Vous trouverez toutes les infos à propos des cours d'échecs organisés par
Gambit Bonnevoie pour la nouvelle saison à la page Cours d'échecs.

You will find all the info concerning the chess courses organised by Gambit
Bonnevoie o..."
141,83,141_naturata_bio_landwirtschaft_archiv,"naturata, bio, landwirtschaft, archiv, lesen, fair, produkte, munsbach, luxemburger, gemse","Akzeptieren Sie die Verwendung von Cookies, um ein besseres Erlebnis auf
unserer Website zu gewährleisten?

Erfahren Sie mehr Verweigern Akzeptieren

* de dropdown
    * fr
    * en

* Home
  * Menü
  * Konferenzraum
  * Bistros
  * Über uns

* Unsere Werte
    * Unternehmenskultur
    * Gemeinwohl
    * Nachhaltigkeit
  * Fair & associative
  * Agenda
  * News
  * Mediathek
  * FAQs
  * Kontakt

### Produktrückruf BIOG Beerenmüsli

### Kunst für den guten Zweck

### Das Bio-Restaurant zeigt sic...
---
Akzeptieren Sie die Verwendung von Cookies, um ein besseres Erlebnis auf
unserer Website zu gewährleisten?

Erfahren Sie mehr Verweigern Akzeptieren

* de dropdown
    * fr
    * en

* Home
  * Über uns
  * Produkte
  * Produzenten
  * Verkaufsstellen

* Unsere Werte
    * Unternehmenskultur
    * Nachhaltigkeitdropdown
      * Nachhaltig handeln
      * Messen und Bewerten
      * Ökologische Verantwortung
      * Soziale Verantwortung
      * Ökonomische Verantwortung
  * Fair & associative
  ...
---
Akzeptieren Sie die Verwendung von Cookies, um ein besseres Erlebnis auf
unserer Website zu gewährleisten?

Erfahren Sie mehr Verweigern Akzeptieren

* de dropdown
    * fr
    * en

* Home
  * OIKOPOLIS
  * Gruppe
  * Zentrum
  * Chronik
  * Netzwerk

* Unsere Werte
    * Unternehmenskultur
    * Gemeinwohl
    * Nachhaltigkeit
  * Fair & associative
  * Agenda
  * News
  * Mediathek
  * FAQs
  * Kontakt

Geben Sie ein Stichwort ein

Keine Vorschläge gefunden.

20222021202020192018

### Neuer N..."
142,82,142_domain_registered_domains_extensions,"domain, registered, domains, extensions, registration, manage, learn, view, 352 45, public","# This domain name has been registered with Gandi.net

View the WHOIS data for teguluxe.lu to see the domain’s public registration
information.

teguluxe.lu  
is registered

Want your own domain name?  
Learn more about the domain name extensions we manage  
Find a domain name similar to teguluxe.lu

Gandi.netRegister Domain NamesTransfer Domain NamesSSL CertificatesWeb
HostingCloudNewsHelp
---
# This domain name has been registered with Gandi.net

View the WHOIS data for kensho.lu to see the domain’s public registration
information.

kensho.lu  
is registered

Want your own domain name?  
Learn more about the domain name extensions we manage  
Find a domain name similar to kensho.lu

Gandi.netRegister Domain NamesTransfer Domain NamesSSL CertificatesWeb
HostingCloudNewsHelp
---
# This domain name has been registered with Gandi.net

View the WHOIS data for teguluxe.lu to see the domain’s public registration
information.

teguluxe.lu  
is registered

Want your own domain name?  
Learn more about the domain name extensions we manage  
Find a domain name similar to teguluxe.lu

Gandi.netRegister Domain NamesTransfer Domain NamesSSL CertificatesWeb
HostingCloudNewsHelp"
143,80,143_lego_jeux_jouets_ballon,"lego, jeux, jouets, ballon, accessoires, cart, 0900 1200, cadeaux, ans, ideal","Appelez-nous : +352 81 81 72

* Français
  * Deutsch
  * English

Français  Deutsch  English

shopping_cart Panier (0)

* nos catégories 
    *       * #### activités
        * câliner
          * doudous
            * doudous fille
            * doudous garçon
            * doudous mixtes
          * peluches
            * ours Steiff
            * animaux Steiff
        * découvrir
          * éveiller les sens
          * bouger
          * manipuler
          * imiter
          * faire de la...
---
En poursuivant votre navigation sur ce site, vous acceptez l’utilisation de
cookies pour vous proposer des services et offres adaptés à vos centres
d’intérêt » En savoir plus et gérer ces paramètres

Javascript est désactivé dans votre navigateur.  
Javascript doit être activé dans votre navigateur pour utiliser toutes les
fonctionnalités de ce site.

Maxi Toys, le spécialiste du jouet

Satisfait ou Remboursé

Paiement 100% sécurisé

Retrait magasin en 2h

Livraison gratuite en point relais dès ...
---
Javascript est désactivé dans votre navigateur.  
Javascript doit être activé dans votre navigateur pour utiliser toutes les
fonctionnalités de ce site.

* Accueil
  * Contact
  * Magasins

Menu Chercher Mon compte

Maxi Toys Luxembourg

Rechercher : Chercher

Recherche plusieurs numéros de réference

Panier  
Votre panier est vide.

* Mon compte
  * Nos Magasins
  * Ma liste d'envies
  * Connexion

* Accueil
  * Jouets 
    * Jeux 
      * Jeux 
        * Jeux de Cartes 
        * Jeux de Carte..."
144,79,144_accueil prsentation_powered selfmadewebsite_markeasylu_selfmadewebsite,"accueil prsentation, powered selfmadewebsite, markeasylu, selfmadewebsite, prsentation, powered, tarifs, accueil, newsletter, marques","# COIFFURE HAIR DES SENS

Accueil |  Présentation |  La Biosthetique |  Nos Tarifs |  Nous Contacter |  Nous Situer |  Web Angel

* Accueil
  * Présentation
  * La Biosthetique
  * Nos Tarifs
  * Nous Contacter
  * Nous Situer
  * Web Angel
  *

Powered by Selfmadewebsite (C)2016 Markeasy.lu
---
# COIFFURE HAIR DES SENS

Accueil |  Présentation |  La Biosthetique |  Nos Tarifs |  Nous Contacter |  Nous Situer |  Web Angel

* Accueil
  * Présentation
  * La Biosthetique
  * Nos Tarifs
  * Nous Contacter
  * Nous Situer
  * Web Angel
  *

Masquer la publicité

Powered by selfmadewebsite.com
---
Home Présentation Nos prestations Nos Produits Nos tarifs Nous situer Web
Angel

Masquer la publicité

Powered by selfmadewebsite.com"
145,79,145_cgfp_communiqu_publique_syndicat,"cgfp, communiqu, publique, syndicat, syndicats, regierung, ko, fonction, weiterlesen, travail","* Accueil
  * CGFP Syndicat 
    * CGFP Syndicat
    * Comité fédéral
    * Comité exécutif
    * Bureau exécutif
    * Conférence des Comités
    * Congrès fédéral
    * Comité à l'égalité des chances
    * Palmarès syndical
  * A propos 
    * A propos
    * Historique
    * Programme
    * Fonction Publique
    * Composition
    * Liens utiles
  * Actualités
  * Medias 
    * Journal
    * fp - compact
    * Revue de Presse
    * Dossiers
    * Documents / Archives
  * Contact

* Accueil
  * ...
---
* Accueil
  * CGFP Syndicat
    * CGFP Syndicat
    * Comité fédéral
    * Comité exécutif
    * Bureau exécutif
    * Conférence des Comités
    * Congrès fédéral
    * Comité à l'égalité des chances
    * Palmarès syndical
  * A propos
    * A propos
    * Historique
    * Programme
    * Fonction Publique
    * Composition
    * Liens utiles
  * Actualités
  * Medias
    * Journal
    * fp - compact
    * Revue de Presse
    * Dossiers
    * Documents / Archives
  * Contact

* Accueil
  * CGF...
---
Skip to main content

* Accueil
  * CGFP Syndicat 
    * CGFP Syndicat
    * Comité fédéral
    * Comité exécutif
    * Bureau exécutif
    * Conférence des Comités
    * Congrès fédéral
    * Comité à l'égalité des chances
    * Palmarès syndical
  * A propos 
    * A propos
    * Historique
    * Programme
    * Fonction Publique
    * Composition
    * Liens utiles
  * Actualités
  * Medias 
    * Journal
    * fp - compact
    * Revue de Presse
    * Dossiers
    * Documents / Archives
  * C..."
146,78,146_warenkorb_numro_roman_bcher,"warenkorb, numro, roman, bcher, bild, buch, librairie, darstellung, catalogue, info","Startseite » Katalog » Bcher - Broschren » Ihr Konto  |  Warenkorb  |  Kasse     
Kategorien  
Alte & Moderne Kunst  
Alte Technik  
Ansichtskarten->  
Bcher - Broschren  
Dokumente  
Fotos  
Glas & Kristall  
Knigshuser  
Medaillen Orden Mnzen  
Militaria  
Porzellan & Keramik  
Puppen & Spielzeug  
Religise Kunst  
Schmuck & Silber  
Varia  
  
Neue Produkte  
  
Das Henkerbuch Tony Jungblut 1953 Frantz Kinnen Luxemburg Luxemb  
36.00EUR  
Informationen  
Promo  
Versandkosten  
Unsere AGB's  ...
---
Startseite » Katalog » Medaillen Orden Mnzen Ihr Konto  |  Warenkorb  |  Kasse     
Kategorien  
Alte & Moderne Kunst  
Alte Technik  
Ansichtskarten->  
Bcher - Broschren  
Dokumente  
Fotos  
Glas & Kristall  
Knigshuser  
Medaillen Orden Mnzen  
Militaria  
Porzellan & Keramik  
Puppen & Spielzeug  
Religise Kunst  
Schmuck & Silber  
Varia  
  
Neue Produkte  
  
Original Foto Die Adolphe Brcke im Bau Luxembourg 1900 1903 Ado  
160.00EUR  
Informationen  
Promo  
Versandkosten  
Unsere AGB's...
---
Startseite » Katalog » Bcher - Broschren Ihr Konto  |  Warenkorb  |  Kasse     
Kategorien  
Alte & Moderne Kunst  
Alte Technik  
Ansichtskarten->  
Bcher - Broschren  
Dokumente  
Fotos  
Glas & Kristall  
Knigshuser  
Medaillen Orden Mnzen  
Militaria  
Porzellan & Keramik  
Puppen & Spielzeug  
Religise Kunst  
Schmuck & Silber  
Varia  
  
Neue Produkte  
  
Henri Koch Kent Luxembourg Vu et Entendu 1912 1940 1983 souvenir  
34.00EUR  
Informationen  
Promo  
Versandkosten  
Unsere AGB's  
K..."
147,77,147_iphone_rparation_cran_samsung,"iphone, rparation, cran, samsung, ipad, vitre, repair, batterie, rparations, rparer","Contenu en pleine largeur

+352 621 410 435Zolwereck Shopping - Store Zolwerpress 195-197 Rue de
Differdange

* Français
  * English (Anglais)

Facebook page opens in new windowTwitter page opens in new windowInstagram
page opens in new windowYouTube page opens in new window

Pc Express Luxembourg

Réparation Rapide Smartphone Tablet et Ordinateur

* Accueil
  * iPhone
    * Réparation iPhone 13, et 13 Pro
      * Écran iPhone 13
      * Écran iPhone 13 Pro
    * Réparation iPhone 11 ,Pro, Max
 ...
---
Contenu en pleine largeur

621 410 435 / 26 11 93 32[email protected]N-234 Route d'arlon , 8010 Strassen
, Luxembourg

* Français
  * English (Anglais)

Facebook page opens in new windowTwitter page opens in new window

Pc Express Luxembourg

Réparation Rapide Smartphone Tablet et Ordinateur

* Accueil
  * iPhone
    * Réparation iPhone 11 ,Pro, Max
      * Écran iPhone 11
      * Écran iPhone 11 Pro
      * Écran iPhone 11 Pro Max
    * Réparation iPhone Xs et Xr
      * Écran iPhone Xr
      *...
---
Contenu en pleine largeur

621 410 435 / 26 11 93 32[email protected]N-234 Route d'arlon , 8010 Strassen
, Luxembourg

* Français
  * English (Anglais)

FacebookTwitterGoogle+

Pc Express Luxembourg

Réparation Rapide Smartphone Tablet et Ordinateur

* Accueil
  * iPhone
    * Réparation iPhone Xs et Xr
      * Écran iPhone Xr
      * Écran moins cher iPhone Xr
      * Écran iPhone Xs
      * Écran iPhone Xs Max
    * Réparation iPhone X
      * Écran iPhone X
      * Ècran iPhone X moins Chér
 ..."
148,77,148_matriaux_beton_dmolition_constructions,"matriaux, beton, dmolition, constructions, photo, travaux, terrassement, exploitation, mois, chantier","* Accueil
  * Notre entreprise
    * Présentation
    * Nos valeurs
    * Sociétés
    * Quelques références
  * Domaines d'activités
    * Terrassement
    * Palplanches
    * Voirie
    * Pieux forés tubés
    * Colonnes ballastées
    * Traitement des sols
    * Infrastructures
    * Démolition
    * Dépollution
    * Recyclage de matériaux
    * Plates-formes ferroviaires
  * Contact
  * Jobs
    * Offres d'emploi
    * Candidature spontanée

N'hésitez pas à nous contacter !

## Photo du moi...
---
* Accueil
  * Notre entreprise
    * Présentation
    * Nos valeurs
    * Sociétés
    * Quelques références
  * Domaines d'activités
    * Terrassement
    * Palplanches
    * Voirie
    * Pieux forés tubés
    * Colonnes ballastées
    * Traitement des sols
    * Infrastructures
    * Démolition
    * Dépollution
    * Recyclage de matériaux
    * Plates-formes ferroviaires
  * Contact
  * Jobs
    * Offres d'emploi
    * Candidature spontanée

* # Toute une histoire à vos cotés

Depuis plus d...
---
* Accueil
  * Notre entreprise
    * Présentation
    * Nos valeurs
    * Sociétés
    * Politique QSE
    * Quelques références
    * Conditions de Ventes
  * Domaines d'activités
    * Terrassement
    * Palplanches
    * Voirie
    * Pieux forés tubés
    * Colonnes ballastées
    * Traitement des sols
    * Infrastructures
    * Démolition
    * Dépollution
    * Recyclage de matériaux
    * Plates-formes ferroviaires
  * Contact
  * Jobs
    * Offres d'emploi
    * Candidature spontanée

# ..."
149,77,149_luxemburgo_autor_admin_post,"luxemburgo, autor, admin, post, vues, vum, july, commentaire, po, portugal","* Luxemburgo
  * Portugal
  * Mundo
  * Desporto
  * Economia
  * Cultura
  * Sociedade
  * Opinião
  * Classificados
  * Conteúdo patrocinado

* Meteo
  * Trânsito
  * Polícia
  * Farmácias
  * Hospitais
  * Consulado
  * Embaixada
  * Agenda

Bem-vindo! Entre na sua conta

Forgot your password? Get help

Uma senha será enviada por e-mail para você.

### Luxemburgo: Conheça todo o programa da Festa Nacional

### Covid-19: Luxemburgo há 8 dias sem mortes, 1 nova infecção

### Covid-19: Luxemburg...
---
* Luxemburgo
  * Portugal
  * Mundo
  * Desporto
  * Economia
  * Cultura
  * Social
  * Agenda
  * Opinião

* Meteo
  * Trânsito
  * Polícia
  * Farmácias
  * Hospitais
  * Consulado
  * Embaixada

### Luxemburgo: Conheça todo o programa da Festa Nacional

### Benfica vence Chivas na estreia na International Champions Cup

Os campeões portugueses jogam com o AC Milan em 25 de julho e três dias depois
com a Fiorentina.

### Futebol: Campo de férias do Benfica no Luxemburgo “foi um sucesso”

### ...
---
* Facebook
  * Twitter

* LUX24
  * Luxemburgo
  * Portugal
  * Mundo
  * Desporto
  * Economia
  * Cultura
  * Social
  * Agenda
  * Opinião

* FacebookFollow
  * TwitterFollow
  * InstagramFollow
  * YoutubeFollow

## Os números do Euromilhões

by LUX24 | 11 Dezembro 2018 | Notícia Secundária 2, Social | 0 Comments
O sorteio desta terça-feira do Euromilhões tem em jogo um jackpot de 76
milhões de euros. A chave...

## FC Porto: 'Invictus'

by LUX24 | 11 Dezembro 2018 | Desporto, Notícia Secund..."
150,77,150_yoga_practice_class_classes,"yoga, practice, class, classes, teacher, body, students, teachers, pilates, cours","FacebookInstagramTwitterLinkedIn

* Sign-in or Sign-up
  * temp

* Home
  * Booking
  * Schedule
  * Classes
  * Pricing
  * Teachers
  * Workshops
  * Retreats
  * New?
    * First-time Students – pls read
    * Beginner−likes slower pace
    * Beginner−likes faster pace
  * Find us
    * Kirchberg
    * Merl
  * Search for:

TeachersCaroline Kaiser2019-07-08T16:09:17+02:00

Watch out her happy positive attitude and smile are contagious! You can't help
but leave her classes feeling de-stressed,...
---
log increate an account

* home
  * schedule
    * summer 2015
    * autumn 2015
  * events
  * yoga styles
    * sivananda yoga
      * intro to sivananda
      * sivananda yoga
      * integral sivananda
    * ashtanga yoga
      * ashtanga yoga
      * ashtanga intensive
      * mysore-style
    * vinyasa yoga
      * vinyasa I
      * vinyasa basics
      * viniyoga
    * yin yoga
    * nidrā yoga
    * lower back yoga
    * hormone yoga
    * pranayama
    * meditation
  * locations
    * a...
---
Voir cette page en Français

log increate an account

* home
  * schedule
  * upcoming events
  * yoga styles
    * sivananda yoga
    * integral sivananda
    * ashtanga yoga
    * ashtanga intensive
    * lower back yoga
    * pregnancy yoga
    * hormone yoga
    * nidrā yoga
  * locations
    * all locations
    * city center
      * rue louvigny
      * avenue marie-thérèse
      * avenue emile reuter
    * kirchberg
    * walferdange
    * bereldange
  * teachers
    * all teachers
    * d..."
151,76,151_cbd_cannabis_gnrales vente_produits,"cbd, cannabis, gnrales vente, produits, bio, products, conditions gnrales, gnrales, shop, dutilisation","Suivez nos réseaux sociaux

* Accueil
    * Info CBD
    * À propos de nous
    * Contacts
    * Blog
  * Sleep & Relax
  * Bien-être
    * Huiles CBD / CBG / CBN
      * Huiles CBD O'Can
      * Huiles CBG O'Can
      * Huiles CBN O'Can
      * Huiles Essentielles - STRONG
      * Formules O'Can
      * Offres spéciales O'Can
    * Pommades anti douleurs
    * Crèmes Acné, Psoriasis et Eczéma
    * CBD Patches / Night Patches
    * Crèmes universelles
      * Crème pour le visage
      * Crèmes...
---
Suivez nos réseaux sociaux

* Accueil
    * Info CBD
    * À propos de nous
    * Contacts
    * Blog
  * Sleep & Relax
  * Bien-être
    * Huiles CBD / CBG / CBN
      * Huiles CBD O'Can
      * Huiles CBG O'Can
      * Huiles CBN O'Can
      * Huiles Essentielles - STRONG
      * Formules O'Can
      * Offres spéciales O'Can
    * Pommades anti douleurs
    * Crèmes Acné, Psoriasis et Eczéma
    * CBD Patches / Night Patches
    * Crèmes universelles
      * Crème pour le visage
      * Crèmes...
---
Suivez nos réseaux sociaux

* Accueil
    * Info CBD
    * À propos de nous
    * Contacts
    * Blog
  * Sleep & Relax
  * Bien-être
    * Huiles essentielles O'Can
      * Offres spéciales O'Can
    * Huiles cosmétiques Enecta
    * Pommades anti douleurs
    * Crèmes Acné, Psoriasis et Eczéma
    * Crèmes universelles
      * Crème pour le visage
      * Crèmes corporelle
    * Douche
    * Soins dentaires
    * Produits de Sensations
  * Alimentation
    * Nourriture
    * Superfood
    * Th..."
152,76,152_schengen_mosel_remich_moselle,"schengen, mosel, remich, moselle, region, grevenmacher, dinitiative, vin, syndicat dinitiative, museum","* Francais
  * English
  * Deutsch

* Wein & Terroir 
Winzer

Die Produzenten der Luxemburger Weine & Crémants

Weinstuben unserer Winzer

Winterlisches Wochenende der offenen Weinkeller

Pfingstwochenende der offenen Weinkeller

Traditionelle Weinfeste

Übersicht der Feste über das ganze Jahr

Wanderungen in den Weinbergen

Wein-Ambassador Restaurants

Botschafter der Weine und Crémants aus Luxemburg

Weine, Crémants, Säfte, Obstbrände, ...

Schnäpse aus der Mosel Region

* Erleben 
Wein & Terr...
---
* Home
  * Museum
    * Öffnungszeiten
    * Schengener Abkommen
    * Gruppenprogramme & Besichtigungen
    * Cafeteria „An der Aler Schwemm""
  * Unser Angebot
  * Tourist Office
  * Über uns
  * Aktiv erleben
    * Die Region
    * Museen
    * Natur
    * Wandern
    * Schwimmen
    * Ausflugsschiffe auf der Mosel
    * Fahrradverleih „Rent-a-Bike Miselerland""
    * Tisch und Bett
    * Der Wein
    * Agenda

Dienstag  20°CMittwoch  19°C

* Deutsch
    * English
    * Français

Michel GLODEN ...
---
* Home
  * Museum
    * Öffnungszeiten
    * Schengener Abkommen
    * Gruppenprogramme & Besichtigungen
    * Cafeteria „An der Aler Schwemm""
  * Unser Angebot
  * Tourist Office
  * Über uns
  * Aktiv erleben
    * Die Region
    * Museen
    * Natur
    * Wandern
    * Schwimmen
    * Ausflugsschiffe auf der Mosel
    * Fahrradverleih „Rent-a-Bike Miselerland""
    * Tisch und Bett
    * Der Wein
    * Agenda

Montag  24°CDienstag  23°C

* Deutsch
    * English
    * Français

Home / Im Dreilä..."
153,74,153_bois_wood_solid_constructions,"bois, wood, solid, constructions, autor, unternehmen, cookies, construction, bild, nutzung","* Home
  * Unternehmen
    * KISCH CONSTRUCTIONS S. à r. l.
    * GESCHICHTE
    * Geräte und MaschinenFuhrpark
  * Geschäftsbereiche
    * TIEFBAU
    * HOCHBAU
    * FASSADEN
    * Promotion
  * Jobs
  * INFOS
  * Kontakt

#  Kisch Constructions S. à r. l.

Alle Rechte für alle Länder vorbehalten.

#### Verantwortlicher Herausgeber

Kisch Constructions S.à r.l.  
Registre de commerce: B150198  
Identification TVA: LU23654673

Kisch Constructions S.à r.l.  
23, rue d'Ermsdorf  
L-7662 Medernach...
---
* Home
  * Unternehmen
    * KISCH CONSTRUCTIONS S. à r. l.
    * GESCHICHTE
    * Geräte und MaschinenFuhrpark
  * Geschäftsbereiche
    * TIEFBAU
    * HOCHBAU
    * FASSADEN
    * Promotion
  * Jobs
  * INFOS
  * Kontakt

#  Kisch Constructions S. à r. l.

Alle Rechte für alle Länder vorbehalten.

#### Verantwortlicher Herausgeber

Kisch Constructions S.à r.l.  
Registre de commerce: B150198  
Identification TVA: LU23654673  
  
Anschrift:  
23, rue d'Ermsdorf  
L-7662 Medernach  
  
Telefon:...
---
* Home
  * Unsere Produkte
  * Unser Service
  * Über Uns
  * News - Jobs
  * Kontakt
  * DE
    * EN
    * FR

## Verantwortlicher Herausgeber

BOIS BREVER S.A.  
7, StawelerstroossL-9964 Huldange  
Tel : +352 99 85 64 - 1  
Fax : +352 99 73 14  
info@brever.lu  
www.brever.lu

## PRODUKTION / WEBDESIGN

Digital Vision S.à r.l. – IT-Dienstleistungen

Am Hock, 4  
9991 Weiswampach  
Luxemburg

Agence Web Digital Vision

IBLC: LU31296945  
Matricule: 2019 2436 495  
RCS Luxembourg: B235393

## WE..."
154,72,154_matriel_mdical_medical_produits,"matriel, mdical, medical, produits, products, mdicales, health, care, sons, unternehmen","* NETMED
  * MARQUE
  * MENTIONS LÉGALES
  * CONTACT
  * PROTECTION DES DONNÉES
  *   *

Netmed - Le partenaire pour professionnels de la santé. L'entreprise Netmed
S.à.r.l est le partenaire pour les professionnels de la santé et tous les
futurs spécialistes du domaine médical encore en formation. Que vous soyez
intéressés par du matériel de formation de la marque HeineScientific®, des
consommables Teqler® ou mallettes médicales haute qualité de M. Wright & Sons®
- Netmed S.à.r.l est votre parte...
---
* NETMED
  * MARQUE
  * MENTIONS LÉGALES
  * CONTACT
  * PROTECTION DES DONNÉES
  *   *

Netmed - Le partenaire pour professionnels de la santé. L'entreprise Netmed
S.à.r.l est le partenaire pour les professionnels de la santé et tous les
futurs spécialistes du domaine médical encore en formation. Que vous soyez
intéressés par du matériel de formation de la marque HeineScientific®, des
consommables Teqler® ou mallettes médicales haute qualité de M. Wright & Sons®
- Netmed S.à.r.l est votre parte...
---
* NETMED
  * MARQUE
  * MENTIONS LÉGALES
  * CONTACT
  * PROTECTION DES DONNÉES
  *   *

Netmed - Le partenaire pour professionnels de la santé. L'entreprise Netmed
S.à.r.l est le partenaire pour les professionnels de la santé et tous les
futurs spécialistes du domaine médical encore en formation. Que vous soyez
intéressés par du matériel de formation de la marque HeineScientific®, des
consommables Teqler® ou mallettes médicales haute qualité de M. Wright & Sons®
- Netmed S.à.r.l est votre parte..."
155,70,155_jeanpaul_harry daemen_daemen_jeanpaul schmit,"jeanpaul, harry daemen, daemen, jeanpaul schmit, schmit jeanpaul, harry, schmit, athletes, triathlon, championnats","* Nouvelles
    * Photos
    * Calendrier
    * Archive
  * Entrainement
    * Adultes
    * Ecole de Natation
    * Triathlon Kids
  * Club
    * Histoire
    * Comité
    * Contact
  * Liens

# Semi-marathon de Copenhague

Pitt Schneider realise un chrono de 1h16.45 au semi de Copenhague

# Médaille de bronze pour Joé Kurt lors des mondiaux de Paratriathlon !

Bravo a Joe pour cette medaille de bronze apres une course parfaite (5eme
apres la natation, 3eme apres le parcours de velo et donc il ...
---
* Nouvelles
    * Photos
    * Calendrier
    * Archive
  * Entrainement
    * Adultes
    * Ecole de Natation
    * Triathlon Kids
  * Club
    * Histoire
    * Comité
    * Contact
  * Liens

# Semi-marathon de Copenhague

Pitt Schneider realise un chrono de 1h16.45 au semi de Copenhague

# Médaille de bronze pour Joé Kurt lors des mondiaux de Paratriathlon !

Bravo a Joe pour cette medaille de bronze apres une course parfaite (5eme
apres la natation, 3eme apres le parcours de velo et donc il ...
---
* Nouvelles
    * Photos
    * Calendrier
    * Archive
  * Entrainement
    * Adultes
    * Ecole de Natation
    * Triathlon Kids
  * Club
    * Histoire
    * Comité
    * Contact
  * Liens

# Championnats Triathlon Echternach

Excellents resultats de nos athletes lors du triathlon a Echternach !

Championnat Youth C: 1. Julia HIM, 2. Sarah PIECH, 3. Jasmin Andersen  
1\. David LANG, 2. Mathis MOOG, 3. Alex KERRENS  
Championnat Youth B: 1. Valentin CAUWE GOERES, 2. Metti LAPLUME

KIDS B: 3. ..."
156,69,156_canon_photo_leica_eos,"canon, photo, leica, eos, sony, imprimantes, appareils, objectifs, accessoires, sex"," Search bar   Close Search Bar

### RECHERCHES SUGGÉRÉES

*  Vous cherchez de l'aide ? 
  *  Vous avez besoin d'encre pour votre imprimante ? 
  *  Voir tous les appareils photo 
  *  Voir les lancements des derniers produits 
  *  Recherche de solutions professionnelles

### RECHERCHES RÉCENTES

* Grand public Consumer  
  * Entreprise Business
  * Photo et vidéo professionnelles Pro Photo & Video

 Return   Close Menu

* SE CONNECTER SE CONNECTER
  * Créer un compte  Créer un compt...
---
 Search bar   Close Search Bar

### RECHERCHES SUGGÉRÉES

*  Vous cherchez de l'aide ? 
  *  Vous avez besoin d'encre pour votre imprimante ? 
  *  Voir tous les appareils photo 
  *  Voir les lancements des derniers produits 
  *  Recherche de solutions professionnelles

### RECHERCHES RÉCENTES

* Grand public Consumer  
  * Entreprise Business
  * Photo et vidéo professionnelles Pro Photo & Video

 Return   Close Menu

* SE CONNECTER SE CONNECTER
  * Créer un compte  Créer un compt...
---
Nous utilisons des cookies afin de vous offrir la meilleure expérience
possible lors de vos interactions avec Canon et sur notre site Web. Vous
pouvez en savoir plus sur notre utilisation des cookies et modifier vos
paramètres relatifs aux cookies ici. Vous acceptez notre utilisation des
cookies sur votre appareil en continuant à utiliser notre site Web ou en
cliquant sur J'accepte.

* Produits Products
  * Actualités Actualités
  * Histoires Histoires
  * Support Support
  * recherche

* Photo ..."
157,69,157_sage_bob_zen_gestion,"sage, bob, zen, gestion, crm, logiciel, erp, comptabilit, logiciels, 100","* SUPPORT - CONNEXION

19, rue de l'industrie

L8069 Bertrange -  Luxembourg

* Qui sommes-nous ?
  * Comptabilité
    * BoB 50
    * Bob 50 Expert
    * Horus software
  * Gestion
    * Sage BoB 50 gestion commerciale
    * Sage BOB Presta
    * Sage CRM
    * Admin IS/Consult
    * Admin Pulse
    * Elea
    * E-lma
  * Dématérialisation
    * Sage Bob-démat
    * Sage Cloud-démat
    * Admin DMS
  * Dashboards
    * Sage-BoB OLE
    * Admin Power
  * Plateformes collaboratives
    * Sage Clou...
---
Contactez-nous au (+352) 20211031|info@acecomputer.lu

* ACCUEIL
  * EQUIPE
  * PRODUITS DE GESTION 
    * ### Sage BOB 50
    * ### Sage BOB 50 Expert
    * ### Sage FiSta
    * ### Sage CRM
    * ### CONSOplus
    * ### Modullo
    * ### AceShop
    * ### Sage BOB-demat
    * ### Camele'on
  * WEBMARKETING
  * NEWS
  * FORMATIONS
  * CONTACT
  * SUPPORT
  *

* Juin 2016 : Focus sur les outils Sage BOB50 
  * La dématérialisation grâce à BOB-demat ! 
A partir de 40€/mois

* Noyé sous la paperas...
---
Contactez-nous au (+352) 20211031|info@acecomputer.lu

* ACCUEIL
    * EQUIPE
    * PRODUITS DE GESTION
      * Sage Online Access
      * Sage BOB 50
      * Sage BOB 50 Expert
      * Sage 100c
      * Sage FiSta
      * Sage CRM
      * Admin Consult
      * Modullo
      * Sage BOB-demat
      * Camele'on
    * WEBMARKETING
    * NEWS
    * FORMATIONS
    * CONTACT
    * SUPPORT
  *

* Sage Online Access, votre business à portée de main 
La solution idéale pour une gestion efficace

et ce où..."
158,68,158_1130_0100_1130 1430_2300,"1130, 0100, 1130 1430, 2300, 1430, restaurant, 0600, 1830, carte, 2200","Afin de fournir une fonctionnalité complète, ce site Web nécessite votre
consentement explicite pour stocker des cookies de navigateur. Si vous
n'autorisez pas les cookies, vous ne pourrez peut-être pas utiliser certaines
fonctionnalités du site Web, notamment les suivantes: contenu personnalisé,
changement de culture. Il est recommandé d'autoriser tous les cookies.

* Accueil
  * Presentation
  * Nous proposons
  * Notre carte
  * Contact

## Qui sommes-nous ?

Le Braza Grill est un véritable r...
---
* Accueil
  * Presentation
  * Nous proposons
  * Notre carte
  * Contact

## Qui sommes-nous ?

Le Braza Grill est un véritable restaurant portugais situé au coeur
d'Esch/Alzette.  
  
Nous proposons la cuisine portugaise avec ses bonnes grillades et la
traditionnelle ""picanha"".  
  
Nous avons le meilleur poulet grillé du Luxembourg, à déguster sur place ou à
emporter.  
  
Vous pouvez profiter d'un lunch rapide en découvrant notre menu du jour à
8.50€.  
  
Notre chef vous suggère aussi les b...
---
* Accueil
  * Presentation
  * Nous proposons
  * Notre carte
  * Contact

## Qui sommes-nous ?

Le Braza Grill est un véritable restaurant portugais situé au coeur
d'Esch/Alzette.  
  
Nous proposons la cuisine portugaise avec ses bonnes grillades et la
traditionnelle ""picanha"".  
  
Nous avons le meilleur poulet grillé du Luxembourg, à déguster sur place ou à
emporter.  
  
Vous pouvez profiter d'un lunch rapide en découvrant notre menu du jour à
8.50€.  
  
Notre chef vous suggère aussi les b..."
159,68,159_plonge_lac_brevet_club,"plonge, lac, brevet, club, piscine, entranements, membres, activits, archive, fdration","## CERCLE DE PLONGÉE

* Home
  * Agenda
  * Club
    * Admission
    * Activités au club
    * Cotisation annuelle
    * Facilités matériel
  * Comité
  * Photos
  * Photos old
  * Videos
  * Download
  * Contact

* Benutzername vergessen?
  * Passwort vergessen?

## Entraînements en piscine

La piscine est ouverte à tous, du plongeur débutant au plongeur confirmé. Les
entraînements en piscine sont la base de l'activité du plongeur. Ils lui
permettent d'entretenir sa condition physique et de s'e...
---
## CERCLE DE PLONGÉE

* Home
  * Agenda
  * Club
    * Admission
    * Activités au club
    * Cotisation annuelle
    * Facilités matériel
  * Comité
  * Actualité
  * Photos
  * Photos old
  * Videos
  * Download
  * Vente matériel
  * Contact

* Registrieren 
  * Benutzername vergessen?
  * Passwort vergessen?

## Entraînements en piscine

La piscine est ouverte à tous, du plongeur débutant au plongeur confirmé. Les
entraînements en piscine sont la base de l'activité du plongeur. Ils lui
perm...
---
Sub Aqua Club Esch-sur-Alzette a.s.b.l.

affiliée à la F.L.A.S.S.A.

Siège social: 1, Place des Sacrifiés 1940-1945 L-4115 Esch-sur-Alzette

IBAN: LU06 0019 5000 1897 4000 BIC: BCEELULL

Adresse postale: 5, rue Jean Jaminet L-3390 Peppange

R.C.S. Luxembourg F1591

* Homepage 
  * Infos
    * Objectifs 
    * Structure 
    * Activités 
    * Frais 
    * Santé 
    * Mesures sanitaires 
    * Contacts 
    * Statuts actuels 
    * Gestion données pers. 
    * Siège Social 
    * Historique 
  *..."
160,66,160_qi_gong_qi gong_chinoise,"qi, gong, qi gong, chinoise, mdecine, dr, traditionnelle, stage, corps, chine","Qi Gong Stages Mditation Hypnose Luxembourg 2020-2021 :

A LA SOURCE DE LA MEDECINE TRADITIONNELLE CHINOISE

14 et 15 novembre 2020 : Exceptionnel par : Dr Helena Hua ZHANG en direct via
Internet par visioconfrence zoom avec le stage de la Desse de Jade (stage
initialement programm les 02 et 03 mai 2020, ensuite les 10 et 11 octobre
2020)  
 Report en 2021 : Stage sur les problmes gnitaux avec Dr Helena Hua ZHANG :
Mditation ""Mi Sha"" et Hypnose ""Inner Layer Hypnosis"" pour les problmes gnitaux
(s...
---
QI GONG FEDERATION EVENEMENTS LUXEMBOURG

Qi Gong avec automassages  la Maternit du Centre Hospitalier de Luxembourg

La Fdration Luxembourgeoise de Qi Gong a particip avec des ateliers pratiques
de Qi Gong et d'automassages

la Journe Octobre Rose du 08 Octobre 2019

""Dpistage du cancer du sein et bien-tre"" la Maternit du Centre Hospitalier de
Luxembourg

A l'occasion du mois international de sensibilisation au cancer du sein
""Octobre Rose"", le CHL et son unit de snologie ont organis une journe...
---
Stages Qi Gong Mditation Hypnose Luxembourg 2020 :

A LA SOURCE DE LA MEDECINE TRADITIONNELLE CHINOISE

01 et 02 aot 2020 : Exceptionnel par : Dr LIU Dong en direct via Internet par
vidoconfrence zoom avec le Qi Gong des Oiseaux de Ma Wang Dui et la mditation
des Mille Mains de Bouddha  
03 et 04 octobre 2020 : Stage sur les problmes gnitaux avec Dr Helena Hua
ZHANG : Mditation ""Mi Sha"" et Hypnose ""Inner Layer Hypnosis"" pour les problmes
gnitaux (stage initialement programm les 09 et 10 mai 2020..."
161,66,161_massage_thai_massages_corps,"massage, thai, massages, corps, relaxation, pierres, 1000, huiles, chaudes, minutes","* Accueil
  * Services
    * Nos massages
    * Massages Abo
    * Thérapies spéciales
    * Corporate
  * Team
  * Chèques Cadeau
  * Réservations
  * Contact
  *   *

## Massage sur mesure

Le massage sur mesure est le point fort chez De Masseur :

Vous prenez votre rendez-vous et sur place vous allez expliquer à votre
Masseur/euse exactement ce que vous souhaitez comme massage, où vous avez mal
ou les parties du corps que vous préférez, pour qu’on puisse y travailler plus
intensément.

Le mas...
---
* Accueil
  * Services
    * Massages
    * Massages Abo
    * Thérapies spéciales
  * Team
  * Chèques Cadeau
  * Réservations
  * Contact
  *   *

### Pour les personnes qui préfèrent quand même choisir leur massage
prédéfini, veuillez trouver ci-dessous la liste des massages à la carte :

## Massage sur mesure

Le massage sur mesure est le point fort chez De Masseur :

Vous prenez votre rendez-vous et sur place vous allez expliquer à votre
Masseur/euse exactement ce que vous souhaitez comme m...
---
* Accueil
  * Services
    * Massages
    * Massages Abo
    * Thérapies spéciales
  * Team
  * Chèques Cadeau
  * Réservations
  * Contact
  *   *

Pour les personnes qui préfèrent quand meme choisir leur massage prédéfini,
veuillez trouver ci-dessous la liste des massages à la carte :

## Massage sur mesure

Le massage sur mesure est le point fort chez De Masseur :

Vous prenez votre rendez-vous et sur place vous allez expliquer à votre
Masseur/euse exactement ce que vous souhaitez comme massa..."
162,66,162_casino_online_casinos_jeux,"casino, online, casinos, jeux, viagra, bonus, joueurs, jouer, joueur, ligne","* Accueil
  * all slots casino free games
  * foxwoods free online casino
  * twin river casino hotel
  * magic city casino miami
  * high winds casino

* Accueil
  * royal planet casino
  * gold strike casino buffet
  * firekeepers casino michigan
  * sycuan casino hotel
  * online casino free money
  * robert deniro casino
  * salamanca ny casino
  * club world casino no deposit bonus codes
  * magic city casino miami
  * dakota magic casino
  * seattle casino
  * flagstaff casino

Inscrivez-v...
---
# Casino en ligne Luxembourg : guide pour jouer avec des bonus sur les
meilleurs jeux

C'est un fait, nous vivons dans un monde ou la technologie numerique s'accroit
considerablement. Cette evolution a eu un impact sur les casinos. Il est
desormais possible de jouer au casino depuis sa maison, au moyen d'un
ordinateur, d'une tablette ou d'un smartphone. Au vu des nombreux avantages
que presente cette nouvelle forme de casino, elle est tres prisee par de
nombreux internautes a travers le monde, e...
---
* Accueil
  * Dolce Vita Restaurant
  * Hôtel Dolce Vita
  * Trattoria Vinoteca
  * Contact
  * Rechercher
  * Menu

* Adresse :
  * Téléphone :
  * Horaires :

* 4 Avenue Dr. Klein, 5630 Mondorf-Les-Bains
  * 23 66 80 73
  * Lundi à Dimanche de 11:00 à 23:00

janvier 8, 2017/4 476 Commentaires/par gilles

##### Partager cet article

* Partager sur Facebook
  * Partager sur Twitter
  * Partager sur Google+
  * Partager sur Pinterest
  * Partager sur Linkedin
  * Partager sur Tumblr
  * Partager ..."
163,65,163_gymnastique_juniors_gym_cup,"gymnastique, juniors, gym, cup, coupe luxembourg, coupe, mixte, ans, gala, seniors","* Evènements
  * Actualités
  * Les résultats
  * Docs
    * Videos
    * Documents
    * Galeries
  * Teams FLGym
  * Les clubs
  * TeamGym
  * Contact

Gesond Iessen, Méi Bewegen

### Début des vacances scolaires d'été

### Fin des vacances scolaires d'été

### Réunion du Conseil d'Administration FLGym

A partir de 19.30 heures dans la maison des Sports

### AGN Gala du Centenaire

26/11/2020 \- 29/11/2020

### Championnats d'Europe de Gymnastique Rythmique à Kiev (UKR)

The competition format...
---
* Evènements
  * Actualités
  * Les résultats
  * Docs
    * Videos
    * Documents
    * Galeries
  * Teams FLGym
  * Les clubs
  * TeamGym
  * Shop
  * Contact

Les activités des clubs

### Filtre par régions

## ASPELT GYM ACADEMY

## ATHLETICO STEINFORT

* 41, rue de Syren - L-5316 Contern
  * +352 26 78 69-1
  * Centre
  * Mixte

## CERCLE D'EDUCATION PHYSIQUE STRASSEN

* 41 Rue Feyder - L-8026 Strassen
  * 310262-705
  * Centre
  * Mixte

## CERCLE DE GYMNASTIQUE REMICH

* 11,rue de la Sap...
---
* Home
  * News
  * Bénévolat
  * Club
    * Présentation
    * Comite
    * CT
    * Résultats
  * Sections
    * Sports pour tous
    * Gymnastique
  * Calendrier
  * Contact
  * Galerie
  * Entraîneurs

14/02/2018 Guy Foetz

Nous sommes en préparation d’une grande manifestation, pour laquelle nous
avons besoin de votre aide, les

championnats individuels en gymnastique générale

qui aura lieu le 14 et 15 mars 2020 au Centre Sportif de Bettembourg.

Notice: JavaScript is required for this cont..."
164,65,164_etatsunis_unis_etats_canada,"etatsunis, unis, etats, canada, islands, united, republic, automotive, saint, island","franais english   
Info Contact Plan du Site Accueil

Tarifs et rservations Offres Guide de location Flotte Agences Produits Avis
Professionnels Partenaires Avis Preferred

Vous tes ici Accueil  Accueil

# Bienvenue chez Avis

Please select your country of residence Afghanistan Afrique du Sud 4x4 Afrique
du Sud Afrique du Sud Albanie Algrie Allemagne Andorre Andorre Angola Anguilla
Antigua Arabie Saoudite Argentine Aruba Australie Autriche Azerbadjan Bahamas
Bahrein Barbade Belgique Belize Bermu...
---
Vous n'tes pas Luxembourg ?

Vous pouvez naviguer sur un de nos autres sites internationaux.

Choisissez dans la liste... Choisissez dans la liste...

* Accueil
  * Tarifs et Rservations
  * Vhicules
  * Agences
  * Offres Spciales
  * Conseils de voyages
  * Partenaire

\--- Slectionnez un pays --- Afrique du Sud Albania Allemagne Angola Antigua
And Barbuda Antilles Nerlandaise Arabie Saoudite Argentine Armenia Aruba
Australie Autriche Bahamas Bahren Belarus Belgique Belize Bolivia Bosnia And
H...
---
Country and Language selection

Outside Luxembourg ?

You may prefer one of our worldwide web sites.

""Please select"" ""Please select""

* Home
  * Rates & Reservation
  * Cars & Vans
  * Budget Offices
  * Latest Offers
  * Travel Advice

Important information

\--- Please select a country --- Albania Angola Antigua And Barbuda Argentina
Aruba Australia Austria Bahamas Bahrain Belarus Belgium Belize Bolivia Bosnia
And Herzegovina Botswana Brazil Bulgaria Canada Alberta Canada British
Columbia Can..."
165,64,165_plombier_holz_sanierung_beratung,"plombier, holz, sanierung, beratung, ausstellung, reinigung, fur, marken, bereich, leistungen","DE |  FR
  * Unternehmen
    * Über uns
    * Kontakt
  * Portfolio
  * Info
    * Kontakt
    * AGB
    * Datenschutzerklärung
    * Impressum

* Unternehmen
    * Über uns
    * Kontakt
  * Portfolio
  * Info
    * Kontakt
    * AGB
    * Datenschutzerklärung
    * Impressum

#### Unsere Leistungen

# fumolux.  
Die Schornstein Profis  
in Luxemburg

fumolux ist Ihr starker Partner im Bereich Schornsteinbau,
Schornsteinsanierung und Schornsteinreinigung in Luxemburg. Wir sind ein
eingespieltes...
---
* Unternehmen
    * Über uns
    * Kontakt
  * Portfolio
  * Info
    * Kontakt
    * AGB
    * Datenschutzerklärung
    * Impressum

#### Unsere Leistungen

# fumolux.  
Die Schornstein Profis  
in Luxemburg

fumolux ist Ihr starker Partner im Bereich Schornsteinbau,
Schornsteinsanierung und Schornsteinreinigung in Luxemburg. Wir sind ein
eingespieltes Team. Jeder von uns ist Profi. Zumeist sind es langjährig
erfahrene, aber in jedem Fall stetig geschulte, freundliche und motivierte
Mitarbeiter...
---
*   *   *   * Plomberie
  * Chauffage
  * Climatisation
  * Electricité
  * Nos services 
Dépannages 24/7 Débouchage Fuite d'eaux Réparation chasse d'eau WC Changment
robinet Réparation chauffe-eau Recherche fuite Changement chaudiere Buderus
Changement chaudiere viessmann

* Plombier Luxembourg 
Plombier Luxembourg-ville Plombier Luxembourg Beggen Plombier Luxembourg
Belair Plombier Luxembourg Bonnevoie Plombier Luxembourg Centre Plombier
Luxembourg Cents Plombier Luxembourg Cessange Plombier L..."
166,64,166_precise_stadt_life_river,"precise, stadt, life, river, muse, arten, sauer, common, schneider, dhistoire","Home ornitho.de / ornitho.lu  
Legal body and partners  
Support  
News and events  
 - 
Latest news  
Birds of Germany  
  Observations

Distribution
       - 
Northern Lapwing 2024

- 
Common Crane 2024

- 
Black-winged Stilt 2024

- 
Common Swift 2024

- 
Common Cuckoo 2024

- 
Griffon Vulture 2024  
Photo and sound gallery  
About ornitho.de / ornitho.lu  
 - 
About ornitho.de resp. ornitho.lu

- 
Species protected automatically

- 
Terms and conditions of use

- 
Reference lists, guide line...
---
Home ornitho.de / ornitho.lu  
Legal body and partners  
Support  
News and events  
 - 
Latest news  
Birds of Germany  
  Observations

Distribution
       - 
European Turtle Dove 2020

- 
Common Crane 2020

- 
Middle Spotted Woodpecker 2020

- 
Carrion_x_Hooded Crow (hybrid) 2020

- 
Eurasian Crag Martin 2020

- 
Alpine Swift 2020

- 
Black-winged Stilt 2020

- 
Pallid Harrier 2020

- 
Rosy Starling 2020

- 
Blyth's Reed Warbler 2020

- 
Griffon Vulture 2020

- 
Short-toed Snake Eagle 2020

-...
---
Home ornitho.de / ornitho.lu  
Legal body and partners  
Support  
News and events  
 - 
Latest news  
Birds of Germany  
  Observations

Distribution
       - 
Red Kite 2022

- 
Common Crane 2022

- 
Pygmy Cormorant 21-22

- 
Black-winged Stilt 2022

- 
Red-footed Falcon 2022

- 
Species portraits  
Photo and sound gallery  
About ornitho.de / ornitho.lu  
 - 
What is ornitho.de resp. ornitho.lu?

- 
Species protected automatically

- 
Terms and conditions of use

- 
Reference lists, guide line..."
167,64,167_dmnagement_moving_boxes_transport,"dmnagement, moving, boxes, transport, claude, meubles, devis, garde, professionnalisme, trs","# Rent eco-friendly moving boxes

## and pack EASY, FAST and ZERO-WASTE

## Let's move GREEN this year!

## Benefits of renting Green Moving Boxes

* our moving boxes are cheaper than cardboards

* stacking boxes to maximize your moving truck's capacity

* prepare your moving without leaving the home, we offer you delivery & pickup

* you can keep the boxes as long as you need. Get a coupon for a supplementary rental week

* our moving boxes can be used up to 400 times before being recycled, tho...
---
# Louez nos boites de demenagement ecologiques

# et emballez plus facilement, moins cher

## Demenagez green cette annee!

## Avantages de la location des

## boites de demenagement BOXit&move

* moins chers que les boites en carton.

* empilables pour maximiser la capacite de votre vehicule de demenagement.

* preparez votre demenagement sans sortir de chez vous, la livraison et la reprise des boites est gratuite.

* vous pouvez garder les boites aussi longtemps que vous en avez besoin. Une re...
---
# Rent eco-friendly moving boxes

## and pack EASY, FAST and ZERO-WASTE

## Let's move GREEN this year!

## Benefits of renting Green Moving Boxes

* our moving boxes are cheaper than cardboards

* stacking boxes to maximize your moving truck's capacity

* prepare your moving without leaving the home, we offer you delivery & pickup

* you can keep the boxes as long as you need. Get a coupon for a supplementary rental week

* our moving boxes can be used up to 400 times before being recycled, tho..."
168,64,168_hunde_hund_dog_chat,"hunde, hund, dog, chat, chien, adult, cape, bio, produkte, happy","*  DE
  *  EN
  *  BG
  *  CH
  *  CI
  *  CZ
  *  DK
  *  EG
  *  ES
  *  FI
  *  FR
  *  GE
  *  GR
  *  HK
  *  HU
  *  ID
  *  IL
  *  IT
  *  JP
  *  LV
  *  NL
  *  PL
  *  RO
  *  RU
  *  SE
  *  SG
  *  SI
  *  SK
  *  TH
  *  TR
  *  UA

* Produkte
  * Die Welt von Happy Dog
  * Hunde-Ratgeber
  * Unser Geschäft

* * *
  * Altersgruppe
  * Junior
  * Adult
  * Senior
  * Produktlinie
  * Supreme Young
  * Supreme fit & vital
  * Supreme Sensible
  * Supreme Mini
  * NaturCroq
  * VET
  ...
---
*  DE
  *  EN
  *  BG
  *  CH
  *  CI
  *  CZ
  *  DK
  *  EG
  *  ES
  *  FI
  *  FR
  *  GE
  *  GR
  *  HK
  *  HU
  *  ID
  *  IL
  *  IT
  *  JP
  *  LV
  *  NL
  *  PL
  *  RO
  *  RU
  *  SE
  *  SG
  *  SI
  *  SK
  *  TH
  *  TR
  *  UA

* Produkte
  * Die Welt von Happy Dog
  * Hunde-Ratgeber
  * Unser Geschäft

* * *
  * Altersgruppe
  * Junior
  * Adult
  * Senior
  * Produktlinie
  * Supreme Young
  * Supreme fit & vital
  * Supreme Sensible
  * Supreme Mini
  * NaturCroq
  * VET
  ...
---
*  DE
  *  EN
  *  BG
  *  CH
  *  CI
  *  CZ
  *  DK
  *  EG
  *  ES
  *  FI
  *  FR
  *  GE
  *  GR
  *  HK
  *  HU
  *  ID
  *  IL
  *  IT
  *  JP
  *  LV
  *  NL
  *  PL
  *  RO
  *  RU
  *  SE
  *  SG
  *  SI
  *  SK
  *  TH
  *  TR
  *  UA

* Produkte
  * Die Welt von Happy Dog
  * Hunde-Ratgeber
  * Unser Geschäft

* * *
  * Altersgruppe
  * Junior
  * Adult
  * Senior
  * Produktlinie
  * Supreme Young
  * Supreme fit & vital
  * Supreme Sensible
  * Supreme Mini
  * NaturCroq
  * VET
  ..."
169,64,169_dns_changed_ip address_provider,"dns, changed, ip address, provider, domain, apache, hosting, settings, server, ip","SORRY! If you are the owner of this website, please contact your hosting
provider:  MARKEASY SARL

It is possible you have reached this page because:

* The IP address has changed. 
The IP address for this domain may have changed recently. Check your DNS
settings to verify that the domain is set up correctly. It may take 8-24 hours
for DNS changes to propagate. It may be possible to restore access to this
site by following these instructions for clearing your dns cache.

* There has been a serve...
---
SORRY! If you are the owner of this website, please contact your hosting
provider:  Computer Resources International SA

It is possible you have reached this page because:

* The IP address has changed. 
The IP address for this domain may have changed recently. Check your DNS
settings to verify that the domain is set up correctly. It may take 8-24 hours
for DNS changes to propagate. It may be possible to restore access to this
site by following these instructions for clearing your dns cache.

* ...
---
SORRY! If you are the owner of this website, please contact your hosting
provider:  Medicis Sàrl

It is possible you have reached this page because:

* The IP address has changed. 
The IP address for this domain may have changed recently. Check your DNS
settings to verify that the domain is set up correctly. It may take 8-24 hours
for DNS changes to propagate. It may be possible to restore access to this
site by following these instructions for clearing your dns cache.

* There has been a server..."
170,63,170_contrle technique_vhicule_contrle_technique,"contrle technique, vhicule, contrle, technique, ct, vhicules, vehicule, passage, controle, lavage","* Contact 
  * Inscription newsletter

* Accueil 
  * A propos 
    * FAQ 
    * Nos partenaires 
    * Liste des prix 
    * Mentions légales 
    * Politique de cookies et protection des données 
    * Contact 
  * Services & Assistances 
    * Service immatriculation 
    * Assistance & remorquage 
    * Car 'N' Go Conseiller véhicules 
    * Pneumatiques & entretien 
    * Soins véhicules 
    * Location 
    * Occasions

### Lavage & nettoyage

nous intervenons pour tout type de nettoyage a...
---
* Contact 
  * Inscription newsletter

* Accueil 
  * A propos 
    * FAQ 
    * Nos partenaires 
    * Liste des prix 
    * Mentions légales 
    * Politique de cookies et protection des données 
    * Contact 
  * Services & Assistances 
    * Service immatriculation 
    * Assistance & remorquage 
    * Car 'N' Go Conseiller véhicules 
    * Pneumatiques & entretien 
    * Soins véhicules 
    * Location 
    * Occasions 
  * Faites votre demande

* FAQ 
  * Nos partenaires 
  * Liste des pr...
---
* Contact 
  * Inscription newsletter

* Accueil 
  * A propos 
    * FAQ 
    * Nos partenaires 
    * Liste des prix 
    * Mentions légales 
    * Contact 
  * Services & Assistances 
    * Service immatriculation 
    * Assistance & remorquage 
    * Car 'N' Go Conseiller véhicules 
    * Soins véhicules 
    * Location 
    * Occasions 
  * Faites votre demande

## Pause de printemps

Nous désirons informer notre aimable clientèle de notre absence de service
pour raison de congé :

du 22/04..."
171,63,171_vianden_352 83_hotel_victor hugo,"vianden, 352 83, hotel, victor hugo, victor, hugo, komfort, 83, balkon, wc","Contact • Mention légales • Sitemap

* Accueil
  * Réception
  * Restaurant
  * Chambres
  * Tarifs
  * Appartements
  * Vianden 
    * Plan de Vianden  
  * Region
  * Galerie
  * Liens
  * Contact

Vous êtes ici: Accueil

3 route de Bettel  
L-9415 Vianden - Luxembourg  
Tel. +352 83 45 05 - Fax +352 83 47 50  
campingour@pt.lu  
  
Hotel Nagel  
2 route de Bettel  
L-9415 - Vianden - Luxembourg  
Tel. +352 83 45 05 - Fax +352 83 47 50  
hotelnagel@pt.lu

En pleine verdure, au bord de lOur, l'...
---
* Hotel Heintz
  * Zimmer & Preise
    * Doppelzimmer Komfort
    * Doppelzimmer Gartenblick
    * Suite Komfort Gartenblick
    * Dreibettzimmer Komfort
    * Familienzimmer Komfort
  * Aktivitäten
    * Touristischer Ort
    * Trinitarier Kloster
    * Schloss Vianden
    * Sessellift
    * Schwimmbad
    * Museen
    * Kletterpark
    * Ourdall Promenade
    * Events
  * Reservationen
  * Kontakt

* EN
  * NL
  * FR
  * DE

* 55, Grand-rue L-9410 Vianden 
  * Tel: (00352) 83 41 55 
  * Fax: (...
---
Contact • Mention légales • Sitemap

* Accueil
  * Réception
  * Restaurant
  * Chambres
  * Tarifs
  * Appartements
  * Vianden 
    * Plan de Vianden  
  * Region
  * Galerie
  * Liens
  * Contact

Vous êtes ici: Accueil

3 route de Bettel  
L-9415 Vianden - Luxembourg  
Tel. +352 83 45 05 - Fax +352 83 47 50  
campingour@pt.lu  
  
Hotel Nagel  
2 route de Bettel  
L-9415 - Vianden - Luxembourg  
Tel. +352 83 45 05 - Fax +352 83 47 50  
hotelnagel@pt.lu

En pleine verdure, au bord de lOur, l'..."
172,62,172_amet_sit amet_sit_sed,"amet, sit amet, sit, sed, ut, dolor, consectetur, eget, ipsum, vel","* Startseite
  * Das Unternehmen
  * Unternehmensbereiche
    * Gas
    * Wasser
    * Fernwärme
    * Spezielle Arbeiten
    * Automatische Bewässerung
  * Zertifizierte Qualität
  * Jobs
  * Kontakt

In varius varius justo, eget ultrices mauris rhoncus non. Morbi tristique,
mauris eu imperdiet bibendum, velit diam iaculis velit, in ornare massa enim
at lorem. Etiam risus diam, porttitor vitae ultrices quis, dapibus id dolor.
Morbi venenatis lacinia rhoncus.

Lorem ipsum dolor sit amet, consect...
---
* HOME
  * ABOUT US
  * CATALOG
  * BLOG
  * CONTACT US

1. Home
  2. Post Types
  3. Audio Post

* Email
  * Twitter
  * Facebook
  * Google +
  * Pinterest
  * Tumblr
  * Linkedin
  * Vkontakte

Lorem ipsum dolor sit amet, consectetur adipiscing elit. Proin sed diam
sapien. Sed semper urna dictum tellus lacinia vehicula. Ut volutpat, augue vel
auctor tincidunt, ligula sem pharetra dui, nec tincidunt ante mauris eu diam.
Phasellus viverra nisl vitae cursus euismod. Suspendisse sit amet est lect...
---
* Startseite
  * Das Unternehmen
  * Unternehmensbereiche
    * Gas
    * Wasser
    * Fernwärme
    * Spezielle Arbeiten
    * Automatische Bewässerung
  * Zertifizierte Qualität
  * Jobs
  * Kontakt

admin Januar 9, 2013

Lorem ipsum dolor sit amet, consectetur adipiscing elit. Aliquam et
consectetur erat, ac iaculis lectus. Vestibulum porta leo vel dignissim
imperdiet. Ut consectetur nisi eros, sed consectetur magna egestas id. Vivamus
tincidunt faucibus ante, vel rhoncus sapien egestas nec. ..."
173,62,173_domain_dns_hosting_44,"domain, dns, hosting, 44, servers, zone, 42, upload, hosted, visual","# Web Server's Default Page

* * *
## If you see this page it means:

1. the DNS zone for this domain is has not been configured yet or
  2. hosting for this domain is not configured or
  3. no content has been uploaded yet or 
  4. this domain might be available for sale

## You can do the following:

1. Log into your account at DNS-Stock to manage the DNS zone
  2. Order your hosting and upload contents

* * *
## Hosted by Visual Online S.A.

* B.P. 2534
  * L-1025 Luxembourg
  * Téléphone: 42...
---
# Web Server's Default Page

* * *
## If you see this page it means:

1. the DNS zone for this domain is has not been configured yet or
  2. hosting for this domain is not configured or
  3. no content has been uploaded yet or 
  4. this domain might be available for sale

## You can do the following:

1. Log into your account at DNS-Stock to manage the DNS zone
  2. Order your hosting and upload contents

* * *
## Hosted by Visual Online S.A.

* B.P. 2534
  * L-1025 Luxembourg
  * Téléphone: 42...
---
# Web Server's Default Page

* * *
## If you see this page it means:

1. the DNS zone for this domain is has not been configured yet or
  2. hosting for this domain is not configured or
  3. no content has been uploaded yet or 
  4. this domain might be available for sale

## You can do the following:

1. Log into your account at DNS-Stock to manage the DNS zone
  2. Order your hosting and upload contents

* * *
## Hosted by Visual Online S.A.

* B.P. 2534
  * L-1025 Luxembourg
  * Téléphone: 42..."
174,62,174_luxembourg tlphone_troubles_tlphone_douleur,"luxembourg tlphone, troubles, tlphone, douleur, gsm, cabinet, douleurs, email, 691, rue","* Cabinets
  * Praticiens
  * Prestations
  * Contact

Sélectionner une page

# Ostéopathes D.O. Diplômés de l'Ecole Supérieure d'Ostéopathie de Paris

RDV CABINET LIMPERTSBERG RDV CABINET ESCH/ALZETTE

Notre Cabinet d'Ostéopathie est situé à Luxembourg Ville.  
Limperstberg, 55-57 avenue Pasteur.  
Au sein du groupe médical Pasteur.  
Proche du parking du Glacis.

Notre Cabinet d'Ostéopathie est situé à Esch-sur-Alzette.  
96 rue Émile Mayrish.  
En face du centre hospitalier Émile Mayrish  
Pa...
---
* Cabinets
  * Praticiens
  * Prestations
  * Contact

Sélectionner une page

# Ostéopathes D.O. Diplômés de l'Ecole Supérieure d'Ostéopathie de Paris

RDV CABINET LIMPERTSBERGRDV CABINET ESCH/ALZETTE

Notre Cabinet d'Ostéopathie est situé à Luxembourg Ville.  
Limperstberg, 55-57 avenue Pasteur.  
Au sein du groupe médical Pasteur.  
Proche du parking du Glacis.

Notre Cabinet d'Ostéopathie est situé à Esch-sur-Alzette.  
96 rue Émile Mayrish.  
En face du centre hospitalier Émile Mayrish  
Par...
---
* Cabinets
  * Praticiens
  * Prestations
  * Contact

Sélectionner une page

# Ostéopathes D.O. Diplômés de l'Ecole Supérieure d'Ostéopathie de Paris

RDV CABINET LIMPERTSBERGRDV CABINET ESCH/ALZETTE

Notre Cabinet d'Ostéopathie est situé à Luxembourg Ville.  
Limperstberg, 55-57 avenue Pasteur.  
Au sein du groupe médical Pasteur.  
Proche du parking du Glacis.

Notre Cabinet d'Ostéopathie est situé à Esch-sur-Alzette.  
96 rue Émile Mayrish.  
En face du centre hospitalier Émile Mayrish  
Par..."
175,61,175_account_provider_hosting_networks,"account, provider, hosting, networks, contact, propritaire, sarl, connecter, serve, hosted","This Account has been suspended.

Contact your hosting provider for more information.
---
This Account has been suspended.

Contact your hosting provider for more information.
---
This Account has been suspended.

Contact your hosting provider for more information."
176,60,176_steffen_traiteur_cuisson_viande,"steffen, traiteur, cuisson, viande, ingrdients, boucherie, couverts, difficult, prparation, boeuf","* Boucherie
    * Histoire
    * Philosophie
    * Qualité et engagements
  * Viande
    * Boeuf
    * Porc
    * Agneau
    * Veau
    * Volaille
    * Dry Aged
    * Charcuterie et salaison
    * Barbecue
    * Fondue et pierrade
  * Brochures / Plats traiteur
  * Recettes
  * News & Blog
  * Contact
    * Points de vente
    * E-shop & Commandes
    * Jobs

Comment bien cuisiner votre viande ? Si vous avez besoin d’inspiration en
cuisine, découvrez toutes les recettes de nos artisans bouchers...
---
* Boucherie
    * Histoire
    * Philosophie
    * Qualité et engagements
  * Viande
    * Boeuf
    * Porc
    * Agneau
    * Veau
    * Volaille
    * Dry Aged
    * Charcuterie et salaison
    * Barbecue
    * Fondue et pierrade
  * Plats préparés
  * Recettes
  * News & Blog
  * Contact
    * Points de vente
    * Commande
    * Jobs

Comment bien cuisiner votre viande ? Si vous avez besoin d’inspiration en
cuisine, découvrez toutes les recettes de nos artisans bouchers. De la plus
tradition...
---
* Boucherie
    * Histoire
    * Philosophie
    * Qualité et engagements
  * Viande
    * Boeuf
    * Porc
    * Agneau
    * Veau
    * Volaille
    * Dry Aged
    * Charcuterie et salaison
    * Barbecue
    * Fondue et pierrade
  * Brochures
  * Recettes
  * News & Blog
  * Contact
    * Points de vente
    * Commande pour retrait en boucherie
    * Jobs

Toutes les actualités Boucherie Concours Corporate Fêtes Jobs Promotion

### GRAND CONCOURS DE L'ÉTÉ

À gagner : cadeau d'une valeur de 55..."
177,60,177_savoir_methode_sites_camille,"savoir, methode, sites, camille, vauban, restauration, complexe, reu, kontakt impressum, label","Aller au contenu principal

* Home
    * Nouveau concept à la station Total de Wasserbillig !
    * Contact
  * Le groupe Compass
    * Compass Group
    * Notre Vision et nos Valeurs
    * Notre mission et nos principes directeurs
    * Compass Group Luxembourg
    * Historique
    * Organigramme simplifié
    * Nos activités
    * Actualités
  * Engagements
    * Préparer l'avenir
    * Code des pratiques commerciales
    * Nos actions caritatives
  * Carrières
    * 1001 raisons de nous rejoi...
---
Aller au contenu principal

* Home
    * Nouveau concept à la station Total de Wasserbillig !
    * Contact
  * Le groupe Compass
    * Compass Group
    * Notre Vision et nos Valeurs
    * Notre mission et nos principes directeurs
    * Compass Group Luxembourg
    * Historique
    * Organigramme simplifié
    * Nos activités
    * Actualités
  * Engagements
    * Préparer l'avenir
    * Code des pratiques commerciales
    * Nos actions caritatives
  * Carrières
    * 1001 raisons de nous rejoi...
---
Aller au contenu principal

* Home
    * In loving memory of Richard Cousins
    * Contact
  * Le groupe Compass
    * Compass Group
    * Notre Vision et nos Valeurs
    * Notre mission et nos principes directeurs
    * Compass Group Luxembourg
    * Historique
    * Organigramme simplifié
    * Nos activités
    * Actualités
  * Engagements
    * Préparer l'avenir
    * Code des pratiques commerciales
    * Nos actions caritatives
  * Carrières
    * 1001 raisons de nous rejoindre
    * Nos Mé..."
178,58,178_machines_prcision_mcanique_montage,"machines, prcision, mcanique, montage, spciales, fabrication, 352 33, hauteur, ehlerange, industriels","* Accueil
  * Nos compétences
    * Usinage
      * Tournage
      * Fraisage
      * Electroérosion à fil
      * Electroérosion par enfonçage
      * Rectification
      * Perçage rapide
      * Gravure laser
      * Clavetage/mortaisage
      * Sciage
    * Machines spéciales
    * Mécanosoudure / Serrurerie / Tôlerie
    * Système de meuble tubulaire
    * Métrologie
    * Parc Machines
    * Certifications
  * Historique
  * Galerie
  * News
  * Demandez un devis
  * Carrières
  *

## Notre...
---
* Accueil
  * Nos compétences
    * Usinage
      * Tournage
      * Fraisage
      * Electroérosion à fil
      * Electroérosion par enfonçage
      * Rectification
      * Perçage rapide
      * Gravure laser
      * Clavetage/mortaisage
      * Sciage
    * Machines spéciales
    * Mécanosoudure / Serrurerie / Tôlerie
    * Système de meuble tubulaire
    * Métrologie
    * Parc Machines
    * Certifications
  * Historique
  * Galerie
  * News
  * Demandez un devis
  * Carrières
  *   *

MÉCA...
---
* Accueil
  * Nos compétences
    * Usinage
      * Tournage
      * Fraisage
      * Electroérosion à fil
      * Electroérosion par enfonçage
      * Rectification
      * Perçage rapide
      * Gravure laser
      * Clavetage/mortaisage
      * Sciage
    * Machines spéciales
    * Mécanosoudure / Serrurerie / Tôlerie
    * Système de meuble tubulaire
    * Métrologie
    * Parc Machines
  * Historique
  * Galerie
  * News
  * Demandez un devis
  * Carrières
  *

SODICK A65R - Électro-érosion..."
179,58,179_thrapeutique_centre_frau_park,"thrapeutique, centre, frau, park, prise charge, dadmission, trouvez, hospitalier, syrdall, administratifs","* Annuaire 
  * Jobs

* Français
    * Deutsch (Allemand)

###  Choisissez entre l'annuaire des medecins et autres professionnels et
l'annuaire des services cliniques et administratifs

Medecins et autres professionnels

Services cliniques et administratifs

* Accueil
  * Qui sommes-nous?
  * Offre de services
  * Demande d'admission
  * FAQ
  * Contact

* Annuaire
    * Médecins et  
autres professionnels

* Services cliniques  
et administratifs

# Réponses à vos questions

#### À qui s'adress...
---
Gleichheit in der Verschiedenartigkeit

* ANSPRECHPARTNER 
  * Jobs

* Deutsch
    * Français (Französisch)

###  Wahlen Sie zwischen dem Telefonbuch fur Ärzte und weiteres Fachpersonal
und dem Kontaktverzeichnis fur Fach- und Verwaltungsabteilungen

Ärzte und weiteres Fachpersonal

Fach- und Verwaltungsabteilungen

* Startseite
  * Über uns 
    * In wenigen Worten
    * Geschichte
    * Werte, Auftrag und Vision
    * Kennzahlen
    * Qualität
  * Organisation 
    * Verwaltung & Management
  ...
---
L'egalite dans la difference

* Annuaire 
  * Jobs

###  Choisissez entre l'annuaire des medecins et autres professionnels et
l'annuaire des services cliniques et administratifs

Medecins et autres professionnels

Services cliniques et administratifs

* Accueil
  * Qui sommes-nous? 
    * En quelques mots
    * Historique
    * Valeurs, missions & vision
    * Chiffres-clés
    * Qualité
  * Organisation 
    * Administration & Gestion
    * Partenaires
  * Spécialisations
  * News

* Annuaire
 ..."
180,57,180_contribue_nutrition_normal_fonctionnement,"contribue, nutrition, normal, fonctionnement, artikel, recovery, fit, vitamine, complment, maintien","The application has encountered an unknown error.  ×

It doesn't appear to have affected your data, but our technical staff have
been automatically notified and will be looking into this with the utmost
urgency.

* Paiements
  * Frais de Port
  * Conditions Générales
  * > Confidentialité
  * Health Claims

* menu
  * Compte
  * Paramètres

Creatine Chlorhydrate

Creatine Monohydrate

Nitric Oxide + Creatine

Hard Gainer Plus Creatine

Lean Gainer Plus Creatine

Our stores Our new deals

* My ac...
---
The application has encountered an unknown error.  ×

It doesn't appear to have affected your data, but our technical staff have
been automatically notified and will be looking into this with the utmost
urgency.

* Paiements
  * Frais de Port
  * Conditions Générales
  * Confidentialité
  * Health Claims

* menu
  * Compte
  * Paramètres

Creatine Chlorhydrate

Creatine Monohydrate

Nitric Oxide + Creatine

Hard Gainer Plus Creatine

Lean Gainer Plus Creatine

Our stores Our new deals

* My acco...
---
The application has encountered an unknown error.  ×

It doesn't appear to have affected your data, but our technical staff have
been automatically notified and will be looking into this with the utmost
urgency.

* Paiements
  * Frais de Port
  * Conditions Générales
  * > Confidentialité
  * Health Claims

* menu
  * Compte
  * Paramètres

Creatine Chlorhydrate

Creatine Monohydrate

Nitric Oxide + Creatine

Hard Gainer Plus Creatine

Lean Gainer Plus Creatine

Our stores Our new deals

* My ac..."
181,57,181_piscine_spa_piscines_leau,"piscine, spa, piscines, leau, dtente, chaleur, aqua, extrieur, passion, bassin","contact Toggle navigation

* piscines
    * Piscine intérieure
    * Piscine extérieure
    * Piscine hors-sol
  * liner armé
  * spa
  * hammam
  * sauna
  * rénovation
  * abris
  * sécurité & équipements 
    * Couvertures
    * Robot Piscine
    * Chauffage
    * Douche solaire
  * aménagement extérieur
  * Contact

* piscines
    * Piscine intérieure
    * Piscine extérieure
    * Piscine hors-sol
  * liner armé
  * spa
  * hammam
  * sauna
  * rénovation
  * abris
  * sécurité & équipement...
---
* Accueil
  * A propos
  * Projet d'architecte
  * Prestations
    * Piscines
      * Piscine intérieure
      * Piscine extérieure
      * Piscine hors-sol
    * Pergolas
    * Liner armé
    * Spa
    * Hammam
    * Sauna
    * Rénovation
    * Abris
    * Sécurité & Équipements
      * Couvertures
      * Robot piscine
      * Chauffage
      * Douche solaire
    * Aménagement extérieur
  * Contactez-nous

Équipements, Prestations

Des pergolas bioclimatiques pour des moments inoubliables Ave...
---
* Accueil
  * A propos
  * Projet d'architecte
  * Prestations
    * Piscines
      * Piscine intérieure
      * Piscine extérieure
      * Piscine hors-sol
    * Pergolas
    * Liner armé
    * Spa
    * Hammam
    * Sauna
    * Rénovation
    * Abris
    * Sécurité & Équipements
      * Couvertures
      * Robot piscine
      * Chauffage
      * Douche solaire
    * Aménagement extérieur
  * Contactez-nous

* La piscine de vos rêves
Construisez la piscine

Votre piscine sur-mesure ! Ecopiscine..."
182,57,182_spa_wellness_mondorf_parc,"spa, wellness, mondorf, parc, items, chalet, hotel, thermal, fitness, htel","The store will not work correctly in the case when cookies are disabled.

JavaScript seems to be disabled in your browser. For the best experience on
our site, be sure to turn on Javascript in your browser.

* Suche
  * Reservieren
  * Warenkorb

* English 
  * Français

* FITNESS & WOHLBEFINDEN
    * FITNESS & WOHLBEFINDEN
    * Wellness und Thermalbad
      * Wellness und Thermalbad
      * Zugangspreise
      * Gruppenkurse and Aufgüsse
      * Thermalbecken und Süßwasserbecken
      * Wohltu...
---
JavaScript seems to be disabled in your browser. For the best experience on
our site, be sure to turn on Javascript in your browser.

* Suche
  * Reservieren
  * Warenkorb

* English 
  * Français

* FITNESS & WOHLBEFINDEN
    * FITNESS & WOHLBEFINDEN
    * Wellness und Thermalbad
      * Wellness und Thermalbad
      * Zugangspreise
      * Gruppenkurse and Aufgüsse
      * Thermalbecken und Süßwasserbecken
      * Wohltuendes Thermalwasser
      * Saunen, Hammams und mehr
      * Private sauna...
---
The store will not work correctly when cookies are disabled.

JavaScript seems to be disabled in your browser. For the best experience on
our site, be sure to turn on Javascript in your browser.

* Suche
  * Reservieren
  * Warenkorb

* English 
  * Français

* FITNESS & WOHLBEFINDEN
    * FITNESS & WOHLBEFINDEN
    * MONDORF Run | 09.05.2024
    * Wellness und Thermalbad
      * Wellness und Thermalbad
      * Zugangspreise
      * Gruppenkurse and Aufgüsse
      * Thermalbecken und Süßwasserbe..."
183,56,183_flash_player_version_rcente,"flash, player, version, rcente, ncessite, adobe, times, contenu, design, content","#### Le contenu de cette page nécessite une version plus récente d’Adobe Flash
Player.  
  
  
  
  
  
  
Tweet
---
#### Le contenu de cette page nécessite une version plus récente d’Adobe Flash
Player.  
  
  
  
  
  
  
Tweet
---
#### Le contenu de cette page nécessite une version plus récente d’Adobe Flash
Player.  
  
  
  
  
  
  
Tweet"
184,56,184_coiffure_donnes_donnes personnelles_personnelles,"coiffure, donnes, donnes personnelles, personnelles, traitement, collectes, caractre, demander, donnes caractre, caractre personnel","*   * +352 26 48 24 50
  * cgcoiff@pt.lu

* Accueil
  * Notre salon
  * Nos prestations
    * Coiffure
    * Esthetique
    * Barbier
  * Actualites
  * Contact

##  Politique de protection des données

1. Accueil
  2. Politique de protection des donnees

CG Coiffure Sàrl (ci-après dénommé « CG Coiffure ») attache une grande
importance au respect de votre vie privée et a conscience de l'importance que
vous y accordez.  
CG Coiffure met dès lors tout en œuvre afin que vous puissiez utiliser les
s...
---
##  Politique de protection des données

1. Home
  2. Politique de protection des donnees

Avant-propos  
Angel's Coiffure Sàrl attache une grande importance au respect de votre vie
privée et a conscience de l'importance que vous y accordez.  
Angel's Coiffure met dès lors tout en œuvre afin que vous puissiez utiliser
les services offerts par ce site internet en toute confiance, notamment en
traitant vos données en toute transparence, dans le strict respect des lois et
réglementations applicable...
---
* Accueil
  * Notre salon
  * Coiffure
    * Hommes
    * Femmes
    * Enfants
  * Maquillage
  * Contact

##  Politique de protection des données

1. Accueil
  2. Politique de protection des donnees

Avant-propos  
Madame Weiwert Manuela (ci-après dénommé «Coiffure Fantaisie») attache une
grande importance au respect de votre vie privée et a conscience de
l'importance que vous y accordez.  
Coiffure Fantaisie met dès lors tout en œuvre afin que vous puissiez utiliser
les services offerts par ce..."
185,56,185_rve_prince_haff_petit,"rve, prince, haff, petit, asbl, deaktiviert, therapie, pferd, kommentare, cheval","* Accueil
  * A propos
  * Nos engagements
  * News
  * Autrefois
    * La delphinothérapie
    * Rêves

#####  Le Rêve du Petit Prince

#  Le Rêve du Petit Prince

Le Rêve du Petit Prince est une association sans but lucratif de droit
luxembourgeois (a.s.b.l.) fondée le 31 octobre 2007.  
Depuis le 13 avril 2012, l’association Le Rêve du Petit Prince Asbl a été
déclarée d’utilité publique.

## Quel sont nos objectifs

L’association poursuit différents buts distincts liés entre eux par l’idée de...
---
* Accueil
  * A propos
  * Nos engagements
  * News
  * Autrefois
    * La delphinothérapie
    * Rêves

#####  Le Rêve du Petit Prince

#  Le Rêve du Petit Prince

Le Rêve du Petit Prince est une association sans but lucratif de droit
luxembourgeois (a.s.b.l.) fondée le 31 octobre 2007.  
Depuis le 13 avril 2012, l’association Le Rêve du Petit Prince Asbl a été
déclarée d’utilité publique.

## Quel sont nos objectifs

L’association poursuit différents buts distincts liés entre eux par l’idée de...
---
* Accueil
  * A propos
  * Nos engagements
  * News
  * Autrefois
    * La delphinothérapie
    * Rêves

#####  Le Rêve du Petit Prince

#  Le Rêve du Petit Prince

Le Rêve du Petit Prince est une association sans but lucratif de droit
luxembourgeois (a.s.b.l.) fondée le 31 octobre 2007.  
Depuis le 13 avril 2012, l’association Le Rêve du Petit Prince Asbl a été
déclarée d’utilité publique.

## Quel sont nos objectifs

L’association poursuit différents buts distincts liés entre eux par l’idée de..."
186,55,186_el_restaurant_reservieren_erhalten,"el, restaurant, reservieren, erhalten, laufenden, fotos, nutzungsbedingungen, kontaktieren, erstellt, klicken","* Fotos 
    * Resto
    * Cuisine
  *   * MENU PDF 
  * Erreichbarkeit/Kontakt

* EN 
  * ES 
  * IT 
  * FR 
  * RU 
  * CS 
  * JA 
  * ZH 
  * NL 
  * EL

portugiesisches Restaurant | Luxembourg
Reservieren

### Praktische Infos

Portugiesisch, Tapas

portugiesisches Restaurant, Tapas-Bar, Cocktail Bar

Afterwork, Privatisierungen, kostenloses wiFi, Parkplatz in der Nähe

carte Bleue, American Express, Visum, Bargeld, Eurocard / Mastercard

11:30 - 14:00 • 17:30 - 00:00

### Erreichbarkeit/K...
---
* Fotos 
    * Le restaurant
    * Côté cuisine
  *   * Erreichbarkeit/Kontakt

* EN 
  * ES 
  * IT 
  * FR 
  * PT 
  * RU 
  * CS 
  * JA 
  * ZH 
  * NL 
  * EL

spanisches Restaurant  |  Leudelange 
Reservieren

### Praktische Infos

spanisches Restaurant

kostenloses wiFi, Zugang für Behinderte, Privatisierungen, VIP-Ecke,
kostenlose Parkplätze

carte Bleue, American Express, Visum, Bargeld, Restaurant Titel, Eurocard /
Mastercard, Kontaktloses Bezahlen

* * *
####  Mon \- Fre

### Erreich...
---
* Fotos 
    * The restaurant
    * The food
    * AFTERWORK
  * Meinungen
  *   * MENU PDF 
  * Erreichbarkeit/Kontakt

* EN 
  * ES 
  * IT 
  * FR 
  * PT 
  * RU 
  * CS 
  * JA 
  * ZH 
  * NL 
  * EL

Restaurant Bar  |  Kirchberg, Luxembourg 
Reservieren

###  JFK Bar & Kitchen

* * *
  
  
See MENU & Order

### Praktische Infos

Hamburger, amerikanisch

WLAN-Zugang, Terrasse, private Terrasse, DJ-Plattenspieler, Projektor,
Mikrofon, Live-Sport

carte Bleue, American Express, Visum, Bargel..."
187,55,187_malawi_hospital_ste_patienten,"malawi, hospital, ste, patienten, consdorf, rsidence, betreuung, rsidences, projekte, contern","* Willkommen
  * Über uns
    * Geschichtlicher Rückblick
    * Allgemeine Vorstellung
    * Verwaltungrat
  * Das Land Malawi
    * Buch - Malawi von Martin Linster
  * St Gabriel's Hospital
    * Das Spital
    * Mobile Clinics
    * Likuni Phala
  * Projekte
    * Aktuelles Projekt: Personalwohnungen
    * Aktuelles Projekt: Waweh
    * Umgesetzte Projekte
    * Aktuelles Projekt: Cabu
    * Aktuelles Projekt: Nothilfe
  * Aktuelles
  * Gästebuch
  * Fotogalerie
  * Kontakt

* 1-sanierung-was...
---
* Home
  * Über uns
  * Organisationen
    * Kongregation der Tertiar-Karmelitinnen
    * Carmelite Sisters Malawi
    * Fondation Ste Zithe
    * St. Gabriel’s Hospital
    * Eng oppen Hand fir Malawi
    * Zikomo – Hilfe für Malawi
    * ZithaSenior S.A.
    * ZithaMobil und ZithaFoyers
    * ZithaAktiv
    * ZithaKiné
    * ZithaRésidences
    * ZithaUnit
  * Projekte
  * Downloads
  * Jobs
  * Kontakt
  * Deutsch
    * Lëtzebuergesch
    * Français
    * English

Pflegetelefon  
Luxemburg

M...
---
* Home
  * Über uns
  * Organisationen
    * Kongregation der Tertiar-Karmelitinnen
    * Carmelite Sisters Malawi
    * Fondation Ste Zithe
    * St. Gabriel’s Hospital
    * Eng oppen Hand fir Malawi
    * Zikomo – Hilfe für Malawi
    * ZithaSenior S.A.
    * ZithaMobil und ZithaFoyers
    * ZithaAktiv
    * ZithaKiné
    * ZithaRésidences
    * ZithaUnit
  * Projekte
  * Downloads
  * Jobs
  * Kontakt
  * Deutsch
    * Lëtzebuergesch
    * Français
    * English

Als Zitha konnten wir bereit..."
188,54,188_food_truck_thai_delicious,"food, truck, thai, delicious, authentic, catering, traditional, burger, homemade, sauce","* Home
  * Foodtruck
    * Events
    * Weekly spots
    * Menu
    * History
  * Booking

* Weekview
  * Events
  * Notifications
  * Service

Hauck&Aufhäuser Schuttrange

""Weekly Locations change"" Read more...

#### This month newcomer menu

We are hiring! Customer care 20h/week ( m | w ) 
Contract:  TEMPS-PARTIEL  Hours:  daily (mo-fr) 10:30-14:30  Region:
Luxemburg

Job offer 06.09.2020

#### Pharmacy Bertrange

New Thursday evening location!

#### Short menu preview including newcomer menus...
---
* Home
  * Foodtruck
    * Events
    * Weekly spots
    * Menu
    * History
  * Service

* Weekview
  * Events
  * Notifications
  * Service

Stay safe out there!

Please take care of yourself and your fellows, please wear your mask and keep
your distance.

New Thursday evening location!

Here you can file a request for a weekly spot, go ahead and we do our best to
get in your area! Cheers!

#### Alzingen we are back!

Tuesdays 18h00-21h00!

#### This month newcomer menu

#### Short menu previ...
---
* Home
  * Foodtruck
    * Events
    * Weekly spots
    * Menu
    * History
  * Service

* Weekview
  * Events
  * Notifications
  * Service

Crédit Suisse Kirchberg

Stay safe out there!

Please take care of yourself and your fellows, please wear your mask and keep
your distance.

#### This month newcomer menu

We are hiring! Customer care 20h/week ( m | w ) 
Contract:  TEMPS-PARTIEL  Hours:  daily (mo-fr) 10:30-14:30  Region:
Luxemburg

Job offer 06.09.2020

#### Pharmacy Bertrange

New Thur..."
189,52,189_carburant_carte_stations_station,"carburant, carte, stations, station, afficher, card, officiels, huiles, fiches, cartes","Clients actuels  
+352 282 61208  
serviceclients@fleetcor.lu

Nouveaux clients  
+352 282 61456  
contact@fleetcor.lu

Nouvelle souscription

Clients actuels Nouveaux clients

+352 282 61208  
serviceclients@fleetcor.lu

+352 282 61456  
contact@fleetcor.lu

* België
  * Belgique
  * Česká republika
  * Deutschland
  * France
  * Luxembourg
  * Magyarország
  * Nederland
  * Österreich
  * Polska
  * Schweiz
  * Slovensko
  * Suisse
  * Svizzera

* Carte carburant
    * Carte essence Shell
    ...
---
Clients actuels  
+352 282 61208  
serviceclients@fleetcor.lu

Nouveaux clients  
+352 282 61456  
contact@fleetcor.lu

Nouvelle souscription

Clients actuels Nouveaux clients

+352 282 61208  
serviceclients@fleetcor.lu

+352 282 61456  
contact@fleetcor.lu

* België
  * Belgique
  * Česká republika
  * Deutschland
  * France
  * Luxembourg
  * Magyarország
  * Nederland
  * Österreich
  * Polska
  * Schweiz
  * Slovensko
  * Suisse
  * Svizzera

* Carte carburant
    * Carte essence Shell
    ...
---
Clients actuels  
+352 (0)28 261 208  
serviceclients@fleetcor.lu

Nouveaux clients  
+352 (0)28 261 456  
contact@fleetcor.lu

Nouvelle souscription

Clients actuels Nouveaux clients

+352 (0)28 261 208  
serviceclients@fleetcor.lu

+352 (0)28 261 456  
contact@fleetcor.lu

* België
  * Belgique
  * Česká republika
  * Deutschland
  * France
  * Luxembourg
  * Magyarország
  * Nederland
  * Österreich
  * Polska
  * Schweiz
  * Slovensko
  * Suisse
  * Svizzera

* Carte carburant
    * Carte es..."
190,52,190_traduction_translation_sprachen_langues,"traduction, translation, sprachen, langues, language, documents, german, quote, french, russian","# Agence de traduction Luxembourg - documents en allemand, français, anglais,
luxembourgeois

## Traductions de textes de et vers le français, l'allemand et le
luxembourgeois, mais aussi l'anglais, le néerlandais, l'italien, l'espagnol et
les autres langues du monde

Les traducteurs professionnels et expérimentés de l'agence de traduction
ViaVerbia traduisent des documents de et vers toutes les langues du monde.
L'agence de traduction ViaVerbia travaille avec des prix de traduction très
compétit...
---
Votre expert en services linguistiques !

Choisir un autre pays

* Accueil
  * Prestations
    *       1. Traductions
         1. Traduction technique
         2. Traduction juridique
         3. Traduction financière
         4. Traduction médicale
         5. Traduction commerciale
         6. Traduction urgente
         7. Traduction assermentée
         8. Traduction de sites Web
      2. Services Linguistiques
         1. Révision, relecture, correction de traduction
         2. Rédaction
 ...
---
Skip to main content

info@viaverbia.com 28 48 01 38

* Traductions
    * Traduction technique
    * Traduction juridique
    * Traduction financière
    * Traduction médicale
    * Autres traductions spécialisées
    * Traduction urgente
    * Traduction assermentée
    * Traduction de sites Web
    * Test de traduction
  * Services linguistiques
    * Révision
    * PAO multilingue
    * Transcription audio
    * Doublage voix
    * Sous-titrage
    * Interprétation sur site
    * Interprétati..."
