topic_id,page_count,website_count,name,top_words,representative_docs
-1,13388,3613,-1_luxembourg_2018_contact_00,outliers,""
0,984,498,0_restaurant_00_menu_sauce,"restaurant, 00, menu, sauce, 50, carte, 30, salade, 14, plats","#  Am Bureck

  * Page d'accueil
  * Carte Restaurant
  * Carte des vins
  * Menu du jour
  * Carte Brasseire
  * Contact

# Carte Restaurant

#

#

#

#

#

#

# Nouveau

  * ## LES FORMULES DU PICANHA SONT SERVIS SUR COMMAND
  * ## MINIMUM 4 PERSONNES
  * ## Accompagnements:
  * ## frites, du riz des haricots noirs banana et ananas.
  * ## Picanha coupé en tranches devant le client
  * ## (4personnes) 100,00 €
  * ## (6personnes) 144,00 €
  * ## (8personnes) 184,00 €
  * ## (Steak de picanha) ...
---
* Accueil
  * Notre Carte
  * Livraison
  * Réservation

# Restaurant - Pizzeria

COMMANDER EN LIGNE

## Notre Carte

##### Notre etablissement propose une carte variee et des plats composes a
base d'ingredients frais.  
Venez decouvrir notre cuisine dans un cadre conviviale et une ambiance
chaleureuse.

* * *
##### Potages

###### Potage du Jour

###### 6,00€

###### Tortellini in Brodo

###### 7,90€

###### Minestrone

###### 7,50€

##### Entrées Chaudes et Froides

###### Mozzarella Caprese

...
---
Jump to navigation

  * Menu du jour
  * Suggestions
  * Plats
  * Réservation
  * Le restaurant
  * Contact

### Heures d’ouverture

Mardi - Samedi: 11h30-13h30  
18h30-21h30  
Dimanche: 11h30-13h30  
### Réservations

T. +352 32 01 15  
info@tomate-basilic.lu  
Formulaire en ligne

  * 

## Menus du jour

## 11,00€  

##

La semaine du 16/07/2018

###

##### Mardi:

Côte de Porc aux Oignons  
Purée  
Salade

##### Mercredi:

Poitrine de Veau farcie à la provençale  
Pommes de terre sautées  
T..."
1,925,427,1_000_appartement_données_m²,"000, appartement, données, m², 000 000, traitement, m2, chambres, maison, personnelles","* Accueil
  * Ventes
  * Locations
  * Neuf
  * Etranger
  * Estimation
  * Notre équipe
  * Contact
  * Calculez votre crédit

    
Transaction

     achatlocation
    
neuf

Localité

     - Baslieux (54620) Mandelieu-la-napoule (06210) \- Belair \- Dommeldange \- Kirchberg Bridel Brouch (mersch) Luxembourg Mamer Senningerberg
Type de bien

     - Appartement Maison
Budget

     - 100 000 150 000 200 000 250 000 300 000 350 000 400 000 450 000 500 000 550 000 600 000 650 000 700 000 800 000 90...
---
﻿   FR |  EN
  * Accueil
  * Ventes
  * Locations
  * Neuf
  * Réalisations
  * Estimation
  * Contact

Toute l'équipe est

à votre écoute dans la réalisation de vos projets

CL Immobilière

Votre agence immobilière à Esch-sur-Alzette

RECHERCHE

    
Transaction

     achatlocation
    
neuf

Localité

     - Zoufftgen (57330) Baschleiden Bergem Boulaide Differdange Dudelange Esch-sur-alzette Hunsdorf Kayl Lamadelaine Mondercange Niederkorn Marco de canaveses
Type de bien

     - Appartement Lo...
---
* Accueil
  * Ventes
  * Locations
  * Neuf
  * Etranger
  * Estimation
  * Notre équipe
  * Contact
  * Calculez votre crédit

    
Transaction

     achatlocation
    
neuf

Localité

     - Baslieux (54620) Mandelieu-la-napoule (06210) \- Belair \- Dommeldange \- Kirchberg Bridel Brouch (mersch) Luxembourg Mamer Senningerberg
Type de bien

     - Appartement Maison
Budget

     - 100 000 150 000 200 000 250 000 300 000 350 000 400 000 450 000 500 000 550 000 600 000 650 000 700 000 800 000 90..."
2,620,514,2_00_mail_352_senden,"00, mail, 352, senden, nom, empfängers, envoyer, contact, 30, destinataire","* Startseite
  * Präsentationsseite
  * Produkte & Dienstleistungen
  * Unser Katalog
  * Kontakt

  * Startseite
  * Präsentationsseite
  * Produkte & Dienstleistungen
  * Unser Katalog
  * Kontakt

de

  * lu
  * en
  * fr

# Kontakt

Kontakt

Pflichtfeld

Name

Vorname

E-mail

Telefon

Betreff

Bitte beschreiben Sie Ihr Anliegen

Kopie an mich senden

Erfassen Sie die Zeichen die im Bild erscheinen

Senden

## Kontaktieren Sie uns

S.T.M Lux SA

Rue du Fossé 3

4123 Esch-sur-Alzette (LUXEMBU...
---
* lu
  * de
  * en
  * fr

  * Startseite
  * Präsentationsseite
  * Produkte & Dienstleistungen
  * Unser Katalog
  * Kontakt

  * Startseite
  * Kontakt

  

# Kontakt

## Kontaktformular

Kontakt

Pflichtfeld

Name

Vorname

E-mail

Telefon

Betreff

Bitte beschreiben Sie Ihr Anliegen

Kopie an mich senden

Erfassen Sie die Zeichen die im Bild erscheinen

Senden

  

Praktische Infos

Rue de la Libération 157

3512 Dudelange (LUXEMBURG)

Tel.:

+352 27 51 70 31

  
Fax:

+352 27 51 70 32

  
...
---
* lu
  * de
  * en
  * fr

  * Accueil
  * Présentation
  * Produits & Services
  * Contact

  * Accueil
  * Contact

  

# Contact

## Formulaire de contact

Contact

Champs obligatoires

Nom

Prénom

E-mail

Téléphone

Votre demande

Votre message

M'envoyer une copie

Saisissez les caractères qui s'affichent dans l'image

Envoyer

  

Infos pratiques

Rue Principale 1 A

9834 Holzthum

Tél :

+352 26 91 36 30

  
Fax :

+352 26 91 02 30

  
Mobile :

+352 691 248 540

  
E-mail :

jeff.theves..."
3,424,175,3_stickers_cookies_bmw_geberit,"stickers, cookies, bmw, geberit, cooper, favoris, mazars, peindre, holdings, cadeaux","*   *   * 

  * Vous n'arrivez pas à vous connecter ?
  * Blog & FAQ
  * Offrir un Chèque cadeau

+352 26 31 31 24  
+33 (0)6 63 37 86 06

Contacts

Catégories de produits

  * Product categories
  * AUTO
    *       * Autocollant VOITURES PAR MARQUE (A-Z)
        * Stickers Citroën DS3
        * Autocollants DS3 Citroën décoratif 
        * Stickers Fiat 500
        * Autocollant décoratif Fiat 500
        * Stickers ALFA ROMEO
        * Stickers AUDI 
        * Stickers BMW
        * Stickers ...
---
*   *   * 

  * Vous n'arrivez pas à vous connecter ?
  * Blog & FAQ
  * Offrir un Chèque cadeau

+352 26 31 31 24  
+33 (0)6 63 37 86 06

Contacts

Catégories de produits

  * Product categories
  * AUTO
    *       * Autocollant VOITURES PAR MARQUE (A-Z)
        * Stickers Citroën DS3
        * Autocollants DS3 Citroën décoratif 
        * Stickers Fiat 500
        * Autocollant décoratif Fiat 500
        * Stickers ALFA ROMEO
        * Stickers AUDI 
        * Stickers BMW
        * Stickers ...
---
× Remarque !!! FELICITATIONS !!! Nous avons un cadeau pour vous :: Offre
spéciale de - 10%

  *   *   * 

  * Vous n'arrivez pas à vous connecter ?
  * Blog & FAQ
  * Offrir un Chèque cadeau

+352 26 31 31 24  
+33 (0)6 63 37 86 06

Contacts

Catégories de produits

  * Product categories
  * AUTO
    *       * Autocollant VOITURES PAR MARQUE (A-Z)
        * Stickers Citroën DS3
        * Autocollants DS3 Citroën décoratif 
        * Stickers Fiat 500
        * Autocollant décoratif Fiat 500
   ..."
4,366,162,4_concert_2018_danse_music,"concert, 2018, danse, music, jazz, 2017, orchestre, 2019, théâtre, theater","* Home
  * Audio Reviews
  * Video Reviews
  * Features & Interviews
  * Kid's Corner
  * ICMA
  * Agenda

  * ### Advertising
  *   *   *   *   * 

## Buenos Aires veranstaltet Barenboim-Festival

11/07/2018

Daniel Barenboim  
(c) Peter Adamik

Mit einer Aufführung von Wagners 'Tristan und Isolde' beginnt heute in Buenos
Aires ein Barenboim-Festival. Für den Dirigenten ist das eine Premiere: er hat
nie zuvor in seiner Heimatstadt eine Oper dirigiert. Doch das direkte Umfeld
ist ihm vertraut. D...
---
* Home
  * Audio Reviews
  * Video Reviews
  * Features & Interviews
  * Kid's Corner
  * ICMA
  * Agenda

  * ### Advertising
  *   *   *   *   * 

## Ireland to merge National Orchestra and National Concert Hall

06/07/2018

The Irish Government has decided that the National Symphony Orchestra, which
currently belongs to the broadcaster RTÉ, should come under the control of the
National Concert Hall. and not be established as a separate State body. Read
More ->

## Morlot's assistant M.A.Torre...
---
* Home
  * Audio Reviews
  * Video Reviews
  * Features & Interviews
  * Kid's Corner
  * ICMA
  * Agenda

  * ### Advertising
  *   *   *   *   * 

## Ireland to merge National Orchestra and National Concert Hall

06/07/2018

The Irish Government has decided that the National Symphony Orchestra, which
currently belongs to the broadcaster RTÉ, should come under the control of the
National Concert Hall. and not be established as a separate State body. Read
More ->

## Morlot's assistant M.A.Torre..."
5,330,161,5_crèche_enfant_enfants_parents,"crèche, enfant, enfants, parents, ans, activités, pédagogique, crèches, accueil, _0x446d","© DynamicFrameworks\- Elite ThemeForest Author.

+352 27 39 70 60  sarl_lacigogne@hotmail.com

  * À propos
  * Personnel
  * Crèche
  * Pédagogie
  * Activités
  * Galerie
  * Contact

# Crèche  
La Cigogne  
à Capellen

Places disponibles pour des  
enfants de 3 mois à 4 ans.

Réservez vite votre place!

INSCRIPTION

## PRESENTATION DE

#

LA CRECHE

La crèche la Cigogne est une petite structure privée à Capellen qui accueille
les enfants de 3 mois à 4 ans dans un cadre chaleureux, agréable et...
---
# Au monde des petites étoiles

  * Notre crèche à Soleuvre
  * Pédagogie
  * Galerie photos
  * Menu
  * Contact

  * Au monde des petites étoiles 
  * Au monde des petites étoiles - notre crèche 
  * Au monde des petites étoiles - crèche 

# Introduction

Dans le présent projet, nous aurons pour but d’exprimer les besoins
spécifiques des enfants auxquels nous nous efforcerons de répondre, ainsi que
l’objectif primordial que nous souhaiterons atteindre lors de leur prise en
charge au niveau de ...
---
* Accueil
  * Bienvenue à tous
  * Projet pédagogique
  * Galeries Photos
  * Vidéo
  * Contact

  * 

  * 

bienvenue-a-tous

## Bienvenue à tous

La crèche « Butzebuerg » a ouvert ses portes en octobre 2011 à Differdange.
Elle accueille des enfants de toute culture, nationalité et classe sociale à
temps plein ou à mi-temps. La crèche prend en charge des enfants entre 2 mois
et 4 ans. Elle est aménagée dans une maison unifamiliale spacieuse et adapté
aux enfants, dans un quartier tranquille pas..."
6,288,130,6_club_saison_2018_team,"club, saison, 2018, team, 2017, seniors, 2014, rennen, rsr, walfer","Home

News

Agenda

Le Club

> Palmarès
> Le Comité
> Les Entraîneurs
> Horaires d'entraînements
> Documents Divers
Equipes

> Dames
> Seniors 2
> Juniors
> Cadets
> Scolaires
> Minimes
> Poussins
> Pupilles
> Bambinis
> Veteranen
Résultats et Classements

> Résultats Championnat
> Résultats Coupes
> Resultats matchs amicaux
Infos Equipes

> Seniors / Juniors
> Jeunes
> Calendriers FLF
Le coin des Jeunes

> Résultats Tournois
> Infos Equipes
Galerie

> 2016-2017
> 2015-2016
> 2014-2015
> 2013-20...
---
* Présentation 
    * Composition du comité 
    * Les nageuses et nageurs 
    * Histoire du club 
  * Entraînements 
  * Inscriptions Saison 2017/2018 
  * Compétitions 
    * Calendrier actuel 
    * Résultats 
      * Saison 2016-2017 
        * Journée des Jeunes Espoirs - 22/10/2016 
        * Sprints & More - 13/11/2016 
        * Erlanger Röthelheimcup - FLNS - 19-20/11/2016 
        * Trophée de l'Avenir - 20/11/2016 
        * Challenge International Dudelange - 26-27/11/2016 
        ...
---
Home

News

Agenda

Le Club

> Palmarès
> Le Comité
> Les Entraîneurs
> Horaires d'entraînements
> Documents Divers
Equipes

> Dames
> Seniors 2
> Juniors
> Cadets
> Scolaires
> Minimes
> Poussins
> Pupilles
> Bambinis
> Veteranen
Résultats et Classements

> Résultats Championnat
> Résultats Coupes
> Resultats matchs amicaux
Infos Equipes

> Seniors / Juniors
> Jeunes
> Calendriers FLF
Le coin des Jeunes

> Résultats Tournois
> Infos Equipes
Galerie

> 2016-2017
> 2015-2016
> 2014-2015
> 2013-20..."
7,287,241,7_352_luxembourg_mail_contact,"352, luxembourg, mail, contact, rue, 352 26, 26, kontakt, 00, senden","* lu
  * de
  * en
  * fr

  * Startseite
  * Präsentationsseite
  * Produkte & Dienstleistungen
  * Unser Katalog
  * Kontakt

  * Startseite
  * Kontakt

  

# Kontakt

## Kontaktformular

Kontakt

Pflichtfeld

Name

Vorname

E-mail

Telefon

Betreff

Bitte beschreiben Sie Ihr Anliegen

Kopie an mich senden

Erfassen Sie die Zeichen die im Bild erscheinen

Senden

  

Praktische Infos

Rue Pierre Krier 152

1880 Luxembourg (LUXEMBURG)

Tel.:

+352 26 12 31 60

  
Fax:

+352 29 91 36

  
E-mail...
---
* lu
  * de
  * en
  * fr

Peinture et décoration Nelson Alves Sàrl

  * Startseite
  * Präsentationsseite
  * Produkte & Dienstleistungen
  * Unser Katalog
  * Kontakt

Startseite

Kontakt

# Kontaktanfrage

Kontakt

Pflichtfeld

Name

Vorname

E-mail

Telefon

Betreff

Bitte beschreiben Sie Ihr Anliegen

Kopie an mich senden

Erfassen Sie die Zeichen die im Bild erscheinen

Senden

Peinture et décoration Nelson Alves Sàrl

Praktische Infos

Rue de Neudorf 412

2222 Luxembourg (LUXEMBURG)

Tel....
---
* lu
  * de
  * en
  * fr

Weiterempfehlen

  *   *   *   * 

  * Startseite
  * Präsentationsseite
  * Produkte & Dienstleistungen
  * Katalog
    * Unser Katalog
    * Unser Katalog
  * Kontakt

  * Startseite
  * Kontakt

# Kontakt

## Kontaktformular

Kontakt

Pflichtfeld

Name

Vorname

E-mail

Telefon

Betreff

Bitte beschreiben Sie Ihr Anliegen

Kopie an mich senden

Erfassen Sie die Zeichen die im Bild erscheinen

Senden

  

Praktische Infos

Route de Luxembourg 7

6195 Imbringen (LUXEM..."
8,277,134,8_véhicule_pneus_diesel_véhicules,"véhicule, pneus, diesel, véhicules, carburant, garage, bmw, vw, voitures, immat","* Accueil
  * Stock
  * Demande de reprise
  * Contact

  

+35 2 26 55 12 21

##  
BIENVENUE SUR NOTRE SITE

Avec plus de 10 ans d excellence et plus de 10 000 véhicules vendus, nous vous
donnons l’assurance d’acheter un véhicule fiable et révisé ! Nous vous
proposons tout au long de l’année un choix de véhicules d’occasion
rigoureusement sélectionnés, visibles du lundi au samedi sur place. L’ensemble
de notre parc automobile est révisé soigneusement par notre personnel et
bénéficie d’une garan...
---
Contactez-nous au+352 39 59 01-1

  * Accueil
  * Publicité
  * Reprise véhicule
  * Informations
  * Contact
  * Accès PRO

## Trouver un véhicule

Marque BMW CITROEN DS MINI NISSAN OPEL PEUGEOT RENAULT SEAT Modèle Carburant
Diesel Essence Boîte de vitesse Manuel Automatique

Nous avons actuellement  

163 véhicules disponibles

Qui sommes-nous

  * 20 ans d'expérience
  * Large stock de véhicules
  * une équipe à votre écoute

Plan d'accès

  *     * 20 ans d'expérience
    * Large stock de vé...
---
Contactez-nous au+352 39 59 01-1

  * Accueil
  * Publicité
  * Reprise véhicule
  * Informations
  * Contact
  * Accès PRO

## Trouver un véhicule

Marque BMW CITROEN DS MINI NISSAN OPEL PEUGEOT RENAULT SEAT Modèle Carburant
Diesel Essence Boîte de vitesse Manuel Automatique

Nous avons actuellement  

163 véhicules disponibles

Qui sommes-nous

  * 20 ans d'expérience
  * Large stock de véhicules
  * une équipe à votre écoute

Plan d'accès

# Reprise de votre véhicule

Vous souhaitez faire rep..."
9,268,146,9_chauffage_chaleur_sanitaire_installation,"chauffage, chaleur, sanitaire, installation, énergétique, energiepass, ventilation, energie, énergie, energy","Vous êtes un PRO ? Cliquez ici !

  * Accueil
  * A propos
  * Nos activités
    * Installations sanitaires
      * Appareils sanitaires
      * Traitement de l’eau
      * Piscine
      * Pression de l’eau
      * Pompage des eaux
      * Récupération eaux pluviales
    * Energies renouvelables
      * Energie solaire
      * Pompe à chaleur
      * Géothermie
      * Chaudière à pellets
    * Salles de bains clé en mains
    * Rénovation clé en mains
    * Climatisation / Ventilation
      * C...
---
* Home
  * Plan du site
  * Expertise

  * Profil
    * Soclima
    * Certifications
    * Nos valeurs
    * Politique qualité
  * Expertise
  * Carrières
    * Postes disponibles
    * Alertes e-mails
  * Contact
    * Contactez-nous
    * Plan

AccueilExpertise

# Expertise

### Ventilation

L’air est sans doute l’élément qui influence le plus le bien-être de l’homme.  
  
Trop peu d’oxygène dans un bureau ou dans un espace public, une température
excessive, une atmosphère lourde, confinée ou ...
---
#

Service Dépannage 7j/7j

  * lu
  * de
  * en
  * fr

  * Accueil
  * Présentation
  * Produits & Services
  * Nos prestations
    * Chauffage
    * Sanitaire
    * Energie alternative
  * Dépannage 7J/7
  * Contact

  * ## Installation et entretien de votre chauffage au gaz & mazout
  * ## Installation de votre salle de bain
  * ## Energies alternatives
Énergie solaire, pompes à chaleur, pompes pour eau de pluie, énergies
renouvelables

### Qui sommes-nous ?

La société Rocha Sàrl, fondée en..."
10,247,134,10_password_terug_passe_soin,"password, terug, passe, soin, bekijken, login, crème, forgot, username, visage","Contacteer ons

Winkelzoeker

Menu

#####  Mijn AccountInloggen/Aanmelden

#####  Mijn AccountInloggen/Aanmelden

### Inloggen

Of

Onthoud mij

Inschrijven

Wachtwoord vergeten

### Need account?

Zoeken

0

Totaal0Aantal

0,00 €

  * Parfum
  * Soins
  * Maquillage
  *   * Accessoires

  * Marques
  * Cadeaux
  * Promotions
  * EXCLUSIF

  *   * ##### 
Zoeken

  * #####  Mijn AccountInloggen/Aanmelden
### Login

Ingelogd blijven Aanmelden

Wachtwoord vergeten

###

  * Parfum
    * Femmes
    ...
---
Contacteer ons

Winkelzoeker

Menu

#####  Mijn AccountInloggen/Aanmelden

#####  Mijn AccountInloggen/Aanmelden

### Inloggen

Of

Onthoud mij

Inschrijven

Wachtwoord vergeten

### Need account?

Zoeken

0

Totaal0Aantal

0,00 €

  * Parfum
  *   * Maquillage
  *   * Accessoires

  * Marques
  * Cadeaux
  * Promotions
  * EXCLUSIF

  *   * ##### 
Zoeken

  * #####  Mijn AccountInloggen/Aanmelden
### Login

Ingelogd blijven Aanmelden

Wachtwoord vergeten

###

  * Parfum
    * Femmes
      * Fr...
---
Contacteer ons

Winkelzoeker

Menu

#####  Mijn AccountInloggen/Aanmelden

#####  Mijn AccountInloggen/Aanmelden

### Inloggen

Of

Onthoud mij

Inschrijven

Wachtwoord vergeten

### Need account?

Zoeken

0

Totaal0Aantal

0,00 €

  * Parfum
  * Soins
  * Maquillage
  *   * Accessoires

  * Marques
  * Cadeaux
  * Promotions
  * EXCLUSIF

  *   * ##### 
Zoeken

  * #####  Mijn AccountInloggen/Aanmelden
### Login

Ingelogd blijven Aanmelden

Wachtwoord vergeten

###

  * Parfum
    * Femmes
    ..."
11,244,162,11_luxembourg_services_entreprise_transmission,"luxembourg, services, entreprise, transmission, management, company, financial, spf, société, soparfi","* 

APPELEZ-NOUS : \+ 352 20 20 24 08 COUT D'UN APPEL LOCAL

Contact

Actoria Luxembourg

Spécialiste en transmission d'entreprises au Grand Duché

MENUMENU

  * Home
  * Qui sommes-nous
    * Présentation
    * Compétences
    * Déontologie
    * Articles
    * Infos pratiques
    * Références Clients
    * Votre avis nous intéresse
    * Le mot du Président
    * Developpement
    * Partenariat Fiduciaires
  * Transmettre une entreprise
    * Compétences
      * Présentation
      * Questions ...
---
Navigation

#  FMV & Partners SA - Cabinet d'Experts comptables à Luxembourg

  * Changer la langue
  * Français
  * English

FMV & Partners SA est une fiduciaire luxembourgeoise c'est-a-dire un cabinet
d'expertise comptable, membre de l'Ordre luxembourgeois des Experts
Comptables.

Nous sommes installes sur la Place luxembourgeoise depuis le milieu des annees
1990.

Toute l'equipe (soit une petite douzaine de personnes) est orientee vers les
chefs d'entreprise qui recherchent tout particulierem...
---
﻿﻿﻿

#

  * Home
  * About us
  * Client Segments
  * Services
    * Incorporation & Implementation
    * Corporate Services
    * Investment Fund Management
    * Tax Structuring & Financial Engineering
    * Governance
  * References
    * Solutions & transactions
    * Management & Governance
  * Why Luxembourg
  * Contact
  * Brochures

## Services

  * Incorporation & Implementation
  * Administration & Accounting & Tax
  * Investment Fund Management
  * Tax Structuring & Financial Engineer..."
12,238,92,12_matelas_javascript_voir_jeux,"matelas, javascript, voir, jeux, eur, lit, poussette, accessoire, taille, panier","Changement de magasin/pays

En changeant de magasin, vous allez être déconnecté, voulez-vous continuer ?
Oui Non ×

JavaScript seems to be disabled in your browser.  
Javascript doit être activé dans votre navigateur pour utiliser toutes les
fonctionnalités de ce site.

Nos magasins

Français

Menu Recherche

Liste de Naissance Liste Compte

Panier

Article(s) Récemment Ajouté(s) ×

Votre panier est vide.

  * CHAMBRE ENFANT
    * Voir tout CHAMBRE ENFANT
    * LIT BÉBÉ
      * Voir tout LIT BÉB...
---
Changement de magasin/pays

En changeant de magasin, vous allez être déconnecté, voulez-vous continuer ?
Oui Non ×

JavaScript seems to be disabled in your browser.  
Javascript doit être activé dans votre navigateur pour utiliser toutes les
fonctionnalités de ce site.

Nos magasins

Français

Menu Recherche

Liste de Naissance Liste Compte

Panier

Article(s) Récemment Ajouté(s) ×

Votre panier est vide.

  * CHAMBRE ENFANT
    * Voir tout CHAMBRE ENFANT
    * LIT BÉBÉ
      * Voir tout LIT BÉB...
---
Changement de magasin/pays

En changeant de magasin, vous allez être déconnecté, voulez-vous continuer ?
Oui Non ×

JavaScript seems to be disabled in your browser.  
Javascript doit être activé dans votre navigateur pour utiliser toutes les
fonctionnalités de ce site.

Nos magasins

Français

Menu Recherche

Liste de Naissance Liste Compte

Panier

Article(s) Récemment Ajouté(s) ×

Votre panier est vide.

  * CHAMBRE ENFANT
    * Voir tout CHAMBRE ENFANT
    * LIT BÉBÉ
      * Voir tout LIT BÉB..."
13,234,155,13_rénovation_peinture_construction_travaux,"rénovation, peinture, construction, travaux, façade, 00, façades, maison, renovation, extérieure","#

  * lu
  * de
  * en
  * fr

  * Start
  * Presentatioun
  * Produkter & Servicer
  * Free
    * Maisons clés en main
    * Construction
    * Rénovation
    * Aménagement extérieur
    * Finitions intérieures
    * Façades
  * Eise Katalog
  * Galerien
    * Rénovation maison unifamiliale à Mamer
    * Construction maison passive à Gonderange
    * Transformation de 3 maisons en 2 résidences à Ettelbruck
  * Kontakt

  * ## Construction / Rénovation
  * ## Construction / Rénovation

### Wee ...
---
#

  * lu
  * de
  * en
  * fr

  * Startseite
  * Präsentationsseite
  * Produkte & Dienstleistungen
  * Freie Seiten
    * Maisons clés en main
    * Construction
    * Rénovation
    * Aménagement extérieur
    * Finitions intérieures
    * Façades
  * Unser Katalog
  * Galerien
    * Rénovation maison unifamiliale à Mamer
    * Construction maison passive à Gonderange
    * Transformation de 3 maisons en 2 résidences à Ettelbruck
  * Kontakt

  * ## Construction / Rénovation
  * ## Construct...
---
#

  * lu
  * de
  * en
  * fr

  * Accueil
  * Présentation
  * Produits & Services
  * Activités
    * Maisons clés en main
    * Construction
    * Rénovation
    * Aménagement extérieur
    * Finitions intérieures
    * Façades
  * Nos domaines d'activité
  * Nos réalisations
    * Rénovation maison unifamiliale à Mamer
    * Construction maison passive à Gonderange
    * Transformation de 3 maisons en 2 résidences à Ettelbruck
  * Contact

  * ## Construction / Rénovation
  * ## Constructio..."
14,175,78,14_massage_beauté_visage_soins,"massage, beauté, visage, soins, institut, soin, corps, massages, peau, institut beauté","Institut de Beauté Sonia Machado

  * lu
  * de
  * en
  * fr

  * Accueil
  * Présentation
  * Produits & Services
  * Soins de beauté
  * Contact

  * Accueil
  * Présentation

  

# Qui sommes-nous ?

FACEBOOK: INST BEAUTE SONIA

Nous vous souhaitons la bienvenue sur notre site * institut de beauté à
Beaufort !*

Marquer une pause beauté et bien-être, partir sous d'autres latitudes...

Un rêve possible en plein coeur de Beaufort. L'institut Sonia Machado propose
diverses formules de soins iss...
---
Institut de Beauté Sonia Machado

  * lu
  * de
  * en
  * fr

  * Accueil
  * Présentation
  * Produits & Services
  * Soins de beauté
  * Contact

  * Accueil
  * Soins de beauté

# Soins de beauté

  * 1
  * 2
  * 3
  * 4
  * 

### Trier par

-
  * -
  * Nom
  * Prix
  * Référence

  * Montrer

  * MANSARD PARIS Rituels du visage
  * MANSARD PARIS soins du visage
  * Maquillage ( on vous maquille et on vend des produits de maquillage / Artdeco - Carmina
  * La gamme Phytomer - Soin Seaholisti...
---
#

Institut de beauté ""Pause Beauté""

  * lu
  * de
  * en
  * fr

  * Accueil
  * Présentation
  * Nos actualités
  * Produits & Services
  * Soin du visage
  * Forfaits printemps
  * Nos soins
    * Soins visage pour dames
    * Soins visage pour hommes
    * Soins corps pour dames
    * Soins corps pour hommes
    * Maquillage semi-permanent
    * Onglerie
    * Pédicure médicale
    * Produits de soin CLARINS
    * Les + de l'institut
  * Contact

  *   * ##  Pour des résultats et un bien-êt..."
15,166,82,15_hotel_hôtel_restaurant_hôtels,"hotel, hôtel, restaurant, hôtels, zimmer, chambres, nuits, bar, 352, chambre","* Home
  * Hotel
  * Brasserie
  * Restaurant
  * News
  * Kontakt

FR DE EN

Jetzt Buchen

# Willkommen im Hotel Beau Sejour

Unser Hotel befindet sich in Diekirch, einer kleinen Touristenstadt im Herzen
Luxemburgs. In direkter Umgebung befinden sich die 'Sauer' und herrliche
Spazierwege.

# Geniessen Sie Ihren Aufenthalt in unserem charmanten Hotel Beau Séjour

Komplett renoviert, mit ansprechender Einrichtung, bietet Ihnen das charmante
Hotel-Restaurant Beau Sejour eine renommierte Kuche. Das...
---
EN FR DE

  * Home
  * Hotel
  * Rooms
  * Rates
  * Booking
  * Contact

# Hotel du Parc in Diekirch

The hotel is ideally located in the heart of the charming town of Diekirch,
facing the city park and on the banks of the River Sure. The hotel offers a
traditional retro atmosphere.

If you are visiting the surroundings and environs during your holiday stay or
during your business trips, the Hotel du Parc is managed since 3-generations
by the same owner family.

All 40 rooms are equipped with b...
---
# Hôtel Restaurant Le Pavillon

Home |  Carte / Menu |  Terrasse / Terrace |  Hotel / Rooms |  Réserver une table |  Vélos / Bikes |  Restaurant |  Contact |  Réserver une chambre

  * Home
  * Carte / Menu
  * Terrasse / Terrace
  * Hotel / Rooms
  * Réserver une table
  * Vélos / Bikes
  * Restaurant
  * Contact
  * Réserver une chambre
  *  

Hotel Le Pavillon - City Hotel

  1.  
  2.  
  3.  

Le restaurant

Le restaurant

Le restaurant

La terrasse

La terrasse

L'hotel

L'hotel

FR | Notr..."
16,163,73,16_vins_domaine_pinot_wishlist,"vins, domaine, pinot, wishlist, vin, 50, 00, wine, uploads 2016, content uploads","* 0Panier

  * Accueil
  * Nouveautés
  * Produits
    * Vins Blanc
    * Vins Rosés
    * Vins Rouges
    * Vins Mousseux
    * Crémant
    * Jus de Raisins
    * Étiquettes spéciales
  * Commandes
  * Historique
  * Géographique
  * Dégustation
  * Contact
  * DE
  * FR
  * EN
  *   *   *   * Menu

## Produits

## Nouveautés

## Commandes

## Contact

Bienvenue sur notre site!

Vignerons et négoçiants depuis 4 générations dans la vallée de la Moselle
luxembourgeoise, donc au coeur de l'Europe,...
---
* 0Panier

  * Accueil
  * Nouveautés
  * Produits
    * Vins Blanc
    * Vins Rosés
    * Vins Rouges
    * Vins Mousseux
    * Crémant
    * Jus de Raisins
    * Étiquettes spéciales
  * Commandes
  * Historique
  * Géographique
  * Dégustation
  * Contact
  * DE
  * FR
  * EN
  *   *   *   * Menu

## Produits

## Nouveautés

## Commandes

## Contact

Bienvenue sur notre site!

Vignerons et négoçiants depuis 4 générations dans la vallée de la Moselle
luxembourgeoise, donc au coeur de l'Europe,...
---
^Retour^  
vers le haut

  * Accueil
  * Actualités
  * Le Restaurant
  * La Carte
  * Les Vins
  * Le Bar
  * Galeries
  * Contact
  * Réservations

  

    * Les snacks et boissons
    * Eaux minérales, softs et bières
    * Boissons chaudes
    * Apéritifs
    * Whiskies
    * Les vins au verre
    * Cognacs
    * Rhums
    * Calvados
    * Armagnacs
    * Les Marcs
    * Eaux de vies
    * Les Vodka
    * Les digestifs classiques
    * Cocktails

    * Vins blancs
    * Luxembourg
    * Fran..."
17,139,40,17_camping_casino_campingplatz_preise,"camping, casino, campingplatz, preise, 352 83, umgebung, vianden, gratuit, argent, 83","MENU

  * ONLINE BOEKEN
  * Home
  * Accomodaties
    * Camping
    * Chalets
    * Tentverhuur
    * Appartement
    *   

  * Faciliteiten
    * Bistro Zhen Zu
    * Zwembad
    * Sanitair
    * Sport en spel
    *   

  * Reserveren
    * Tarieven
    * Aanbiedingen
    * Online boeken
    * Reserveringsvoorwaarden
    *   

  * Informatie
    * Omgeving
    * Nieuws
    * Plattegrond
    * Foto's
    * Camping Reglement
    * FAQ's
    *   

  * Contact

  

# Welkom bij Camping Um Bierg

Di...
---
*   *   *   * 

Schakelen navigatie

  *   *   *   * 

  * home
  * informatie
  * prijslijst
  * foto's
  * route - contact

  * # Welkom op de Nederlandse site
Camping Alferweiher is een rustige familiecamping, dichtbij het stadje
Echternach. Echternach zal u verleiden door zijn schoonheid en zijn talrijke
evenementen. Op 650 meter van de camping is een recreatie meer. Rondom dit
meer zijn diverse wandelwegen en fietspaden. De camping heeft een centrale
ligging, waardoor u mooie dagtochten kun...
---
DE FR NL EN

  * Home
  * Nieuws
  * Camping
  * Activiteiten
  * Boeken

# Camping du Barrage in Luxemburg

Camping aan de rivier Our in de Ardennen

## Hartelijk welkom!

Camping du Barrage ligt vlak aan de oevers van de Our. Het kampeerterrein
biedt 178 standplaatsen en verschillende groepsplaatsen. Dankzij de talrijke
excursiemogelijkheden en de nabijgelegen wandelpaden is onze camping de ideale
vakantiebestemming voor jong en oud. Onze gasten dragen de gezellige atmosfeer
en de propere en m..."
18,128,116,18_empfängers_00_internationale umsatzsteuernummer_umsatzsteuernummer,"empfängers, 00, internationale umsatzsteuernummer, umsatzsteuernummer, gründungsjahr, nace code, handelsregister, nace, angaben, weiterempfehlen","#

VVM S.A

  * lu
  * de
  * en
  * fr

  * Startseite
  * Präsentationsseite
  * Produkte & Dienstleistungen
  * Unser Katalog
  * Kontakt

  * Startseite
  * Rechtliche Hinweise

  

## Impressum

  * Name oder Firma: VVM S.A
  * Internationale Umsatzsteuernummer: LU20506509
  * Handelsregister-Nummer: B106105
  * Mitarbeiter-Anzahl: 8
  * NACE-Code: 46230
  * Gründungsjahr: 2005

Praktische informationen

## Öffnungszeiten

Täglich

## Wir sprechen

Unsere administrativ und finanzielle Infor...
---
#

  * lu
  * de
  * en
  * fr

  * Startseite
  * Präsentationsseite
  * Produkte & Dienstleistungen
  * Unser Katalog
  * Kontakt

  * Startseite
  * Rechtliche Hinweise

  

## Impressum

  * Name oder Firma: 
  * Internationale Umsatzsteuernummer: LU20812644
  * Handelsregister-Nummer: B110743
  * NACE-Code: 70220
  * Gründungsjahr: 2005

Praktische informationen

## Öffnungszeiten

Rund um die Uhr

Unsere administrativ und finanzielle Informationen

Gründungsjahr : 2005  
Internationale Ums...
---
#

LuxCord

  * lu
  * de
  * en
  * fr

  * Startseite
  * Präsentationsseite
  * Produkte & Dienstleistungen
  * Unser Katalog
  * Kontakt

  * Startseite
  * Rechtliche Hinweise

  

## Impressum

  * Name oder Firma: LuxCord
  * Internationale Umsatzsteuernummer: LU28526116
  * Handelsregister-Nummer: B205525
  * NACE-Code: 43990
  * Gründungsjahr: 2016

Praktische informationen

## Öffnungszeiten

Nach Terminabsprache

## Wir sprechen

Unsere administrativ und finanzielle Informationen

Grü..."
19,124,62,19_coiffure_salon_cheveux_salon coiffure,"coiffure, salon, cheveux, salon coiffure, 00, hair, beauté, salons, coupe, 08","# Salon de Coiffure Noiré Sandrine

  * lu
  * de
  * en
  * fr

  * Accueil
  * Présentation
  * Nos actualités
  * Produits & Services
  * Nos prestations
    * Coiffure
    * Esthétique
    * Tarifs étudiants
  * Contact

  * Accueil
  * Plan du site

  

## Plan du site

  * Présentation
  * Nos actualités
  * Produits & Services
  * Nos prestations
    * Coiffure
      * Coiffure femmes
      * Coiffure & Barbier hommes
      * Coiffure enfants
      * Colorations biologiques naturelles
   ...
---
# Salon de Coiffure Noiré Sandrine

  * lu
  * de
  * en
  * fr

  * Accueil
  * Présentation
  * Nos actualités
  * Produits & Services
  * Nos prestations
    * Coiffure
    * Esthétique
    * Tarifs étudiants
  * Contact

  * Accueil
  * Présentation

  

## Qui sommes-nous ?

Depuis 27 ans dans le domaine de la coiffure.  
Professionnelle et spécialisée dans l'analyse du cheveu.

SALON DE COIFFURE

Nous proposons différents services :

  * coiffure hommes, dames, enfants
  * coloration et mè...
---
# Salon de Coiffure Noiré Sandrine

  * lu
  * de
  * en
  * fr

  * Accueil
  * Présentation
  * Nos actualités
  * Produits & Services
  * Nos prestations
    * Coiffure
    * Esthétique
    * Tarifs étudiants
  * Contact

  * Accueil
  * Nos prestations
  * Coiffure

# Coiffure

### Trier par

-
  * -
  * Nom
  * Prix
  * Référence

  * Montrer

  * Coiffure femmes
  * Coiffure & Barbier hommes
  * Coiffure enfants
  * Colorations biologiques naturelles
  * Extension GREAT LENGHTS

  * Coiffu..."
20,121,94,20_solutions_expertise_risk_gestion,"solutions, expertise, risk, gestion, digital, business, project, services, clients, management","Dompteur de risques c’est moins impressionnant que dompteur de lions,  
Mais ce n'est pas moins important.  
actualités

services

en savoir plus

jobs

contact

EN

Nos services  
Pour bien guider votre entreprise, nous analysons tous les risques,  
tous les dangers, toutes les opportunités.Cabinet d'actuariat indépendant
expert dans le suivi et l'implémentation de la norme Solvency 2, nous
proposons à chaque partenaire des solutions pensées sur-mesure.  
  
Faites confiance à Aquila Risk Solut...
---
Risk taming may be less impressive than lion taming,  
but it’s no less important.  
news

services

read more

jobs

contact

FR

Our services  
To guide your company, we analyse all the risks, all the vulnerabilities, all
the opportunities. An independent actuarial firm, expert in monitoring and
implementing the Solvency 2 standard, we offer each of our partners tailor-
made solutions.  
  
You can rely on Aquila Risk Solutions, the eagle-eyed actuaries.

Technical EXPERTISE

Financial experti...
---
* Accueil
  * Nos activités
    * Formations
    * Solutions informatique
    * Assistance
  * Nos services
    * Formations
      * Microsoft office
      * Html 5
      * Php
      * Javascript
      * Android app
      * Apple app
    * Solutions microsoft
      * Développement MS Office
    * Développement web
      * Progiciel
      * Site internet
      * Application web
      * Application tablette
      * Application mobile
  * Qui sommes-nous ?
  * Nos Filiales
    * Itco innovation
   ..."
21,111,27,21_scolaire_lycée_lce_ltps,"scolaire, lycée, lce, ltps, élèves, jpg, comité, echternach, sepas, intra","﻿﻿

Skip to main content

  * Administration
    * Direction
    * Secrétariat
    * SePAS
      * Généralités
      * Personnel
      * Services du SePAS
    * Service socio-éducatif
      * Généralités
      * Tâches
    * Service informatique
    * Service technique
    * Léierwierkstat
    * Bibliothèque
      * Généralités
      * Bibliothèque de travail
      * Bibliothèque des élèves
      * Liesconcours
      * Vitrine près du secrétariat
      * Catalogue
      * Nouveautés
      * Lien...
---
﻿﻿

Skip to main content

  * Administration
    * Direction
    * Secrétariat
    * SePAS
      * Généralités
      * Personnel
      * Services du SePAS
    * Service socio-éducatif
      * Généralités
      * Tâches
    * Service informatique
    * Service technique
    * Léierwierkstat
    * Bibliothèque
      * Généralités
      * Bibliothèque de travail
      * Bibliothèque des élèves
      * Liesconcours
      * Vitrine près du secrétariat
      * Catalogue
      * Nouveautés
      * Lien...
---
﻿﻿

Skip to main content

  * Administration
    * Direction
    * Secrétariat
    * SePAS
      * Généralités
      * Personnel
      * Services du SePAS
    * Service socio-éducatif
      * Généralités
      * Tâches
    * Service informatique
    * Service technique
    * Léierwierkstat
    * Bibliothèque
      * Généralités
      * Bibliothèque de travail
      * Bibliothèque des élèves
      * Liesconcours
      * Vitrine près du secrétariat
      * Catalogue
      * Nouveautés
      * Lien..."
22,108,50,22_fitness_training_poids_trainer,"fitness, training, poids, trainer, personal, sport, gymnastique, perte, sportif, coach","Toggle navigation

Personal Trainer Luxembourg FitProject

Musculation Luxembourg fitness maigrir vite et bien

# Musculation au Luxembourg, comment maigrir vite ?

## Musculation Luxembourg : des conseils d’un spécialiste musculation
professionnel

La musculation : tu en as toujours rêvé, sans oser essayer ? Viens nous
rejoindre chez FitProject et découvre l’encadrement idéal pour commencer ! Pas
à pas, nos spécialistes musculation t’accompagneront lors d’entrainements
conçus sur-mesure, à trav...
---
Toggle navigation

Personal Trainer Luxembourg FitProject

# Fitness musculation perte de poids perdre du ventre au Luxembourg

## Fitness musculation perte de poids perdre du ventre…

Tu cherches un personal trainer ? Un coach sportif pour t’aider avec un
programme fitness ou musculation ? La perte de poids t’intéresse ? Tu veux
perdre du ventre avec du cardio training et garder la forme par la même
occasion ? Découvre nos méthodes testées et approuvées !

  * personal trainer
  * coach sportif...
---
Toggle navigation

Personal Trainer Luxembourg FitProject

Personal trainer Luxembourg entreprise salle privé

# Personal trainer, un pro du sport à ton service !

## Personal trainer Luxembourg en salle privé ou entreprise !

Pour afficher un corps de rêve, adopte la «coach attitude». Offre-toi les
services d'un personal trainer à travers un entrainement privé ! Mieux qu'un
sculpteur d'abdos, qu'un modeleur de triceps, ton coach sportif, t'accompagne
comme un ami et te guide dans ta quête sport..."
23,105,51,23_märz_januar_menu_dezember,"märz, januar, menu, dezember, februar, oktober, april, juni, juli, august","Menu

Skip to content

  * Home
  * Agenda
  * Kino
  * Contact
    * Genossenschaftmitglied werden / Devenir membre de la coopérative
  * Info
    * déi aner Wochenzeitung (D)
      * Chronologie (D)
    * l'autre hebdomadaire (F)
      * Chronologie (F)
    * Das Team (D)
    * L'équipe (F)
  * Archive
  * Pub
  * Abo
    * woxx abonnieren (D)
    * S'abonner au woxx (F)
  * Telexx
  * Droit de réponse
  * Jobs

« JANE CAMPION: In the Cut

TERRORWARNUNGEN: Süßer die Alarmglocken nie klingen »
...
---
Menu

Skip to content

  * Home
  * Agenda
  * Kino
  * Contact
    * Genossenschaftmitglied werden / Devenir membre de la coopérative
  * Info
    * déi aner Wochenzeitung (D)
      * Chronologie (D)
    * l'autre hebdomadaire (F)
      * Chronologie (F)
    * Das Team (D)
    * L'équipe (F)
  * Archive
  * Pub
  * Abo
    * woxx abonnieren (D)
    * S'abonner au woxx (F)
  * Telexx
  * Droit de réponse
  * Jobs

« forum 330: Immobilienmarkt für die Extra-Klasse

MUSIXX 14 - SUPPLÉMENT WOXX 122...
---
Menu

Skip to content

  * Home
  * Agenda
  * Kino
  * Contact
    * Genossenschaftmitglied werden / Devenir membre de la coopérative
  * Info
    * déi aner Wochenzeitung (D)
      * Chronologie (D)
    * l'autre hebdomadaire (F)
      * Chronologie (F)
    * Das Team (D)
    * L'équipe (F)
  * Archive
  * Pub
  * Abo
    * woxx abonnieren (D)
    * S'abonner au woxx (F)
  * Telexx
  * Droit de réponse
  * Jobs

« Moon glasses

Lichtverschmutzung: Weniger ist mehr »

# Offre d'emploi/Stellenan..."
24,103,50,24_aleba_luxembourg_mis jour_association,"aleba, luxembourg, mis jour, association, iso, semaines, mis, agenda, membres, nationalité","﻿

  * Twitter
  * Linkedin

  * Login EXTRANET
  * Newsletter subscription

  * Private Equity in Luxembourg
    * Facts and Figures
    * Tax Environment
    * Legal Framework
    * AIFMD
    * Case Studies & Success Stories
    * Job Board: Career Interest
  * What's happening?
  * About LPEA
    * Membership
      * How to become a member?
      * Membership guidelines
      * Members Search
      * Admission Questionnaire
      * Members' Benefits
    * Articles of association
    * Governa...
---
* MLQE
    * Politique, histoire et fondateurs
    * Les administrateurs
    * Nos partenaires
  * Les essentiels
    * Les Cercles des Bonnes Pratiques
    * Le Guide luxembourgeois pour la Qualité et l'Excellence
    * Le Prix Luxembourgeois de la Qualité et de l'Excellence
      * Lauréats 2017
      * Lauréats 2016
      * Lauréats 2015
      * PHOTOS
      * Devenez évaluateur
  * Nos services
  * Les actualités
  * Adhérents
    * Tous les adhérents
    * Fondateurs
  * Les certifiés
    *...
---
* MLQE
    * Politique, histoire et fondateurs
    * Les administrateurs
    * Nos partenaires
  * Les essentiels
    * Les Cercles des Bonnes Pratiques
    * Le Guide luxembourgeois pour la Qualité et l'Excellence
    * Le Prix Luxembourgeois de la Qualité et de l'Excellence
      * Lauréats 2017
      * Lauréats 2016
      * Lauréats 2015
      * PHOTOS
      * Devenez évaluateur
  * Nos services
  * Les actualités
  * Adhérents
    * Tous les adhérents
    * Fondateurs
  * Les certifiés
    *..."
25,96,54,25_taxi_transport_taxis_cfl,"taxi, transport, taxis, cfl, transports, véhicules, véhicule, immatriculation, chauffeur, service","#

  * lu
  * de
  * en
  * fr

  * Accueil
  * Présentation
  * Produits & Services
  * Taxi
  * Nos prestations
    * Nos Services
    * Nos Tarifs
  * Contact

  * ## Taxi 24h/24 et 7j/7 - Transport au Luxembourg et à l'étranger.
  * ## Taxi 24h/24 et 7j/7 - Transport au Luxembourg et à l'étranger.

### Qui sommes-nous ?

Taxi 24h/24 et 7j/7. Nous assurons un service de transport au Luxembourg ainsi
qu'à l'étranger. Nos voitures sont climatisées. Nous sommes agréés par la CNS.
Nous vous garan...
---
* lu
  * de
  * en
  * fr

  * Accueil
  * Présentation
  * Nous proposons
  * Nos Services
  * Contact

Taxi Ambulance Eurolux Sàrl

  *   *   *   * 

# Nous proposons

## Nos produits et services

### Nos activités

  * Transport routier
  * Ambulance

### Nos produits et services

  * Transport international
  * Taxi
  * Transport de malade
  * Transport de malade assis
  * Transport de personnes

### Nous vous proposons

  * Ambulance
  * Transports nationaux
  * Transports en ambulances
  *...
---
#

Taxis Ferreira Da Silva Antonio

  * lu
  * de
  * en
  * fr

  * Accueil
  * Présentation
  * Produits & Services
  * Prestations
  * Contact

  * ## Taxi, transport privés vers aéroport.
  * ## Taxi, transport privés vers aéroport.
  * ## Taxi, transport privés vers aéroport.
  * ## Taxi, transport privés vers aéroport.
  * ## Taxi, transport privés vers aéroport.

### Qui sommes-nous ?

SERVICE DE TAXI ET LIMOUSINE AU LUXEMBOURGNous comprenons que vous avez besoin
d'un service de chauffeur..."
26,91,39,26_lalux_assurances_assurance_easyprotect,"lalux, assurances, assurance, easyprotect, auto, habitation, protect, vie, accident, delhaize","﻿

Fr De En Pt LU

Menu

  * Vos avantages
  * En pratique
  * Demande de devis
  * FaQ
  * Nos engagements
  * Qui sommes-nous ?
  * Contact

Regroupez vos contrats d'assurance en quelques clics

  * Auto
  * Moto
  * Habitation
  * RC Famille
  * Accident
  * Voyages
  * Business
  * Vie / Décès
  * Pension

# FaQ

### Est-ce que je peux demander un devis à iCHANGE.lu pour uniquement changer
mon contrat d’assurance voiture ou habitation ?

OUI, vous pouvez contracter une assurance pour un seul...
---
* 

Menu

  * Accueil
  * Particuliers
    * easyPROTECT
    * Assurance Auto
    * Assurance Habitation
    * Assurances de construction
    * Santé et Loisirs
    * Épargne et Prévoyance
  * Professionnels
    * easyPROTECT Pro
    * APROBAT
    * lalux-Staff Protect
  * Devis
    * Demande de devis pour une assurance auto
    * Demande de devis pour une assurance habitation
    * Demande de devis Assurance – Vie
  * Contact

# Contact

## Vous trouvez notre agence ici:

### Facile à accéder p...
---
* FR
  * DE
  * EN

lalux for you

Toggle navigation

  *   * Particuliers 
    * easyPROTECT
    * Assurance Auto
    * Assurance Habitation
    * Assurance Accident
    * Assurances de construction
    * Sante et Loisirs
    * Épargne et Prevoyance
  * Professionnels 
    * easyPROTECT Pro
    * APROBAT
    * Plan de pension entreprises
  * Notre Societe
    * À propos
    * Notre histoire
    * Nos partenaires
    * Jobs au sein du groupe LALUX
  * Contacts 
    * Nos agents
    * Siege socia..."
27,90,31,27_2755_antenne_buet_aides soins,"2755, antenne, buet, aides soins, aides, publié, tél, pdf, communal, commune","* Aides et soins à domicile
  * Centres de jour et logements encadrés
  * Club Senior
  * Activités et loisirs

26 70 26Show menu

  * Aides et soins à domicile 
  * Centres de jour et logements encadrés 
  * Club Senior 
  * Activités et loisirs 

  * À propos de HELP 
  * Recrutement 
  * Agenda 
  * Actualités 
  * Nos métiers 

FR

  * FR
  * DE
  * PT

Type your search here

  * Accueil
  * Personnes

# Nos employés

Apprenez-en plus sur nos employés. Une équipe de professionnels hautement
...
---
* Aides et soins à domicile
  * Centres de jour et logements encadrés
  * Club Senior
  * Activités et loisirs

26 70 26Show menu

  * Aides et soins à domicile 
  * Centres de jour et logements encadrés 
  * Club Senior 
  * Activités et loisirs 

  * À propos de HELP 
  * Recrutement 
  * Agenda 
  * Actualités 
  * Nos métiers 

FR

  * FR
  * DE
  * PT

Type your search here

  * Accueil
  * Recrutement

# Nos  
offres d'emploi

Epanouissez-vous dans votre travail tout en soutenant les autre...
---
* Aides et soins à domicile
  * Centres de jour et logements encadrés
  * Club Senior
  * Activités et loisirs

26 70 26Show menu

  * Aides et soins à domicile 
  * Centres de jour et logements encadrés 
  * Club Senior 
  * Activités et loisirs 

  * À propos de HELP 
  * Recrutement 
  * Agenda 
  * Actualités 
  * Nos métiers 

FR

  * FR
  * DE
  * PT

Type your search here

  * ## 
Aides et Soins à domicile

Nous mettons tout en œuvre pour que chaque jour se présente bien.

Voir plus +

  ..."
28,85,28,28_iles_paix_action_burkina,"iles, paix, action, burkina, burkina faso, faso, csi, care, monde, projets","*   *   * 

  * Espace Presse

Search for:

Faire un don

# Iles de Paix

##

# Main menu

Skip to content

  * Sur le terrain
  * Qui sommes-nous ?
  * Ressources pédagogiques
  * Nous soutenir
  * Actualités
  * Contact

  * Zones d'action
    * L'ouganda
    * Le Bénin
    * Le Burkina Faso
    * Le Pérou
    * La Tanzanie
    * Zones Autonomes
  * Notre action
    * Alimentation
    * Infrastructures
    * Politique
  * Nos partenaires de terrain
    * Partenaires en Ouganda
    * Partenaire...
---
*   *   * 

  * Espace Presse

Search for:

Faire un don

# Iles de Paix

##

# Main menu

Skip to content

  * Sur le terrain
  * Qui sommes-nous ?
  * Ressources pédagogiques
  * Nous soutenir
  * Actualités
  * Contact

  * Zones d'action
    * L'ouganda
    * Le Bénin
    * Le Burkina Faso
    * Le Pérou
    * La Tanzanie
    * Zones Autonomes
  * Notre action
    * Alimentation
    * Infrastructures
    * Politique
  * Nos partenaires de terrain
    * Partenaires en Ouganda
    * Partenaire...
---
*   *   * 

  * Espace Presse

Search for:

Faire un don

# Iles de Paix

##

# Main menu

Skip to content

  * Sur le terrain
  * Qui sommes-nous ?
  * Ressources pédagogiques
  * Nous soutenir
  * Actualités
  * Contact

  * Zones d'action
    * L'ouganda
    * Le Bénin
    * Le Burkina Faso
    * Le Pérou
    * La Tanzanie
    * Zones Autonomes
  * Notre action
    * Alimentation
    * Infrastructures
    * Politique
  * Nos partenaires de terrain
    * Partenaires en Ouganda
    * Partenaire..."
29,84,32,29_000_données_000 000_traitement,"000, données, 000 000, traitement, personnelles, données personnelles, traitement données, finalités, confidentialité, politique confidentialité","* Accueil
  * Ventes
  * Locations
  * Etranger
  * Références
  * Contact

RECHERCHE

    
Transaction

     achatlocation
    
neuf

Localité

     - Longwy (54400) Kehlen Meispelt
Type de bien

     - Local commercial Maison
Budget

     - 100 000 150 000 200 000 250 000 300 000 350 000 400 000 450 000 500 000 550 000 600 000 650 000 700 000 800 000 900 000 1 000 000 1 500 000 2 000 000 3 000 000 4 000 000 5 000 000
à

     - 100 000 150 000 200 000 250 000 300 000 350 000 400 000 450 000 500...
---
6, rue Marscherwald - L-6240 Graulinster  
Tél.: +352 26 78 00 13 - - Fax. +352 78 71 61  
Email: info@immoeicher.lu

RECHERCHE

    
Transaction

     achatlocation
    
neuf

Localité

     - Petange Rollingen
Type de bien

     - Appartement Maison
Budget

     - 100 000 150 000 200 000 250 000 300 000 350 000 400 000 450 000 500 000 550 000 600 000 650 000 700 000 800 000 900 000 1 000 000 1 500 000 2 000 000 3 000 000 4 000 000 5 000 000
à

     - 100 000 150 000 200 000 250 000 300 000 350...
---
* Accueil
  * Ventes
  * Locations
  * Neuf
  * Etranger
  * Contact
  * nethome

RECHERCHE

    
Transaction

     achatlocation
    
neuf

Localité

     - Allerborn Baschleiden Beaufort Diekirch Doncols Drinklange Eschdorf Gilsdorf Insenborn Mertzig Moestroff Noertrange Strassen Tarchamps Troine Dasburg
Type de bien

     - Appartement Bureau Local commercial Maison Terrain constructible
Budget

     - 100 000 150 000 200 000 250 000 300 000 350 000 400 000 450 000 500 000 550 000 600 000 650..."
30,81,44,30_invest_fonds_danske_sicav,"invest, fonds, danske, sicav, fund, investment, class, funds, management, investments","* Our funds
  * Tools
  * Investor service
  * Contact us

  * ###### Our funds
    * Danske Invest retail funds
    * Portfolio management clients
    * Danske Invest institutional funds
    * Danske Invest Hedge & Alternative investments
    * Danske Invest (other funds)
    * Danske Fund of Funds
  * ###### Prices & returns
    * Danske Invest retail funds
    * Portfolio management clients
    * Danske Invest institutional funds
    * Danske Invest Hedge & Alternative investments
    * Dansk...
---
* Our funds
  * Tools
  * Investor service
  * Contact us

  * ###### Our funds
    * Danske Invest retail funds
    * Portfolio management clients
    * Danske Invest institutional funds
    * Danske Invest Hedge & Alternative investments
    * Danske Invest (other funds)
    * Danske Fund of Funds
  * ###### Prices & returns
    * Danske Invest retail funds
    * Portfolio management clients
    * Danske Invest institutional funds
    * Danske Invest Hedge & Alternative investments
    * Dansk...
---
* Our funds
  * Tools
  * Investor service
  * Contact us

  * ###### Our funds
    * Danske Invest retail funds
    * Portfolio management clients
    * Danske Invest institutional funds
    * Danske Invest Hedge & Alternative investments
    * Danske Invest (other funds)
    * Danske Fund of Funds
  * ###### Prices & returns
    * Danske Invest retail funds
    * Portfolio management clients
    * Danske Invest institutional funds
    * Danske Invest Hedge & Alternative investments
    * Dansk..."
31,75,37,31_fortbildung_mauris_nächsten_nec,"fortbildung, mauris, nächsten, nec, sophrologie, datum, lorem, ort, médecine, ut","* Home 
    * Bienvenue
  * FRANÇAIS 
    * Crèche
    * Foyer de jour
    * Précoce
    * L’équipe éducative
    * L’organisation
    * Galerie photos
    * Accès
    * Contactez nous
  * ENGLISH 
    * Welcome
    * Creche
    * Day Care Center
    * Day Care Service
    * The educational team
    * The organization
    * Picture gallery
    * Access
    * Contact us
  * DEUTSCH 
    * Wilkommen
    * Kindergarten
    * Foyer de jour
    * Précoce
    * Das pädagogische Team
    * Die Organisa...
---
* Home 
    * Bienvenue
  * FRANÇAIS 
    * Crèche
    * Foyer de jour
    * Précoce
    * L’équipe éducative
    * L’organisation
    * Galerie photos
    * Accès
    * Contactez nous
  * ENGLISH 
    * Welcome
    * Creche
    * Day Care Center
    * Day Care Service
    * The educational team
    * The organization
    * Picture gallery
    * Access
    * Contact us
  * DEUTSCH 
    * Wilkommen
    * Kindergarten
    * Foyer de jour
    * Précoce
    * Das pädagogische Team
    * Die Organisa...
---
* DE
  * FR 

# ARCUS asbl

  * ASBL
  * Leitbild
  * Verwaltung
  * Kontakt
  * Jobs
  * Downloads
  * Links

  * DE
  * FR 

  * Kinder
    * Beratung und Therapie
    * Crèche
    * Familienunterstützung
    * Heimunterbringung
    * Maison Relais
    * Pflegeeltern
    * Tageseltern
  * Jugendliche
    * Beratung und Therapie
    * Betreutes Wohnen
    * Familienunterstützung
    * Heimunterbringung
    * Jugendhaus
  * Familien
    * Beratung und Therapie
    * Familienhilfe
    * Familienu..."
32,74,27,32_tennis_badminton_saison_club,"tennis, badminton, saison, club, tournoi, racing, 2017, howald, ettelbruck, 2016","#

  * Home

search

  * Home
  * Tournois
    * Compétition au Luxembourg
    * Tournoi du TC Junglinster
  * Inscriptions
    * Saison été 2018
    * Saison d'hiver 2018/2019
  * Equipes TCJ
    * Seniors
    * Jeunes
    * Seniors plus
  * Sponsors
  * Newsletter
  * Contact
  * ACCES DIRECT MULTISHOP

  *   *   *   *   *   * 

  * News

  * La fête d'été (porte ouverte)
  * La saison hiver 2018/2019 - au hall de tennis à Junglinster
  * Stages de tennis vacances scolaires
  * Les plans de je...
---
pour nous trouver prix des abonnements

photos des manifestations

equipes seniors equipes juniors jeunes champions

Michel Timis Magnus Oestlund Elena Chalova Peter Hedlund Samu Hartikainen

nos jeunes espoirs inscription

galerie de photos retrospective

tournoi veterans tournoi seniors tournoi doubles tournoi jeunes photos tournoi

  * page titre
  * notre club
  * 50e anniversaire
  * nos equipes
  * nos entraneurs
  * ecole de tennis
  * tennis-camp
  * tennis-loisir
  * ambiance club
  * a...
---
CLOSE

  * Home
  * Events
  * L'offre du TC Raketka
  * Formulaire d'inscription
  * Shop

  * Home
  * Events
  * L'offre du TC Raketka
  * Formulaire d'inscription
  * Shop

Home 2015 December

#  Monthly Archives: December 2015

### Tennis de Nouvel An - New Year's tennis

Info -

31/12/2015

0

### 27.12: Entraînement de Noël - Christmas training

Info -

21/12/2015

0

  * #### Préparez bien la saison d'été 2017 avec le TC Raketka
La saison d'été approche.Bientôt, nous allons reprendre nos..."
33,74,58,33_soler_postuler_q8_parcs,"soler, postuler, q8, parcs, service, industrielle, puissance, installations, lavage, maintenance","* de

  * Accueil
  * Nos Activités
    * Énergie éolienne
    * Centrales hydroélectriques
  * Nos Sites
  * Presse et Actualités
  * FAQs
  * Contact

# FAQs

  * Accueil
    * Accueil
    * Nos Activités
      * Énergie éolienne
      * Centrales hydroélectriques
    * Nos Sites
    * Presse et Actualités
    * FAQs
    * Contact

Mots clés: sélection du site, bruit et ombre portée, paysage, durée de vie,
participation des citoyens … Vous avez des questions sur l’énergie éolienne,
son rôle au...
---
* lu
  * de
  * en
  * fr

#

  * Accueil
  * Présentation
  * Produits & Services
  * Nos produits
  * Contact

  * Votre partenaire en maintenance et tuyauterie industrielle, tous fluides et toutes nuances.
Nous avons des équipes présentes en France (Ltmi) et en Belgique (Etmi) pour
répondre à vos besoins.

Luxembourgeoise de Tuyauterie et Maintenance Industrielle Sàrl

  *   *   *   * 

### Qui sommes-nous ?

Nos activités : De la conception à la réalisation, nous intervenons dans
divers doma...
---
* de

  * Accueil
  * Nos Activités
    * Énergie éolienne
    * Centrales hydroélectriques
  * Nos Sites
  * Presse et Actualités
  * FAQs
  * Contact

# Nos Sites

  * Accueil
    * Accueil
    * Nos Activités
      * Énergie éolienne
      * Centrales hydroélectriques
    * Nos Sites
    * Presse et Actualités
    * FAQs
    * Contact

Soler exploite actuellement plusieurs centrales hydroélectriques et éoliennes
dans le nord et l’est du Luxembourg.

D’autres projets sont en phase de développe..."
34,74,18,34_communal_conseil communal_communale_administration,"communal, conseil communal, communale, administration, administration communale, commune, population, conseil, 07 2018, htmltoappend","#  Administration Communale de Fischbach

JavaScript ne semble pas être activé dans votre navigateur. Veuillez l’activer
et réessayer.

  * Home
  * Politique
    * Politique
      * Le Bourgmestre
      * Collège échevinal
      * Le Conseil communal
      * Commissions consultatives
      * Info élections communales 2017
      * Annuaire
  * Administration
    * Services Administratifs
      * Secrétaire communal
      * Bureau de la Population
      * Etat civil & Indigénat
      * Recette co...
---
#  Administration Communale de Boulaide

JavaScript ne semble pas être activé dans votre navigateur. Veuillez l’activer
et réessayer.

  * La Commune se présente
    * Politique
      * Le Bourgmestre
      * Le collège échevinal
      * Le conseil communal
      * Les commissions consultatives
    * Administration
      * Bureau de la population
      * Recette
      * Secrétariat
      * Service technique
    * Les villages
      * Baschleiden
      * Boulaide
      * Surré
    * Élections
   ...
---
#  Administration Communale de Fischbach

JavaScript ne semble pas être activé dans votre navigateur. Veuillez l’activer
et réessayer.

  * HomeActuellement sélectionné
  * Politique
    * Politique
      * Le Bourgmestre
      * Collège échevinal
      * Le Conseil communal
      * Commissions consultatives
      * Info élections communales 2017
      * Annuaire
  * Administration
    * Services Administratifs
      * Secrétaire communal
      * Bureau de la Population
      * Etat civil & Indi..."
35,73,36,35_hund_dog_animaux_animal,"hund, dog, animaux, animal, pet, chiens, hunde, 2017, chats, 2016","* 0

  * Anmelden

Warenkorb

0 Produkte Produkt (leer)

Keine Produkte in Ihrem Warenkorb

  
0,00 € Versandkosten  
0,00 € Gesamtbetrag exkl. MwSt.  
0,00 € MwSt.  

0,00 € Gesamtbetrag inkl. MwSt.

Warenkorb Zur Kasse

  * Hund
    * Trockenfutter fur Hunde
Trockenfutter ist seit jeher die am weitesten verbreitete Methode Hunde zu
füttern. Der Vorteil ist die oft sehr ausgewogene Zusammensetzung und
Wertigkeit der Zutaten, sowie eine hohe Ergiebigkeit und ein gutes Preis-
Leistungsverhältnis....
---
* 0

  * Anmelden

Warenkorb

0 Produkte Produkt (leer)

Keine Produkte in Ihrem Warenkorb

  
0,00 € Versandkosten  
0,00 € Gesamtbetrag exkl. MwSt.  
0,00 € MwSt.  

0,00 € Gesamtbetrag inkl. MwSt.

Warenkorb Zur Kasse

  * Hund
    * Trockenfutter fur Hunde
Trockenfutter ist seit jeher die am weitesten verbreitete Methode Hunde zu
füttern. Der Vorteil ist die oft sehr ausgewogene Zusammensetzung und
Wertigkeit der Zutaten, sowie eine hohe Ergiebigkeit und ein gutes Preis-
Leistungsverhältnis....
---
* 0

  * Anmelden

Warenkorb

0 Produkte Produkt (leer)

Keine Produkte in Ihrem Warenkorb

  
0,00 € Versandkosten  
0,00 € Gesamtbetrag exkl. MwSt.  
0,00 € MwSt.  

0,00 € Gesamtbetrag inkl. MwSt.

Warenkorb Zur Kasse

  * Hund
    * Trockenfutter fur Hunde
Trockenfutter ist seit jeher die am weitesten verbreitete Methode Hunde zu
füttern. Der Vorteil ist die oft sehr ausgewogene Zusammensetzung und
Wertigkeit der Zutaten, sowie eine hohe Ergiebigkeit und ein gutes Preis-
Leistungsverhältnis...."
36,72,29,36_mondorf_default_mondorf bains_bains,"mondorf, default, mondorf bains, bains, bad, berdorf, larochette, toggle navigation, syndicat initiative, toggle","###

‹ › ×

Toggle navigation

  * fr
  * en
  * de

  * fr
  * en
  * de

  * The Commune 
    * The 3 villages 
    * History 
    * Somes figures 
    * The Commune in the World 
    * Guided tours 
    * Memories 
  * Health & Well-being 
    * Thermal water 
    * Spa treatments 
    * Wellness & Fitness 
    * Care & Beauty 
  * Discover 
    * Winemaker 
    * Hiking 
    * Sport 
    * Leisure 
    * Nature 
    * Culture 
  * Eat & Stay 
    * Restaurants 
    * Hotels 
  * Information ...
---
###

‹ › ×

Toggle navigation

  * fr
  * en
  * de

  * fr
  * en
  * de

  * La Commune 
    * Les 3 villages 
    * Histoire 
    * Quelques chiffres 
    * La Commune dans le monde 
    * Visites guidées 
    * Souvenirs 
  * Santé & Bien-être 
    * Eau thermale 
    * Cures thermales 
    * Wellness & Fitness 
    * Soins & Beauté 
  * Que faire 
    * Vignerons 
    * Randonnées 
    * Sport 
    * Loisirs 
    * Nature 
    * Culture 
  * Manger & Loger 
    * Restaurants 
    * Hôtels 
...
---
###

‹ › ×

Toggle navigation

  * fr
  * en
  * de

  * fr
  * en
  * de

  * La Commune 
    * Les 3 villages 
    * Histoire 
    * Quelques chiffres 
    * La Commune dans le monde 
    * Visites guidées 
    * Souvenirs 
  * Santé & Bien-être 
    * Eau thermale 
    * Cures thermales 
    * Wellness & Fitness 
    * Soins & Beauté 
  * Que faire 
    * Vignerons 
    * Randonnées 
    * Sport 
    * Loisirs 
    * Nature 
    * Culture 
  * Manger & Loger 
    * Restaurants 
    * Hôtels 
..."
37,68,30,37_cuisines_abitare_officiels_table,"cuisines, abitare, officiels, table, cuisine, portes, fiches techniques, fuel, parquet, magasin","Chauffage

  * Menu principal
  * Gasoil ECOPLUS 
  * Plan de paiement
  * Economiser le mazout
  * Fiches techniques
  * Prix officiels

Carburants

  * Menu principal
  * AdBlue®
  * Fiches techniques
  * Prix officiels
  * Livraison en vrac

Stations Esso

  * Menu principal
  * Réseau des stations
  * Synergy
  * AdBlue®
  * Fiches techniques
  * Prix officiels

Fuel Cards

  * Menu principal
  * Esso Card
  * Petro Fuel Card
  * PFC Fuel Finder

Lubrifiants

  * Menu principal
  * Q8 Oils

...
---
Chauffage

  * Menu principal
  * Gasoil ECOPLUS 
  * Plan de paiement
  * Economiser le mazout
  * Fiches techniques
  * Prix officiels

Carburants

  * Menu principal
  * AdBlue®
  * Fiches techniques
  * Prix officiels
  * Livraison en vrac

Stations Esso

  * Menu principal
  * Réseau des stations
  * Synergy
  * AdBlue®
  * Fiches techniques
  * Prix officiels

Fuel Cards

  * Menu principal
  * Esso Card
  * Petro Fuel Card
  * PFC Fuel Finder

Lubrifiants

  * Menu principal
  * Q8 Oils

...
---
Chauffage

  * Menu principal
  * Gasoil ECOPLUS 
  * Plan de paiement
  * Economiser le mazout
  * Fiches techniques
  * Prix officiels

Carburants

  * Menu principal
  * AdBlue®
  * Fiches techniques
  * Prix officiels
  * Livraison en vrac

Stations Esso

  * Menu principal
  * Réseau des stations
  * Synergy
  * AdBlue®
  * Fiches techniques
  * Prix officiels

Fuel Cards

  * Menu principal
  * Esso Card
  * Petro Fuel Card
  * PFC Fuel Finder

Lubrifiants

  * Menu principal
  * Q8 Oils

..."
38,67,18,38_kb_commune_pag_communal,"kb, commune, pag, communal, communale, raider online, raider, pap, associations, administration communale","fr

  * Home 
  * Contact 

Outils pratiques Médiathèque  Agenda  Actualités  Contact

  * La commune 
    * Administration 
    * Statistiques 
    * Historique 
  * Citoyens 
    * Raider online 
    * Démarches administratives 
    * Avis officiels 
    * Formulaires 
    * Ecoles 
    * Service d'Education et d'Accueil Bertrange (SEA) 
    * Enfants & Jeunes 
    * Seniors 
    * Aides & Services 
  * Culture & Musique 
    * ArcA 
    * Associations musicales 
    * Associations culturelles...
---
fr

  * Home 
  * Contact 

Outils pratiques Médiathèque  Agenda  Actualités  Contact

  * La commune 
    * Administration 
    * Statistiques 
    * Historique 
  * Citoyens 
    * Raider online 
    * Démarches administratives 
    * Avis officiels 
    * Formulaires 
    * Ecoles 
    * Service d'Education et d'Accueil Bertrange (SEA) 
    * Enfants & Jeunes 
    * Seniors 
    * Aides & Services 
  * Culture & Musique 
    * ArcA 
    * Associations musicales 
    * Associations culturelles...
---
fr

  * Home 
  * Contact 

Outils pratiques Médiathèque  Agenda  Actualités  Contact

  * La commune 
    * Administration 
    * Statistiques 
    * Historique 
  * Citoyens 
    * Raider online 
    * Démarches administratives 
    * Avis officiels 
    * Formulaires 
    * Ecoles 
    * Service d'Education et d'Accueil Bertrange (SEA) 
    * Enfants & Jeunes 
    * Seniors 
    * Aides & Services 
  * Culture & Musique 
    * ArcA 
    * Associations musicales 
    * Associations culturelles..."
39,65,40,39_jardin_arbres_entretien_jardinage,"jardin, arbres, entretien, jardinage, plantes, verts, jardins, garden, espaces verts, réalisations","#

Top Jardin - Balice Divo

  * lu
  * de
  * en
  * fr

  * Accueil
  * Présentation
  * Produits & Services
  * Nos réalisations
  * Contact

  * ## Aménagement de Jardin
Plantations, pelouse, élagage et taille des arbres, entretien, pose de
clôtures, construction de murs

### Qui sommes-nous ?

Depuis 1995, nous sommes spécialisés dans les domaines suivants : -
Aménagement de jardin et espaces verts- Pelouse (ensemencement, gazon rouleau,
tonte, scarification, débrousaillage) - Abattage et d...
---
#

Top Jardin - Balice Divo

  * lu
  * de
  * en
  * fr

  * Startseite
  * Präsentationsseite
  * Produkte & Dienstleistungen
  * Unser Katalog
  * Kontakt

  * ## Aménagement de Jardin
Plantations, pelouse, élagage et taille des arbres, entretien, pose de
clôtures, construction de murs

### Über uns

Depuis 1995, nous sommes spécialisés dans les domaines suivants : -
Aménagement de jardin et espaces verts- Pelouse (ensemencement, gazon rouleau,
tonte, scarification, débrousaillage) - Abattage...
---
* Accueil
  * L'entreprise
  * Nos Services
  * Réalisations
  * Contact

  * Accueil
  * L'entreprise
  * Nos Services
  * Réalisations
  * Contact

  * 

###  Luxforêt et Jardin se plie en quatre.

###  Entretien d'espaces verts

Luxforêt et Jardin se met à votre service pour l’entretien de vos espaces
verts. Un traitement régulier de votre jardin vous permettra de profiter plus
sereinement. Pour vous, le mot « jardin » sera synonyme de détente et non de
travaux forcés.

###  Travaux forestier..."
40,64,37,40_outdoor_femme_chaussures_sandales,"outdoor, femme, chaussures, sandales, homme, classique, 00, 18 00, 09 30, 18","Se connecter Panier

Votre panier est vide.

Chaussures Outdoor Femme

Chaussures tige basse

Chaussures tige haute

Chaussures Trail Running

Sandales

Chaussures Outdoor Homme

Chaussures tige basse

Chaussures tige haute

Chaussures Trail Running

Sandales

Équipement Outdoor Femme

Chaussettes Outdoor

Combinaisons Outdoor

Gilets Outdoor

Pantalons Outdoor

Polaires

Sweat-Shirts Outdoor

T-shirt Outdoor

Vestes Outdoor

Vêtements thermiques

Gants Outdoor

Headwear Outdoor

Lunettes Outdoo...
---
Se connecter Panier

Votre panier est vide.

Chaussures Outdoor Femme

Chaussures tige basse

Chaussures tige haute

Chaussures Trail Running

Sandales

Chaussures Outdoor Homme

Chaussures tige basse

Chaussures tige haute

Chaussures Trail Running

Sandales

Équipement Outdoor Femme

Chaussettes Outdoor

Combinaisons Outdoor

Gilets Outdoor

Pantalons Outdoor

Polaires

Sweat-Shirts Outdoor

T-shirt Outdoor

Vestes Outdoor

Vêtements thermiques

Gants Outdoor

Headwear Outdoor

Lunettes Outdoo...
---
Se connecter Panier

Votre panier est vide.

Chaussures Outdoor Femme

Chaussures tige basse

Chaussures tige haute

Chaussures Trail Running

Sandales

Chaussures Outdoor Homme

Chaussures tige basse

Chaussures tige haute

Chaussures Trail Running

Sandales

Équipement Outdoor Femme

Chaussettes Outdoor

Combinaisons Outdoor

Gilets Outdoor

Pantalons Outdoor

Polaires

Sweat-Shirts Outdoor

T-shirt Outdoor

Vestes Outdoor

Vêtements thermiques

Gants Outdoor

Headwear Outdoor

Lunettes Outdoo..."
41,62,30,41_dr_cancer_fondation_unterstützung,"dr, cancer, fondation, unterstützung, weber, medical, anne, 00, association, adressen","#

  * FR
  * DE

  * Die Fondation
    * Aufgaben
    * Agenda
    * Jahresberichte
    * Verwaltungsrat
    * Team
    * Mitgliedschaften
    * Datenschutz (auf Französisch)
    * Nutzungsbedingungen (auf Französisch)
    * Kontakt
    * Anfahrtsplan
  * Info
    * Plan National Cancer
    * Prävention
    * Früherkennung
    * Krebs
    * Krebsarten und Behandlung
    * Lebensende
  * Hilfe
    * Ratschläge für Betroffene
    * Psychologische Unterstützung
    * Praktische Beratung
    * Fina...
---
#

  * FR
  * DE

  * Die Fondation
    * Aufgaben
    * Agenda
    * Jahresberichte
    * Verwaltungsrat
    * Team
    * Mitgliedschaften
    * Datenschutz (auf Französisch)
    * Nutzungsbedingungen (auf Französisch)
    * Kontakt
    * Anfahrtsplan
  * Info
    * Plan National Cancer
    * Prävention
    * Früherkennung
    * Krebs
    * Krebsarten und Behandlung
    * Lebensende
  * Hilfe
    * Ratschläge für Betroffene
    * Psychologische Unterstützung
    * Praktische Beratung
    * Fina...
---
* English
    * Français

  * 30 rue Franz Seimetz, L-2531 Luxembourg
  * +352 278528-1
  * admin@cmilux.lu

  * In an emergency DIAL 112

Centre Médical

  * WELCOME
  * SERVICES
    * General Practice
    * Referrals & Investigations
    * Medicals and Medical Certificates
    * Chronic Disease Management
    * Repeat Prescriptions
    * Family Planning, Sexual Health and Well Woman Appointments
    * Children's Health
    * Vaccinations and Travel Medicine
    * Aesthetic Medicine
  * DOCTORS..."
42,62,52,42_daten_internet_données_utilisation,"daten, internet, données, utilisation, google, informations, utilisateurs, droit, utilisateur, loi","# Disclaimer

## Informations légales

### 1\. Présentation du site internet.

En vertu de l'article 6 de la loi n° 2004-575 du 21 juin 2004 pour la
confiance dans l'économie numérique, il est précisé aux utilisateurs du site
internet www.thejfk.lu l'identité des différents intervenants dans le cadre de
sa réalisation et de son suivi :

Propriétaire : JFK Capital social de € Numéro de RCS: –  
Responsable publication : Xavier Zeitoun – +33 1 84 88 63 33  
Le responsable publication est une perso...
---
# Disclaimer

## Informations légales

### 1\. Présentation du site internet.

En vertu de l'article 6 de la loi n° 2004-575 du 21 juin 2004 pour la
confiance dans l'économie numérique, il est précisé aux utilisateurs du site
internet www.chimi.lu l'identité des différents intervenants dans le cadre de
sa réalisation et de son suivi :

Propriétaire : Chimi Churri Capital social de € Numéro de RCS: –  
Responsable publication : Xavier Zeitoun – +33 1 84 88 63 33  
Le responsable publication est u...
---
# Disclaimer

## Informations légales

### 1\. Présentation du site internet.

En vertu de l'article 6 de la loi n° 2004-575 du 21 juin 2004 pour la
confiance dans l'économie numérique, il est précisé aux utilisateurs du site
internet www.batucada.lu l'identité des différents intervenants dans le cadre
de sa réalisation et de son suivi :

Propriétaire : Batucada Capital social de € Numéro de RCS: –  
Responsable publication : Xavier Zeitoun – +33 1 84 88 63 33  
Le responsable publication est un..."
43,62,36,43_architecture_architecte_architectes_hoffmann,"architecture, architecte, architectes, hoffmann, concours, projets, luca, 2013, projets cours, google","## Menu

  * Home 
  * Projets 
  * Team 
  * News 
  * Contact 

Retour à l'accueil

Ouvrir le menu

  * Home 
  * Projets 
  * Team 
  * News 
  * Contact 

## Andrea Schroeter

Architecte

X

## Andrea Schroeter

Architecte d'intérieur, Dipl.- Designer (FH)  
Architecte, Dipl.-Ingénieur (FH)

2009  
Association avec Sébastien Copine  
2006  
Constitution de b+ architectes s.à r.l.  
2001-2005  
Bauer & Marbehant, Architectes ADF  
1985-2000  
Employée au cabinet d'architecture Marc Ewen  
198...
---
accueil

## k2 architecture

### site officiel du bureau d'architectes k2 architecture

  * références
    * maisons
    * transformations
    * immeubles
    * cadastre vertical
  * équipe
  * contact
  * liens

# équipe

### jaime martinez del cerro

  * architecte escuela técnica superior de arquitectura sevilla en 2006
  * collaborateur depuis octobre 2012
  * contact : jm@k2architecture.lu

### mike kissen

  * architecte isacf la cambre en 2001
  * associé de k2 en 2005
  * urbaniste-aména...
---
* Accueil 
  * Présentation 
    * Bureau 
    * Domaines d'activité 
  * Références 
  * Actualités 
  * Contact 

# MF Architecture

MF Architecture s.ar.l. est un bureau d'architecture cree en 2010 par Maria
Fernandes architecte dplg

2000, diplome de Technicien en Genie Civil au Lycee des Arts et Metiers,
Luxembourg

2006, diplome d'Architecte DPLG a l'ecole d'Architecture de Nancy (EAN)

2006-2010, Architecte salarie

2010, MF Architecture Sarl

En savoir plus >

### Pages principales

  * ..."
44,61,60,44_domain_2018 05_dns_05 04,"domain, 2018 05, dns, 05 04, hosting, server, 44 11, 44, 05, 04","# Web Server's Default Page

* * *
## If you see this page it means:

  1. the DNS zone for this domain is has not been configured yet or
  2. hosting for this domain is not configured or
  3. no content has been uploaded yet or 
  4. this domain might be available for sale

## You can do the following:

  1. Log into your account at DNS-Stock to manage the DNS zone
  2. Order your hosting and upload contents

* * *
## Hosted by Visual Online S.A.

  * B.P. 2534
  * L-1025 Luxembourg
  * Télépho...
---
# Web Server's Default Page

* * *
## If you see this page it means:

  1. the DNS zone for this domain is has not been configured yet or
  2. hosting for this domain is not configured or
  3. no content has been uploaded yet or 
  4. this domain might be available for sale

## You can do the following:

  1. Log into your account at DNS-Stock to manage the DNS zone
  2. Order your hosting and upload contents

* * *
## Hosted by Visual Online S.A.

  * B.P. 2534
  * L-1025 Luxembourg
  * Télépho...
---
# Web Server's Default Page

* * *
## If you see this page it means:

  1. the DNS zone for this domain is has not been configured yet or
  2. hosting for this domain is not configured or
  3. no content has been uploaded yet or 
  4. this domain might be available for sale

## You can do the following:

  1. Log into your account at DNS-Stock to manage the DNS zone
  2. Order your hosting and upload contents

* * *
## Hosted by Visual Online S.A.

  * B.P. 2534
  * L-1025 Luxembourg
  * Télépho..."
45,61,25,45_panier_lager_ttc_99,"panier, lager, ttc, 99, ajouter panier, total, ajouter, produit, stock, 90","Connexion

Français

  * Français
  * Deutsch

Contactez-nous

Appelez-nous au : 0825 20 20 20

Rechercher

Panier 0 Produit Produits (vide)

Aucun produit

À définir  Livraison

0,00 € Total

Commander

Produit ajouté au panier avec succès

Quantité

Total

Il y a 0 produits dans votre panier.  Il y a 1 produit dans votre panier.

Total produits

Frais de port  À définir

Total

Continuer mes achats  Commander

Menu

  * Occasions
    * Amour
    * Anniversaire
    * Mariage
    * Naissance
   ...
---
* contact
  * plan du site
  * 

Go

Panier 0 Produit Produits 0

Aucun produit

Livraison gratuite !  Livraison

0,00 € Total

Commander

##  Produit ajouté au panier avec succès

Quantité

Total

##  Il y a 0 produits dans votre panier.  Il y a 1 produit dans votre panier.

Total produits TTC

Frais de port (HT)  Livraison gratuite !

Total TTC

Continuer mes achats  Commander

  * Connexion 

Catégories

  * Accueil
    * Roman
      * Lëtzebuergesch
      * Français
      * Deutsch
    * Nou...
---
* contact
  * plan du site
  * 

Go

Panier 0 Produit Produits 0

Aucun produit

Livraison gratuite !  Livraison

0,00 € Total

Commander

##  Produit ajouté au panier avec succès

Quantité

Total

##  Il y a 0 produits dans votre panier.  Il y a 1 produit dans votre panier.

Total produits TTC

Frais de port (HT)  Livraison gratuite !

Total TTC

Continuer mes achats  Commander

  * Connexion 

Catégories

  * Accueil
    * Roman
      * Lëtzebuergesch
      * Français
      * Deutsch
    * Nou..."
46,60,37,46_workshop_photos_fotos_photo,"workshop, photos, fotos, photo, neubau, read, roland, digitale, meyer, fashion","*   *   *   * 

  * 26 32 22 06
  * info@foto-schintgen.lu
  * Di.-Fr. 10:00 - 17: 30 & Sa. 10:00 - 14:00

  * Startseite
    * Fotohandel
      * Computer
      * Datenrettung
      * Reparatur & Garantie
      * Sofortbildkamera
    * Fotostudio
      * Bewerbungsportrait
      * Fashion & Lifestyle
      * Hochzeitsreportagen
      * Kommunion
      * Passfoto
      * Valentinstag Portrait
      * Photobooth
    * Fotolabor
      * Bilderrahmen & Alben
      * Digitalisierung
      * Fotobüch...
---
*   *   *   * 

  * 26 32 22 06
  * info@foto-schintgen.lu
  * Di.-Fr. 10:00 - 17: 30 & Sa. 10:00 - 14:00

  * Startseite
    * Fotohandel
      * Computer
      * Datenrettung
      * Reparatur & Garantie
      * Sofortbildkamera
    * Fotostudio
      * Bewerbungsportrait
      * Fashion & Lifestyle
      * Hochzeitsreportagen
      * Kommunion
      * Passfoto
      * Valentinstag Portrait
      * Photobooth
    * Fotolabor
      * Bilderrahmen & Alben
      * Digitalisierung
      * Fotobüch...
---
*   *   *   * 

  * 26 32 22 06
  * info@foto-schintgen.lu
  * Di.-Fr. 10:00 - 17: 30 & Sa. 10:00 - 14:00

  * Startseite
    * Fotohandel
      * Computer
      * Datenrettung
      * Reparatur & Garantie
      * Sofortbildkamera
    * Fotostudio
      * Bewerbungsportrait
      * Fashion & Lifestyle
      * Hochzeitsreportagen
      * Kommunion
      * Passfoto
      * Valentinstag Portrait
      * Photobooth
    * Fotolabor
      * Bilderrahmen & Alben
      * Digitalisierung
      * Fotobüch..."
47,59,21,47_cloud_solutions_managed_backup,"cloud, solutions, managed, backup, informatique, fund, 365, support, ct, business","* Produits & services
  * Support
  * Contact
  * Jobs
  * CBC Informatique
  * Shop

  * Services IT
  * Cloud computing
  * Support technique
  * Solutions métiers
  * Solutions Internet
  * Téléphonie

  * Produits & services
  * Support
  * Contact
  * Jobs
  * CBC Informatique
  * Shop

  * Services IT
  * Cloud computing
  * Support technique
  * Solutions métiers
  * Solutions Internet
  * Téléphonie

  * Création  
de site Internet ?

Site vitrine, blog, e-commerce,  
Relooking, référenc...
---
Search for:

  * A propos
  * Références
  * Partenaires
  * Jobs
  * évènements
  * Blog
  * Contactez-nous

Thématiques - Produits & Solutions

  *  
  * Cloud
  * Infogérance
  * Logiciels de gestion
  * e-business
  * Audit et Consultance
  * Outsourcing 
  * Sécurité
  * Produits & Solutions
    * ### Maintenance & Gestion
      * Formule START
      * Formule Alt-R
      * Formule Shift
### ERP

      * Microsoft AX
      * Microsoft Nav
      * Microsoft Dynamics 365
      * Power Partner...
---
Search for:

  * A propos
  * Références
  * Partenaires
  * Jobs
  * évènements
  * Blog
  * Contactez-nous

Thématiques - Produits & Solutions

  *  
  * Cloud
  * Infogérance
  * Logiciels de gestion
  * e-business
  * Audit et Consultance
  * Outsourcing 
  * Sécurité
  * Produits & Solutions
    * ### Maintenance & Gestion
      * Formule START
      * Formule Alt-R
      * Formule Shift
### ERP

      * Microsoft AX
      * Microsoft Nav
      * Microsoft Dynamics 365
      * Power Partner..."
48,58,19,48_publié_détection_prises position_gaz,"publié, détection, prises position, gaz, prises, position, avis, administration, service, climat","* Agenda 
  * Actualités 
  * Médiathèque 
  * Contact 

  * Administration 
    * Heures d'ouvertures & adresse 
    * Population / État civil 
    * Secrétariat 
    * Recette 
    * Service technique ADMINISTRATION 
    * Service technique ATELIER 
    * Service forestier 
    * Service d'incendie et de sauvetage 
  * Politique 
    * Bourgmestre 
    * Collège échevinal 
    * Conseil communal 
    * Séances du conseil communal 
    * Commissions consultatives 
    * Élection 
  * Commune 
 ...
---
* Agenda 
  * Actualités 
  * Médiathèque 
  * Contact 

  * Administration 
    * Heures d'ouvertures & adresse 
    * Population / État civil 
    * Secrétariat 
    * Recette 
    * Service technique ADMINISTRATION 
    * Service technique ATELIER 
    * Service forestier 
    * Service d'incendie et de sauvetage 
  * Politique 
    * Bourgmestre 
    * Collège échevinal 
    * Conseil communal 
    * Séances du conseil communal 
    * Commissions consultatives 
    * Élection 
  * Commune 
 ...
---
* Agenda 
  * Actualités 
  * Médiathèque 
  * Contact 

  * Administration 
    * Heures d'ouvertures & adresse 
    * Population / État civil 
    * Secrétariat 
    * Recette 
    * Service technique ADMINISTRATION 
    * Service technique ATELIER 
    * Service forestier 
    * Service d'incendie et de sauvetage 
  * Politique 
    * Bourgmestre 
    * Collège échevinal 
    * Conseil communal 
    * Séances du conseil communal 
    * Commissions consultatives 
    * Élection 
  * Commune 
 ..."
49,57,23,49_kinésithérapie_rééducation_ostéopathie_thérapie,"kinésithérapie, rééducation, ostéopathie, thérapie, cabinet, osteopathie, troubles, manuelle, centre, techniques","* Accueil
  * Techniques de traitement
  * Notre équipe
  * Contact

Tél. 50 81 73

  * Accueil
  * Techniques de traitement
  * Notre équipe
  * Contact

##  Notre équipe

C’est en 1988 que Claude HUSS, d’origine luxembourgeoise et jeune licencié en
kinésithérapie de l’Université Libre de Bruxelles (U.L.B) ouvre son cabinet de
kinésithérapie à Pétange. Très vite il s‘est fait une renommée par la qualité
de son travail, sa rigueur et sa disponibilité pour ses patients. Face au
nombre croissant d...
---
* Présentation
  * Les Techniques
    * Kinésithérapie
    * Ostéopathie
    * Acupuncture
    * Ortho-bionomy
    * Bien Être
  * Contact

Call Us! 1-800-555-5555

Menu

  * Présentation
  * Les Techniques
    * Kinésithérapie
    * Ostéopathie
    * Acupuncture
    * Ortho-bionomy
    * Bien Être
  * Contact

#  Les Techniques

## Nous vous proposons des soins de bien-être et d’endermologie dans nos
locaux spécialement aménagés à ces effets.

#### Techniques :

  * Massage
  * Fangothérapie
  ...
---
* Présentation
  * Les Techniques
    * Kinésithérapie
    * Ostéopathie
    * Acupuncture
    * Ortho-bionomy
    * Bien Être
  * Contact

Call Us! 1-800-555-5555

Menu

  * Présentation
  * Les Techniques
    * Kinésithérapie
    * Ostéopathie
    * Acupuncture
    * Ortho-bionomy
    * Bien Être
  * Contact

#  Kinésithérapie, Ostéopathie, Acupuncture

### KINÉSITHÉRAPIE

La kinésithérapie signifie  
traitement par le mouvement.  
Elle agit au niveau musculaire et articulaire.  
  
en savoir ..."
50,57,16,50_scouten_beaver_rover_explorer,"scouten, beaver, rover, explorer, vum, scouts, programm, joer, grupp, fnel","Springe zum Inhalt

HoGa Stadter Scouten

Hollerech – Gare

Menü

  * HoGa FNEL Scouten
    * Kontakt
  * Beaver 6 – 8 Joer
    * Beaver News
    * Programm
    * Verspriechen & Gesetz
  * Wëllefcher 8 – 11 Joer
    * Wëllefcher News
    * Programm
    * Verspriechen & Gesetz
    * Dem Wëllefchen sein Rucksack
  * Scouten 11 - 15 Joer
    * Scouts News
    * Programm
    * Verspriechen & Gesetz
  * Explorer 15 – 18 Joer
    * Explorer News
    * Programm
    * Verspriechen & Charte
  * Rover 19 ...
---
Springe zum Inhalt

HoGa Stadter Scouten

Hollerech – Gare

Menü

  * HoGa FNEL Scouten
    * Kontakt
  * Beaver 6 – 8 Joer
    * Beaver News
    * Programm
    * Verspriechen & Gesetz
  * Wëllefcher 8 – 11 Joer
    * Wëllefcher News
    * Programm
    * Verspriechen & Gesetz
    * Dem Wëllefchen sein Rucksack
  * Scouten 11 - 15 Joer
    * Scouts News
    * Programm
    * Verspriechen & Gesetz
  * Explorer 15 – 18 Joer
    * Explorer News
    * Programm
    * Verspriechen & Charte
  * Rover 19 ...
---
Springe zum Inhalt

HoGa Stadter Scouten

Hollerech – Gare

Menü

  * HoGa FNEL Scouten
    * Kontakt
  * Beaver 6 – 8 Joer
    * Beaver News
    * Programm
    * Verspriechen & Gesetz
  * Wëllefcher 8 – 11 Joer
    * Wëllefcher News
    * Programm
    * Verspriechen & Gesetz
    * Dem Wëllefchen sein Rucksack
  * Scouten 11 - 15 Joer
    * Scouts News
    * Programm
    * Verspriechen & Gesetz
  * Explorer 15 – 18 Joer
    * Explorer News
    * Programm
    * Verspriechen & Charte
  * Rover 19 ..."
51,57,26,51_latin_matchs_hostert_25,"latin, matchs, hostert, 25, prochains, résultats, transferts, sports, fédération, sport","FC UNION SPORTIVE HOSTERT  
Finaliste de la Coupe de Luxembourg 2018  
  
Plus qu'un club de foot

  * Galeries
  * Jobs
  * Contact

  * Le club
    * Stade Jos Becker
    * Historique
    * Statut du club
    * Contact
    * Comité
    * Commission des jeunes
    * Vétérans & Friends
  * Calendrier du Club
  * Calendrier des matchs
  * Info championnat 2017 – 2018
  * Résultats
  * Équipes
    * Transferts
      * transferts été 2018
      * transferts hiver  
2017 – 2018

      * transferts é...
---
FC UNION SPORTIVE HOSTERT  
Finaliste de la Coupe de Luxembourg 2018  
  
Plus qu'un club de foot

  * Galeries
  * Jobs
  * Contact

  * Le club
    * Stade Jos Becker
    * Historique
    * Statut du club
    * Contact
    * Comité
    * Commission des jeunes
    * Vétérans & Friends
  * Calendrier du Club
  * Calendrier des matchs
  * Info championnat 2017 – 2018
  * Résultats
  * Équipes
    * Transferts
      * transferts été 2018
      * transferts hiver  
2017 – 2018

      * transferts é...
---
FC UNION SPORTIVE HOSTERT  
Finaliste de la Coupe de Luxembourg 2018  
  
Plus qu'un club de foot

  * Galeries
  * Jobs
  * Contact

  * Le club
    * Stade Jos Becker
    * Historique
    * Statut du club
    * Contact
    * Comité
    * Commission des jeunes
    * Vétérans & Friends
  * Calendrier du Club
  * Calendrier des matchs
  * Info championnat 2017 – 2018
  * Résultats
  * Équipes
    * Transferts
      * transferts été 2018
      * transferts hiver  
2017 – 2018

      * transferts é..."
52,56,24,52_art_artistes_favoris_fair,"art, artistes, favoris, fair, gallery, luxembourg, photographie, artists, photography, steichen","* 0
  * 0
  *   *   *   * 

  * Shop
  * Artistes
  * Thématiques
  * Magazine
  * Expos
  * English

### Nos artistes Art Work Circle

Biographies, entretiens exclusifs, articles, galeries de leurs créations…
Soyez les premiers à acquérir leurs œuvres uniques et originales.

La première plateforme en ligne dédiée à la vente et à la location d’œuvres
d’art au Luxembourg.

En savoir plus  
  

### Une question ? Un conseil ?

### +352 43 93 666 798

  *   *   *   *   *   * 

### ACCÈS RAPIDE

  *...
---
* 0
  * 0
  *   *   *   * 

  * Shop
  * Artistes
  * Thématiques
  * Magazine
  * Expos
  * English

### Expositions

Art Work Circle organise ses propres expositions avec les artistes représentés
sur sa plateforme. Retrouvez sur cette page nos expositions passées, actuelles
ou à venir. N’hésitez pas à nous rejoindre lors des vernissages des
expositions que nous organisons et qui sont annoncés sur notre site ou dans
nos newsletters. Vous serez toujours les bienvenus !

### Recherche

Search for...
---
* 0
  * 0
  *   *   *   * 

  * Shop
  * Artistes
  * Thématiques
  * Magazine
  * Expos
  * English

### L’actualité de l’art disséquée pour tout savoir au bon moment

Interviews d’artistes, textes critiques, comptes rendus d’expositions. Soyez
toujours au courant de l'actualité artistique au Luxembourg.

Consulter les archives

### Recherche

Search for:

### En ce moment sur AWC

  * Die Macht der Narren - Frei & gefährlich 1 1.800 € - 2.020 €
  * Shapes 1 + 2 1.900 €
  * Promenade 1.500 €
  ..."
53,55,45,53_frames_browser_leider_cliquant,"frames, browser, leider, cliquant, folgenden, konnen, seite, uber, lien, bowling","votre navigateur n'est pas a meme d'afficher des ""frames"": vous pouvez voir la
page en cliquant sur le lien : Navigation  
Ihr Browser kann leider keine eingebetteten Frames anzeigen: Sie konnen die
eingebettete Seite uber den folgenden Verweis aufrufen : Navigation  
News Quilles Sport  
votre navigateur n'est pas a meme d'afficher des ""frames"": vous pouvez voir la
page en cliquant sur le lien : Nouvelles Quilles Sport

Ihr Browser kann leider keine eingebetteten Frames anzeigen: Sie konnen die...
---
votre navigateur n'est pas a meme d'afficher des ""frames"": vous pouvez voir la
page en cliquant sur le lien : Navigation  
Ihr Browser kann leider keine eingebetteten Frames anzeigen: Sie konnen die
eingebettete Seite uber den folgenden Verweis aufrufen : Navigation  
News Quilles National  
votre navigateur n'est pas a meme d'afficher des ""frames"": vous pouvez voir la
page en cliquant sur le lien : Nouvelles Quilles National

Ihr Browser kann leider keine eingebetteten Frames anzeigen: Sie konn...
---
votre navigateur n'est pas a meme d'afficher des ""frames"": vous pouvez voir la
page en cliquant sur le lien : Navigation  
Ihr Browser kann leider keine eingebetteten Frames anzeigen: Sie konnen die
eingebettete Seite uber den folgenden Verweis aufrufen : Navigation  
Weltmeeschterschaft - Championnat du Monde  
votre navigateur n'est pas mme d'afficher des ""frames"": vous pouvez voir la
page en cliquant sur le lien : WM

Ihr Browser kann leider keine eingebetteten Frames anzeigen: Sie konnen die..."
54,54,13,54_commune_communal_conseil communal_communale,"commune, communal, conseil communal, communale, communaux, boevange attert, boevange, attert, conseil, service","* Bienvenue sur le site de la commune de Kayl/Tetange

  |   | 
x

  * La commune
    * Découvrir la commune
      * La commune
      * Histoire de Tétange et Kayl
      * Tourisme
      * La commune en chiffres
      * La commune en photos
      * Schungfabrik
      * La Léiffrächen - Monument National des Mineurs
      * Rue des Légionnaires
      * e-Reider
      * Liens
    * Finances
      * Budget
      * Compte administratif
      * Taxes communales
    * Urbanisme
      * Aménagement urb...
---
* Bienvenue sur le site de la commune de Kayl/Tetange

  |   | 
x

  * La commune
    * Découvrir la commune
      * La commune
      * Histoire de Tétange et Kayl
      * Tourisme
      * La commune en chiffres
      * La commune en photos
      * Schungfabrik
      * La Léiffrächen - Monument National des Mineurs
      * Rue des Légionnaires
      * e-Reider
      * Liens
    * Finances
      * Budget
      * Compte administratif
      * Taxes communales
    * Urbanisme
      * Aménagement urb...
---
* Bienvenue sur le site de la commune de Kayl/Tetange

  |   | 
x

  * La commune
    * Découvrir la commune
      * La commune
      * Histoire de Tétange et Kayl
      * Tourisme
      * La commune en chiffres
      * La commune en photos
      * Schungfabrik
      * La Léiffrächen - Monument National des Mineurs
      * Rue des Légionnaires
      * e-Reider
      * Liens
    * Finances
      * Budget
      * Compte administratif
      * Taxes communales
    * Urbanisme
      * Aménagement urb..."
55,54,36,55_bereldange_vente_garages_berbourg,"bereldange, vente, garages, berbourg, type, surface, chambres, lotissement, bissen, toggle navigation","Téléphone:20 60 01 33 Email:immo@akkurat.lu

Toggle navigation

  * Home
  * Vente
  * Location
  * Contact

  1. Home
  2. Vente

# Contact

## Résumé

Prix:

    0 €
Type:

    
Surface:

    
Chambres:

    
Garages:

    
## Description

### Search Properties

Vente/Location Vente Location

Localité BaschleidenBeidweilerBerbourgBereldangeBeringen
(Mersch)BertrangeBissenBridelBurdenDifferdangeEisenbornEttelbruckFischbach
(Mersch)HautcharageHollenfelsKoerichLeudelangeLintgenLuxembourg-
BelairL...
---
Téléphone:20 60 01 33 Email:immo@akkurat.lu

Toggle navigation

  * Home
  * Vente
  * Location
  * Contact

  1. Home
  2. Vente

# Vente

### Search Results:

103

Trier par Localité A-Z  Localité Z-A  Prix min->max  Prix max->min  Date

VENTE

### Terrain à Baschleiden 8.3 A

Baschleiden

203 350 €

Terrain à BASCHLEIDEN (FR)---- Terrains à bâtir/ Sans Contrat de construction
----Nouveau Lotissement « Hunkigdelt » à BASCHLEIDEN.Terrains pour maisons u

Type:

    VENTE
Surface:

    8.3A
Cham...
---
Téléphone:20 60 01 33 Email:immo@akkurat.lu

Toggle navigation

  * Home
  * Vente
  * Location
  * Contact

  1. Home
  2. Vente

# Recherche

### Search Results:

104

Trier par Localité A-Z  Localité Z-A  Prix min->max  Prix max->min  Date

VENTE

### Terrain à Baschleiden 8.3 A

Baschleiden

203 350 €

Terrain à BASCHLEIDEN (FR)---- Terrains à bâtir/ Sans Contrat de construction
----Nouveau Lotissement « Hunkigdelt » à BASCHLEIDEN.Terrains pour maisons u

Type:

    VENTE
Surface:

    8.3A
..."
56,53,27,56_fleurs_00_plantes_00 12,"fleurs, 00, plantes, 00 12, 12 00, rose, oreilles, 14 00, 08 30, 00 14","Blooms Art Floral (Fleur'Or)

  * lu
  * de
  * en
  * fr

  * Accueil
  * Présentation
  * Produits & Services
  * Nos créations
    * Fleurs coupées / Bouquets
    * Compositions florales
    * Décoration de table
    * Plantes / Fleurs d'extérieur
    * Mariage
    * Baptême
    * Deuils
  * Contact

  * Accueil
  * Nos créations
  * Fleurs coupées / Bouquets

# Fleurs coupées / Bouquets

### Trier par

-
  * -
  * Nom
  * Prix
  * Référence

  * Montrer

  * Roses
  * Roses
  * Bouquet 
  * ...
---
De Fleurs en Fleurs

  * lu
  * de
  * en
  * fr

  * Accueil
  * Présentation
  * Produits & Services
  * Notre catalogue
    * Bouquets
    * Arrangement de fleurs
    * Plantes décorées
    * Arrangement de table
    * Mariage
    * Enterrements
    * Articles cadeaux
  * Contact

  * Accueil
  * Contact

  

# Contact

## Formulaire de contact

Contact

Champs obligatoires

Nom

Prénom

E-mail

Téléphone

Votre demande

Votre message

M'envoyer une copie

Saisissez les caractères qui s'affic...
---
* lu
  * de
  * en
  * fr

  * Accueil
  * Présentation
  * Nos prestations
  * Historique
  * Notre Catalogue
    * Fleurs coupées & bouquets
    * Plantes intérieures
    * Plantes extérieures
    * Naissance et Communion
    * Mariage
    * Deuil & Enterrement
    * Arrangements de table
    * Cadeaux & articles de décoration
  * Créations saisonnières / Cours floristiques
    * Créations Saint-Valentin
    * Nos cours floristiques
  * Contact

  * Accueil
  * Notre Catalogue
  * Fleurs coupé..."
57,50,19,57_span_span span_soins_optique,"span, span span, soins, optique, 138, lunettes, weight, true, options, cils","LUX BASSE VISION

Gesitt Dir manner gutt ?  
  * Home Page
  * Matériel
  * Online SHOP
  * Remboursement
  * Pathologies/Krankenheeten
  * Informations et Contact

{""title"":""Biocover 585 Multilens"",""content"":""

## Description<\/h2>

Ne pouvez-vous pas supporter de lumi\u00e8re ? \u00cates-vous
compl\u00e8tement photophobe ?  
Ce filtre est souvent utilis\u00e9 pour les affections g\u00e9n\u00e9tiques et
est appropri\u00e9 pour r\u00e9tinite pigmentaire, albinisme et
achromatopsie.<\/p>

## Info...
---
LUX BASSE VISION

Gesitt Dir manner gutt ?  
  * Home Page
  * Matériel
  * Online SHOP
  * Remboursement
  * Pathologies/Krankenheeten
  * Informations et Contact

{""title"":""Biocover 500 Multilens"",""content"":""

## Description<\/h2>

Est-ce que la transition entre environnement lumineux et sombre est
d\u00e9plaisant pour vous ? Souffrez-vous d\u2019\u00e9blouissement et manque
de contraste ? \u00cates-vous mod\u00e9r\u00e9ment sensible \u00e0 la
lumi\u00e8re ?  
Ce filtre augmente le confort et ...
---
LUX BASSE VISION

Gesitt Dir manner gutt ?  
  * Home Page
  * Matériel
  * Online SHOP
  * Remboursement
  * Pathologies/Krankenheeten
  * Informations et Contact

{""title"":""VEO Vario 24\u201d Reinecker"",""content"":""

Vos avantages en un coup d'\u0153il:<\/span>  
  
<\/span><\/p>

  * Technologie LVHD pour une image \u00e0 haut contraste et sans scintillement en qualit\u00e9 FullHD +<\/span><\/span><\/span><\/li>
  * Technologie NELE (exp\u00e9rience de lumi\u00e8re \u00e9volutive naturelle)<\/..."
58,48,11,58_busch_smart_led_tipps,"busch, smart, led, tipps, photovoltaik, zentrale, elektroinstallation, licht, wärmepumpen, rundum","Menu

      
Seite drucken

  * Wir über uns
    * Ansprechpartner
    * Stellenangebote
    * Partnerschaften
    * e-masters
    * Nachrichten
  * Unsere Leistungen
    * INTELLIGENT MODERNISIEREN
    * Elektroinstallation
    * Service & Wartung
    * Photovoltaik
    * Telefonanlagen
  * Beratung
    * Elektrotechnik Rundum  
Hier zeigen wir Ihnen was mit moderner Elektroinstallation alles möglich ist.

    * Intelligentes Wohnen  
Entdecken Sie die Welt des intelligenten Wohnens.

    * Ern...
---
Menu

      
Seite drucken

  * Wir über uns
    * Ansprechpartner
    * Stellenangebote
    * Partnerschaften
    * e-masters
    * Nachrichten
  * Unsere Leistungen
    * INTELLIGENT MODERNISIEREN
    * Elektroinstallation
    * Service & Wartung
    * Photovoltaik
    * Telefonanlagen
  * Beratung
    * Elektrotechnik Rundum  
Hier zeigen wir Ihnen was mit moderner Elektroinstallation alles möglich ist.

    * Intelligentes Wohnen  
Entdecken Sie die Welt des intelligenten Wohnens.

    * Ern...
---
Menu

      
Seite drucken

  * Wir über uns
    * Ansprechpartner
    * Stellenangebote
    * Partnerschaften
    * e-masters
    * Nachrichten
  * Unsere Leistungen
    * INTELLIGENT MODERNISIEREN
    * Elektroinstallation
    * Service & Wartung
    * Photovoltaik
    * Telefonanlagen
  * Beratung
    * Elektrotechnik Rundum  
Hier zeigen wir Ihnen was mit moderner Elektroinstallation alles möglich ist.

    * Intelligentes Wohnen  
Entdecken Sie die Welt des intelligenten Wohnens.

    * Ern..."
59,48,39,59_häuser_verfügbar_eis_veranstaltungen,"häuser, verfügbar, eis, veranstaltungen, auer, verkauft, gemeng, kontakt, klicken, iech","* Neueste
  * Beliebteste
  * Angesagt

Suche

Suche nach:

sauerzeidung

Bleib in Kontakt

muselzeidung

Bleib in Kontakt

Menü

  * dies & das
  * Veranstaltungen
  * Vereine
  * Kultur
  * Sport
  * Früher
  * Kalender
  * Orte
    * Betzdorf
    * Grevenmacher
    * Dickweiler
    * Echternach
    * Ettelbrück
    * Junglinster
    * Luxemburg
    * Mertert
    * Mondorf
    * Mullerthal
    * Nittel
    * Remich
    * Rosport
    * Roodt-Syre
    * Stadtbredimus
    * Walferdange
    * Wass...
---
* Neueste
  * Beliebteste
  * Angesagt

Suche

Suche nach:

sauerzeidung

Bleib in Kontakt

muselzeidung

Bleib in Kontakt

Menü

  * dies & das
  * Veranstaltungen
  * Vereine
  * Kultur
  * Sport
  * Früher
  * Kalender
  * Orte
    * Betzdorf
    * Grevenmacher
    * Dickweiler
    * Echternach
    * Ettelbrück
    * Junglinster
    * Luxemburg
    * Mertert
    * Mondorf
    * Mullerthal
    * Nittel
    * Remich
    * Rosport
    * Roodt-Syre
    * Stadtbredimus
    * Walferdange
    * Wass...
---
FR  DE  EN

T. (+352) 34 18 14 1

  * Homepage
  * Häuser & Grundstücke
  * Wohnungen
  * Ihr Bau
  * Gruppe
  * Musterhäuser / -wohnungen
  * Referenzen
  * Kontact

Alles

  * Arsdorf
  * Aspelt
  * Bascharage
  * Bofferdange
  * Dahlem
  * Dippach
  * Ehnen
  * Elvange (Burmerange)
  * Folschette
  * Grass
  * Hostert (Rambrouch)
  * Insenborn
  * Kayl
  * Koerich
  * Mondorf-Les-Bains
  * Nospelt
  * Oberkorn
  * Oberpallen
  * Roodt (Redange)
  * Sandweiler
  * Schouweiler
  * Senningerberg..."
60,48,20,60_fleur_pharmacie_zentrum_dr,"fleur, pharmacie, zentrum, dr, öffnungszeiten, pédicure, 00, 00 00, laboratoires, katalog","#

Cabinet de Podologie Olivia Nocera

  * lu
  * de
  * en
  * fr

  * Startseite
  * Präsentationsseite
  * Produkte & Dienstleistungen
  * Katalog
    * Unser Katalog
    * Unser Katalog
    * Unser Katalog
    * Unser Katalog
    * Unser Katalog
  * Kontakt

  * ## Pédicure médicale, podologie sportive

### Über uns

Olivia Nocera vous accueille dans son cabinet de podologie et vous propose les
soins suivants : - Pédicurie médicale- Réflexologie plantaire - Podologie
sportive : semelles ther...
---
PATLOGINMEDLOGININTRANETLOGINPAYONLINE

  * Über uns
    * Laboratoires Réunis
    * Management
    * Unsere Experten
    * Unsere Werte
    * Auszeichnungen & Qualität
    * Partner
    * Kontakt
  * Leistungen
    * Analysenverzeichnis
    * Integrative Medizin
      * 4PGenomics
        * 5-FU Chemotherapy
        * ALOPECIAgen
        * BASICgen
        * BRAINgen
        * CARDIOgen
        * COLOgen
        * DENTYgen
        * DETOXgen
        * DIABETOgen
        * EMOgen
        * FEMge...
---
PATLOGINMEDLOGININTRANETLOGINPAYONLINE

  * Über uns
    * Laboratoires Réunis
    * Management
    * Unsere Experten
    * Unsere Werte
    * Auszeichnungen & Qualität
    * Partner
    * Kontakt
  * Leistungen
    * Analysenverzeichnis
    * Integrative Medizin
      * 4PGenomics
        * 5-FU Chemotherapy
        * ALOPECIAgen
        * BASICgen
        * BRAINgen
        * CARDIOgen
        * COLOgen
        * DENTYgen
        * DETOXgen
        * DIABETOgen
        * EMOgen
        * FEMge..."
61,47,25,61_domotique_installation_electro_installations,"domotique, installation, electro, installations, alarme, électrique, electricité, électriques, 12, 00","#

Electro Avelca Sàrl

  * lu
  * de
  * en
  * fr

  * Startseite
  * Präsentationsseite
  * Produkte & Dienstleistungen
  * Freie Seiten
    * Vente & Installation d'électroménager
    * Domotique
    * Vidéo surveillance
    * Alarme incendie
    * Alarme intrusion
    * Dépannage 24h/24
    * Installation informatique
    * Installation électrique
    * Installation multimédia
    * Installation de paraboles
  * Katalog
    * Unser Katalog
    * Unser Katalog
  * Nos marques
  * Kontakt

  ...
---
* Accueil
  * Services
    * Aspiration Central
    * Le Commerce
    * Les energies renouvelables
    * Installations de systemes alarmes securite
    * Installations éléctriques
    * Installations Informatiques
    * Installations de luminaires
    * La domotique
    * La maintenance
    * Tableau Electrique Communication
    * Ventilation double flux
    * Vidéophonie Parlophonie
  * Partenaires
  * Contact

Menu

  * Accueil
  * Services
    * Aspiration Central
    * Le Commerce
    * L...
---
#

Electro Avelca Sàrl

  * lu
  * de
  * en
  * fr

  * Accueil
  * Présentation
  * Nos produits
  * Nos services
    * Vente & Installation d'électroménager
    * Domotique
    * Vidéo surveillance
    * Alarme incendie
    * Alarme intrusion
    * Dépannage 24h/24
    * Installation informatique
    * Installation électrique
    * Installation multimédia
    * Installation de paraboles
  * Electro ménager
    * Gros électroménager
    * Petit électroménager
  * Nos marques
  * Contact

  *  ..."
62,47,33,62_anna_2018_eis_2018 20,"anna, 2018, eis, 2018 20, 20 00, beschreibung, 00 00, plaque, 00, commander","* Deutsch
  * Home
  * Über uns
    * Über uns
    * Einrichtungen
    * Fotogalerie & News
  * Besichtigung
    * Bauernhof
    * Schulklassen
    * Senioren
  * Therapie
    * Therapie / Pädagogik
    * Heilpädagogisches Reiten
    * Jahreskurse Bauernhof
  * Legasthenie
    * Dyskalkulie
  * Reitschule
  * Geburtstage
  * Unterstützung
  * Kalender
    * Kalender
    * News
    * Anmeldeformular
    * Gutscheine
  * Kontakt

### 31\. März 2018 Osterhasen Rallye

31.03.2018

14:00 - 16.00

Wir...
---
* Spielplan
  * Jahresprogramm
  * Kontakt / Reservierung
    * Newsletter
  * Über uns
    * Geschichte
    * Kasemattentheater
  * Archiv
    * 2016-2017
    * 2015-2016
    * 2014-2015

  * Spielplan
  * Jahresprogramm
  * Kontakt / Reservierung
    * Newsletter
  * Über uns
    * Geschichte
    * Kasemattentheater
  * Archiv
    * 2016-2017
    * 2015-2016
    * 2014-2015

  1. Startseite
  2. Jahresprogramm

# Jahresprogramm 2017-18

  * ## Ich, Ännie
29.-30.09.2017

Nach Thomas Melle / Reg...
---
# Agenda

## Di Diddelenger Schmelz virum an am 1. Weltkrich Cycle de conférences en
partenariat avec le Centre de Documentation sur les Migrations Humaines
a.s.b.l.

### 25/09/2018 - 19:30:00

## Fish WELTSCHMERZ | CLUTCHING AT STRAWS   
  
Special Guest: DORIS BRENDEL

### 26/09/2018 - 20:00:00

## Révolte Théâtre du Centaure

### 28/09/2018 - 10:00:00

## Révolte Théâtre du Centaure

### 28/09/2018 - 20:00:00

## Fête des Cultures 2018 feat. CHOCO Y SUS COMPLICES, DJ RICO.G, THE
PAPERBOYS, FI..."
63,46,10,63_islands_republic_pikes_account,"islands, republic, pikes, account, saint, island, network, musel, law, united","#  FC Jeunesse Canach

Login/Register now!

FC Jeunesse Canach is a member of

Sign in with your email

You need to login to activate your account.

Login

Forgot your password?

Facebook  Twitter  The website of FC Jeunesse Canach is a part of the
Sport50-Network. This means that you can easily browse all the websites within
the network without having to register and login every time.

You don't have an account on  ?

Connect through a social network

Facebook  Twitter

or create a new account
...
---
#  FC Munsbach

Login/Register now!

FC Munsbach is a member of

Sign in with your email

You need to login to activate your account.

Login

Forgot your password?

Facebook  The website of FC Munsbach is a part of the Sport50-Network. This
means that you can easily browse all the websites within the network without
having to register and login every time.

You don't have an account on  ?

Connect through a social network

Facebook

or create a new account

The creation of your account has been ...
---
#  Musel pikes

Login/Register now!

Musel pikes is a member of

Sign in with your email

You need to login to activate your account.

Login

Forgot your password?

Facebook  The website of Musel pikes is a part of the Sport50-Network. This
means that you can easily browse all the websites within the network without
having to register and login every time.

You don't have an account on  ?

Connect through a social network

Facebook

or create a new account

The creation of your account has been ..."
64,45,21,64_browser_version_2016_recommend,"browser, version, 2016, recommend, update, 11 2016, american, niederanven, 2017, 09 2016","Your browser version is outdated. We recommend that you update your browser to
the latest version.

  * > Accueil
  * > Comité
  * > Agenda Manifestations
  * > Hobby Salon 2018
  * > Commande matériel
  * > Sentiers nature
  * > Pistes Cyclables
  * > Photos/Vidéos
  * > Liens
  * > Contact

S.I.C.N.

SYNDICAT D'INITIATIVE DE LA COMMUNE DE NIEDERANVEN

145 Route de Treves L-6940 NIEDERANVEN      *     (+352) 26 34 07 42      *
info@sicn.lu

  
  
  * > Accueil
  * > Comité
  * > Agenda Manifest...
---
Your browser version is outdated. We recommend that you update your browser to
the latest version.

  * > Accueil
  * > Agenda
  * > À propos de nous
    * > Notre mission et statuts
    * > Structure de l'organisation
    * > Comité d'Administration
    * > Rapports CA et AG
  * > Publications
    * > Communications
    * > Recommandations
    * > Avis et decrets
    * > Feedback
    * > Presse
    * > Liens intéressants
  * > PETITION
  * > Nous contacter
  * > Intranet

Démarrer>

Publication...
---
Your browser version is outdated. We recommend that you update your browser to
the latest version.

  * > Accueil
  * > Agenda
  * > À propos de nous
    * > Notre mission et statuts
    * > Structure de l'organisation
    * > Comité d'Administration
    * > Rapports CA et AG
  * > Publications
    * > Communications
    * > Recommandations
    * > Avis et decrets
    * > Feedback
    * > Presse
    * > Liens intéressants
  * > PETITION
  * > Nous contacter
  * > Intranet

Démarrer>

PETITION

*..."
65,45,13,65_camping_preise_campingplatz_umgebung,"camping, preise, campingplatz, umgebung, reservieren, piscine, inclusion, abri, luxemburg, kinder","* Willkommen
  * Kontaktdaten
  * Informationen
  * Reservation

  *  Deutschde
  *  Englishen
  *  Nederlandsnl
  *  Françaisfr

  * camping-3
  * SpringschlossklPferdWasserfall
  * Esch-sur-sur-panorama2
  * sport_fissen_alt
  * Panorama-hicking1

  * Camping
    * Stellplätze
    * Reisemobil
    * Jahresplätze
  * Wohnwagen-Chalets
    * Übersicht
    * Model A
    * Model B
    * Model C - 3 Schlafzimmer
    * Model D Lodge
  * Mietwohnung bis max.11 Personen
  * Pods-Wanderhütten
  * Anlag...
---
* Camping
    * Virtuelle Tour
    * Preisliste
    * Reservieren
    * Stellplätze
    * Saisonplätze
    * Geländeplan
    * Ökologie
  * Heuhotel
    * Das Heuhotel
    * Tarif
    * Reservieren
  * Biohof
    * Biobauernhof
    * Highland Rinder
    * Islandpferde
    * Geschichte
  * Service
    * Rezeption
    * Bistrot
    * Eingang & Sep-Key
    * Sanitär
    * Stromanschlüsse
    * Wifi
    * Bibliothek
    * Indoor Spielraum
    * Luxemburg Card
    * Touristische Infos
  * Aktivitäten...
---
* Camping
    * Virtuelle Tour
    * Preisliste
    * Reservieren
    * Stellplätze
    * Saisonplätze
    * Geländeplan
    * Ökologie
  * Heuhotel
    * Das Heuhotel
    * Tarif
    * Reservieren
  * Biohof
    * Biobauernhof
    * Highland Rinder
    * Islandpferde
    * Geschichte
  * Service
    * Rezeption
    * Bistrot
    * Eingang & Sep-Key
    * Sanitär
    * Stromanschlüsse
    * Wifi
    * Bibliothek
    * Indoor Spielraum
    * Luxemburg Card
    * Touristische Infos
  * Aktivitäten..."
66,43,5,66_reisen_mobilität_busanmietung_emile weber,"reisen, mobilität, busanmietung, emile weber, taxi, emile, weber, gruppen, linkedin youtube, kontakt","*  Deutschde
  *  Françaisfr

  * Facebook
  * Linkedin
  * Youtube
  * Instagram

  * Kontakt

  * Facebook
  * Linkedin
  * Youtube
  * Instagram

  * Reisen
  * Mobilität
  * Business
  * Unternehmen
  * Kontakt

Menu

  * Reisen
    * Reiseangebote
    * Hochzeitslisten
    * Reisegutscheine
    * Kataloge
    * Gruppen
    * Young Travel
    * Unsere anderen Expertisen
    * Kontakt
  * Mobilität
    * Öffentlich
    * À la carte
    * Busflotte
    * Busanmietung
    * Kontakt
  * Business...
---
* Home
  * Reisen
  * Mobilität
  * Business

  *  Deutschde
  *  Françaisfr

  * Facebook
  * Linkedin
  * Youtube
  * Instagram

  * Kontakt

  * Facebook
  * Linkedin
  * Youtube
  * Instagram

  * Reiseangebote
  * Hochzeitslisten
  * Reisegutscheine
  * Kataloge
  * Gruppen
  * Young Travel
  * Unsere anderen Expertisen
  * Kontakt

Menu

  * Reisen
    * Reiseangebote
    * Hochzeitslisten
    * Reisegutscheine
    * Kataloge
    * Gruppen
    * Young Travel
    * Unsere anderen Expertisen...
---
* Home
  * Reisen
  * Mobilität
  * Business

  *  Deutschde
  *  Françaisfr

  * Facebook
  * Linkedin
  * Youtube
  * Instagram

  * Kontakt

  * Facebook
  * Linkedin
  * Youtube
  * Instagram

  * Reiseangebote
  * Hochzeitslisten
  * Reisegutscheine
  * Kataloge
  * Gruppen
  * Young Travel
  * Unsere anderen Expertisen
  * Kontakt

Menu

  * Reisen
    * Reiseangebote
    * Hochzeitslisten
    * Reisegutscheine
    * Kataloge
    * Gruppen
    * Young Travel
    * Unsere anderen Expertisen..."
67,43,23,67_antenne_larochette_rtl_luxemburg,"antenne, larochette, rtl, luxemburg, hits, fotoen, q8, esch alzette, kontakte, alzette","* Pëtrolspräisser
  * Apdikten
  * Klinicken
  * Games
  * Newsletter

  *   * 

# RTL.lu  
-  
  * 

Meteo am Detail »

  * RTL.lu
  * Radio
  * Télé
  * minutes.lu
  * RTL Today
  * Editus

# RTL.lu

  * Lëtzebuerg
  * International
  * Meenung
  * Sport
  * Trafic
  * Meteo
  * Kultur
  * Life&Style;
  * Kichen
  * Fotoen
  * Auto
  * Service

Leschten Update: viru 4 Minutten Kinosprogramm | Rankingen op RTL.lu | Den Hoppen Théid | Kräizwuerträtselen
##  Tour de France: 15. Etapp Magnus Cort ...
---
* Datenschutz
  * Impressum
  * Kontakt

  *   * Home
  * Mail ins Studio
  * Programm
    * DIE FRÜHSTÜCKER
    * BEI DER ARBEIT
    * VON ZWEI BIS FREI
    * SPEZIAL
    * HITS-NONSTOP
    * DAS WOCHENENDE
    * DIE RADIOREISE
    * DER PARTY-HITMIX
  * Yestercharts
  * Team
  * News
  * Veranstaltungen
  * Partner
    * Rockhal Esch-sur-Alzette
  *   * Live im Popup 

  *   * 

  * Home
  * Mail ins Studio
  * Programm
    * DIE FRÜHSTÜCKER
    * BEI DER ARBEIT
    * VON ZWEI BIS FREI
    * S...
---
* Datenschutz
  * Impressum
  * Kontakt

  *   * Home
  * Mail ins Studio
  * Programm
    * DIE FRÜHSTÜCKER
    * BEI DER ARBEIT
    * VON ZWEI BIS FREI
    * SPEZIAL
    * HITS-NONSTOP
    * DAS WOCHENENDE
    * DIE RADIOREISE
    * DER PARTY-HITMIX
  * Yestercharts
  * Team
  * News
  * Veranstaltungen
  * Partner
    * Rockhal Esch-sur-Alzette
  *   * Live im Popup 

  *   * 

  * Home
  * Mail ins Studio
  * Programm
    * DIE FRÜHSTÜCKER
    * BEI DER ARBEIT
    * VON ZWEI BIS FREI
    * S..."
68,43,37,68_utilisateur_institut_destinataire_éditeur,"utilisateur, institut, destinataire, éditeur, coordonnées, partagez accueil, mail, konnen, google, donnees","* lu
  * de
  * en
  * fr

Echangez, partagez

  *   *   *   * 

  * Accueil
  * Présentation
  * Produits & Services
  * Mes réalisations
  * Contact

#

Loyal Nails

  * 

Dernière mise à jour : 25/10/2017  

©2015, Site produit par Editus Luxembourg

Accès professionnelMentions légalesPlan du site

## Recommander à un ami

### Coordonnées du destinataire

Nom du destinataire

E-mail du destinataire

Votre message

### Vos coordonnées

Votre nom

E-mail

Saisissez les caractères qui s'affichen...
---
* lu
  * de
  * en
  * fr

Echangez, partagez

  *   *   *   * 

  * Accueil
  * Présentation
  * Produits & Services
  * Prestations
  * Contact

#

  *   *   * 

Dernière mise à jour : 25/10/2017  

©2015, Site produit par Editus Luxembourg

Accès professionnelMentions légalesPlan du site

## Recommander à un ami

### Coordonnées du destinataire

Nom du destinataire

E-mail du destinataire

Votre message

### Vos coordonnées

Votre nom

E-mail

Saisissez les caractères qui s'affichent dans l'i...
---
* lu
  * de
  * en
  * fr

Echangez, partagez

  *   *   *   * 

  * Accueil
  * Présentation
  * Produits & Services
  * Contact

#

CRIS Nettoyage

  * 

Dernière mise à jour : 05/03/2018  

©2015, Site produit par Editus Luxembourg

Accès professionnelMentions légalesPlan du site

## Recommander à un ami

### Coordonnées du destinataire

Nom du destinataire

E-mail du destinataire

Votre message

### Vos coordonnées

Votre nom

E-mail

Saisissez les caractères qui s'affichent dans l'image

En..."
69,42,11,69_islands_republic_saint_island,"islands, republic, saint, island, account, united, network, democratic, guinea, south","#  Red Boys Uespelt

Login/Register now!

Red Boys Uespelt is a member of

Sign in with your email

You need to login to activate your account.

Login

Forgot your password?

Facebook  The website of Red Boys Uespelt is a part of the Sport50-Network.
This means that you can easily browse all the websites within the network
without having to register and login every time.

You don't have an account on  ?

Connect through a social network

Facebook

or create a new account

The creation of your ac...
---
#  Beaufort Knights

Login/Register now!

Beaufort Knights is a member of

Sign in with your email

You need to login to activate your account.

Login

Forgot your password?

Facebook  Twitter  The website of Beaufort Knights is a part of the
Sport50-Network. This means that you can easily browse all the websites within
the network without having to register and login every time.

You don't have an account on  ?

Connect through a social network

Facebook  Twitter

or create a new account

The c...
---
#  Beaufort Knights

Login/Register now!

Beaufort Knights is a member of

Sign in with your email

You need to login to activate your account.

Login

Forgot your password?

Facebook  Twitter  The website of Beaufort Knights is a part of the
Sport50-Network. This means that you can easily browse all the websites within
the network without having to register and login every time.

You don't have an account on  ?

Connect through a social network

Facebook  Twitter

or create a new account

The c..."
70,42,4,70_anzeige_siehe_000_84,"anzeige, siehe, 000, 84, 500, anzeigen, audi, tdi, baujahr, marke","# Nr. 1 für Gebrauchtwagen in Luxemburg

¤ Anzeigen des Tages  
¤ Mein persönlicher Raum  
¤ Ausführliche Suche  
¤ Suche nach Werkstätten  

Gehen Sie zu Ihrem Account, um Ihre Shortcuts zu gestalten

Bereits Benutzer ?

    Verbinden
Neuer Benutzer ?

    Account erstellen
  * SUCHEN
    * Anzeigen des Tages
    * nach Marke
    * nach Werkstätten
    * ausführlich
    * Nach Fahrzeug
    * Pkw
    * Motorräder
    * Nutzfahrzeuge
    * Felgen und Reifen
    * Andere Fahrzeuge...
    * Nach Ka...
---
# Nr. 1 für Gebrauchtwagen in Luxemburg

¤ Anzeigen des Tages  
¤ Mein persönlicher Raum  
¤ Ausführliche Suche  
¤ Suche nach Werkstätten  

Gehen Sie zu Ihrem Account, um Ihre Shortcuts zu gestalten

Bereits Benutzer ?

    Verbinden
Neuer Benutzer ?

    Account erstellen
  * SUCHEN
    * Anzeigen des Tages
    * nach Marke
    * nach Werkstätten
    * ausführlich
    * Nach Fahrzeug
    * Pkw
    * Motorräder
    * Nutzfahrzeuge
    * Felgen und Reifen
    * Andere Fahrzeuge...
    * Nach Ka...
---
# Nr. 1 für Gebrauchtwagen in Luxemburg

¤ Anzeigen des Tages  
¤ Mein persönlicher Raum  
¤ Ausführliche Suche  
¤ Suche nach Werkstätten  

Gehen Sie zu Ihrem Account, um Ihre Shortcuts zu gestalten

Bereits Benutzer ?

    Verbinden
Neuer Benutzer ?

    Account erstellen
  * SUCHEN
    * Anzeigen des Tages
    * nach Marke
    * nach Werkstätten
    * ausführlich
    * Nach Fahrzeug
    * Pkw
    * Motorräder
    * Nutzfahrzeuge
    * Felgen und Reifen
    * Andere Fahrzeuge...
    * Nach Ka..."
71,41,21,71_mep_steichen_edward steichen_edward,"mep, steichen, edward steichen, edward, november 2014, november, luxembourg, award, 2018, library","### Menu

  * About us
    * About MEP
    * LAML MEP Teachers
      * Odile Linden
  * Calendar
  * Contact
  * Fotos
    * EU Parliament in Brussels
    * MEP 2011 in Skopje, Republic of Macedonia
    * MEP 2012 in Madrid, Spain
    * MEP 2013 in Vilnius, Lithuania
    * MEP 2014 in Luxembourg
      * 10th November 2014: Opening Ceremony
        * Presentation of the delegations
        * Reception
      * 12th November 2014: Committee Meetings and Lobbying in the Schengen Lycée in Perl, Germa...
---
### Menu

  * About us
    * About MEP
    * LAML MEP Teachers
      * Odile Linden
  * Calendar
  * Contact
  * Fotos
    * EU Parliament in Brussels
    * MEP 2011 in Skopje, Republic of Macedonia
    * MEP 2012 in Madrid, Spain
    * MEP 2013 in Vilnius, Lithuania
    * MEP 2014 in Luxembourg
      * 10th November 2014: Opening Ceremony
        * Presentation of the delegations
        * Reception
      * 12th November 2014: Committee Meetings and Lobbying in the Schengen Lycée in Perl, Germa...
---
### Menu

  * About us
    * About MEP
    * LAML MEP Teachers
      * Odile Linden
  * Calendar
  * Contact
  * Fotos
    * EU Parliament in Brussels
    * MEP 2011 in Skopje, Republic of Macedonia
    * MEP 2012 in Madrid, Spain
    * MEP 2013 in Vilnius, Lithuania
    * MEP 2014 in Luxembourg
      * 10th November 2014: Opening Ceremony
        * Presentation of the delegations
        * Reception
      * 12th November 2014: Committee Meetings and Lobbying in the Schengen Lycée in Perl, Germa..."
72,40,24,72_katalog_katalog katalog_aménagement jardin_empfängers,"katalog, katalog katalog, aménagement jardin, empfängers, aménagement, jardin, angaben, 32, abbrechen pflichtfeld, senden abbrechen","* Startseite
  * Präsentationsseite
  * Produkte & Dienstleistungen
  * Katalog
    * Unser Katalog
    * Unser Katalog
    * Unser Katalog
  * Kontakt

  * Startseite
  * Präsentationsseite
  * Produkte & Dienstleistungen
  * Katalog
    * Unser Katalog
    * Unser Katalog
    * Unser Katalog
  * Kontakt

de

  * lu
  * en
  * fr

# Unser Katalog

  * Unser Katalog
  * Unser Katalog
  * Unser Katalog

### Sortieren nach

-
  * -
  * Name
  * Preis
  * Referenz

### Ansicht

  * Barber shop
  * ...
---
* Startseite
  * Präsentationsseite
  * Notre équipe
  * Katalog
    * Unser Katalog
    * Unser Katalog
    * Unser Katalog
    * Unser Katalog
    * Unser Katalog
  * Kontakt

  * Startseite
  * Präsentationsseite
  * Notre équipe
  * Katalog
    * Unser Katalog
    * Unser Katalog
    * Unser Katalog
    * Unser Katalog
    * Unser Katalog
  * Kontakt

de

  * lu
  * en
  * fr

# Unser Katalog

  * Unser Katalog
  * Unser Katalog
  * Unser Katalog
  * Unser Katalog
  * Unser Katalog

### Sort...
---
* Startseite
  * Präsentationsseite
  * Produkte & Dienstleistungen
  * Katalog
    * Unser Katalog
    * Unser Katalog
    * Unser Katalog
    * Unser Katalog
  * Kontakt

  * Startseite
  * Präsentationsseite
  * Produkte & Dienstleistungen
  * Katalog
    * Unser Katalog
    * Unser Katalog
    * Unser Katalog
    * Unser Katalog
  * Kontakt

de

  * lu
  * en
  * fr

# Unser Katalog

  * Unser Katalog
  * Unser Katalog
  * Unser Katalog
  * Unser Katalog

### Sortieren nach

-
  * -
  * Name..."
73,38,23,73_drone_luxembourg_langue_2011,"drone, luxembourg, langue, 2011, 2010, février, décembre, novembre, campagne, janvier","adada

# Tout sur la communication et la publicité au Luxembourg

Aller au contenu

  * RSS Feed
  * Advertise!
  * Contact
  * Newsletter
  * Toutes les agences de publicité au Luxembourg
  * Trouver un freelance au Luxembourg

  * Home
  * Archives créas
  * Carrières
  * Communiqués
  * Concours d'agences
  * Interviews
  * MarkCom
  * Marques
  * Médias
  * Offres d'emploi
  * Tout sur la communication et la publicité au Luxembourg

101Studios recrute un(e) Graphic Designer

Knewledge en for...
---
adada

# Tout sur la communication et la publicité au Luxembourg

Aller au contenu

  * RSS Feed
  * Advertise!
  * Contact
  * Newsletter
  * Toutes les agences de publicité au Luxembourg
  * Trouver un freelance au Luxembourg

  * Home
  * Archives créas
  * Carrières
  * Communiqués
  * Concours d'agences
  * Interviews
  * MarkCom
  * Marques
  * Médias
  * Offres d'emploi
  * Tout sur la communication et la publicité au Luxembourg

[Événementiel] Rodenbourg dévoile la KIA Stinger avec Takan...
---
adada

# Tout sur la communication et la publicité au Luxembourg

Aller au contenu

  * RSS Feed
  * Advertise!
  * Contact
  * Newsletter
  * Toutes les agences de publicité au Luxembourg
  * Trouver un freelance au Luxembourg

  * Home
  * Archives créas
  * Carrières
  * Communiqués
  * Concours d'agences
  * Interviews
  * MarkCom
  * Marques
  * Médias
  * Offres d'emploi
  * Tout sur la communication et la publicité au Luxembourg

[MEDIA] Malgré son demi-million de lecteurs, le pure player..."
74,38,31,74_construction_ingénieur_technicien_constructions,"construction, ingénieur, technicien, constructions, carrelage, chauffage sanitaire, architecte, luxembourg, visitez, sanitaire","* lu
  * de
  * en
  * fr

#

  * Home page
  * Presentation
  * Free
    * Pour les particuliers
    * Pour les professionnels
    * Prime et lésgislation au Luxembourg
  * Our Catalogue
  * Galleries
    * Nouvelles constructions
    * Aménagement extérieur
    * Rénovation
  * Contact

  * Construction - Chauffage - Sanitaire - Carrelage 
Visitez notre showroom 1 rue d'Esch L-3353 Leudelange

  * Construction - Chauffage - Sanitaire - Carrelage 
Visitez notre showroom 1 rue d'Esch L-3353 Leud...
---
* lu
  * de
  * en
  * fr

#

  * Startseite
  * Präsentationsseite
  * Freie Seiten
    * Pour les particuliers
    * Pour les professionnels
    * Prime et lésgislation au Luxembourg
  * Unser Katalog
  * Galerien
    * Nouvelles constructions
    * Aménagement extérieur
    * Rénovation
  * Kontakt

  * Construction - Chauffage - Sanitaire - Carrelage 
Visitez notre showroom 1 rue d'Esch L-3353 Leudelange

  * Construction - Chauffage - Sanitaire - Carrelage 
Visitez notre showroom 1 rue d'Es...
---
* lu
  * de
  * en
  * fr

#

  * Accueil
  * Notre société
  * Nos services
    * Pour les particuliers
    * Pour les professionnels
    * Prime et lésgislation au Luxembourg
  * Notre showroom
  * Galeries
    * Nouvelles constructions
    * Aménagement extérieur
    * Rénovation
  * Contact

  * Construction - Chauffage - Sanitaire - Carrelage 
Visitez notre showroom 1 rue d'Esch L-3353 Leudelange

  * Construction - Chauffage - Sanitaire - Carrelage 
Visitez notre showroom 1 rue d'Esch L-33..."
75,38,15,75_islands_republic_account_saint,"islands, republic, account, saint, island, network, login, united, fédération luxembourgeoise, guinea","#  Fédération Luxembourgeoise des Arts Martiaux

Login/Register now!

Fédération Luxembourgeoise des Arts Martiaux is a member of

Sign in with your email

You need to login to activate your account.

Login

Forgot your password?

Facebook  The website of Fédération Luxembourgeoise des Arts Martiaux is a
part of the Sport50-Network. This means that you can easily browse all the
websites within the network without having to register and login every time.

You don't have an account on  ?

Connect ...
---
#  Fédération Luxembourgeoise des Arts Martiaux

Login/Register now!

Fédération Luxembourgeoise des Arts Martiaux is a member of

Sign in with your email

You need to login to activate your account.

Login

Forgot your password?

Facebook  The website of Fédération Luxembourgeoise des Arts Martiaux is a
part of the Sport50-Network. This means that you can easily browse all the
websites within the network without having to register and login every time.

You don't have an account on  ?

Connect ...
---
#  Fédération Luxembourgeoise de Golf

Login/Register now!

Fédération Luxembourgeoise de Golf is a member of

Sign in with your email

You need to login to activate your account.

Login

Forgot your password?

Facebook  Twitter  The website of Fédération Luxembourgeoise de Golf is a part
of the Sport50-Network. This means that you can easily browse all the websites
within the network without having to register and login every time.

You don't have an account on  ?

Connect through a social netw..."
76,37,27,76_afficher_comparer_vidéo_00 16,"afficher, comparer, vidéo, 00 16, 00, application, 13 00, 00 13, associés, 16 00","*   * Connexion ou première inscription
  * Panier [0]
  * Contactez-nous
  * 

  * Produits
  * Services
  * Ingénierie
  * Notre différence
  * Entreprise
  * Carrières
  * 

Fermer

* * *

  * Systèmes sans fil
  * Systèmes de mesure
  * Forage burinage
  * Forage et sciage diamant
  * Récupération de poussière 
  * Découpe, meulage et rainurage
  * Vissage
  * Consommables machines
  * Clouage
  * Chevillage
  * Systèmes de supportage
  * Systèmes coupe-feu et de protection contre l'incendie...
---
*   * Connexion ou première inscription
  * Panier [0]
  * Contactez-nous
  * 

  * Produits
  * Services
  * Ingénierie
  * Notre différence
  * Entreprise
  * Carrières
  * 

Fermer

* * *

  * Systèmes sans fil
  * Systèmes de mesure
  * Forage burinage
  * Forage et sciage diamant
  * Récupération de poussière 
  * Découpe, meulage et rainurage
  * Vissage
  * Consommables machines
  * Clouage
  * Chevillage
  * Systèmes de supportage
  * Systèmes coupe-feu et de protection contre l'incendie...
---
*   * Connexion ou première inscription
  * Panier [0]
  * Contactez-nous
  * 

  * Produits
  * Services
  * Ingénierie
  * Notre différence
  * Entreprise
  * Carrières
  * 

Fermer

* * *

  * Systèmes sans fil
  * Systèmes de mesure
  * Forage burinage
  * Forage et sciage diamant
  * Récupération de poussière 
  * Découpe, meulage et rainurage
  * Vissage
  * Consommables machines
  * Clouage
  * Chevillage
  * Systèmes de supportage
  * Systèmes coupe-feu et de protection contre l'incendie..."
77,37,14,77_creos_anschluss_lieferanten_sites,"creos, anschluss, lieferanten, sites, startups, développement, maçonnerie, luxembourg, strom, orient","# Creos Luxembourg

  * Blog
  * Presse
  * Kontakt
  * Downloads

  * Fr
  * De

Menu

C

  * Privatkunden
    *       * ## Strom
      * Anschluss
      * Fournisseurs
      * Sicherheitstipps
    *       * ## Erdgas
      * Anschluss
      * Lieferanten
      * Sicherheitstipps
    *       * ## Dienstleistungen
      * Verbrauchsdaten
      * Ortung & Markierung
      * Ausästen
    * E-MOBILITY
    * FAQ
  * Gewerbekunden
    *       * ## Strom
      * Anschluss
      * Lieferanten
      * W...
---
# Creos Luxembourg

  * Blog
  * Presse
  * Kontakt
  * Downloads

  * Fr
  * De

Menu

C

  * Privatkunden
    *       * ## Strom
      * Anschluss
      * Fournisseurs
      * Sicherheitstipps
    *       * ## Erdgas
      * Anschluss
      * Lieferanten
      * Sicherheitstipps
    *       * ## Dienstleistungen
      * Verbrauchsdaten
      * Ortung & Markierung
      * Ausästen
    * E-MOBILITY
    * FAQ
  * Gewerbekunden
    *       * ## Strom
      * Anschluss
      * Lieferanten
      * W...
---
# Creos Luxembourg

  * Blog
  * Presse
  * Kontakt
  * Downloads

  * Fr
  * De

Menu

C

  * Privatkunden
    *       * ## Strom
      * Anschluss
      * Fournisseurs
      * Sicherheitstipps
    *       * ## Erdgas
      * Anschluss
      * Lieferanten
      * Sicherheitstipps
    *       * ## Dienstleistungen
      * Verbrauchsdaten
      * Ortung & Markierung
      * Ausästen
    * E-MOBILITY
    * FAQ
  * Gewerbekunden
    *       * ## Strom
      * Anschluss
      * Lieferanten
      * W..."
78,36,14,78_zimmer_gäste_kontaktieren_bildergalerie,"zimmer, gäste, kontaktieren, bildergalerie, erfahren, restaurant, badezimmer, echternach, verfügen, hotel","Toggle navigation

deNederlandsEnglishFrançaisDeutsch

  * Nederlands
  * English
  * Français
  * Deutsch

+352 72 82 83

×

## Kontaktieren Sie uns

### Telefonnummer 1

+352 72 82 83

Jetzt buchen

  * Hauptseite
  * Zimmer
  * Restaurant
  * Wellness & Workout
  * Meetings & Events
  * Promos
  * Attraktionen
  * Bildergalerie
  * Kontaktieren Sie uns
  * Über uns
  * Praktische Informationen
  *     * Zimmer
    * Restaurant
    * Wellness & Workout
    * Meetings & Events
    * Promos
    ...
---
Toggle navigation

deNederlandsEnglishFrançaisDeutsch

  * Nederlands
  * English
  * Français
  * Deutsch

+352 72 00 68 1

×

## Kontaktieren Sie uns

### Telefonnummer 1

+352 72 00 68 1

Jetzt buchen

  * Hauptseite
  * Restaurant
  * Zimmer
  * Promos
  * Gutschein
  * Eco Label
  * Attraktionen
  * Kontaktieren Sie uns
  * Über uns
  * Bildergalerie
  * Praktische Informationen
  * Evènements
  *     * Restaurant
    * Zimmer
    * Promos
    * Gutschein
    * Eco Label
    * Attraktionen
...
---
Toggle navigation

deNederlandsEnglishFrançaisDeutsch

  * Nederlands
  * English
  * Français
  * Deutsch

+352 72 00 68 1

×

## Kontaktieren Sie uns

### Telefonnummer 1

+352 72 00 68 1

Jetzt buchen

  * Hauptseite
  * Restaurant
  * Zimmer
  * Promos
  * Gutschein
  * Eco Label
  * Attraktionen
  * Kontaktieren Sie uns
  * Über uns
  * Bildergalerie
  * Praktische Informationen
  * Evènements
  *     * Restaurant
    * Zimmer
    * Promos
    * Gutschein
    * Eco Label
    * Attraktionen
..."
79,36,12,79_biog_naturata_bio_archiv,"biog, naturata, bio, archiv, lesen, geschäfte, haff, nachhaltigkeit, anreise, abo","Home

Geschäfte

Produkte

Über uns  
OIKOPOLIS

BIOG

BIOG-Molkerei

BIOGROS

NATURATA

Geschäfte

Bio@Home

Restaurant

Historie

Nachhaltigkeit

fair &  
   associative

Unternehmens-  
    kultur
FAQ  
    Häufige Fragen
  

# Unsere Produkte

Die NATURATA-Läden sind die Verkaufsstellen der Bio-Bauere-Genossenschaft
Lëtzebuerg (BIOG).

Bei NATURATA finden Sie die größte Auswahl an Bio-Produkten in ganz Luxemburg!

  

#### Unser Bio-Lebensmittelsortiment

  * Obst und Gemüse
  * Milchprodukt...
---
Home

Über uns

Genossenschaft  

Mitglieder  
Statuten  
Vorstand  
Marke

Charta

Produkte

Molkereien  

BIOG-Molkerei  
Schanck-Haff  
Kass-Haff  
Kooperationen  
OIKOPOLIS

BIOG

BIOG-Molkerei

BIOGROS

NATURATA

Geschäfte

Bio@Home

Restaurant

Historie

Nachhaltigkeit

fair &  
   associative

Unternehmens-  
    kultur
FAQ  
    Häufige Fragen
  

# Wëllkomm! Willkommen bei der Bio-Bauere-Genossenschaft Lëtzebuerg (BIOG)

Die BIOG ist eine starke Gemeinschaft von Landwirten, Gärtnern und...
---
Home

Geschäfte

Produkte

Über uns  
OIKOPOLIS

BIOG

BIOG-Molkerei

BIOGROS

NATURATA

Geschäfte

Bio@Home

Restaurant

Historie

Nachhaltigkeit

fair &  
   associative

Unternehmens-  
    kultur
FAQ  
    Häufige Fragen
  

# Wëllkomm! Willkommen bei NATURATA Lëtzebuerg

  
Wir sind eine Initiative der Luxemburger Bio-Bauern-Genossenschaft BIOG und
begrüßen Sie herzlich auf unseren Internetseiten.

Hier finden Sie aktuelle Informationen zu unseren Lebensmittelgeschäften,
NATURATA beauty & c..."
80,35,24,80_design_identity_print_video,"design, identity, print, video, 3d, corporate, découvrir, advertising, branding, marketing","* Leistungen
    * Marketingstrategie
    * Corporate Identity
    * Logo Design
    * Webdesign
    * Print Medien
    * Messeauftritt
    * Fotografie
    * Video
    * 3D Visualisierung
  * Referenzen
  * Agentur
  * Kontakt
  * Blog

  * #### Leistungen
    * Marketingstrategie
    * Corporate Identity
    * Logo Design
    * Webdesign
    * Print Medien
    * Messeauftritt
    * Fotografie
    * Video
    * 3D Visualisierung
  * Referenzen
  * Agentur
  * Kontakt
  * Blog

####  3D Visualis...
---
* Services
    * Marketing Strategy
    * Corporate Identity
    * Logo Design
    * Webdesign
    * Print Media
    * Fair Occurs
    * Photography
    * Video
    * 3D Visualization
  * References
  * Agency
  * Contact
  * Blog

  * #### Services
    * Marketing Strategy
    * Corporate Identity
    * Logo Design
    * Webdesign
    * Print Media
    * Fair Occurs
    * Photography
    * Video
    * 3D Visualization
  * References
  * Agency
  * Contact
  * Blog

####  THE SHIT SHOP

######

...
---
L'agence Expertises Projets Blog Références Contact

# Expertises

Stratégie  
Marketing

Création  
Graphique

Digital

Photographie

Print

Support  
& objets pub

### STRATÉGIE MARKETING OFFLINE/ONLINE

#### Analyse marketing 360°

Une étude détaillée permettra de définir votre image, d’identifier vos forces
et faiblesses et de mettre en évidence vos concurrents et les cibles à
atteindre. En fonction de cet analyse, nous pourrons établir une stratégie
marketing globale  
qui répond à :

Votre..."
81,35,12,81_bdo_hosting_private_english,"bdo, hosting, private, english, abn, banking, private banking, june 2018, nutrition, phone","Go to main navigation Go to main content

  * Global network
  * Locations
  * Our people
  * Events
  * News
  * Careers
  * Contact
  * 

BDO

Luxembourg

  * Services
    *       * Audit & Assurance 
        * Statutory Audit
        * Internal Audit
        * Compliance
        * Other Assurance Services
        * Information Technology Audit
      * Tax Services 
        * Corporate Tax
        * Indirect Tax
        * Personal Tax
        * Transfer Pricing
        * Operational Taxes
    ...
---
Go to main navigation Go to main content

  * Global network
  * Locations
  * Our people
  * Events
  * News
  * Careers
  * Contact
  * 

BDO

Luxembourg

  * Services
    *       * Audit & Assurance 
        * Statutory Audit
        * Internal Audit
        * Compliance
        * Other Assurance Services
        * Information Technology Audit
      * Tax Services 
        * Corporate Tax
        * Indirect Tax
        * Personal Tax
        * Transfer Pricing
        * Operational Taxes
    ...
---
Go to main navigation Go to main content

  * Global network
  * Locations
  * Our people
  * Events
  * News
  * Careers
  * Contact
  * 

BDO

Luxembourg

  * Services
    *       * Audit & Assurance 
        * Statutory Audit
        * Internal Audit
        * Compliance
        * Other Assurance Services
        * Information Technology Audit
      * Tax Services 
        * Corporate Tax
        * Indirect Tax
        * Personal Tax
        * Transfer Pricing
        * Operational Taxes
    ..."
82,35,27,82_solocal marketing_solocal_marketing services_422,"solocal marketing, solocal, marketing services, 422, marketing, empfängers, 275, gewährleistet, angaben, tourismus","* Startseite
  * Präsentationsseite
  * Produkte & Dienstleistungen
  * Unser Katalog
  * Kontakt

  * Startseite
  * Präsentationsseite
  * Produkte & Dienstleistungen
  * Unser Katalog
  * Kontakt

de

  * lu
  * en
  * fr

# Impressum

## Impressum SiteConnect

Der Inserent ist Editor dieser Website. SoLocal Marketing Services ist der
technische Leistungserbringer.

  * Name oder Firma: 
  * Handelsregister-Nummer: B159482
  * Internationale Umsatzsteuernummer: LU24584224
  * NACE-Code: 43341...
---
* Startseite
  * Präsentationsseite
  * Produkte & Dienstleistungen
  * Unser Katalog
  * Kontakt

  * Startseite
  * Präsentationsseite
  * Produkte & Dienstleistungen
  * Unser Katalog
  * Kontakt

de

  * lu
  * en
  * fr

# Impressum

## Impressum SiteConnect

Der Inserent ist Editor dieser Website. SoLocal Marketing Services ist der
technische Leistungserbringer.

  * Name oder Firma: 
  * Handelsregister-Nummer: B192784
  * NACE-Code: 70220
  * Gründungsjahr: 2014

Die Unterkunft wird durc...
---
* Startseite
  * Präsentationsseite
  * Produkte & Dienstleistungen
  * Unser Katalog
  * Kontakt

  * Startseite
  * Präsentationsseite
  * Produkte & Dienstleistungen
  * Unser Katalog
  * Kontakt

de

  * lu
  * en
  * fr

# Impressum

## Impressum SiteConnect

Der Inserent ist Editor dieser Website. SoLocal Marketing Services ist der
technische Leistungserbringer.

  * Name oder Firma: 
  * Handelsregister-Nummer: B207588
  * Internationale Umsatzsteuernummer: LU28664464
  * NACE-Code: 56101..."
83,34,10,83_eau_café_lubrifiants_gardiennage,"eau, café, lubrifiants, gardiennage, huiles, fontaine, safety, carburants, party, moteur","Eden Corporate

Luxembourg

  * Country & language
  * Danemark
  * Estonie
  * Finlande
  * France
  * Allemagne
  * Lettonie
  * Lituanie
  * Luxembourg
  * Pays-Bas
  * Norvège
  * Pologne
  * Portugal
  * Russie
  * Espagne
  * Suède
  * Suisse
  * Royaume-Uni

  * Home
  * Eau
    *       1. Solutions eau
         1. Fontaine bonbonne
         2. Fontaine filtrante sur réseau
         3. Bouteilles d'eau
         4. Accessoires et consommables eau
      2. Service
         1. Pourquoi Chate...
---
Skip to main content

Eden Corporate

Luxembourg

  * Country & language
  * Danemark
  * Estonie
  * Finlande
  * France
  * Allemagne
  * Lettonie
  * Lituanie
  * Luxembourg
  * Pays-Bas
  * Norvège
  * Pologne
  * Portugal
  * Russie
  * Espagne
  * Suède
  * Suisse
  * Royaume-Uni

  * Home
  * Eau
    *       1. Solutions eau
         1. Fontaine bonbonne
         2. Fontaine filtrante sur réseau
         3. Bouteilles d'eau
         4. Accessoires et consommables eau
      2. Service
    ...
---
#

Eden Corporate

Luxembourg

  * Country & language
  * Danemark
  * Estonie
  * Finlande
  * France
  * Allemagne
  * Lettonie
  * Lituanie
  * Luxembourg
  * Pays-Bas
  * Norvège
  * Pologne
  * Portugal
  * Russie
  * Espagne
  * Suède
  * Suisse
  * Royaume-Uni

  * Home
  * Eau
    *       1. Solutions eau
         1. Fontaine bonbonne
         2. Fontaine filtrante sur réseau
         3. Bouteilles d'eau
         4. Accessoires et consommables eau
      2. Service
         1. Pourquoi Ch..."
84,34,8,84_fc_islands_republic_una,"fc, islands, republic, una, fc belval, fc una, una strassen, belval belvaux, senior, strassen","#  FC Kielen

Login/Register now!

FC Kielen is a member of

Sign in with your email

You need to login to activate your account.

Login

Forgot your password?

Facebook  Twitter  The website of FC Kielen is a part of the Sport50-Network.
This means that you can easily browse all the websites within the network
without having to register and login every time.

You don't have an account on  ?

Connect through a social network

Facebook  Twitter

or create a new account

The creation of your accou...
---
#  FC The Belval Belvaux

Login/Register now!

FC The Belval Belvaux is a member of

Sign in with your email

You need to login to activate your account.

Login

Forgot your password?

Facebook  The website of FC The Belval Belvaux is a part of the
Sport50-Network. This means that you can easily browse all the websites within
the network without having to register and login every time.

You don't have an account on  ?

Connect through a social network

Facebook

or create a new account

The crea...
---
#  FC The Belval Belvaux

Login/Register now!

FC The Belval Belvaux is a member of

Sign in with your email

You need to login to activate your account.

Login

Forgot your password?

Facebook  The website of FC The Belval Belvaux is a part of the
Sport50-Network. This means that you can easily browse all the websites within
the network without having to register and login every time.

You don't have an account on  ?

Connect through a social network

Facebook

or create a new account

The crea..."
85,34,18,85_référencement_seo_marketing_google,"référencement, seo, marketing, google, internet, sites, sea, wordpress, sites internet, création","#

Menu

  * Accueil
  * A propos
    * Comment ?
    * Offres d'emploi et stage
  * Services
    * Référencement naturel SEO
    * Référencement AdWords (SEA)
    * Remarketing / Reciblage
    * Facebook
    * E-reputation
    * Emailing
  * Blog
  * Références
  * Nous contacter

  * LinkedIn
  * Facebook
  * Google+
  * Twitter

# FAQ - SEO / SEA / SMO

## Trouvez les réponses à vos questions en référencement

Nos solutions

Discutons-en !

#### Besoin d'un conseil ? Une question ? Nous somme...
---
* growth driven design 
  * services 
    * web agency   
Découvrez nos solutions complètes de conception de sites internet.

    * online marketing   
Gagnez en visibilité avec nos solutions en marketing digital.

    * growth driven design   
Comment éviter les refontes de sites internet coûteuses et interminables.

  * à propos 
    * équipe   
Meet the team ! Faites connaissance avec l'équipe.

    * références   
Présentation de quelques-unes de nos dernières réalisations.

  * ressources g...
---
* growth driven design 
  * services 
    * web agency   
Découvrez nos solutions complètes de conception de sites internet.

    * online marketing   
Gagnez en visibilité avec nos solutions en marketing digital.

    * growth driven design   
Comment éviter les refontes de sites internet coûteuses et interminables.

  * à propos 
    * équipe   
Meet the team ! Faites connaissance avec l'équipe.

    * références   
Présentation de quelques-unes de nos dernières réalisations.

  * ressources g..."
86,33,16,86_php_warning_var_valid,"php, warning, var, valid, result, includes, array, joer, creating, undefined","Warning: mysql_fetch_array(): supplied argument is not a valid MySQL result
resource in /var/www/web33/html/_lib/functions_site.php on line 105  
  
Warning: mysql_fetch_assoc(): supplied argument is not a valid MySQL result
resource in /var/www/web33/html/_lib/design.php on line 17  
  
Warning: mysql_fetch_assoc(): supplied argument is not a valid MySQL result
resource in /var/www/web33/html/_lib/design.php on line 39  
  
Warning: array_keys() [function.array-keys]: The first argument should ...
---
Warning: mysql_fetch_array(): supplied argument is not a valid MySQL result
resource in /var/www/web33/html/_lib/functions_site.php on line 105  
  
Warning: mysql_fetch_assoc(): supplied argument is not a valid MySQL result
resource in /var/www/web33/html/_lib/design.php on line 17  
  
Warning: mysql_fetch_assoc(): supplied argument is not a valid MySQL result
resource in /var/www/web33/html/_lib/design.php on line 39  
  
Warning: array_keys() [function.array-keys]: The first argument should ...
---
Warning: mysql_fetch_array(): supplied argument is not a valid MySQL result
resource in /var/www/web33/html/_lib/functions_site.php on line 105  
  
Warning: mysql_fetch_assoc(): supplied argument is not a valid MySQL result
resource in /var/www/web33/html/_lib/design.php on line 17  
  
Warning: mysql_fetch_assoc(): supplied argument is not a valid MySQL result
resource in /var/www/web33/html/_lib/design.php on line 39  
  
Warning: array_keys() [function.array-keys]: The first argument should ..."
87,33,21,87_ricoh_digital_bâtiment_30 11,"ricoh, digital, bâtiment, 30 11, ict, business, internet, cloud, clients, fit","# WebCMS Luxembourg - WebCMS Sàrl

  * Panier
  * Accès client
  * Services 
    * WebMail
    * Control panel
    * Cloud
    * Support
  * Contact
  * English

Toggle navigation

  * Agence Web
  * Blog
  * Développement Web 
    * WebCMS notre CMS
    * Site Internet
    * Site E-commerce
    * Application mobile
    * Votre projet Web
  * Hébergement Web 
    * Hébergement Web
    * Nom de domaine
  * Cloud & SFTP 
    * Cloud Luxembourg
    * SFTP Luxembourg

### Hebergement Web

Hebergemen...
---
* Suivez-nous sur Facebook
  * Suivez-nous sur LinkedIn
  * Suivez-nous sur Twitter
  * Suivez-nous sur Youtube

  * 

Luxembourg Changer

  * Contact
  * | Jobs
  * | Plan du site
  * | Ricoh Global
  * | Ricoh eService

  * ### Produits
Multifonctions, Imprimantes,

Imprimantes de production,

Solution et plus encore

  * ### Services & Solutions
Managed Services,

Impression de production,

IT Services et plus encore

  * ### Support
eService, Contact,

Questions fréquentes

et plus encore

 ...
---
* Suivez-nous sur Facebook
  * Suivez-nous sur LinkedIn
  * Suivez-nous sur Twitter
  * Suivez-nous sur Youtube

  * 

Luxembourg Changer

  * Contact
  * | Jobs
  * | Plan du site
  * | Ricoh Global
  * | Ricoh eService

  * ### Accueil
  * ### Produits
  * ### Services & Solutions
  * ### Support
  * ### Téléchargements
  * ### A propos de Ricoh

  * Accueil>
  * A propos de Ricoh>
  * Actualités>
  * 2017

  * A propos de Ricoh
  * Ricoh Luxembourg
  * Présentation générale de Ricoh
  * La ma..."
88,32,12,88_propriété_propriété intellectuelle_intellectuelle_trade,"propriété, propriété intellectuelle, intellectuelle, trade, garant, brands, depot, audit, pi, management","* Accueil
  * A propos de l’IPIL
    * Qui sommes nous ?
    * Historique
    * Nos partenaires
    * Rapports d'activité
  * Propriété intellectuelle
    * Qu'est-ce que la propriété intellectuelle
    * Propriété industrielle (brevets, marques, dessins et modèles)
      * Brevets
      * Marques
      * Dessins et modèles
    * Propriété Littéraire et Artistique
      * Utiliser des oeuvres couvertes par le droit d'auteur
    * Contrefaçon
      * Quelques conseils pratiques
    * Les métiers ...
---
* Accueil
  * A propos de l’IPIL
    * Qui sommes nous ?
    * Historique
    * Nos partenaires
    * Rapports d'activité
  * Propriété intellectuelle
    * Qu'est-ce que la propriété intellectuelle
    * Propriété industrielle (brevets, marques, dessins et modèles)
      * Brevets
      * Marques
      * Dessins et modèles
    * Propriété Littéraire et Artistique
      * Utiliser des oeuvres couvertes par le droit d'auteur
    * Contrefaçon
      * Quelques conseils pratiques
    * Les métiers ...
---
* Accueil
  * A propos de l’IPIL
    * Qui sommes nous ?
    * Historique
    * Nos partenaires
    * Rapports d'activité
  * Propriété intellectuelle
    * Qu'est-ce que la propriété intellectuelle
    * Propriété industrielle (brevets, marques, dessins et modèles)
      * Brevets
      * Marques
      * Dessins et modèles
    * Propriété Littéraire et Artistique
      * Utiliser des oeuvres couvertes par le droit d'auteur
    * Contrefaçon
      * Quelques conseils pratiques
    * Les métiers ..."
89,32,16,89_vélos_00 eur_vélo_eur,"vélos, 00 eur, vélo, eur, révision, promo, cycliste, marques, atelier, promotions","* * * *
  * Vélos 
  * Pour le cycliste 
  * Pour le vélo 
  * Atelier 
  * Compétences & services 
  * Promotions 

  *   *     * Notre gamme
      * Vélos de course
      * Vélos urbains
      * VTT - Trekking
      * Vélos enfants
      * Vélos électriques
      * E-mobility
    * Nos marques
    * Nos équipements
      * Casques
      * Vêtements
      * Chaussures
      * Lunettes
      * Diététique
      * Sécurité
    * Nos marques
    * Accessoires
      * Porte-vélos
      * Porte-bébés...
---
* * * *
  * Vélos 
  * Pour le cycliste 
  * Pour le vélo 
  * Atelier 
  * Compétences & services 
  * Promotions 

  *   *     * Notre gamme
      * Vélos de course
      * Vélos urbains
      * VTT - Trekking
      * Vélos enfants
      * Vélos électriques
      * E-mobility
    * Nos marques
    * Nos équipements
      * Casques
      * Vêtements
      * Chaussures
      * Lunettes
      * Diététique
      * Sécurité
    * Nos marques
    * Accessoires
      * Porte-vélos
      * Porte-bébés...
---
* * * *
  * Vélos 
  * Pour le cycliste 
  * Pour le vélo 
  * Atelier 
  * Compétences & services 
  * Promotions 

  *   *     * Notre gamme
      * Vélos de course
      * Vélos urbains
      * VTT - Trekking
      * Vélos enfants
      * Vélos électriques
      * E-mobility
    * Nos marques
    * Nos équipements
      * Casques
      * Vêtements
      * Chaussures
      * Lunettes
      * Diététique
      * Sécurité
    * Nos marques
    * Accessoires
      * Porte-vélos
      * Porte-bébés..."
90,32,5,90_etablissements_konter matt_konter_matt,"etablissements, konter matt, konter, matt, établissements, horesca, karte, café, spiller, karten","#

##

TROUVER UNE BONNE ADRESSE  
LES ÉTABLISSEMENTS AUTOUR DE MOI

  * Accueil
  * établissements
    * Liste des établissements
    * Recherche avancée
    * Mémoire d’établissements célèbres
    *   * Spillowenter
    * Belote (DE)
    * Belote (FR)
    * Belote (EN)
    * Konter a Matt (DE)
    * Konter a Matt (EN)
    * Konter a Matt (FR)
    * Konter a Matt (LU)
    * Rammi (DE)
    * Rammi (EN)
    * Rammi (FR)
    * Rammi (LU)
    * Up & Down (LU)
    * Up & Down (EN)
    * Up & Down (F...
---
#

##

TROUVER UNE BONNE ADRESSE  
LES ÉTABLISSEMENTS AUTOUR DE MOI

  * Accueil
  * établissements
    * Liste des établissements
    * Recherche avancée
    * Mémoire d’établissements célèbres
    *   * Spillowenter
    * Belote (DE)
    * Belote (FR)
    * Belote (EN)
    * Konter a Matt (DE)
    * Konter a Matt (EN)
    * Konter a Matt (FR)
    * Konter a Matt (LU)
    * Rammi (DE)
    * Rammi (EN)
    * Rammi (FR)
    * Rammi (LU)
    * Up & Down (LU)
    * Up & Down (EN)
    * Up & Down (F...
---
#

##

TROUVER UNE BONNE ADRESSE  
LES ÉTABLISSEMENTS AUTOUR DE MOI

  * Accueil
  * établissements
    * Liste des établissements
    * Recherche avancée
    * Mémoire d’établissements célèbres
    *   * Spillowenter
    * Belote (DE)
    * Belote (FR)
    * Belote (EN)
    * Konter a Matt (DE)
    * Konter a Matt (EN)
    * Konter a Matt (FR)
    * Konter a Matt (LU)
    * Rammi (DE)
    * Rammi (EN)
    * Rammi (FR)
    * Rammi (LU)
    * Up & Down (LU)
    * Up & Down (EN)
    * Up & Down (F..."
91,32,23,91_flash_voir détails_praxis_version,"flash, voir détails, praxis, version, détails, losch, player, adobe, téléchargement, volkswagen","Veuillez noter: Ce site a besoin de Flash et JavaScript pour bien fonctionner.  
Veillez à ce que Flash et Javacript soient bien activés dans les options de
votre explorateur. Pour télécharger  
la version actuelle de Flash, cliquez ici.  

Veuillez noter: Ce site a besoin de Flash et JavaScript pour bien fonctionner.  
Veillez à ce que Flash et Javacript soient bien activés dans les options de
votre explorateur. Pour télécharger  
la version actuelle de Flash, cliquez ici.  

Menü

  * Home
  *...
---
Veuillez noter: Ce site a besoin de Flash et JavaScript pour bien fonctionner.  
Veillez à ce que Flash et Javacript soient bien activés dans les options de
votre explorateur. Pour télécharger  
la version actuelle de Flash, cliquez ici.  

Veuillez noter: Ce site a besoin de Flash et JavaScript pour bien fonctionner.  
Veillez à ce que Flash et Javacript soient bien activés dans les options de
votre explorateur. Pour télécharger  
la version actuelle de Flash, cliquez ici.  

Menü

  * Home
  *...
---
Veuillez noter: Ce site a besoin de Flash et JavaScript pour bien fonctionner.  
Veillez à ce que Flash et Javacript soient bien activés dans les options de
votre explorateur. Pour télécharger  
la version actuelle de Flash, cliquez ici.  

Veuillez noter: Ce site a besoin de Flash et JavaScript pour bien fonctionner.  
Veillez à ce que Flash et Javacript soient bien activés dans les options de
votre explorateur. Pour télécharger  
la version actuelle de Flash, cliquez ici.  

Menü

  * Home
  *..."
92,32,4,92_pharmacie_garde_08h00_352 43,"pharmacie, garde, 08h00, 352 43, 30, 94, membre, 43, offre emploi, contact service","* Espace membre 
  * Flux RSS 
  * Contact 

  * Accueil
  * A propos 
    * À propos du SPL
    * Mot du président
    * Rôle du pharmacien
    * Devenir pharmacien
    * Liens utiles
    * Contact
  * Service de garde 
    * Garde du jour
    * Garde à venir
  * Pharmacies
  * Agenda
  * Actualités
  * Offre d'emploi

Service de garde Urgences (112)

  *   * Pharmacies
  * > 
  * Pharmacie du Soleil

Informations Plan Horaires

# Pharmacie du Soleil  Ouvert

2a, rue Denis Netgen  
L-3858 Schif...
---
* Espace membre 
  * Flux RSS 
  * Contact 

  * Accueil
  * A propos 
    * À propos du SPL
    * Mot du président
    * Rôle du pharmacien
    * Devenir pharmacien
    * Liens utiles
    * Contact
  * Service de garde 
    * Garde du jour
    * Garde à venir
  * Pharmacies
  * Agenda
  * Actualités
  * Offre d'emploi

Service de garde Urgences (112)

  *   * Pharmacies
  * > 
  * Pharmacie Petry

Informations Plan Horaires

# Pharmacie Petry  Ouvert

15, Grand-Rue  
L-9050 Ettelbruck

Numéro d...
---
* Espace membre 
  * Flux RSS 
  * Contact 

  * Accueil
  * A propos 
    * À propos du SPL
    * Mot du président
    * Rôle du pharmacien
    * Devenir pharmacien
    * Liens utiles
    * Contact
  * Service de garde
    * Garde du jour
    * Garde à venir
  * Pharmacies
  * Agenda
  * Actualités
  * Offre d'emploi

Service de garde Urgences (112)

  *   * Service de garde

# Quelles sont les pharmacies de garde ?  Mardi 19 Juin 2018

Le service de garde commence à 8h le matin et se termine à..."
93,31,19,93_protégée robots_spammeurs devez_spammeurs_robots spammeurs,"protégée robots, spammeurs devez, spammeurs, robots spammeurs, devez activer, protégée, robots, activer javascript, javascript visualiser, mail protégée","* Accueil
  * Galerie Photos
  * Contact

  *   *   *   *   *   *   *   *   *   *   *   *   *   *   *   *   *   *   *   *   *   *   *   *   *   *   *   *   *   *   *   *   *   *   *   *   *   *   *   *   *   *   *   *   *   *   *   *   *   * 

T.E.V. SARL - 95, Grand-Rue, L-3313 BERGEM - Tél.:+352 621 210 898 - e-mail:
Cette adresse e-mail est protégée contre les robots spammeurs. Vous devez
activer le JavaScript pour la visualiser.

2013 ©Copyright - Made by www.web-crea.lu
---
* Accueil
  * Expertises
    * Humidité
    * Isolation thermique
    * Isolation acoustique
  * Contacts
  * Partenaires

#  Contacts

### E&T s.a.

2-4, rue J.P. Kirchen

L-4744 Pétange

Tél. 26 50 05 60

Fax: 23 65 26 20

Cette adresse e-mail est protégée contre les robots spammeurs. Vous devez
activer le JavaScript pour la visualiser.

### E&T; s.a.

2-4, rue J.P. Kirchen

L-4744 Pétange

Tél. 26 50 05 60

Fax: 23 65 26 20

Cette adresse e-mail est protégée contre les robots spammeurs. Vous ...
---
* Accueil
  * A propos de l'UEL
  * Les membres
  * Les activités
  * Contact
  * competitivite.uel.lu 
  * INDR
  * 

  * Vous êtes ici : 
  * Accueil
  * Contact 

##  Contact

7, rue Alcide de Gasperi  
L-1615 Luxembourg-Kirchberg

Boîte postale 3024

L-1030 Luxembourg

Téléphone : (+352) 26 009 1  
Fax : (+352) 26 009 799

Contact presse : Cette adresse e-mail est protégée contre les robots
spammeurs. Vous devez activer le JavaScript pour la visualiser.

Email : Cette adresse e-mail est prot..."
94,31,27,94_entreprise_00_travaux_types,"entreprise, 00, travaux, types, passage, entreprise familiale, pose, 08 00, carrelage, 00 13","#

L'entreprise F.P.J.

  * lu
  * de
  * en
  * fr

  * Home page
  * Presentation
  * Products & Services page
  * Our Catalogue
    * Our Catalogue
    * Our Catalogue
    * Our Catalogue
    * Our Catalogue
  * Contact

  * ## Chape, carrelage & rénovation

### About us

L’entreprise F.P.J Sarl a débutée en février 2015, nous sommes une entreprise
familiale de construction dont le gérant est Mr José Fernandes. Nous vous
proposons plusieurs types de services : Les chapes: Les chapes talochées...
---
#

L'entreprise F.P.J.

  * lu
  * de
  * en
  * fr

  * Startseite
  * Präsentationsseite
  * Produkte & Dienstleistungen
  * Katalog
    * Unser Katalog
    * Unser Katalog
    * Unser Katalog
    * Unser Katalog
  * Kontakt

  * ## Chape, carrelage & rénovation

### Über uns

L’entreprise F.P.J Sarl a débutée en février 2015, nous sommes une entreprise
familiale de construction dont le gérant est Mr José Fernandes. Nous vous
proposons plusieurs types de services : Les chapes: Les chapes taloc...
---
#

L'entreprise F.P.J.

  * lu
  * de
  * en
  * fr

  * Accueil
  * Présentation
  * Produits & Services
  * Nos réalisations
    * Chapes
    * Carrelages intérieur
    * Carrelages extérieur
    * Pierres Naturelles
  * Contact

  * ## Chape, carrelage & rénovation

### Qui sommes-nous ?

L’entreprise F.P.J Sarl a débutée en février 2015, nous sommes une entreprise
familiale de construction dont le gérant est Mr José Fernandes. Nous vous
proposons plusieurs types de services : Les chapes: Les..."
95,30,19,95_wordpress_awards_rss_bonjour,"wordpress, awards, rss, bonjour, rechercher, commentaires, christmas, manager, diversity, fleet","* Guide du Gestionnaire de Parc
  * Magazines
  * Agenda
    * Forum Awards
    * Fleet & Breakfast
    * Network
    * Electric Day
    * Christmas Party
  * La Table des Experts
  * Contact

## Ultimate Ads Manager

  * Actualités
  * Événements
  * Statistiques
  * searchRecherche
Rechercher :Rechercher

menu

  * Actualités
  * Événements
  * Statistiques
  * searchRecherche
Rechercher :Rechercher

  * Guide du Gestionnaire de Parc
  * Magazines
  * Agenda
    * Forum Awards
    * Fleet & Br...
---
Aller au contenu principal

# WordPress

Un site utilisant WordPress

Descendre au contenu

## Articles

Publié le 13/09/2017

### Bonjour tout le monde !

Bienvenue dans WordPress. Ceci est votre premier article. Modifiez-le ou
supprimez-le, puis lancez-vous !

Recherche pour : Recherche

## Articles récents

  * Bonjour tout le monde !

## Commentaires récents

  * Un commentateur WordPress dans Bonjour tout le monde !

## Archives

  * septembre 2017

## Catégories

  * Non classé

## Méta

 ...
---
Aller au contenu principal

# WordPress

Un site utilisant WordPress

Descendre au contenu

## Articles

Publié le 18 juin 2018

### Bonjour tout le monde !

Bienvenue sur WordPress. Ceci est votre premier article. Modifiez-le ou
supprimez-le, puis lancez-vous !

Recherche pour : Recherche

## Articles récents

  * Bonjour tout le monde !

## Commentaires récents

  * Un commentateur WordPress dans Bonjour tout le monde !

## Archives

  * juin 2018

## Catégories

  * Non classé

## Méta

  * C..."
96,30,17,96_dussmann_carrière_fairtrade_italy,"dussmann, carrière, fairtrade, italy, café, producteurs, cigl, 26 35, membres, actualité","Dussmann Group

Dussmann Group

  * Geschäftsbereiche
  * Verantwortung
  * Standorte

Dussmann Service

  * Leistung
  * Standorte
  * Kontakt

Kursana

  * Kursana Häuser
  * Standorte
  * Jobs & Karriere
  * Kontakt

Dussmann  
das KulturKaufhaus

  * Veranstaltungen
  * Service
  * Kontakt

Dussmann KulturKindergarten

  * Für Unternehmen
  * Für Eltern

Dussmann Office

  * Leistungen
  * Standorte
  * Kontakt

DKA

  * Leistungen
  * Standorte
  * Kontakt

* * *
  * Karriereportal
  * News...
---
Dussmann Group

Dussmann Group

  * Geschäftsbereiche
  * Verantwortung
  * Standorte

Dussmann Service

  * Leistung
  * Standorte
  * Kontakt

Kursana

  * Kursana Häuser
  * Standorte
  * Jobs & Karriere
  * Kontakt

Dussmann  
das KulturKaufhaus

  * Veranstaltungen
  * Service
  * Kontakt

Dussmann KulturKindergarten

  * Für Unternehmen
  * Für Eltern

Dussmann Office

  * Leistungen
  * Standorte
  * Kontakt

DKA

  * Leistungen
  * Standorte
  * Kontakt

* * *
  * Karriereportal
  * News...
---
Dussmann Group

Dussmann Group

  * Geschäftsbereiche
  * Verantwortung
  * Standorte

Dussmann Service

  * Leistung
  * Standorte
  * Kontakt

Kursana

  * Kursana Häuser
  * Standorte
  * Jobs & Karriere
  * Kontakt

Dussmann  
das KulturKaufhaus

  * Veranstaltungen
  * Service
  * Kontakt

Dussmann KulturKindergarten

  * Für Unternehmen
  * Für Eltern

Dussmann Office

  * Leistungen
  * Standorte
  * Kontakt

DKA

  * Leistungen
  * Standorte
  * Kontakt

* * *
  * Karriereportal
  * News..."
