topic_id,count,name,top_words,representative_docs
-1,5070,-1_luxembourg_2020_contact_352,outliers,""
0,303,0_restaurant_mozzarella_carte_00,"restaurant, mozzarella, carte, 00, salade, 50, tomate, sauce, menu, tomates","### Main menu

Skip to primary content

Skip to secondary content

  * Accueil
  * Notre carte
  * Contact

# Restaurant De Neie Lomperang

## Un site utilisant Yellow Site Manager Sites

# Accueil

Dans un cadre familial, le personnel de la pizzeria vous accueillera.
Simplement et sympathiquement à la fois.

Avec son espace enfants, son jeu de quilles, ses livraisons gratuites à
domicile, tout comme les emportés, toutes vos attentes seront comblées…

Venez déguster nos pizzas fines au feu de fo...
---
﻿

  * Accueil
  * A propos
  * Notre carte
  * Plat du jour
  * Nos actualites 
  * Contact

Réserver

  1. 1
  2. 2

## Restaurant Um Wier

Venez profiter d'une vue exceptionnelle sur le Château d'Useldange.

En savoir plus

## Restaurant Um Wier

Venez déguster notre cuisine du monde familiale et nos pizzas au feu de bois

En savoir plus

Previous Next

## Découvrez le plat du jour  

Menu du jour

## A propos

### Depuis 2005

Um Wier situé à Useldange vous propose une cuisine traditionnelle...
---
﻿

  *   * 75 02 53 
  * info@restaurant-auberge-du-lac.lu

Logo

  * Accueil
  * Presentation
    * Photos restaurant
    * Photos plats
  * Carte
  * Nos Menus
    * Menu de la Semaine
    * Menu de Dimanche
  * Actualites
  * Contact

Réservez votre table

  1. 1 Restaurant Auberge du Lac
  2. 2 Restaurant Auberge du Lac

15 août - Fish & Chips  
Terrasse avec vue sur la Moselle, un bon vin luxembourgeois!  
Aiglefin (entier ou filet, frites, salade, sauce rémoulade)  
Réservez déjà votre tab..."
1,198,1_luxembourg_2020_membre_membres,"luxembourg, 2020, membre, membres, association, 2018, 2019, news, luxembourgeoise, contact","Aller au contenu principal

  * 

  * Email : info@pog.lu
  * Phone :(+352) 661 112 567

  * Login

  * Home
  * POG
    * Présentation
    * Conseil d'administration
    * Sociétés membres
    * Liens utiles
    * Statuts
  * Articles
    * Actualité Sociale
    * Benchmark
    * Conférences
    * What's Up In Luxembourg
    * Humour
  * Events
    * Agenda
    * Nos types d’évènements
  * Presse & PR
  * Membership
    * Devenir membre
    * Modalités d'adhésion
  * Contact

## Formulaire de r...
---
Hidden Clicker

#  
  * Présentation
    * Conseil d'administration
    * Statuts
    * Communications
    * A propos du site
  * Législation
  * Activités
    * Activités passées
  * Liens utiles
  * Contact

Navigatez sur... Présentation Législation Activités Liens utiles Contact

  * ## l'Association Luxembourgeoise pour l'Etude du Droit de la Concurrence, Groupe luxembourgeois de la LIDC (Ligue internationale du droit de la concurrence)
Elle est destinee a rassembler des personnes de tous ho...
---
*   *   *   * 

  * New User - Sign up
  * Login

MENUMENU

  * Home
  * About Us
    * Mission Statement
    * Chairman's message
    * Executive Committee and Board
  * Committees
  * Events
    * Upcoming Events
    * Past Events
      * 2019
      * 2018
      * 2017
      * 2016
      * 2015
      * 2014
  * News
    * Latest News
    * AMCHAM in the Press
  * Membership
  * Our Members
  * Language Learning
  * Our Videos
  * Publications
  * Contact

  

  * Learn the languages  
of Luxem..."
2,188,2_rhum_352_26_contact,"rhum, 352, 26, contact, mail, 352 26, clément, rue, info, services","* Accueil
  * Société
  * Réalisations
  * Produits
  * Références
  * Contact

Sélectionner une page

# Contactez-nous

### Buro Deisign

Nom & Prénom *

Adresse e-mail *

Objet de votre Message *

Votre Message *

N'hésitez pas à nous contacter via notre formulaire de contact ci-contre pour
toute question ou demande de devis.

Vous pouvez également nous contacter grâce aux coordonnées ci-dessous :

BURO Design  
241, rue de belval  
4024 Esch sur Alzette  
  info@burodesign.lu  
  (+352) 24 55...
---
Toggle Navigation

  * L'équipe
  * Contactez-nous

SYNDIC DE COPROPRIÉTÉ - AGENCE IMMOBILIÈRE - TRANSACTIONS

### téléphone

+352 26 10 87 14

### Email

info@gesthome.lu

Navigation

  * Accueil
  * Syndic de copropriété
  * Services
  * Locations – Ventes
  * Partenaires

# L'équipe

Isabelle

Tel 621 19 85 72  
Email : info@gesthome.lu

Aude

Tel 691 83 80 08  
Email : info@gesthome.lu

### Notre force

Une relation de confiance Comme plus de 500 clients, confiez votre gestion
immobilière à ...
---
* Choisir la langue 
    *     * 

+352 621 272 379  
+352 26 38 34 09

info@immoprestige.lu

188 Route de Trèves  
6940 Niederanven

  * Accueil
  * Vente
  * Location
  * Commerces
  * entretien
  * L'Agence
  * Alerte E-mail
  * Contact

# Votre recherche de bien

Location  Type de bien Studio

Localisation

Rechercher

#  Contact

* * *
  1. Accueil
  2. Contact

Pour toutes informations, contactez nous.  
  
Il vous suffit de compléter ce formulaire et nous ferons de notre mieux pour y
répo..."
3,188,3_services_management_tax_investment,"services, management, tax, investment, luxembourg, fund, business, law, funds, accounting","* HOME
  * ABOUT US
  * OUR SERVICES
  * OUR TEAM
  * CAREERS
  * CONTACT
  * More

# Fundamentals

Your Corporate Service Providers and Chartered Accountants in Luxembourg

Delivering Handcrafted Solutions

Discover More

Discover Fundamentals' services below

CORPORATE AND BUSINESS OWNERS

PRIVATE CLIENTS AND FAMILIES

ACCOUNTING AND TAX COMPLIANCE

ALTERNATIVE INVESTMENT FUNDS SERVICES

BACK TO TOP

©2020 by Fundamentals

---PAGE BREAK---

* HOME
  * ABOUT US
  * OUR SERVICES
  * OUR TEAM
  *...
---
* Home
  * About us
  * Contact

  * Home
  * About us
  * Contact

# Luxembourg law firm. Tailor-made services.

We are a boutique Luxembourg law firm committed to delivering tailor-made tax
and legal services. A trust based relationship with our clients is our top
priority.

Areas of practice Management

### Areas of practice

##### Tax law

Our tax services include:

  * tax advice on mergers, acquisitions and internal reorganizations
  * initiation of activities and investing in or via Luxem...
---
Skip to content

# Hoogewerf & Co.

Family Offices & Project Advisory

Menu

  * About
    * Why Luxembourg
  * Services
    * Family Office Services
    * Corporate Services
    * Fund Services
    * Cuba / Malta Desk
  * Associates
  * News
  * Contact

## Family Office | Corporate | Fund | Cuba / Malta Services
About Us Our Services

##### Established 1970

## Hoogewerf & Co.

Family Offices & Project Advisory

### About The Company

Working in close harmony with lawyers, accountants, financi..."
4,183,4_diesel_bmw_véhicules_voiture,"diesel, bmw, véhicules, voiture, véhicule, jaguar, garage, auto, pneus, carburant","* Accueil
  * Occasions
  * Réparation de véhicule
  * Location de camionnette
  * Produits Aero
  * Remorques
  * Contact

Menu

  * Accueil
  * Occasions
  * Réparation de véhicule
  * Location de camionnette
  * Produits Aero
  * Remorques
  * Contact

##  MERCEDES C CABRIOLET 220 CDI 9G-TRONIC

MERCEDES - C CABRIOLET CDI

  * Cabriolet
  * diesel
  * 06/2019
  * 12900 km
  * 35900€

Voir l'annonce

##  PORSCHE MACAN S

PORSCHE - MACAN S

  * Berline
  * diesel
  * 10/12/2015
  * 87825 km
  *...
---
* Actualités
  * Vendez votre voiture
  * Contact

  * Nos occasions
  * Entretiens / Réparations
  * Nettoyage
  * Pneus
  * Immatriculation

# Voitures d'occasion au Luxembourg

# Entretiens Réparations pour toutes marque de voitures.

# Pneus - Des services et des conseils

# Nos dernières annonces

# Mercedes B 200 156CV

15 900 €

# BMW Z4 SDRIVE 30i LUXE

18 900 €

# Mazda 2 1.5 Skyactiv-G 90

8 900 €

# Skoda Octavia RS 2.0 TDI 184

13 600 €

Voir toutes les annonces

# Entretiens service...
---
* Home
  * Nos véhicules
  * Vendre ma voiture
  * Nos accessoires
  * Contact

  * Home
  * Nos véhicules
  * Vendre ma voiture
  * Nos accessoires
  * Contact

GMB DIFFUSION ACHAT ET VENTE  de véhicules d'occasion Toutes marques  Achat / vente de voitures d'occasion LUXEMBOURG | FRANCE | BELGIQUE 
## Nous parlons : français, portugais et anglais

Contactez-nous

#### BIENVENUE SUR LE SITE DE GMB DIFFUSION

Installé sur la zone des 3 cantons à Ehlange au Luxembourg nous vous proposons
un choix ..."
5,182,5_00_08 00_08_echangez,"00, 08 00, 08, echangez, echangez partagez, fr_fr dernière, produit, legales, partagez, presentation","Afin de fournir une fonctionnalité complète, ce site Web nécessite votre
consentement explicite pour stocker des cookies de navigateur. Si vous
n'autorisez pas les cookies, vous ne pourrez peut-être pas utiliser certaines
fonctionnalités du site Web, notamment les suivantes: contenu personnalisé,
changement de culture. Il est recommandé d'autoriser tous les cookies.

  * Accueil
  * Presentation
  * Produits & Services
  * Nos services 
    * Toiture 
    * Pergola - Auvent 
    * Abris exterieu...
---
Afin de fournir une fonctionnalité complète, ce site Web nécessite votre
consentement explicite pour stocker des cookies de navigateur. Si vous
n'autorisez pas les cookies, vous ne pourrez peut-être pas utiliser certaines
fonctionnalités du site Web, notamment les suivantes: contenu personnalisé,
changement de culture. Il est recommandé d'autoriser tous les cookies.

  * Accueil
  * Presentation
  * Produits & Services
  * Nos prestations
  * Contact

## Qui sommes-nous ?

Laboratoire de prothès...
---
Afin de fournir une fonctionnalité complète, ce site Web nécessite votre
consentement explicite pour stocker des cookies de navigateur. Si vous
n'autorisez pas les cookies, vous ne pourrez peut-être pas utiliser certaines
fonctionnalités du site Web, notamment les suivantes: contenu personnalisé,
changement de culture. Il est recommandé d'autoriser tous les cookies.

  * Accueil
  * Presentation
  * Produits & Services
  * Nos realisations 
  * Contact

## Qui sommes-nous ?

Entreprise d'aménage..."
6,127,6_cookies_tickets_naturstroum_acl,"cookies, tickets, naturstroum, acl, bio, services, unseren, 2020, erfahren, news","Akzeptieren Sie die Verwendung von Cookies, um ein besseres Erlebnis auf
unserer Website zu gewährleisten?

Erfahren sie mehr Verweigern Akzeptieren

  * de dropdown
    * fr
    * en

  * Home
  * OIKOPOLIS
  * Gruppe
  * Netzwerk
  * Zentrum
  * Chronik

  * Unsere Werte
    * Unternehmenskultur
    * Gemeinwohl
    * Nachhaltigkeit
  * Fair & associative
  * Agenda
  * News
  * Mediathek
  * FAQs
  * Kontakt

  * facebook

  * Home
  * OIKOPOLIS
  * Gruppe
  * Netzwerk
  * Zentrum
  * Chronik...
---
Akzeptieren Sie die Verwendung von Cookies, um ein besseres Erlebnis auf
unserer Website zu gewährleisten?

Erfahren sie mehr Verweigern Akzeptieren

  * de dropdown
    * fr
    * en

  * Home
  * Über uns
  * Produkte
  * Produzenten
  * Verkaufsstellen

  * Unsere Werte
    * Unternehmenskultur
    * Gemeinwohl
    * Nachhaltigkeit
  * Fair & associative
  * Agenda
  * News
  * Mediathek
  * FAQs
  * Kontakt

  * facebook

  * Home
  * Über uns
  * Produkte
  * Produzenten
  * Verkaufsstellen...
---
Akzeptieren Sie die Verwendung von Cookies, um ein besseres Erlebnis auf
unserer Website zu gewährleisten?

Erfahren sie mehr Verweigern Akzeptieren

  * de dropdown
    * fr
    * en

  * Home
  * Über uns
  * Menü
  * Konferenzraum
  * Bistros

  * Unsere Werte
    * Unternehmenskultur
    * Gemeinwohl
    * Nachhaltigkeit
  * Fair & associative
  * Agenda
  * News
  * Mediathek
  * FAQs
  * Kontakt

  * facebook

  * Home
  * Über uns
  * Menü
  * Konferenzraum
  * Bistros

  * Unsere Werte
 ..."
7,120,7_solutions_digital_marketing_read,"solutions, digital, marketing, read, business, services, read read, communication, support, entreprise","Skip to content

Our free online marketing toolbox|www.neontools.io

FacebookInstagramTikTokLinkedInYouTubeTwitterPinterest

  * agency
    * marketing
    * technology
    * consulting
    * training
    * jobs at neon
  * community
    * free resources
    * neontools.io
    * neon social club
    * newsletter
  * blog
  * contact

HOMEMichel Strotz2020-06-02T12:26:09+00:00

building brands  
through  
growth marketing,  
technology and  
consulting.  scroll down

## ""social media.  
blockchai...
---
## ELIAS

  *   *   * 

##  MENU

## 3 raisons de passer au numérique avec nous

+

En savoir plus

### Nos Services

##### Transformation Digitale

Au cours des dix dernières années, le commerce en ligne, les applications
mobiles et les réseaux sociaux ont intégré nos vies et nos habitudes.

Votre entreprise peut tirer parti de ces technologies pour gagner en
compétitivité (par ex. numériser les devis et les factures, automatiser la
gestion des stocks et des documents, vente en ligne…). Désorma...
---
﻿

  * my.rcube
  * Support
  * Contact

+352 31 71 32-1

  * Blog
  * Linkedin
  * Facebook

  * Partner
  * Rgroupe

Toggle navigation

  * Blog
  * Linkedin
  * Facebook

  * Home
  * Your needs
  * Our solutions
  * Our society
  * Jobs
  * 

  * ##  Communication & Collaboration 
Communicate across the world ...

En savoir plus

  * ##  Data 
Data : the heart of knowledge ...

En savoir plus

  * ##  Continuity 
Solutions for protecting your business ...

En savoir plus

  * ##  Hardware & ..."
8,111,8_crèche_enfant_enfants_img,"crèche, enfant, enfants, img, parents, foyer, activités, foyer jour, pédagogique, poussette","* Accueil
  * Bienvenue à tous
  * Projet pédagogique
  * Galeries Photos
  * Vidéo
  * Contact

  * 

  * 

bienvenue-a-tous

## Bienvenue à tous

La crèche « Butzebuerg » a ouvert ses portes en octobre 2011 à Differdange.
Elle accueille des enfants de toute culture, nationalité et classe sociale à
temps plein ou à mi-temps. La crèche prend en charge des enfants entre 2 mois
et 4 ans. Elle est aménagée dans une maison unifamiliale spacieuse et adapté
aux enfants, dans un quartier tranquille pas...
---
# Bienvenueà la crèche et aux foyers de jour Bei den Butzen

## Foyer de jour à Pétange

3 ans à 12 ans

Lundi - Vendredi

06h - 20h

Découvrir

## Foyer de jour à Oberkorn

3 ans à 12 ans

Lundi - Vendredi

06h - 20h

Découvrir

## Crèche à Oberkorn

2 mois à 4 ans

Lundi - Vendredi

06h - 20h

Découvrir

---PAGE BREAK---

# BienvenueNous vous souhaitons la bienvenue sur le site du foyer de jour Bei
den Butzen, situé à Pétange.

  * Accueil
  * +352 26 50 26 01
  * 2, avenue de la Gare à Pétang...
---
Facebook

#  Bienvenue à la crèche et au foyer de jour Coccinella

  * Accueil
  * Présentations
  * Valeurs
  * Pédagogie
  * Activités
  * Atouts
  * Contact

Retour à l’accueil

© Copyright 2017 Crèche Coccinella | Created by myAgency
## Notre crèche

La crèche Coccinella située à Esch-sur-Alzette accueille jusqu'à 57 enfants
âgés de 2 mois à 4 ans du lundi au vendredi de 5h30 à 18h30. Nous avons un
groupe de 22 bébés 2 mois à 24 mois et un groupe de 35 grands de 2 à 4 ans.

  * De 2 mois à 4..."
9,106,9_construction_rénovation_travaux_projet,"construction, rénovation, travaux, projet, renovation, solid, projets, architecture, 352, cookies","* Accueil
  * Presentation
  * Nos realisations 
    * Travaux de renovation 
    * Travaux de construction 
  * Contact

#  Notre métier c'est notre passion

AJ Rénovation, partenaire idéal pour vos travaux Travaux de façades, faux-
plafonds, plâtre et peintures.

## Qui sommes-nous ?

AJ Rénovation est une entreprise située à Dudelange. Spécialisée dans la
rénovation, nous pouvons vous aider pour tous vos travaux de façades, faux-
plafonds, plâtre et peintures. Forts de notre expérience, nous ...
---
* Accueil
  * Presentation
  * Nos realisations 
    * Construction 
    * Travaux d'interieurs
  * Contact

  *   *   * 

## Qui sommes-nous ?

Hamza-Bau est une société de construction et de rénovation située à Wiltz.Que
vous souhaitez construire ou rénover votre maison, Hamza-Bau est à votre
service pour vous aider à mener à bien vos projets d'aménagements intérieurs
et extérieurs.Nous effectuons tous types de travaux :-Gros œuvre-Toiture et
charpente-Rénovation-Chapes-Façades-Plafonnage-Menu...
---
* Accueil
  * Presentation
  * Nos services 
    * Amenagement exterieur 
    * Amenagement interieur 
    * Construction
  * Contact

Pavage

Travaux de maçonnerie

Plafond

Terrassement

  *   *   * 

## Qui sommes-nous ?

AZ CONCEPT HABITAT répond à vos besoins pour tous : \- vos travaux de
rénovation intérieure (plafond, faux-plafond, garde-corps,portes, fenêtres,
rénovation de pièces, isolation...) \- vos travaux de rénovation extérieure
(alentours, pavage, maçonnerie, façade, toiture....) ..."
10,106,10_concert_piano_tickets_2017,"concert, piano, tickets, 2017, musik, band, music, 2018, 2014, harmonie","Lidderfrënn Monnerech

  * Home
  * Historique
  * la chorale
    * comité
    * membres
  * Galerie
    * 2010
      * Academique
      * Europe
      * Advent
      * 1 Mai
    * 2011
      * Advent
      * Clôture 50 ans
      * CTF
      * Gala
    * 2012
      * 1 Mai
      * Advent Bergem
      * Advent Guedber
      * Fête de la Musique
      * Fréijor's Concert
      * Generalversammlung
    * 2013
      * 1 Mai
      * Fréijoer's Cocert
      * Generalversammlung
    * 2014
      * Adve...
---
DIVERTIMENTO

HOME FESTIVAL NEWS PRESENTATION AGENDA PHOTOS VIDEOS SPONSORS

##### NEWS

  
Festival 2021  
01/04/2020  
  
  

  

  

* * *  
Concert d'Hiver  
01/03/2020  
  
  

  

  

* * *  
Hierkefest  
09/02/2020  
  
  

  

  

* * *  
New CD: Amazing Melodies  
02/02/2020  
  
  

  

  

  

* * *  
Concert de Nouvel an  
25/01/2020  
  
  

  

  

  

* * *  
Concert de Nouvel an  
12/01/2020  
  
  

  

* * *  
Bonnes fêtes  
31/12/2019  
  
  

  

* * *  
Concerts de Noel  
21...
---
* Doheem
  * Agenda
  * Musek
  * Schülerband
  * Geschicht
  * Fotoën
  * Links
  * Sponsoren

Häerzlech wëllkomm op der Säit vun der Käler Musek.

Mer sin e jonken an dynamesche Veräin, deen ëmmer op der Sich ass no Museker,
déi schonn en Instrument spillen oder eent wëlle léieren.

Natiirlech sin och erwuesse Leit bei eis wëllkomm, déi op der Sich no enger
neier Erausfuerderung sin, an en Instrument wëlle léieren.

Dofir zéckt net a kommt eis besichen!

### Info

Kontakt

Secrétaire: Annick M..."
11,97,11_coiffure_salon_données_hair,"coiffure, salon, données, hair, données personnelles, personnelles, salon coiffure, cheveux, coupe, prestations","﻿

Logo

  * Accueil
  * Presentation
  * Nos prestations
  * Nos produits
  * Nos actualites 
  * Contact

  1. 1
  2. 2

## Votre salon de coiffure  
à Capellen

## Votre salon de  
coiffure à Capellen

## A propos

### Depuis 2004

Astride et son équipe de coiffeurs-visagistes vous accueillent à Capellen,  
​​​​​​​du mardi au samedi de 9h à 17h, avec ou sans rendez-vous.

En savoir plus

##                      Nos prestations

       Nous proposons des coupes tendances pour femmes, hommes et...
---
﻿

Logo

  * Accueil
  * Presentation
  * Nos prestations
  * Contact

  1. 1
  2. 2

## Bienvenue dans notre salon de coiffure à Diekirch !

Coiffure Dames | Hommes | Enfants  
  
Venez profiter d'un instant beauté rien que pour vous !  
  
Notre équipe professionnelle vous  
attend pour votre mise en beauté.  
  
Sur rendez-vous (sauf le jeudi).  
  
EN LIRE PLUS

## Découvrez nos prestations !

Coiffure Dames, Hommes & Enfants  
Maquillage de soirée | Epilations | Manucures   
  
Venez profit...
---
﻿

Logo

  * Accueil
  * Le salon
  * Nos prestations
    * Coiffure femme
    * Coiffure homme
    * Coiffure enfant
    * Coiffure soiree
    * Extension hairdreams
    * Manucure
    * Maquillage
  * Actualites
  * Contact

### Appelez-nous

+352 51 46 89

### Ecrivez-nous

info@karinebcoiffure.lu

### Horaires d'ouverture

mardi à jeudi : 8h30 - 12h / 14h - 18h  
vendredi : 8h - 12h / 13h - 18h30  
samedi : 8h - 17h

  1. 1
  2. 2

#### Nos services

## Découvrez nos prestations  
pour femme..."
12,95,12_réparations_352_luxembourg_eur,"réparations, 352, luxembourg, eur, gong, qi, contact, reparation, chassis, plomberie","67, Grand-Rue, L-8510 Redange, Luxembourg

Lun - Vend: 9h00 - 18h00

+352 26 62 17 88

info@ren-net.lu

  *   *   *   * 

67, Grand-Rue, L-8510 Redange, Luxembourg

Lun - Vend: 9h00 - 18h00

+352 26 62 17 88

  *   *   *   * 

Demander un devis

  * Accueil
  * À propos
  * Nos services
  * Faq
  * Blog
  * RECRUTEMENT
  * Témoignages
  * Contacts

#### Services de nettoyage professionnels!

## Si frais si propre...

### Avec 10 ans d'expérience

Estimation gratuite

#### Services de nettoyage p...
---
Au Luxembourg, réparations de smartphones, consoles, ordinateurs et
multimédia.

MENU

  * ACCUEIL
  * NOS SERVICES
    * Réparations smartphones
    * Réparations consoles de jeux
    * Réparations ordinateurs
    * Réparations Télévisions
  * NOTRE SOCIETE
  * CONTACTEZ-NOUS

#### Besoin d'aide ?

(+352) 26 31 39 36

#### Nos horaires

09h00 - 18h00 du lundi au vendredi

#### Contact

contact@rcmplay-reparation.lu

#### RÉPARATIONS

Toutes marques

#### UN TRAVAIL

garanti à 100%

#### UN INTE...
---
Au Luxembourg, réparations de smartphones, consoles, ordinateurs et
multimédia.

MENU

  * ACCUEIL
  * NOS SERVICES
    * Réparations smartphones
    * Réparations consoles de jeux
    * Réparations ordinateurs
    * Réparations Télévisions
  * NOTRE SOCIETE
  * CONTACTEZ-NOUS

#### Besoin d'aide ?

(+352) 26 31 39 36

#### Nos horaires

09h00 - 18h00 du lundi au vendredi

#### Contact

contact@rcmplay-reparation.lu

# Contactez-nous

### Besoin de plus d'informations ?

RCMPLAY-REPARATION - Lux..."
13,95,13_arbeitsbühnen_navigation_toggle_toggle navigation,"arbeitsbühnen, navigation, toggle, toggle navigation, liège, panier, kontakt, unternehmen, daten, questionnaire","*   *   *   * 

Toggle Navigation

  * Über uns
  * Unsere Dienstleistungen
    * Leistung 1
    * Leistung 2
    * Leistung 3
    * Leistung 4
  * Referenzen
  * Jobs
  * Kontakt
  * Impressum

##  Über uns

Über Dachdeckerei Kellersch - deutsch

Überall dieselbe alte Leier. Das Layout ist fertig, der Text lässt auf sich
warten. Damit das Layout nun nicht nackt im Raume steht und sich klein und
leer vorkommt, springe ich ein: der Blindtext. Genau zu diesem Zwecke
erschaffen, immer im Schatten m...
---
Go to content Go to navigation

menu

  * Private space 

  * FR
  * DE

  * Gabelstapler
  * Arbeitsbühnen
  * Industrieregale
  * Handtransportgeräte
  * Gebrauchtmaschinen

Open the search bar

  * Home
  * News
  * Fallstudien
  * Dokumentation
  * Gebrauchtmaschinen
  * Kontakt
  * Über uns

  * Gabelstapler
    * Container Handhabung
    * Gegengewichtsstapler
    * Hochhubwagen
    * Kommissionierstapler
    * Niederhubwagen
    * Schubmaststapler
    * Sonderlösungen
    * Teleskopstaple...
---
Toggle navigation

  * HAUSTÜREN
    * Pirnar's Welt
    * Wählen Sie Ihren Eingang
    * HAUSTÜREN MODELLE
  * FENSTER & FASSADE
    * FENSTER
    * Hebeschiebetüren
    * MINIMALFRAMES
  * SONNENSCHUTZ
    * ROLLADEN
    * RAFFSTOREN
    * TEXTILSCREENS
    * FENSTERLÄDEN
    * INNENJALOUSIEN
  * OUTDOOR
    * MARKISEN
    * PERGOLAMARKISEN
    * GLASDACHSYSTEME
    * PAVILLONS & LAMELLENDÄCHER
    * WINTERGARTENBESCHATTUNGEN
  * GARAGENTORE
    * SEKTIONALTORE
    * SCHWINGTORE
    * ROLLTORE..."
14,87,14_add_javascript_ajouter panier_panier,"add, javascript, ajouter panier, panier, ajouter, add compare, voir, compare, matelas, cart add","Votre navigateur ne supporte pas javascript !

close

# Tea n'Coffee Shop

Menu

Chercher

Rechercher

close searchRechercherclose

Panier0

Mon compte

Se connecter / S'inscrire Accueil

Thé keyboard_arrow_right

keyboard_arrow_leftThé

Voir tous

Vert

Noir

Vert Aromatisé

Noir Aromatisé

Blanc Nature & Parfumé

Jaune Nature & Parfumé

Oolong Nature & Parfumé

Sachets voile

Clipper Tea

Voir tous les Thé

Plantes & Infusions keyboard_arrow_right

keyboard_arrow_leftPlantes & Infusions

Voir ...
---
JavaScript seems to be disabled in your browser. For the best experience on
our site, be sure to turn on Javascript in your browser.

Skip to Content

Language

english

  * français
  * deutsch

  *   * Contact Us
  * Compare () 
  * Blog
  * Sign In 
  * Create an Account

Cart 0

Toggle Nav

Search

Search

Advanced Search

Search

(+352) 691 444 734

Menu

  * COVID-INFO
  * Home
  * Jewelry
    * Rings
    * Wedding bands
    * Earrings
    * Bracelets
    * Necklaces
    * Pearls
    * Pen...
---
JavaScript seems to be disabled in your browser. For the best experience on
our site, be sure to turn on Javascript in your browser.

Italian excellence at your door

Looking for the best of Italy’s flavours without having to fly back and forth?
Order with Gourmetto and we will deliver them to you.

Shop now

  * Shop
  * €0.00
  * Login
Log in

E-mail address

Password

Log in

Forgot Your Password?

Do not have an account yet?Sign up now

Change language

English

    * Français 
  * Menu
Menu..."
15,81,15_agrandir_carte_quantité_powered selfmadewebsite,"agrandir, carte, quantité, powered selfmadewebsite, selfmadewebsite, markeasy, 2020 markeasy, selfmadewebsite 2020, présentation, restaurant","Présentation  |  Galerie  |  Notre carte  |  Take away  |  Réservation  |  Contact

  * Présentation
  * Galerie
  * Notre carte
  * Take away
  * Réservation
  * Contact
  *  

# Specialites Chinoises & Thailandaises - Sushi

Powered by Selfmadewebsite (C)2020 Markeasy.lu

---PAGE BREAK---

Présentation  |  Galerie  |  Notre carte  |  Take away  |  Réservation  |  Contact

  * Présentation
  * Galerie
  * Notre carte
  * Take away
  * Réservation
  * Contact
  *  

### Présentation :

## Restau...
---
Présentation  |  Galerie  |  Notre carte  |  Réservation  |  Contact

  * Présentation
  * Galerie
  * Notre carte
  * Réservation
  * Contact
  *  

# Restaurant Asiatique

Powered by Selfmadewebsite (C)2020 Markeasy.lu

---PAGE BREAK---

Présentation  |  Galerie  |  Notre carte  |  Réservation  |  Contact

  * Présentation
  * Galerie
  * Notre carte
  * Réservation
  * Contact
  *  

## Notre restaurant en images

  

### Cadre Intérieur

  

Agrandir

Agrandir

Agrandir

Agrandir

Agrandir

...
---
Présentation  |  Galerie  |  Notre carte  |  Réservation  |  Contact

  * Présentation
  * Galerie
  * Notre carte
  * Réservation
  * Contact
  *  

## Notre restaurant en images

  

### Cadre Intérieur

  

Agrandir

Agrandir

Agrandir

Agrandir

  

### Côté papilles

  

Agrandir

Agrandir

Agrandir

Agrandir

Agrandir

Agrandir

Agrandir

Agrandir

Powered by Selfmadewebsite (C)2020 Markeasy.lu

---PAGE BREAK---

Présentation  |  Galerie  |  Notre carte  |  Réservation  |  Contact

  * Pré..."
16,81,16_investment_management_financial_services,"investment, management, financial, services, cssf, asset, funds, solutions, corporate, finance","Open Menu

  * Expertise
    * Banking and finance
    * Capital markets
    * Commercial, corporate and M&A
    * Dispute resolution
    * Employment
    * Immigration
    * Investment funds
    * Private equity
    * Real estate
    * Tax
  * People
  * About Us
  * News
  * Careers
  * Contact Us

  * Expertise
    * Banking and finance
    * Capital markets
    * Commercial, corporate and M&A
    * Dispute resolution
    * Employment
    * Immigration
    * Investment funds
    * Private equ...
---
* Bienvenue sur le site de Natixis Wealth Management - Luxembourg / Belgique.

International version

* qui sommes-nous ?
* notre approche
* nos expertises
* espace client
* carrières
* contacts & publications
  * qui sommes-nous ?
    * Notre organisation
    * Notre actionnariat
  * notre approche
  * nos expertises
    * L’Ingénierie juridique et fiscale 
    * La gestion d’actifs
    * Le financement
    * L’activité fonds d’investissement
    * L’accompagnement auprès de nos partenaires
   ...
---
Skip to main content

## Main navigation

  * About Us
  * Wealth Management
  * Asset Management
  * Our Funds
  * Contacts
  * News

  * en
  * it
  * fr

  * en
  * it
  * fr

## Main navigation

  * About Us
  * Wealth Management
  * Asset Management
  * Our Funds
  * Contacts
  * News

# Management Company and Asset Manager

Our purpose is to create value by providing ad hoc services which allows us to
offer investment solutions suitable for each of our customers.

Find More

The Company

M..."
17,79,17_chambres_m²_appartement_chambres chambres,"chambres, m², appartement, chambres chambres, 000, agence, ventes, vendre, location, surface","*   * Ventes
  * Location
  * Promotion
  * Références
  * Vendu
  * Contact

Vente - Location - Gestion

  * Immo St Martin 
Agence immobilière

  * Immo St Martin 
Agence immobilière

  * Immo St Martin 
Agence immobilière

## Recherche

Catégorie Appartements - Appartement

Choisir la localité Luxembourg    Luxembourg-Beggen    Luxembourg-Centre

Transaction Vente Location

Chambres 1 chambres 2 chambres 3 chambres 4 chambres 5 chambres 6 chambres

### IMMO SAINT MARTIN

Immo St Martin Sàrl (...
---
*   * Vente
  * Location
  * Financer
  * Contact

Agence immobilière

  * Français

  * Where dreams come home 
Agence immobilière IMMOBILIS

  * Where dreams come home 
Agence immobilière IMMOBILIS

  * Where dreams come home 
Agence immobilière IMMOBILIS

## Recherche

Catégorie Appartements - Appartement

Choisir la localité Luxembourg    Hostert    Luxembourg-Bonnevoie

Transaction Vente Location

Chambres 1 chambres 2 chambres 3 chambres 4 chambres 5 chambres 6 chambres

Bienvenue sur notr...
---
*   * Vente
  * Location
  * Neuf
  * Projets
  * Estimation
  * Financer
  * Contact

Agence immobilière

  *   *   * 

## Recherche

Catégorie Maisons - Maison mitoyenneAppartements - Appartement -
DuplexRésidences - Résidence en constructionLocaux commerciaux - Local
commercial

Choisir la localité Luxembourg    Bascharage    Bettembourg    Esch-sur-
Alzette    Luxembourg-Muhlenbach    Luxembourg-Weimerskirch    PétangeFrance
Longwy

Transaction Vente Location

Chambres 1 chambres 2 chambres ..."
18,76,18_000_000 000_traitement_données,"000, 000 000, traitement, données, traitement données, personnelles, données personnelles, finalités, cas, 250","* Accueil
  * Ventes
  * Locations
  * Neuf
  * Contact

RECHERCHE

    
Transaction

     achatlocation
    
neuf

Localité

     - \- Centre-ville Esch-sur-alzette Leudelange Luxembourg
Type de bien

     - Appartement Bureau Maison
Budget

     - 100 000 150 000 200 000 250 000 300 000 350 000 400 000 450 000 500 000 550 000 600 000 650 000 700 000 800 000 900 000 1 000 000 1 500 000 2 000 000 3 000 000 4 000 000 5 000 000
à

     - 100 000 150 000 200 000 250 000 300 000 350 000 400 000 450 ...
---
* Accueil
  * Ventes
  * Locations
  * Contact

RECHERCHE

    
Transaction

     achatlocation
    
neuf

Localité

     - Brignoles (83170) Launstroff (57480) Puttelange-lès-thionville (57570) \- Bonnevoie Beaufort Echternach Esch-sur-alzette Kehlen Lallange Luxembourg Niederkorn Steinheim Tetange
Type de bien

     - Appartement Immeuble de rapport Maison Terrain constructible
Budget

     - 100 000 150 000 200 000 250 000 300 000 350 000 400 000 450 000 500 000 550 000 600 000 650 000 700 00...
---
﻿

RECHERCHE

    
Transaction

     achatlocation
    
neuf

Localité

     - \- Centre-ville \- Hollerich \- Rollingergrund Dudelange Echternach Esch-sur-alzette Luxembourg Soleuvre
Type de bien

     - Appartement Bureau Fonds de Commerce Maison
Budget

     - 100 000 150 000 200 000 250 000 300 000 350 000 400 000 450 000 500 000 550 000 600 000 650 000 700 000 800 000 900 000 1 000 000 1 500 000 2 000 000 3 000 000 4 000 000 5 000 000
à

     - 100 000 150 000 200 000 250 000 300 000 350 00..."
19,74,19_regular price_shirts_drapeaux_regular,"regular price, shirts, drapeaux, regular, price, preis, cuisines, shirt, view, cuisine","Close menu

  * Home
  * Products
Expand submenu Collapse submenu

    * Furniture
    * Decoration
    * Lighting
    * Kitchen & Barware
    * Mirrors & Wall Art
    * Sold
  * Styles
Expand submenu Collapse submenu

    * Scandinavian Midcentury
    * Industrial Farmhouse
    * Cabinet of Curiosities
    * Bohemian
    * Retro
  * News
  * About us
  *   * Log In
  * Create Account
  * Search
  * About us
  * Terms & Conditions
  * Shipping & Delivery
  * Return Policy
  * Contact us

Your ca...
---
Skip to content

Search

  * Home 
  * Brands 
  * Shoes 
    * Adidas 
    * DC Shoes 
    * Emerica 
    * éS 
    * Etnies 
    * Huf 
    * Nike SB 
    * Vans 
  * Apparel 
    * T-Shirts 
    * Hoodies 
    * Zippers 
    * Fleeces 
    * Crewnecks 
    * Jacket 
    * Pants 
    * Shorts 
    * Socks 
  * Skateboard 
    * Skate Decks 
    * Old School Decks 
    * Trucks 
    * Wheels 
    * Bearings 
    * Griptapes 
    * Other 
    * Completes 
    * Cruiser/Longboard 
    * Protectio...
---
Skip to content

Search

  * Home 
  * Brands 
  * Men 
    * Footwear 
    * T-Shirts 
    * Hoodies 
    * Crewnecks 
    * Jackets 
    * Shirts 
    * Pants 
    * Shorts 
    * Socks 
    * Headwear 
  * Women 
    * Footwear 
    * T-Shirts 
    * Hoodies 
    * Crewnecks 
    * Jackets 
    * Tops 
    * Dress 
    * Pants 
    * Shorts 
    * Socks 
    * Headwear 
  * Accessories 
    * Backpacks 
    * Waist Bags 
    * Collectibles 
    * Others 
  * Gift Cards 
  * Sales 
  * Account..."
20,69,20_fc_senior_seniors_2019,"fc, senior, seniors, 2019, 2020, dames, kader, poussins, pupilles, clubee","#  FC Kielen

Login

  * Home 
  * Club 
    * Back
    * Historique 
    * Comité FC Kielen 
    * Stadion A. Berchem 
    * Supporterclub 
    * Wéi ginn ech Member? 
      * Back
      * Manifestatiounen 
    * Wopen Logo 
  * 1\. & 2\. Equipe 
    * Back
    * Kader 
    * Tabell 
    * Resultater 
    * Statistiken 
    * 2\. Equipe 
      * Back
      * \- 
  * Jugend 
    * Back
    * Infos, Traininger... 
    * U19 - Junioren 
    * U17 - Cadeten 
    * U15 - Scolaires 
    * U13 - Minim...
---
#  FC Schëffleng 95

Login

  * Home 
  * News 
  * Club 
    * Back
    * Comité 
    * Organigramme 
    * Abonnements 
    * Documents 
    * Histoire 
  * Equipes Seniors 
    * Back
    * Kader 
    * Matcher 
    * Tabell 
    * Statistiques 
    * paroles entraîneurs 
  * Jeunes 
    * Back
    * pack entraînement 
    * entraînements 
    * entraîneurs 
    * U19 
    * U17 
    * U15 
    * U15 2 
    * U13 
    * U13 2 
    * U11 
    * U11 2 
    * U9 2 
    * U9 1 
    * U7 
  * Cale...
---
#  Déckebierg huel se!

Login

  * Home 
  * Club 
    * Back
    * Aktivitéiten 
    * Comité 
    * Terrain 
    * Historique 
  * Seniors 
    * Back
    * Kader 
    * Seniors I 
    * Seniors II 
  * Jeunes 
    * Back
    * Conseils 
    * Categories 
  * Vétérans 
  * Sponsoren 
  * Multimedia 
    * Back
    * Galerie 
    * Videoen 
  * Neiegkeeten 
  * Kalenner 
  * Fanzone 
  * Kontakt 

2\. Divisioun 2. Bezierk - 2019/2020

#

Team

MP

W

D

L

G

GA

GD

Pts

1

FC Cebra 01

15

12..."
21,60,21_sushi_poulet_saumon_50,"sushi, poulet, saumon, 50, restaurant, scampis, thon, sauce, carte, 14","#

#  Jia Yuan

Toggle navigation

  * Accueil
  * Commande en ligne
  * Galerie
  * Contact
  * Carte de Menu
  * Plan
  * Connexion

#

#  Jia Yuan

  * Accueil
  * Commande en ligne
  * Galerie
  * Contact
  * Carte de Menu
  * Plan
  * Connexion

###  Restaurant Jia Yuan

Spécialité Sushi à Dudelange

###  Restaurant Jia Yuan

Menu à la carte ou à emporter

###  Restaurant Jia Yuan

Sushi Train à volonté

###  Restaurant Jia Yuan

Sushi varié

Previous Next

  1.   2.   3.   4. 

##  
## Bie...
---
* Accueil
  * Notre carte
  * Menus spéciaux
  * Galerie

#  Restaurant chinois

## Vallée du Panda

### BUFFET MONGOL

### SPECIALITE CHINOISE

### PLATS JAPONAIS

### Horaire

Ouvert tous les jours

de 11h00 à 14h30

et

18h00 à 23h30

Fermé le mardi midi

(00352) 56 22 56

(00352) 621 687 765

### Livraison

LIVRAISON GRATUITE A DOMICILE

(sauf Rumelange, Tetange, Kayl et Ottange, livraison à partir de 20€)

-10% SI ENLEVEMENT AU RESTAURANT
## Restaurant chinois Rumelange Vallée du Panda

Not...
---
Echternach au Grand Duché de Luxembourg

#  Restaurant chinois

## Fei Xiang

  * Accueil
  * Menu
  * Sushi à emporter
  * Sushi à la carte
  * Galerie

### Nouveauté

Le restaurant Fei Xiang vous propose

des sushis a la carte et a emporter

### Horaire

Ouvert tous les jours

de 11H30 a 14H30

et de 17H30 a 23H00

Ferme le lundi soir

+352 26720704

### Livraison

Livraison a domicile Gratuite

TOUS LES JOURS  

SAUF LUNDI  

(Rayon de 10km)

-10% de remises
Plat a emporter

Notre adresse :

..."
22,59,22_ea_lorem ipsum_ipsum_lorem,"ea, lorem ipsum, ipsum, lorem, novarte, texte, propos propos, propos, ut, info novarte","﻿

  * Accueil
  * A propos
  * Realisations
  * Contact

  1. 1

## Le spécialiste pour vos travaux de rénovation

CONTACTER-NOUS

## Nos services  

## A propos Bienvenue

Duo ne mutat mazim ullamcorper, quando percipitur instructior ea eum. His et
debet theophrastus, ea invenire laboramus cum. Meis signiferumque no nam, usu
utamur admodum repudiandae ea.

Voir plus

## NOS DERNIERES  
REALISATIONS

##

##### Ad pro qualisque contentiones, nam ea consul ceteros assueverit.

01 Jan 0001

Summar...
---
﻿

Logo

  * Accueil
  * A propos
  * Services
    * Façade
    * Façade
  * Realisations
  * Contact

  1. 1
  2. 2

## NOTRE SAVOIR-FAIRE Façade

Lorem ipsum dolor sit amet, cu aperiam fabellas deseruisse pro, cu aperiam
periculis explicari duo. Qui ad nullam oblique detracto, sumo viris munere eum
ut, wisi aeterno vivendo ex est.

## NOTRE SAVOIR-FAIRE Façade

Lorem ipsum dolor sit amet, cu aperiam fabellas deseruisse pro, cu aperiam
periculis explicari duo. Qui ad nullam oblique detracto, su...
---
﻿

Logo

  * Accueil
  * A propos
  * Services
  * Realisations
  * Contact

  1. 1

## Le spécialiste pour vos travaux de rénovation

CONTACTER-NOUS

## Nos services  

## A propos Bienvenue

Duo ne mutat mazim ullamcorper, quando percipitur instructior ea eum. His et
debet theophrastus, ea invenire laboramus cum. Meis signiferumque no nam, usu
utamur admodum repudiandae ea.

Voir plus

## NOS DERNIERES  
REALISATIONS

##

##### Ad pro qualisque contentiones, nam ea consul ceteros assueverit.

..."
23,58,23_immobilier_maison_vendre_appartement,"immobilier, maison, vendre, appartement, immo, agence, ventes, m², amp, vente","* Accueil
  * Je suis propriétaire
    * Je veux mettre mon bien en vente
    * Je veux mettre un bien en location
  * Je cherche un bien
    * Je veux acheter
    * Je veux louer
  * Services
  * Home Staging
  * News
  * Contact
  * MON ESTIMATION GRATUITE 

Je veux vendre mon bien

Mon estimation gratuite

#### NOUVELLES VISITES VIRTUELLES 3D

http://www.iksl.lu/wp-content/uploads/2017/11/Intro_new4.mp4

Par une nouvelle technologie révolutionnaire, les internautes vont
littéralement “voler” ...
---
#

#### Navigation principale

  * Accueil
  * Ventes
  * Locations
  * Neuf
  * Contact
  * Publiez votre annonce
  * Ma selection 0

  *   * ENSEMBLE realisons votre avenir. 
ENSEMBLE realisons votre avenir.

Previous Next

Toutes transactions immobilières

+352 621 31 75 60

  * Vente
  * Location
  * Neuf

  * Ventes
  * Locations
  * Neuf

Localité

Type de bien Type de bien Appartement Maison Bureau Entrepôt Immeuble de
rapport Maison de rapport

Chercher

### Faites confiance à un profess...
---
* Accueil
  * Ventes
  * Locations
  * Gérances
  * Assurance
  * Équipe
  * Contact

  * Accueil
  * Ventes
  * Locations
  * Gérances
  * Assurance
  * Équipe
  * Contact

  *   *   * 

Transaction VenteLocation

Type AppartementBureauCommercesEmplacement intérieurGarageMaisonMAISON DE
RAPPORTMaison jumeléeMaison mitoyenneNouvelle constructionTerrain

Chambre(s) 12345

À propos de nous  

Vous souhaitez acheter, vendre ou louer un bien immobilier?  
  
En choisissant notre agence, vous benefic..."
24,55,24_communal_commune_conseil communal_administration,"communal, commune, conseil communal, administration, pag, conseil, communale, mobilité, service, démarches","Menu

Toggle navigation

  * Administration 
    * Annuaire de l'administration 
    * Online Reider 
    * Organes politiques 
    * Bourgmestre 
    * Collège des bourgmestre et échevins 
    * Conseil communal 
    * Séances du conseil communal 
    * Commissions consultatives 
    * Syndicats intercommunaux et délégations 
    * Services communaux 
    * Secrétariat communal 
    * Bureau de la population / Etat civil 
    * Recette communale 
    * Service technique 
    * Enseignement fond...
---
Aller au contenu

Liens utiles

  * -REFONTE DU PAG-
  * Démarches administratives
    * Demande de certificat
    * Carte d'identité
    * Passeport biométrique
    * Autorisation de bâtir
  * Publications
    * Conseil communal
    * Règlements communaux
    * Martiaco – Mäerzeger Buet
    * Ecole fondamentale
    * Calendrier des Déchets
  * Aménagement communal
  * Réservation de salles
  * Agenda
  * Report-it
  * Reportages

  
  
Recherche rapide :  

Martiaco #01/2020 - De Mäerzeger Buet...
---
* Jobs 
  * Agenda 
  * Actualités 
  * Médiathèque 
  * Gemengenzeitung 
  * Politique de confidentialité 
  * Newsletter 
  * Contact 

  * Administration 
    * Heures d'ouvertures & adresse 
    * Population / État civil 
    * Secrétariat 
    * Recette 
    * Service technique ADMINISTRATION 
    * Service technique ATELIER 
    * Service forestier 
    * Centre incendie et secours 
  * Politique 
    * Bourgmestre 
    * Collège échevinal 
    * Conseil communal 
    * Séances du conseil ..."
25,54,25_buffadini_chauffage_stories_climatisation,"buffadini, chauffage, stories, climatisation, ventilation, images, jpg, eau, sanitaire, installations","# Résultats pour clim  
climatisation reversible daikin  
climatisation reversible  
climatisation reversible prix  
entretien clim reversible  
clim reversible daikin  
clim reversible  
climatiseur reversible  
chauffage clim reversible  
clim reversible mitsubishi  
prix clim reversible  
installation clim reversible  
clim  
Clim Concept.  
Clim Concept possède une solide expérience de 10 années dans les énergies
renouvelables, notre cur de métier. Clim Concept est aujourdhui connu et
reconn...
---
Vous êtes un PRO ? Cliquez ici !

  * Accueil
  * A propos
  * Nos activités
    * Installations sanitaires
      * Appareils sanitaires
      * Traitement de l’eau
      * Piscine
      * Pression de l’eau
      * Pompage des eaux
      * Récupération eaux pluviales
    * Energies renouvelables
      * Energie solaire
      * Pompe à chaleur
      * Géothermie
      * Chaudière à pellets
    * Salles de bains clé en mains
    * Rénovation clé en mains
    * Climatisation / Ventilation
      * C...
---
*   * Accueil
  * Nos services
    * Installation chauffage
      * Chauffage
      * Climatisation
    * Système énergie renouvelable
      * Ventilation
      * Récupération eaux de pluie
      * Chaudière à bois
      * Panneaux solaires
      * Pompe à chaleur
    * Installations sanitaires
      * Sanitaires
      * Anti-calcaire
    * Piscines & thermes
      * Piscines
      * Saunas
      * Jacuzzi
  * Enoprimes
  * À propos
  * Contact
  *   * 

# Boreiko installe votre système de chauf..."
26,53,26_coronavirus_covid_covid 19_19,"coronavirus, covid, covid 19, 19, compass, 285, doheem, chess, 2020, travail","* Startseite
  * Präsentation
  * Kontakt

#  News

## Contactez-nous

N'hésitez pas à nous contacter !

## COVID-19 : Arrêt de nos activités

19th Thursday, 2020  |  Non classé  |   Comments Off on COVID-19 : Arrêt de nos activités

Chers clients et collaborateurs,

Afin de freiner la propagation du coronavirus COVID-19 le gouvernement
luxembourgeois a pris plusieurs mesures très sévères concernant l’ensemble du
pays.

La santé de nos collaborateurs et partenaires est pour nous une priorité.
C’...
---
zum Inhalt Zur Navigation Test de dépistage Coronavirus SARS-CoV-2 (COVID-19)
- veuillez consulter les informations ci-dessous. SARS-CoV-2 Coronavirus
Screening Test (COVID-19) - please see information below. SARS-CoV-2
Coronavirus-Screening-Test (COVID-19) - siehe Informationen unten. Teste de
Rastreio de Coronavírus SARS-CoV-2 (COVID-19) - consulte as informações
abaixo.

Hauptmenü

#  Picken Doheem

  * Home
  * Einen Termin vereinbaren
  * Zentrum
  * Häufig gestellte Fragen
  * Mein Konto
 ...
---
Skip to content

  * Accueil
  * Nos services
  * Nos décideurs
  * Nous recrutons
  * Contactez-nous

Chargement…

  * # Votre expert-comptable au Luxembourg
## Schneider Linster Fiduciaire

réussissons ensemble

AccueilEdouard Schneider2020-06-12T07:46:23+01:00

## Coronavirus / COVID-19 : informations importantes - merci de lire  wichtige
Informationen - bitte lesen

### Avance remboursable pour les entreprises en général et les indépendants
(mise à jour 12/06/2020)

En savoir plus

### Nouve..."
27,48,27_data_données_personnelles_traitement,"data, données, personnelles, traitement, 000, données personnelles, whisky, personal data, personal, 000 000","﻿

  * Accueil
  * Ventes
  * Neuf
  * Locations
  * Contact

## Politique de confidentialité

La présente politique de confidentialité définit et vous informe de la manière
dont ELITE IMMO utilise et protège les informations que vous nous transmettez,
le cas échéant, lorsque vous utilisez le présent site accessible à partir de
l'URL suivante : http://www.elite-immo.lu/ (ci-après le « Site »).  
En utilisant notre site, vous acceptez notre Politique de confidentialité et
les Conditions d'utilisa...
---
7, avenue des Bains - L-5610 Mondorf-Les-Bains | Tél.: +352 26 54 31 48 | Email: contact@belardimmo.lu
Suivez-nous sur

            FR  |  EN  |  DE
  * Accueil
  * Ventes
  * Locations
  * Neufs
  * Equipe
  * Contact

## Politique de confidentialité

La présente politique de confidentialité définit et vous informe de la manière
dont Tempocasa Mondorf utilise et protège les informations que vous nous
transmettez, le cas échéant, lorsque vous utilisez le présent site accessible
à partir de l'URL...
---
9, Grand Rue - L-3926 Mondercange | Tél.: +352 26 51 09 34 +352 621 147 097 | Email: info@fidelimmo.lu
  * Accueil
  * Ventes
  * Locations
  * Neufs
  * Contact

## Politique de confidentialité

La présente politique de confidentialité définit et vous informe de la manière
dont FIDELIMMO utilise et protège les informations que vous nous transmettez,
le cas échéant, lorsque vous utilisez le présent site accessible à partir de
l'URL suivante : http://www.fidelimmo.lu (ci-après le « Site »).  
En ..."
28,48,28_abspielen_fauteuil_eis_platz,"abspielen, fauteuil, eis, platz, preis, joer, haus, kanner, fenster, kontakt","Tél. : +352 46 73 16

Sprache:

  *   *   * 
Français English Deutsch



ok Suche

 Anmelden

  * Empfang 
  * Unsere Geschichte und Werte 
  * Asiatische Deko-Objekte 
  * Chinesische Möbel 
  *   China. Kunst & Kultur 
    *   Traditionelles Chinesisches Handwerk 
    *   Philosophie & Religion in China 
    *   Chinesische Provinzen & Vielfalt 
    *   Die Han-, Sui-, Tang und Ming-Dynastien. Die Künste 
  *   Portfolio 
    * Asiatische-deko Ideen 
    * Unser Geschäft 
    * U...
---
A Schmatten  
40, rue de Canach  
L-5368 Schuttrange  
(+352) 35 59 44  
     (+352) 26 35 09 30
#

  * Startseit
  * Kontakt
    * Kontaktformular
    * Impressum
    * Datenschutz
  * Iwwert eis
    * Eise Betrieb
    * Ausbildung
    * D'Equipe
  * Fräizäitprogramm
    * Lämmecher
    * Jippelcher
    * Pony
    * Inten
    * Kanengescher
    * Wichtelcher
  * Kannergebuertsdag
  * Schoulbauernhaff
    * Fir Schoulklassen
    * Crèchen
    * Kommiounskanner
  * Festsall
  * Summervakanz 2020
...
---
News Links

LU DE FR

  * Nordliicht
  * Programm
  * Produktionen
  * Leistungen

## 4 Dierfer a Stied mat hire Buergen a Schlasser: Esch-Sauer

## 4 Dierfer a Stied mat hire Buergen a Schlasser: Clierf

## 4 Dierfer a Stied mat hire Buergen a Schlasser: Veianen

## 4 Dierfer a Stied mat hire Buergen a Schlasser: Woltz

## Neies am Musee rural zu Benzelt

Gemeinde [Interkommunal] [International] [National] Bauschleiden Beckerich
Bettendorf Bourscheid Clerf Colmar-Berg Diekirch Ell Ernztal Erpel..."
29,46,29_rolex_vintage_patek philippe_patek,"rolex, vintage, patek philippe, patek, philippe, art, brill, luxembourg, literie, vincent","Miwwel zu Lëtzebuerg. Mäi Choix!

  * fr
  * de
  * en

  * Accueil
  * Actualités
  * Concours
  * Annuaire des magasins
  * La FEDAM
  * Devenir membre
  * Contact

  * ## Actimum Luxembourg SARL - Kitchen store
### Strassen

204 Route d'Arlon  
L-8010 Strassen  
T. 26 11 98 50

  * ## Actimum Luxembourg SARL - Kitchen store
### Strassen

204 Route d'Arlon  
L-8010 Strassen  
T. 26 11 98 50

  * ## Actimum Luxembourg SARL - Kitchen store
### Strassen

204 Route d'Arlon  
L-8010 Strassen  
T. 2...
---
﻿

Logo

  * Accueil
  * Presentation
  * Nos services
  * Nos realisations 
  * Contact

## Plan du site

  
  

  1. Accueil
  2. Plan du site

  * Accueil
  * Presentation
  * Nos services
  * Nos realisations 
    * Installation de chauffages
    * Installation de sanitaires / salles de bains
    * Notre Showroom
  * Contact
  * Politique de protection des donnees personnelles
  * Mentions legales
  * Plan du site

Maintenance / Dépannage toutes  
marques de chaudières (24/24h  
et 7/7J)

No...
---
When I close my eyes I can still see him in front

of me: the master watchmaker who was my instructor.

His loupe, hands, and lab coat remain

vivid memories for me today. I spent my apprenticeship

years in his wonderful workshop

as a clock and watch repairer, learning how

to restore new and old masterpieces. Among

this magnificent blend of art and technology,

combining craftsmanship and intellect, I soon

developed the ambition to create such masterpieces

myself.

The Haldimann family tra..."
30,46,30_quick_viewadd_quick viewadd_00 quick,"quick, viewadd, quick viewadd, 00 quick, unavailable, mejs, password, 50 quick, sold, quick view","x

### Good to see you!

Email address *

Password *

Remember me

Log in

Lost your password?

Continue with Facebook

Continue with Google

Register with an email

x

### Register

Email address *

Password *

Your personal data will be used to support your experience throughout this
website, to manage access to your account, and for other purposes described in
our privacy policy.

Register

Sign in

0

View order Go to checkout Shop closed

0,00€

x

No products in cart.

### BISTRO LËNSTER  ...
---
x

### Good to see you!

Email address *

Password *

Remember me

Log in

Lost your password?

Continue with Facebook

Continue with Google

Register with an email

x

### Register

Email address *

Password *

Your personal data will be used to support your experience throughout this
website, to manage access to your account, and for other purposes described in
our privacy policy.

Register

Sign in

0

View order Go to checkout Shop closed

0,00€

x

No products in cart.

### WELCOME TO

####...
---
x

### Good to see you!

Email address *

Password *

Remember me

Log in

Lost your password?

Continue with Facebook

Continue with Google

Register with an email

x

### Register

Email address *

Password *

Your personal data will be used to support your experience throughout this
website, to manage access to your account, and for other purposes described in
our privacy policy.

Register

Sign in

0

View order Go to checkout Shop closed

0,00€

x

No products in cart.

### Your favorite fo..."
31,44,31_hits_2019 2020_2018 2019_2019,"hits, 2019 2020, 2018 2019, 2019, 2018, 2017, marke, club, modell, 2016 2017","Site officiel du FC JEUNESSE JUNGLINSTER

  * (current)
  * HOME (current)
  * SAISON (current)
  * AGENDA (current)
  * JEUNES (current)
  * PHOTOS (current)
  * DIVERS (current)
  * CONTACT (current)
  * MATCHBALL (current)

  * FR 
FR \- Francais DE \- Deutsch EN \- English LU \- Letzebuergesch

Up

#### Club22.7.2020

#### Nouveau partenariat : Vittoria Sport - Macron

Le 22 juillet 2020, la société Vittoria Sport, Official Dealer MACRON, et le
FC Jeunesse Junglinster ont signé un contrat de...
---
#

# FC Tricolore Gasperich

Skip navigation

  * Home
  * News
  * Matchcenter
  * Equipen
  * Jugend
  * Fotoen
  * Sponsoren
  * Links
  * Informationen
  * Kontakt

  Skip navigation Home  News  Matchcenter  – Aktuell Matcher  – Resultater &
Tabellen  – Planning Tricolore  Equipen  – Trainingsplang Terrain  – Senior 1
–– Senior 1 2020-2021  ––– Programm 1.Equip 2020/2021  ––– Mätcher Senior 1
2020/2021  ––– Daten Senior 1 2020/2021  –––– Nelson Monteiro 2020/2021  ––––
Teyshan Vincent 2020/2...
---
* Aischdall-Leefer - News
  * Äischdall-Trail
    * Einschreibungen / Inscriptions
    * Parcours et Profil 6/11/21km
    * Reglement Äischdall-Trail 
    * Remise des prix
    * Resultats/Ergebnisse 2016
    * Resultats/Ergebnisse 2017
    * Resultats/Ergebnisse 2018
    * Resultats/Ergebnisse 2019
  * Fotoen
    * Trail 2015
    * Trail 2016 Part I
    * Trail 2016 Part II
    * Trail 2016 Kannerlaaf
    * Trail 2017 Part I
    * Trail 2017 Part II
    * Trail 2017 Kids Run
    * Trail 2018
  ..."
32,43,32_yoga_fitness_training_cours,"yoga, fitness, training, cours, sport, fit, class, classes, trainer, cardio","MENU

  *   * schedule
  * stream classes
  * yoga styles
  * locations
  * teachers
  * center info
  * learning corner

Log In Create Account

  *   * schedule
  * stream classes
  * yoga styles
  * locations
  * teachers
  * center info
  * learning corner

Log In Create Account

# Yoga La Source

  * Welcome
  * New to yoga?

# A radiant life of happiness and peace

× Our summer term starts July 6th. You may start at any time. See schedule.
For streaming classes,  click here.

> It is with j...
---
Yoga Shala

  * Yoga
  * Reiki
  * Psych-K
  * Yoga Nidra
  * Contact

DeEn

Menu

  * Yoga
  * Reiki
  * Psych-K
  * Yoga Nidra
  * Contact
  * DeEn

Yoga

mental and physical exercises

Reiki

universal life energy

Psych-K

communication of consciousness

Yoga Nidra

coping with stress in everyday life

Yoga

mental and physical exercises

Reiki

universal life energy

Psych-K

communication of consciousness

Yoga Nidra

coping with stress in everyday life

##

### Schedule

Monday10\. 00 – 1...
---
* Accueil
  * Our services
  * Nos locaux
  * Présentation Fitness
  * Entreprises
  * grille de réservation
  * Tarifs
  * Payements cours
  * Shop
  * Blog
  * Formation personal trainer
  * Photos
  * Contact
  * More

# Taylor made Fitness service

# in our taylor made Gym

## Get ready to make a change

#### Personal training

Click here

#### Massages

Click here

#### Seniors

Click here

#### Events

Click here

#### Join our team / rent a room

Click here

#### Dance school

Click here
..."
33,41,33_architecture_architecte_urbanisme_architectes,"architecture, architecte, urbanisme, architectes, projets, construction, project, architektur, immeuble, 352","AU21 : architecture et urbanisme 21 - yvore schiltz et associes

  * nous lire
  * projets
  * nous contacter

  * immeubles administratifs
  * ⁄
  * immeubles commerciaux
  * ⁄
  * batiments d'utilite publique
  * ⁄
  * habitat collectif
  * ⁄
  * maisons individuelles
  * ⁄
  * renovation et transformation
  * ⁄
  * design interieur
  * ⁄
  * urbanisme

# nous lire

L'atelier architecture & urbanisme 21 worre et schiltz, fonde en 1970 par Theo
Worre au 21, avenue Monterey a Luxembourg, se lanc...
---
* Home
  * Nos projets
  * Notre équipe
  * Contact

  * Home
  * Nos projets
  * Notre équipe
  * Contact

  * Home
  * Nos projets
  * Notre équipe
  * Contact

#  Theisen Architectes

Constructions, Rénovations, Transformations  BUREAUX LUXEMBOURG  ENSEIGNEMENT
CONTERN  HALL DE SPORTS HARLANGE  COMPLEXE SPORTIF FRISANGE

## HISTORIQUE

Notre bureau a été fondé en 1988 par Jean Theisen ingénieur-architecte diplômé
de l’Université d’Innsbruck (Autriche). Jean Theisen a assuré la direction du
bu...
---
This website is still under construction.

Home

Architecture

Office

Mixed use

Residential

Renovation

Houses

Historical building

Urbanisme

Schéma directeur (SD)

PAP

Etude De Faisabilite

Urban planning

Other services

Brochure Vente

Cahier de charge

Cadaste vertical

Bordereaux

Visualisation 3D

Site Web Projects

Portfolio

About us

Contact us

T:  +352 2799 6784

E:  info@a-com.lu

Home

Architecture

Office

Mixed use

Residential

Renovation

Houses

Historical building

Urban..."
34,41,34_menu_verre_carte_restaurant,"menu, verre, carte, restaurant, semaine, menu semaine, panier, recettes, stock, commande","Brasserie

#  Mansfeld

##### Restaurant  & Lounge

Découvrez notre nouvelle carte

Brasserie

#  Mansfled

##### Restaurant  & Lounge

Découvrez notre nouvelle carte

  1.   2. 

  * A propos
  * Menu
    * Cette semaine
    * Carte
    * CARTE VIN
    * Carte bar
  * Galerie

BrasserieMansfeld

  * Contact
  * jobs
  * Events

# Cette semaine

  

Voir plus

  

  

Voir plus

  

  

Voir plus

  

Voir  

# Carte

  

Voir plus

  

  

Voir plus

  

  

Voir plus

  

Voir  

# Carte vin

...
---
* Accueil
  * Restaurant
  * Menu de la semaine
  * Traiteur
  * Contact
  * … 
    * Accueil
    * Restaurant
    * Menu de la semaine
    * Traiteur
    * Contact

Réservez une table

  * Accueil
  * Restaurant
  * Menu de la semaine
  * Traiteur
  * Contact
  * … 
    * Accueil
    * Restaurant
    * Menu de la semaine
    * Traiteur
    * Contact

Réservez une table

  * Accueil
  * Restaurant
  * Menu de la semaine
  * Traiteur
  * Contact
  *   * 

  *   * ## 
Bienvenue à L'Orée du Palmber...
---
* Votre restaurant est ouvert
  * Un peu d'histoire
  * Menu de la semaine
  * Carte
  * Nos menus
  * … 
    * Votre restaurant est ouvert
    * Un peu d'histoire
    * Menu de la semaine
    * Carte
    * Nos menus

Contact

  * Votre restaurant est ouvert
  * Un peu d'histoire
  * Menu de la semaine
  * Carte
  * Nos menus
  * … 
    * Votre restaurant est ouvert
    * Un peu d'histoire
    * Menu de la semaine
    * Carte
    * Nos menus

Contact

  * Votre restaurant est ouvert
  * Un peu d..."
35,40,35_dog_chien_dogs_animal,"dog, chien, dogs, animal, pet, animaux, chiens, chat, hund, false","DOGSTAYS SARL-S

  * Home
  * Book
  * How it Works
  * Dog Parent Reviews
  * Pricing
  * Become a Dog Sitter
  * FAQs
  * About Us
  * Gallery
  * Contact
  * More

  *   * 

# Hi! WELCOME TO

#  DogStays

At DogStays we help dog parents find the right dog sitter for their dogs.

If you are a dog parent and need someone to care for your dog, we will connect
you with a dog sitter especially suited to your dog's needs. Your dog will
enjoy personalized care and attention at home, instead of at a ...
---
* HOME
  * SALON & TEAM
  * LEISTUNGEN
  * WARUM HUNDEFRISEUR
  * NAHRUNG & ACCESSOIRES
  * GALERIE
  * KONTAKT
    * Impressum
    * Datenschutz
  *     *     *     * 

  * HOME
  * SALON & TEAM
  * LEISTUNGEN
  * WARUM HUNDEFRISEUR
  * NAHRUNG & ACCESSOIRES
  * GALERIE
  * KONTAKT
    * Impressum
    * Datenschutz
  *     *     *     * 

Copyright 2019 The Dog Company SARL - created and hosted by NETsite.lu SARL

Diese Website verwendet Cookies. Klicken Sie auf „Ich stimme zu“, um Cookies
zu a...
---
* HOME
  * SERVICES
  * ABOUT ME
  * PRICES
  * GALLERY
  * BOOK NOW
  * CONTACT ME
  * Blog
  * More

  *   *   * 

## A country retreat for all your

## dogs & cats' needs

### Services

## Providing your pet with a safe and fun experience

# DOG BOARDING & DAY CARE

Check your dog at Maison Dog, our homely country-style dog-stay. Your pups
will board in our home and be treated like our own dogs. They will sleep in
our doggie bedroom, have daily walks in the forest and enjoy nice play
sessions..."
36,40,36_camping_teilnehmer_kinder_campingplatz,"camping, teilnehmer, kinder, campingplatz, aktivitäten, clervaux, gäste, bistro, mi, vianden","MENU

  * Vacation 
#### YOUR VACATION STARTS HERE

Enjoy the beautiful landscapes that Luxemburg has to offer

Rentalobjects

Mobile Home Hiking Lodge Safari Tent

Camping Holiday

Pitch Pitch with private sanitary Pit-Stop Campervan

  * Activities 
#### There a lot of things to do at our campsite and in the area

Enjoy your vacation between the mountains

At the campsite Surroundings Animation

Hiking Fishing

  * Information 
Price list  Map Sanitary Facilities Shop Wifi Cancellation Fund

S...
---
Tel.: (+352) 83 90 04 l info@camping-bissen.lu

Hit enter to search or ESC to close

  * Home
  * Camping
    * .
    * Camping
      * Stellplätze
      * Wohnmobil
      * Jahresplätze
    * Austattung
      * Bistro
      * Shop
      * Restaurant
      * Wellness
      * Sanitär
    * Infos
      * News & Angebote
      * Events
      * Hunde
      * Plan
  * Unterkunft
    * Mietwohnung | 11 P.
    * Chalet | 6 P.
    * Wohnwagen | 4 P.
    * Lodge | 4 P.
    * Woodlodge | 4 P.
    * Pod | ...
---
MENU

  * Home
  * Accomodaties
    * Camping
    * Chalets
    * Tentverhuur
    * Appartement
    *   

  * Faciliteiten
    * Bistro Beau
    * Zwembad
    * Sanitair
    * Sport en spel
    *   

  * Informatie
    * Omgeving
    * Markten
    * Nieuws
    * Plattegrond
    * Recensies
    * Foto's
    * Camping Reglement
    * FAQ's
    *   

  * Reserveren
    * Tarieven
    * Aanbiedingen
    * Online boeken
    * Reserveringsvoorwaarden
    *   

  * Online boeken
  * Contact

  

  
  
..."
37,40,37_00_steinfort_cookies_30,"00, steinfort, cookies, 30, 18, 00 19, infos, 22 00, 19 00, adventure","* Accueil
  * Presentation
  * Notre carte
  * Contact

# Plan du site

  * Accueil
  * Presentation
  * Notre carte
    * Notre carte
  * Contact

## Liens

  * Notre page FACEBOOK

Echangez, partagez

  *   *   *   *  

fr_FR

##  Infos pratiques

  * ###  Pagnottella
  * #### 40-42, Rue de l'Industrie
#### 8069 Strassen (Stroossen)

#### Luxembourg

  * +352 28 79 55 53
  *   * 

##  Nos heures d'ouverture

lun. 09:00 - 19:00  
mar. 09:00 - 19:00  
mer. 09:00 - 19:00  
jeu. 09:00 - 19:00  
ve...
---
* Accueil
  * Presentation
  * Nos produits 
  * Contact

  *   *   * 

# Plan du site

  * Accueil
  * Presentation
  * Nos produits 
    * Nos produits 
  * Contact

> Plan du site
Infos pratiques

##  Nos heures d'ouverture

lun. 08:00 - 18:00  
mar. 08:00 - 18:00  
mer. 08:00 - 18:00  
jeu. 08:00 - 18:00  
ven. 08:00 - 18:00  
sam. 08:00 - 18:00  
dim. 09:00 - 12:00  
7j/7

##  Nous parlons

  * 

##  Infos pratiques

  * ###  Luxbelbois
  * #### 15, Clos du Berger
#### 9161 Ingeldorf (Angel...
---
* Accueil
  * Presentation
  * Nous proposons
  * Notre carte
  * Contact

  *   *   * 

# Plan du site

  * Accueil
  * Presentation
  * Nous proposons
  * Notre carte
    * Notre carte
  * Contact

> Plan du site
Infos pratiques

##  Nos heures d'ouverture

mar. 11:30 - 14:30 17:30 - 22:00  
mer. 11:30 - 14:30 17:30 - 22:00  
jeu. 11:30 - 14:30 17:30 - 22:00  
ven. 11:30 - 14:30 17:30 - 22:00  
sam. 10:00 - 14:00 18:00 - 22:00  
dim. 12:00 - 14:30 18:30 - 22:00  
##  Pour votre facilité

  * A..."
38,39,38_vins_wine_pinot_blanc,"vins, wine, pinot, blanc, vin, domaine, wines, rouge, 2018, crémant","* Our winery
  * International cellar
  * Wine tourism
  * Awards
  * Events and news
  * Contact details and finding us
  * •
  * Order online

•

  * fr

0

  *   *   * 

Find us on

Producing wines in harmony with nature, so that they always reflect the
characteristics of the terroir and the varietal.

  * LU-BIO-05
  *   * 

Discover our wines

  
## The wines from our terroirs

  * Wintrange Hommelsbierg
  * Wintrange Felsbierg
  * Schwebsange Kolteschbierg
  * Remerschen Hiischebierg
  * R...
---
* Accueil
  * Crémants
  * Vins
    * Vins Luxembourgeois
    * Vins Étrangers
  * Promotions
  * Dégustation
    * Dégustation avec repas
  * Actualité
  * Contact
  *     *     * 

   +352 76 93 93

Menu

  * Accueil
  * Crémants
  * Vins
    * Vins Luxembourgeois
    * Vins Étrangers
  * Promotions
  * Dégustation
    * Dégustation avec repas
  * Actualité
  * Contact
  *     *     * 

#### Catégories de produits

  * Crémants (5)
  * Promos (0)
  * Vins Étrangers (1)
  * Vins Luxembourgeois ...
---
### Main menu

Skip to primary content

Skip to secondary content

  * Accueil
  * Les vins
  * Les huiles d'olive
  * Dégustation & atelier vin
  * Idées cadeaux
  * Promotion
  * News
  * Contact

# Vitis Vinifera importateur et distributeur de vins francais, d’espagne, de
portugal et d’huiles d’olive Luxembourg

##

# Découvreur de Vins

# Accueil

  *   *   *   * 

#  Vitis, découvreur de vins

« Qualité/prix » : un concept ancré dans la tête du consommateur depuis de
nombreuses années. Cett..."
39,38,39_communale_communal_commune_administration communale,"communale, communal, commune, administration communale, administration, déchets, conseil communal, raider, population, 2020 00","#  Administration Communale de la commune de Biwer

JavaScript ne semble pas être activé dans votre navigateur. Veuillez l’activer
et réessayer.

  * Home
  * La commune se présente
  * La commune
    * Politique
      * Commissions consultatives
      * Le bourgmestre
      * Le collège échevinal
      * Le conseil communal
      * Séances du conseil communal
      * Syndicats intercommunaux
    * Administration
      * Bureau de la population
      * Etat civil
      * Recette communale
      ...
---
#  Administration Communale de Reisdorf

JavaScript ne semble pas être activé dans votre navigateur. Veuillez l’activer
et réessayer.

  * Administration
    * Vie politique
      * Le collège échevinal
      * Le conseil communal
      * Les commissions consultatives
      * Rapports des séances du conseil communal
    * Services administratifs
      * Bureau de la population
      * Secrétariat communal
      * Recette communale
      * Service technique
      * Atelier communal
      * Servic...
---
#  Administration Communale de Nommern

JavaScript ne semble pas être activé dans votre navigateur. Veuillez l’activer
et réessayer.

  * La Commune
    * Histoire
    * Les villages
      * Cruchten
      * Glabach
      * Nommern
      * Schrondweiler
    * La commune en chiffres
  * Politique
    * Politique
      * Le bourgmestre
      * Le collège échevinal
      * Le conseil communal
      * Les commissions consultatives
      * Syndicats intercommunaux et coopérations
  * Administration
 ..."
40,38,40_hotel_zimmer_restaurant_hôtel,"hotel, zimmer, restaurant, hôtel, wellness, buchen, chambres, hotel restaurant, chambres salle, moulin","* Buchungs 
  * Grand Hotel Cravat 
  * Zimmer
    * Junior suite 
    * Zimmer Executive 1 
    * Zimmer Executive 2 
    * Superior Zimmer 
    * Klassisch Zimmer 
  * Seminare & Konferenzen 
  * Bar & Restaurant
    * Bar ""Le Trianon"" 
    * Frühstücksraum ""Le Normandy"" 
    * Dean & David 
  * Kundenzufriedenheit 
  * Press Kit 
  * Kontakt 
  * 

  * fr
  * de
  * en
  * nl

de

  * fr
  * en
  * nl

  * Kundenzufriedenheit
  * Press Kit
  * Kontakt
  * 

  * fr
  * de
  * en
  * nl

de

  ...
---
*   *   *   * Gutschein verschenken
  * Preise & Reservierung

de

DE FR NL EN

  * Hotel
  * Restaurant
  * Wellness
  * Aktivitaten
  * News
  * Kontakt

Familienhotel in dritter Generation

Entdecken Sie unsere Zimmer

Restaurant ""La Table de Clervaux""

Entdecken Sie unser neues Restaurant

Entspannen Sie in unserem Wellnessbereich

Buchen Sie eine Entspannungsmassage

Events

Aktuelle Veranstaltungen

Hallenbad

Entdecken Sie unser Hallenbad

Clervaux

Buchen oder verschenken Sie jetzt ein u...
---
Zum Inhalt springen

T: (+352) 99 00 77|info@hotel-des-ardennes.lu

  * Kontakt & Anfahrt
  * Impressum
  * Datenschutzerklärung
  * Deutsch
    * Niederländisch
    * Französisch

Suche nach:

  * HOME
  * HOTEL
    * STANDARD-ZIMMER
    * COMFORT-ZIMMER
    * DELUXE-ZIMMER
    * WELLNESS
    * OLDTIMER
  * ARRANGEMENTS
  * BISTRO & RESTAURANT
    * MENÜ
    * KLEINE KARTE
    * GETRÄNKEKARTE
    * WEINKARTE
    * GRUPPENMENÜ & BUFFET
  * REGION & NATUR
    * ESCARPADENNE LEE TRAIL
  * BUCHUNG
..."
41,36,41_construction_ansehen_immobilie_réponse,"construction, ansehen, immobilie, réponse, rénovation, 26 95, 71, travaux, min, mai","* Présentation
  * Rénovation & Transformation
  * Construction
  * Coordination chantier et Sécurité
  * Contact

# Présentation

Bâti-fort est le spécialiste de la construction, rénovation, transformation et
de la coordination de chantier de tous vos projets immobiliers au Luxembourg.

  * Bâti-fort se positionne comme un réel partenaire de confiance pour tous vos projets immobiliers au Luxembourg avec un souci constant de qualité des prestations réalisées, des délais et des budgets fixés.

  ...
---
* B A T INVEST
    * Équipe
    * Actualités
    * Partenaires
  * Nos biens
  * Rénovation
  * Construction
  * Contact

Laissez-vous inspirer par nos biens neufs

Nos biens

Rénovez selon vos envies

Rénover

Gestion et location de biens immobiliers

Construction

Trouvez le bien de vos rêves

Nos biens

Des projets sur mesure

Nos biens

# Bienvenue chez BATInvest Promoteur constructeur au Luxembourg

Fondée en 1989, BATINVEST est une entreprise spécialisée dans la promotion et
les transactio...
---
Home & Office Building BELGIUM

DEFR

  * Home
  * Über uns
  * Leistungen
  * Neubauten
  * Verkauf
  * Vermietung
  * Kontakt

# Home & Office Building

Der Experte für Immobilien und Bauträgerschaft

Projekte ansehen

## Wir haben das Projekt, das zu Ihnen passt.

Setzen Sie auf unser technisches und administratives Know-How, sowie auf mehr
als 30 Jahre Erfahrung auf dem luxemburgischen Immobilienmarkt. Kontaktieren
Sie einen unserer begeisterten Experten und entdecken Sie kreative Projekte!
..."
42,36,42_zinguerie_böden_lavage_réparation,"zinguerie, böden, lavage, réparation, isolation, rideaux, couverture, travaux, couvertures, peinture","Aller au contenu principal

  * Accueil
  * Charpente et couverture
  * Bardage
  * Entretien de toitures
  * Réalisations
  * Contact

### Un escalier vers les combles

### Mise en place et assemblage d'une maison en bois.

### Isolation thermique

### Dalle lissée pour carrelage.

### Ouverture des murs

### Linteau à grande portée.

### Sas anti-poussière pour la réalisation de travaux de décoration.

### Rénovation de couverture

### Zinguerie et pose de frise

### Transformation de charpent...
---
* Accueil
  * Décoration de fenêtres
    * Rideaux & Tentures
    * Stores sur mesure
    * Panneaux Japonais
    * Tringles et accessoires de rideaux
    * Solutions entreprises & collectivités
  * Services & Produits
    * Atelier du Cuir
    * Restauration & Recouvrage de Sièges
    * Confection de literie et de parures de lit
    * Parures de tables et linge de maison
    * Collections de tissus
  * Lavage et Réparation
    * Réparation et lavage de toiles de tentes, auvents et bâches
    * ...
---
Présentation Le magasin  |  Couverture Couverture des toitures Réfection et traitement hydrofuge des couvertures Nettoyage Haute-Pression et Démoussage des Toitures  |  Zinguerie Réalisation de la Zinguerie Réfection de la Zinguerie Zinguerie sur mesure : pieds de cheminé, couverture en zinc, artistique ..  |  Charpentes Construction de Charpente Pose d'écran sous Toiture Traitement des Charpentes  |  Isolation Isolation des Combles Pose d'écran sous Toiture  |  Réalisations  |  Devis  |  Contac..."
43,35,43_massage_institut_beauté_soins,"massage, institut, beauté, soins, massages, min, visage, peau, details, institut beauté","##### Panier

  * Accueil
  * Services
    * Massages
    * Massages Abo
    * Thérapies spéciales
  * Team
  * Chèques Cadeau
  * Réservations
  * Contact
  *   * 

  * Accueil
  * Services
    * Massages
    * Massages Abo
    * Thérapies spéciales
  * Team
  * Chèques Cadeau
  * Réservations
  * Contact
  *   * 

###

## Bienvenue

Crée en 2015, De Masseur est devenu l'adresse incontournable pour vos massages
au Luxembourg

Notre concept principal est le massage sur mesure,

qui vous permet d...
---
﻿

Logo

  * Accueil
  * Presentation
  * Nos prestations
    * Epilations
    * Manucure
    * Pedicure
    * Teintures et rehaussement des cils
    * Soins du visage
    * Soins du corps
    * Massages
    * Maquillage
  * Nos actualites 

Salonkee

  1. 1

## Votre institut de beauté à Frisange

#### Offrez-vous une parenthèse enchantée  
en profitant de nos soins bien-être !

  
EN SAVOIR PLUS

## A propos

Venez profiter d'un moment de détente et de bien-être.  
Soins du visage & du corps, ...
---
L’Institut de beauté Alena et son équipe de professionnels reconnus, vous
proposeront toute une gamme innovante de prestations et de produits pour le
plaisir de vos sens.

##### INSTAGRAM

+352 27 39 75 00  
[email protected]

  *   *   * Réservations
  * Prestations
    * Bar À Ongles
    * Épilation
    * Épilation Définitive
    * Soins Réparateurs
    * Soins Visage & Corps
    * Cryolipolyse
    * Beauté du Regard
    * Massages
    * Maquillage
    * Bronzage
    * Blanchiment
    * Reiki
..."
44,34,44_herunterladen_interim_luxembourg_select,"herunterladen, interim, luxembourg, select, sports, membership, management, professional, business, formations","* About
    * Our Team
    * Advisory Board
    * Partners
  * Membership
    * Membership Benefits
    * Founder & Sustaining Members
    * Our Members
    * Members Corner
  * Events
  * News
    * Sponsorship
    * Bilateral Relations
    * Publications
    * Useful Links
  * Contact
    * FAQs
    * Mailing List
    * Jobs Board
    * Privacy Policy
  * 中卢商会

  * About
    * Our Team
    * Advisory Board
    * Partners
  * Membership
    * Membership Benefits
    * Founder & Sustaining Membe...
---
* Weekend MBA
#### Weekend MBA

This program is a 360-degree view on business for experienced professionals

    * Overview
    * Admissions
    * Curriculum
    * Students
    * Tuition and Financing
    * Double Degree
    * Check your profile
    * Apply
  * Executive Education
#### Executive Education

Business training for individuals and organizations

    * Overview
    * Open programs
    * Custom programs
    * Advanced Management Program
    * Emerging Leaders Program
    * Summer Scho...
---
Skip to main content

  *   *   *   * 

  * Login
  * Register

  * 

Other Countries

  * Asia
  * Australia
  * Belgium
  * France
  * Italy
  * LATAM
  * New Zealand
  * Poland
  * Portugal
  * Spain
  * Switzerland
  * Turkey
  * UK

français (Luxembourg)

  *   *   *   * 

  * Candidates
    * Job offers
    * Submit your resume
    * Types of contract
  * Companies
    * Permanent recruitment
    * Consulting
    * Temporary work
    * Co-sourcing 
    * Assessment
    * Testing
    * Trai..."
45,32,45_coaching_training_vie_leben,"coaching, training, vie, leben, hypnose, coach, life, consultance, stress, image","Skip to content

Skip to content

  * Accueil
  * Draw me a future
    * Life coaching
    * Coaching Talent
    * Image de soi
    * Mythe’Me
    * Coaching visuel
    * Pensée visuelle
    * Facilitation graphique
  * Vanina
  * Blog

  * Rechercher
    * Que recherchez-vous ?

## Vous êtes né pour innover et créer la vie que vous désirez.

`

  *   *   *   *   * 

`

Vous sentez-vous appelé à vivre une vie exaltante, audacieuse et créative ?
Voulez-vous contribuer à un environnement agile pou...
---
* TakeOff Coaching
  * Votre coach
  * Coaching individuel
    * A 16 ou 17ans
    * Un premier job
    * Durant la carrière
    * A la pension
  * Ressources Humaines
  * Patron de PME
  * Formations
  * Contact
  * Blog

  * TakeOff Coaching
  * Votre coach
  * Coaching individuel
    * A 16 ou 17ans
    * Un premier Job
    * Durant la carrière
    * A la pension
  * RH
  * Patron de PME
  * Formations
  * Contact
  * Blog

# Un coaching pour décoller vers une vie professionnelle harmonieuse,...
---
* Accueil
  * Découvrez Humental
  * Nos offres
    * Innovation Managériale
    * Coaching
      * Coaching en Entreprise
      * Coaching d'Affaires
      * Coaching d'Éloquence
      * Coaching en Image
    * Consultance
      * Risques PsychoSociaux
      * Qualité de Vie au Travail
      * Burn-out
  * Actualité

  * Accueil
  * Découvrez Humental
  * Nos offres
    * Innovation Managériale
    * Coaching
      * Coaching en Entreprise
      * Coaching d'Affaires
      * Coaching d'Éloquenc..."
46,32,46_données_données personnelles_personnelles_traitement,"données, données personnelles, personnelles, traitement, protection données, protection, zoom photo, politique protection, zoom, constructions","﻿

Logo

  * Accueil
  * A propos
  * Nos prestations
    * Terrassement
    * Renovations interieures
    * Amenagements Exterieurs
  * Realisations 
  * Contact

  1. 1

## Ermelux

Votre entreprise de construction à Lamadeleine  
  
EN SAVOIR PLUS

## Ermelux

Chez Ermelux SARL, nous nous occupons de tous vos travaux de terrassement,  
​​​​​​​de rénovations intérieures et d’aménagements extérieurs...

LIRE PLUS

## Terrassement

C'est l'opération fondatrice qui prépare les sols pour les futur...
---
﻿

Logo

  * Accueil
  * A propos
  * Nos services
  * Nos projets
  * Contact

  1. 1
  2. 2
  3. 3
  4. 4

## Bienvenue sur le site de Boomerang démolitions

## Bienvenue sur le site de Boomerang démolitions

## Bienvenue sur le site de Boomerang démolitions

## Bienvenue sur le site de Boomerang démolitions

## A propos

La sociéte Boomerang est spécialise dans les travaux de terrassement, de
démolitions, location de containers et la vente de terre végétale.

En savoir plus

## Vous avez des ...
---
﻿

Logo

  * Accueil
  * A propos
  * Nos prestations
    * Maison clefs en main
    * Renovations interieures
    * Amenagements exterieurs
    * Façades
  * Realisations
  * Contact

  1. 1

## Heldolux Construction

### Votre société pour tous travaux de  
rénovation & maison clé en main  

LIRE PLUS

## Un projet de construction ou de rénovation ?

  

contactez-nous

## Heldolux

Heldolux est une société qui vous aide à bâtir et à rénover la maison dont
vous avez toujours rêvé

en savoir pl..."
47,32,47_ovh_hébergement_dédié_domaine,"ovh, hébergement, dédié, domaine, solution, serveur, server, liberté, projets, espace client","# Félicitations !

Votre domaine veranda.lu a bien été créé chez OVH.

  

  

Accédez à votre Webmail OVH

Configurez votre domaine  
depuis votre Espace Client Web

Consultez la liste des  
questions fréquemment posées

  
  

  

Vous pouvez dès à présent lui associer un hébergement,  
en choisissant la solution la plus adaptée à vos besoins :

  

## Hébergement Web

Une solution économique  
pour héberger vos projets Web :  
site Internet, boutique en ligne,  
landing page...

  
  
En savo...
---
# Félicitations !

Votre domaine mb2elementer.lu a bien été créé chez OVH.

  

  

Accédez à votre Webmail OVH

Configurez votre domaine  
depuis votre Espace Client Web

Consultez la liste des  
questions fréquemment posées

  
  

  

Vous pouvez dès à présent lui associer un hébergement,  
en choisissant la solution la plus adaptée à vos besoins :

  

## Hébergement Web

Une solution économique  
pour héberger vos projets Web :  
site Internet, boutique en ligne,  
landing page...

  
  
En...
---
# Félicitations !

Votre domaine ryd.lu a bien été créé chez OVH.

  

  

Accédez à votre Webmail OVH

Configurez votre domaine  
depuis votre Espace Client Web

Consultez la liste des  
questions fréquemment posées

  
  

  

Vous pouvez dès à présent lui associer un hébergement,  
en choisissant la solution la plus adaptée à vos besoins :

  

## Hébergement Web

Une solution économique  
pour héberger vos projets Web :  
site Internet, boutique en ligne,  
landing page...

  
  
En savoir p..."
48,31,48_données_socks_retouche_boutique,"données, socks, retouche, boutique, mask, données personnelles, personnelles, robes, couture, 09 00","﻿

  *   * +352 26 53 28 12 
  * ernstdrogerie@web.de 

Logo

  * Accueil
  * A propos
  * Nos produits
    * Maquillage
    * Produits de soin
    * Produits pour bebes
    * Produits d'entretien
    * Articles de decoration
  * Cheques cadeaux
  * Actualites
  * Contact

  1. 1 Maquillage
  2. 2 Produits de soin
  3. 3 Produits pour bebes
  4. 4 Produits d'entretien
  5. 5 Articles de decoration

## Nos produits et services

### Maquillage

Lire plus

## Nos produits et services

### Produits ...
---
﻿

Logo

  * Accueil
  * Presentation
  * Nos tarifs
  * Creations
  * Service retouches
  * Boutique
  * Nos realisations
  * Contact

  1. 1
  2. 2

## Styliste - Couturière

#### Création de vêtements sur mesure

  
  
En savoir plus

## Styliste - Couturière

#### Retouches tous vêtements  
  
  
En savoir plus  

#### Bienvenue sur le site de

## Boutique & Retouche Parami

### Depuis 2017

#### Retouche Parami est un atelier de retouche couture mais également  
​​​​​​​de confection de prêt...
---
﻿

Logo

  * Accueil
  * A propos
  * Collections
  * Actualites
  * Contact

  1. 1
  2. 2

## Rinascimento

L'élégance sexy des créations italiennes se décline chez Rinascimento.  
Retrouvez nos collections de prêt à porter féminin dans notre boutique à
Esch/Alzette.  
  
En savoir plus

## Rinascimento

Le chic des créations italiennes !  
Elégance, Féminité & Vêtements haut de gamme  
  
En savoir plus

###  
Après la mise en place des mesures de préventions face au Covid-19,  
nous pouvons ..."
49,31,49_title title_title_lycée_scolaire,"title title, title, lycée, scolaire, élèves, classes, sepas, cours, activités, orientation","* Menu 
  * Sitemap

  * Menu 
  * Notre LycéeInfos & Législation
    * Centres de formation du LTPS
    * Nos Équipes
      * La Direction du LTPS
      * Le Personnel du Siège
      * Le Personnel du LTPS Mercator
      * Le Personnel du LTPS Bascharage
      * Le Personnel du LTPS Ettelbruck
      * Les Enseignants
      * Le comité de la conférence
      * Le Comité d'élèves
      * Le Comité des parents
      * Le Conseil d'éducation
      * Commission pour la formation de l’aide‐soignant
 ...
---
Autres liens

* Web Untis
* Office 365
* Fichier élèves
* Intranet
FR

Menu

  * Le lycée
    * Présentation
    * Administration
    * Conseil d'éducation
    * Comités
    * Règlement
      * ROI
      * Charte
      * Textes législatifs
    * Départements
  * Offre scolaire
    * Types d'enseignement
    * ES Classique
    * ES Général
    * Technicien
    * Professionnel
    * Pré-inscriptions 2020-2021
  * Encadrement
    * SePAS
      * Projets
    * SE
      * Projets
      * TREFF
    * ...
---
* Portes ouvertes Virtuelles
  * Modalités d'inscription
  * Modalitéite fir d'Aschreiwung
  * A propos
    * Bienvenue
    * Calendrier scolaire
    * Charte scolaire
    * Formulaires
    * Horaire
    * Inscriptions
    * Manuels scolaires
    * Offre scolaire
    * Portes ouvertes
    * Présentation
  * Communauté Scolaire
    * AALTMA
    * Classes
    * Comité de la conférence du lycée
    * Comité des élèves
    * Comité des parents
    * Conseil d'éducation
    * Direction
    * Enseigna..."
50,30,50_katalog_katalog katalog_links dateien_luxembourg zugang,"katalog, katalog katalog, links dateien, luxembourg zugang, dateien, 00, benutzerdefinierter inhalt, funktionalität gewährleisten, benutzerdefinierter, empfohlen cookies","Um vollständige Funktionalität zu gewährleisten, erfordert diese Website Ihre
ausdrückliche Zustimmung zur Speicherung von Browser-Cookies. Wenn Sie keine
Cookies zulassen, können Sie bestimmte Funktionen der Website möglicherweise
nicht verwenden, einschließlich der folgenden: Benutzerdefinierter Inhalt,
Kulturänderung. Es wird empfohlen, alle Cookies zuzulassen.

  * en 
  * fr 
  * de 
  * lu 

Echangez, partagez

  *   *   * 

  * Startseite
  * Prasentationsseite
  * Produkte & Dienstleistu...
---
Um vollständige Funktionalität zu gewährleisten, erfordert diese Website Ihre
ausdrückliche Zustimmung zur Speicherung von Browser-Cookies. Wenn Sie keine
Cookies zulassen, können Sie bestimmte Funktionen der Website möglicherweise
nicht verwenden, einschließlich der folgenden: Benutzerdefinierter Inhalt,
Kulturänderung. Es wird empfohlen, alle Cookies zuzulassen.

  * fr 
  * de 

  * Startseite
  * Prasentationsseite
  * Produkte & Dienstleistungen
  * Unser Katalog
  * Kontakt

> Prasentation...
---
Um vollständige Funktionalität zu gewährleisten, erfordert diese Website Ihre
ausdrückliche Zustimmung zur Speicherung von Browser-Cookies. Wenn Sie keine
Cookies zulassen, können Sie bestimmte Funktionen der Website möglicherweise
nicht verwenden, einschließlich der folgenden: Benutzerdefinierter Inhalt,
Kulturänderung. Es wird empfohlen, alle Cookies zuzulassen.

Echangez, partagez

  *   *   * 

  * Startseite
  * Prasentationsseite
  * Leistungen
  * Kompetenzen
  * Kontakt

Als Ihr Silikonp..."
51,28,51_tennis_club_field_mental,"tennis, club, field, mental, reservation, foot, sports, saison, ecole, 2019","#  Tennis Club Wiltz a.s.b.l.

Login

  * Accueil 
  * Actualités 
  * Le Club 
    * Back
    * Le Comité 
    * Les Infrastructures 
  * Ecole de Tennis 
    * Back
    * Tarifs Saison 19/20 
    * Programme 19/20 
  * Hall de Tennis 
    * Back
    * Saison Hiver 18/19 
  * Terrains extérieurs 
    * Back
    * Saison Ete 2020 
    * Tarifs Ete 2020 
  * Downloads 
  * Contact 

## Bienvenue au site officiel du TC Wiltz

Bienvenue au site officiel du club de tennis de Wiltz.  
  

Le site vou...
---
Tennis Club Steinfort

  * Home
  * Club
Son histoire Le comité Les infrastructures

La protection des données

Nous contacter

  * Abonnements
Les abonnements

Location du hall

  * École de tennis
École de tennis

Stages de tennis

  * Compétitions
Nos membres

Interclubs - calendrier Interclubs - programme Interclubs - Derniers résultats

Coupe FLT

Tournois nationaux Tournois internationaux

  * Partenaires
Programmes de sponsoring

Nos sponsors

  * Galerie de photos
  * Liens
  * Se connec...
---
Tennis Club Senningerberg

  * About us
    * Nos installations
    * Contacts
  * TENNIS SCHOOL
  * NEWS and EVENTS
  * Members Info
  * INTERCLUBS & FLT CUP
  * Court reservation
  * PHOTO GALLERY 
  * TOURNAMENTS
  * Brasserie Um Tennis
  * OUR SPONSORS

### Nombre de visites :  
#  BIENVENUE AU TENNIS CLUB SENNINGERBERG

Lors de sa fondation en 1971, le Tennis Club Senningerberg comptait 46
membres.

Aujourd'hui, plus de 450 personnes pratiquent regulierement leur sport favori
dans les insta..."
52,28,52_kinésithérapie_rééducation_cabinet_drainage,"kinésithérapie, rééducation, cabinet, drainage, 07 30, thérapie, ostéopathie, techniques, manuelle, 30 20","* Accueil
  * Presentation
  * En savoir plus
    * Notre equipe
    * Honoraires
    * FAQ
  * Techniques et traitements
    * Nos domaines de competences
    * Nos techniques de traitement
  * Contact

Bienvenue sur le site internet du cabinet de Kinésithérapie de Strassen
Retrouvez-y toutes les informations pratiques ou contactez votre
kinésithérapeute si besoin

Cabinet de Kinésithérapie Bour - Heinen Contactez le cabinet par téléphone ou
e-mail afin de fixer rendez-vous, au cabinet ou à dom...
---
* Accueil
  * Presentation
  * Traitements
  * Notre equipe
    * Pierre JEANGOUT
    * Guillaume FIRRE
  * Nos specialisations
  * Contact

Soins de kinésithérapie pour adultes et enfants de tous âges, pour sportifs et
sédentaires Retrouvez sur notre site internet toutes les informations
pratiques !

## Qui sommes-nous ?

Le cabinet de Kinésithérapie et Rééducation situéà Pétange propose entre
autres à ses patients des soins en kinésithérapie, nutrithérapie et des cours
de Pilates. Il comprend ...
---
Groupe de kinésithérapeutes

LEGROS

  * Accueil
  * Les techniques
    * Kinésithérapie du sport
    * Kiné Analytique selon Sohier
    * Microkinésithérapie
    * Rééducation du dos
    * Cancer du sein
    * Crochetage
    * Pilates
    * Drainage Lymphatique
    * Rééducation des déviations vert
    * Taping
    * Kinésithérapie vestibulaire
    * ATM
    * Gériatrie
  * Installations
  * Renseignements pratiques
  * Contact
  * … 
    * Accueil
    * Les techniques
      * Kinésithérapie du..."
53,27,53_08_00_editus_08 00,"08, 00, editus, 08 00, presentation, accueil presentation, legales, echangez partagez, echangez, partagez","Afin de fournir une fonctionnalité complète, ce site Web nécessite votre
consentement explicite pour stocker des cookies de navigateur. Si vous
n'autorisez pas les cookies, vous ne pourrez peut-être pas utiliser certaines
fonctionnalités du site Web, notamment les suivantes: contenu personnalisé,
changement de culture. Il est recommandé d'autoriser tous les cookies.

Echangez, partagez

  *   *   * 

  * Accueil
  * Presentation
  * Produits & Services
  * Contact

Dernière mise à jour : 15/02/2...
---
Afin de fournir une fonctionnalité complète, ce site Web nécessite votre
consentement explicite pour stocker des cookies de navigateur. Si vous
n'autorisez pas les cookies, vous ne pourrez peut-être pas utiliser certaines
fonctionnalités du site Web, notamment les suivantes: contenu personnalisé,
changement de culture. Il est recommandé d'autoriser tous les cookies.

Echangez, partagez

  *   *   * 

  * Accueil
  * Presentation
  * Produits & Services
  * Nos coiffures
  * Contact

Dernière mis...
---
Afin de fournir une fonctionnalité complète, ce site Web nécessite votre
consentement explicite pour stocker des cookies de navigateur. Si vous
n'autorisez pas les cookies, vous ne pourrez peut-être pas utiliser certaines
fonctionnalités du site Web, notamment les suivantes: contenu personnalisé,
changement de culture. Il est recommandé d'autoriser tous les cookies.

Echangez, partagez

  *   *   * 

  * Accueil
  * Presentation
  * Produits & Services
  * Soins capillaires
  * Contact

Dernière..."
54,26,54_dr_données_massage_pieds,"dr, données, massage, pieds, pédicure, soins, plantaire, corps, cabinet, praxis","﻿

Logo

  * Accueil
  * Le cabinet
  * Contact

  1. 1

## Pédicure Goldner Jean à Wiltz

####  
EN SAVOIR PLUS

## Pédicure Jean Goldner

### Depuis 1986

#####  

##### Soins de pédicure généraux

  

* * *
  

Vous avez besoin d'un traitement contre :

  * les ongles incarnés
  * les durillons
  * les pieds diabétiques
  * les verrues

​​​​​​​

  

Lire plus

## Besoin de plus d'informations ?  

CONTACTEZ-NOUS

Nos coordonnées

  * Pedicure Jean Goldner  
37 rue Michel Thilges  
L-9573 Wilt...
---
﻿

Logo

  * Accueil
  * Equipe et cabinet
  * La pedicure medicale
  * Nos soins
  * Contact

  1. 1
  2. 2

## Beauty Feet

2 professionnels à votre service et à votre écoute pour soulager vos pieds du
stress quotidien et des kilomètres qu'ils parcourent

## Beauty Feet

2 professionnels à votre service et à votre écoute pour soulager vos pieds du
stress quotidien et des kilomètres qu'ils parcourent

## Beauty Feet ? deux professionnels à votre écoute

Jessica et Emmanuel sont de formation aid...
---
﻿

Logo

  * Accueil
  * Presentation
  * Pedicure medicale
  * Massage
  * Manucure
  * Visite a domicile
  * Contact

  1. 1
  2. 2

## Happy Feet

Vous accueille sur rendez-vous, en semaine de 8h à 19h.  
Pour soigner vos pieds ou soulager votre corps, nous proposons divers soins,
dont la pédicure à Dudelange.  
  
En savoir plus

## Happy Feet

Visite à domicile, PédiParty, Pédicure Médicale, Massage, Manucure  
  
En savoir plus

## Présentation

### Depuis 2016

Pour soigner vos pieds ou s..."
55,25,55_peinture_créations_00 17_données,"peinture, créations, 00 17, données, decor, données personnelles, personnelles, style, garten, 17","﻿

Logo

  * Accueil
  * A propos
  * Nos prestations
  * Nos realisations
  * Contact

  1. 1
  2. 2

## Pinto Décors

Spécialisés dans la rénovation & la décoration d'habitats,  
vous pouvez nous confier vos travaux de  
peinture intérieure et extérieure.  
  
En savoir plus

## L'art de la peinture,

C'est l'art de la couleur, et celle-ci peut se décliner de  
mille façons différentes au gré de vos envies.  
  
Faites confiance à nos experts !  
  
En savoir plus

## A propos

### Depuis 2011...
---
﻿

Logo

  * Accueil
  * Presentation
  * Nos services
    * Peinture interieure
    * Revetement de sol
    * Plafond, plaquisterie, faux plafonds
    * Decoration d’interieur
    * Façade
    * Peinture decorative
    * Papiers peints
  * Nos realisations
  * Contact

  1. 1
  2. 2
  3. 3

## Découvrez nos services

Peinture intérieure, peinture décorative, façade, plafonds et faux plafonds,
papier peint, etc  
Faites appel à notre équipe de professionnels qualifiés pour vos besoins  
  
En sa...
---
﻿

  * Accueil
  * A propos
  * Nos services
    * Peinture interieure
    * Peinture exterieure
  * Actualites
  * Contact

  1. 1
  2. 2
  3. 3

## Renat' Sarl

### Votre partenaire de confiance en matière de décoraton d'intérieur

  
En savoir plus

## Renat' Sarl

### Un savoir-faire à vous proposer au travers de produits haut de gamme

  
En savoir plus

## Renat' Sarl

### Confiez-nous vos projets, nous serons là pour les réaliser

  
En savoir plus

Previous Next

## Redonnez vie à votre ..."
56,24,56_pharmacie_chl_sciences_jimdo,"pharmacie, chl, sciences, jimdo, 18 30, éditeur, politique, 30, belair, hamilius","Pharmacie de la Moselle | Geneviève Heinisch (Docteur en Pharmacie)
Öffnungszeiten : Mo-Fr 8.30 - 18.30 & Sa 8.30 - 12.30  
  Contact : +352 2671 4483

  * APOTHEKE
  * ANGEBOT
  * TEAM
  * NEWS
  * NOTDIENST
  * KONTAKT
  * 

  *   * Profitez de l’accès   
direct au Drive-in,  
même en voiture.

La Pharmacie de la Moselle

  * Accès facile par un   
grand parking gratuit  
face à l’entrée

La Pharmacie de la Moselle

  * Un coin enfants pour enfants   
pendant que maman  
se fait conseiller.

L...
---
﻿

Logo

  * Accueil
  * A propos
  * Infos pratiques
  * Nos produits
    * Parapharmacie
    * Orthopedie
  * Actualites 
  * Contact

### Appelez-nous

+352 29 75 95  
  

### Adresse e-mail

pharmhowald@pt.lu

### Nos heures d'ouverture

Du lundi au vendredi : 8h - 19h  
Samedi : 8h30 - 12h30

  1. 1

## Pharmacie de l'Eléphant  
Danièle Schummer

En savoir plus

## A propos

La pharmacie a été reprise par Mme Danièle Schummer le 1er octobre 2019.  
Elle dispose d’un grand stock de spécialit...
---
Please enable javascript for this page

pharmacie@ginkgo.lu

+352 22 21 74

Wednesday Open from :

08:30 \- 18:30

Log in

English

Nederlands

Français

Deutsch

English

Contact

About us

Send prescriptions

Advies & Actualiteit

Verstuur voorschriften

# Zoek op ziekte of klacht

## Welkom op onze website!

STEL JE VRAAG

### Pharmacie Ginkgo

Over onsStel een vraagContact

### Overzicht

Advies & Actualiteit

Voorschriften

### Account

Mijn accountHulp en advies aan consumentenHerroepingsr..."
57,24,57_m2_vendu_appartement_m²,"m2, vendu, appartement, m², duplex, zimmer, prix demande, verkaufen, vente, chambres","* Kaufen
  * Mieten
  * Bewertung
  * Kontakt

frende

    alle
    Wohnung
    Haus
    Commerce
Sortieren nach

    Stadt
    Preis
    m2
Verkauft

#  Bettembourg, Wohnung

490 000 €

108.92 m2  

2

Verkauft

#  Differdange, Reihenhaus

590 000 €

165 m2  
Grundstück: 4.5 Ar

4 2

Verkauft

#  Folschette, Einseitig angebautes Einfamilienhaus

667 000 €

195.76 m2  

4

#  Gosseldange, Wohnung

686 600 €

79.2 m2  

2 2

#  Gosseldange, Maisonnette

791 142 €

95.33 m2  
Terrasse: 13.94 m2  
...
---
* Le quartier
  * Localisation
  * Les logements
  * Actualités
  * Galerie
  * À propos
  * Contact

Liste de logements

Maison Appartement

Studio 1 chambre 2 chambres 3 chambres 4 chambres

0 à 150.000 € 150.000 à 300.000 € 300.000 à 450.000 € 450.000 à 600.000 €
+600.000 €

Disponible Réservé Vendu

Résidence Référence Chambres Étage Surface Terrasse/Balcon Jardin Prix Statut  
Résidence Référence Chambres Étage Surface Terrasse/Balcon Jardin Prix Statut  
Abrus 10_1_00-APT-001 1 0 58,85 m2 ...
---
info@immoperfect.lu

26 33 02 52

11, rue du Bois L-7322 Steinsel

Basculer la navigation

  * Accueil
  * Location
  * Vente
  * Contact

# Bienvenue

Appartement, Penthouse

Location

Loué

#### Lux-Cessange Appt. 3 ch.à c.

Bel Appartement/Penthouse, en excellent état, de +/- 105 m2 à 3 chambres à
coucher au dernier étage d [...]

Prix:

Sur Demande

105 m2

3

1

Appartement, Duplex

Vente

En vente

#### Lorentzweiler C-02

Future construction de 4 Maisons Bi-familiales. Chaque Maison dispo..."
58,23,58_appartement_m²_immobilier_property,"appartement, m², immobilier, property, surface, chambres, louer, 000, mois, immobilière","* Accueil
  * Nos ventes
  * Nos locations
  * Gestion locative
  * Syndic
  * Notre société
  * Nos services
  * Contact

# Découvrez l’ensemble de nos biens

D&D Immobilier est membre de la Chambre immobilière de Luxembourg  
  

LocationVenteType de biens

CentreSudEstRégion

Recherche

# Ventes

## Achetez avec D&D; Immobilier

Coup de coeur du mois

Appartement

## Tetange

396 350 €

  * 56 m²
  * 1
  * 1

  * TROP TARD VENDU 
    * 140 m²
    * 2
    * 2
    * 1
Appartement

## Howald

1 ...
---
# Van Maurits - Agence immobilière Luxembourg

  * Ventes
  * Locations
  * Neuf
  * Contact
  * 

## Pour une estimation de votre bien gratuite & sans engagement

Prendre un rendez-vous

## Une équipe de conseillers dynamiques à votre écoute

Maurits van Rijckevorsel

CEO

Jimmy de Brabant

Négociateur immobilier

Geoffrey Depré

Négociateur immobilier

Florian Apolinario

Négociateur immobilier

Juha Ahonen

Négociateur immobilier

Katia Gravière

Négociateur immobilier

Gaëtan Lupinacci

Négo...
---
# Bureau immobilier au Luxembourg et à l‘International

﻿     Fr   En

  * Accueil
  * Ventes
    *   * Locations
  * International
    *   * À propos
    * Le Luxembourg
    * Services
    * Qui sommes-nous ?
  * Nos réalisations
    * Vendus
    * Loués
  * Contact
  * Estimation

  *   * 

RECHERCHE

    
Transaction

     achatlocation
    
neuf

Localité

     - \- Bonnevoie \- Centre-ville Bereldange Luxembourg Nancy (54000)
Type de bien

     - Appartement Maison
Budget

     - 100 000 15..."
59,22,59_paix_sos_2010_fondation,"paix, sos, 2010, fondation, pont, projets, projekt, actualités, burkina, action","* Facebook

Contact: +352 621 750 159 / +352 621 182 458

  * Accueil
  * AAH asbl
    * Comité
    * Travail sur place
    * Historique d'AAH
    * Statuts
    * Financement
  * Parrainage
  * Projets
    * Ecole « Le Reformiste »
    * Formations - Bourse
    * Reboisement et Education à l'environnement
    * Odyssee 2016 – Camp scouts
  * Publications
  * Liens
  * Contact
  * Rechercher
  * Menu

# Archive pour la catégorie : République d'Haïti

Vous êtes ici : Accueil / République d'Haïti

...
---
Prochains événements

#  Comité pour une Paix Juste au Proche-Orient

Rechercher :

  * ACCUEIL
  * QUI SOMMES-NOUS
    * Notre vision
    * Notre mission
    * Nos valeurs
    * Notre charte
    * Nos statuts
    * Politique de confidentialité﻿
    * Nos partenaires
    * Rapports d’activité
  * NOTRE TRAVAIL
    * Projet de coopération
    * Conférences
    * Stands
    * Actions de rue
    * Expositions
    * Ciné-Club
    * Animations scolaires
    * Analyses
    * Communiqués de presse
    ...
---
﻿

  *   *   * 

  * Espace Presse

Search for:

Faire un don

# Iles de Paix

##

# Main menu

Skip to content

  * Sur le terrain
  * Qui sommes-nous ?
  * Ressources pédagogiques
  * Nous soutenir
  * Actualités
  * Contact

  * Zones d'action
    * L'ouganda
    * Le Bénin
    * Le Burkina Faso
    * Le Pérou
    * La Tanzanie
    * Zones Autonomes
  * Notre action
    * Alimentation
    * Infrastructures
    * Politique
  * Nos partenaires de terrain
    * Partenaires en Ouganda
    * Parte..."
60,22,60_lacoste_kaffi_warenkorb_mwst,"lacoste, kaffi, warenkorb, mwst, menge, homme, view, artikel, inkl, inkl mwst","Währung : EUR

  * Dinar 
  * Euro 

Deutsch

  * Français
  * Deutsch

  * Kontakt
  * Sitemap
  * 

Go

Warenkorb 0 Produkt Artikel 0

Keine Artikel

versandkostenfrei  Versand

0,00 € Gesamt

Warenkorb anzeigen

##  Artikel wurde in den Korb gelegt

Menge

Gesamt

##  Sie haben 0 Artikel in Ihrem Warenkorb.  Sie haben 1 Artikel in Ihrem
Warenkorb.

Alle Artikel: (inkl. MwSt.)

Summe Versandkosten (o. MwSt.)  versandkostenfrei

Gesamt (inkl. MwSt.)

Mit dem Einkauf fortfahren  Zur Kasse gehen
...
---
00352 48 16 60 399 | Kontaktieren Sie uns
Montag bis Freitag von 9.00 bis 18.30 Uhr und Samstag von 10.00 Uhr bis 06.00
Uhr

Allemand

  * English
  * Français
  * Allemand

Anmelden

Suche

Warenkorb 0 Artikel Artikel (Leer)

Keine Artikel

versandkostenfrei  Versand

0 € Gesamt

Warenkorb anzeigen

Produkt wurde in den Korb gelegt

Menge

Gesamt

Sie haben 0 Artikel in Ihrem Warenkorb.  Es gibt 1 Artikel in Ihrem Warenkorb.

Gesamt Artikel (inkl. MwSt.)

Gesamt Versandkosten (inkl. MwSt.)  ver...
---
Panier (0 Produit(s) - €0.00 )

Mon Compte Se connecter Créer un compte

  *     * Femme
      * Chaussures
        * Baskets
        * Bottines & Chukkas
        * Chaussures de sport
        * Chaussures en toile
      * Vêtements
        * Chemises & Hauts
        * Pantalons & shorts
        * Polos
        * Pullovers
        * Robes & jupes
        * Sweatshirts
        * T-Shirts
        * Vestes & blousons
    * Homme
      * Chaussures
        * Baskets
        * Bottines & Chukkas
    ..."
61,21,61_00_08 00_00 17_17 00,"00, 08 00, 00 17, 17 00, 00 12, infos pratiques, cookies, 12 00, pratiques, infos","* Accueil
  * Presentation
  * Nos prestations 
    * Conception - Realisation 
    * Entretien 
  * Galerie photos
    * Amenagement de jardins
    * Entretien
  * Contact

## Qui sommes-nous ?

L’entreprise Raphael Paysages vous accompagne au Grand-Duché de Luxembourg
afin de concevoir, réaliser et entretenir VOTRE jardin. Fort de son expérience
de plus de 15 ans dans le domaine du paysage Mr Camilletti est à votre
disposition pour vous rencontrer, recueillir vos souhaits et vous
conseiller.No...
---
* Accueil
  * Presentation
  * Produits & Services
  * Poste ouvert
  * Notre Catalogue
  * Contact

  *   *   * 

## Qui sommes-nous ?

Entreprise familiale indépendante forte de 35 années d'expérience, Kaufmann &
Biesen est un des leaders luxembourgeois dans le domaine de l'éclairage
public. Toujours à la pointe du temps, nous réunissons tradition et modernité
avec la qualité et le service que vous méritez.Notre siège est à Schandel où
nous fabriquons des candélabres d'éclairage public en acie...
---
* Accueil
  * Presentation
  * Produits & Services
  * Actualites
  * Nos prestations
  * Contact

  *   *   * 

## Qui sommes-nous ?

L'Entreprise TERNUS située dans le quartier de la Gare à Luxembourg est
spécialisée dans le domaine de la Toiture, la Ferblanterie et la Charpente.
Nous nous occupons de l'entretien et de la réparation de vos toitures. La
qualité de notre travail et notre savoir-faire artisanal proviennent de nos
nombreuses années d'expérience. Nous intervenons sur tout le Luxemb..."
62,21,62_angel_agrandir_selfmadewebsite 2020_2020 markeasy,"angel, agrandir, selfmadewebsite 2020, 2020 markeasy, selfmadewebsite, powered selfmadewebsite, markeasy, clement, optique, présentation","Accueil Qui sommes-nous ? Présentation Notre établissement Carte à emporter
Livre d'or Web Angel

Powered by Selfmadewebsite (C)2020 Markeasy.lu
---
Home Présentation Menu du jour Livre d'Or Notre Carte CONTACT Web Angel

www.gastronomie.lu

Powered by Selfmadewebsite (C)2020 Markeasy.lu

---PAGE BREAK---

Home Présentation Menu du jour Livre d'Or Notre Carte CONTACT Web Angel

### Présentation :

### Coordonnées :

  * Téléphone : +352 23 66 14 84
  * Contactez-nous
    *     * Votre message
    * Recopier le code de sécurité : 
    *     * Vous acceptez les conditions suivantes : Non, je refuseOui, j'accepte
Les informations recueillies su...
---
Home Présentation Inspiration Notre carte Plats du jour Carte à emporter
Newsletter Livre d'or Réservation Notre vidéo Contact Web Angel

Powered by Selfmadewebsite (C)2020 Markeasy.lu

---PAGE BREAK---

Home Présentation Inspiration Notre carte Plats du jour Carte à emporter
Newsletter Livre d'or Réservation Notre vidéo Contact Web Angel

### Présentation :

Le Quadro Delizioso, situe a Gasperich vous souhaite la bienvenue, et vous
invite a venir decouvrir ses specialites italiennes,  
et les s..."
63,20,63_optique_lentilles_verres_cils,"optique, lentilles, verres, cils, laser, lunettes, lentilles contact, vision, soins, vue","* Accueil
  * Services
  * Actualités
  * Présentation
  * Marques
  * Contact
  * FR

  * Accueil
  * Services
  * Actualités
  * Présentation
  * Marques
  * Contact
  * FR

ETTELBRÜCK INGELDORF

Depuis les années 1960, Optique Hoss offre à sa clientèle un service
professionnel de qualité en ce qui concerne la correction de la vue.

Présentation

Profitez vous aussi,  
de tous vos sens.

Notre équipe dispose de plusieurs années d’expérience dans la branche. Nous
sommes heureux de vous conseill...
---
* ACCUEIL
  * NOS SERVICES
  * NOS MARQUES
  * NOS PRODUITS
    * NOS TYPES DE VERRES
    * NOS LENTILLES DE CONTACT
    * NOTRE DÉPARTEMENT OAKLEY
    * NOTRE DÉPARTEMENT ENERGETIX
  * NOS OFFRES
  * CONTACT
  *   *   *     * 

Sélectionner une page

### opticiens PROFESSIONNELS à Bereldange

# Votre opticien expert

# au Luxembourg

Une équipe experimentée et dynamique, notre équipe vous offre les meilleurs
services d'optique et d'optométrie

FIXER UN RDV

#### téléPhone & Fax

Tel : 26 33 42 ...
---
* Verres
  * Lunettes de vue
  * Lunettes de soleil
  * Lentilles de contact
  * Contact

Select Page

x

# Optique Schaefers  
Votre spécialiste à Mersch

# Bienvenue !

Un examen de vue précis, des verres de qualité et un choix varié de montures.
Plus de raison pour ne pas voir clair !

Dermander des infos

# OPTIQUE SCHAEFERS

## Présentation de l'Optique

Toujours à l’affût des dernières tendances et technologies, Optique Schaefers
vous propose une offre globale qui répond à tous vos critère..."
64,20,64_electricité_alarmes_électricité_installation,"electricité, alarmes, électricité, installation, frisch, domotique, alarme, électriques, électrique, dépannage","* Accueil
  * Electricité
    * Electricité Générale
    * Electricité Tertiaire
    * Electricité Secourue
    * Domotique
  * Réseau Informatique
  * Système d'Alarme
  * Vidéo Surveillance
  * Boutique
  * Contactez nous

### Produits vedettes

Centrale powermax comp...

POWERMAX COMPLETE...

Vibration Speaker 1

Lecteur Micro SD,...

  * Centrale powermax comp...
  * Vibration Speaker 1
  * 

### Connexion

Identifiant

Mot de passe

Se souvenir de moi

  * Mot de passe oublié ?
  * Identifi...
---
﻿

Logo

  * Accueil
  * A propos
  * Nos prestations
    * Electricite Generale
    * Alarmes
    * Depannage electrique
    * Domotique
    * Eclairage
  * Realisations
  * Contact

### appelez-nous  

+352 26 11 95 46

### adresse email  

info@rd-electricite.lu  

### appelez-nous  

+352 621 725 549

  1. 1
  2. 2

## R-D Electricité

### Nous vous proposons tous types de services liés au domaine de
l'électricité générale.

LIRE PLUS

## R-D Electricité

### Découvrez nos différentes presta...
---
* Accueil
  * Électricité
  * Électroménager
  * Automatisation
  * Contact

# Le meilleur prestataire des solutions en électricité générale et magasin de
vente d'électroménagers

Attendez-vous à une qualité indéniable grâce une expertise hors de pair dans
l'installation, la réparation et le dépannage des dispositifs électriques et
électroménagers !

Demander un devis

# Le meilleur prestataire des solutions en électricité générale et magasin de
vente d'électroménagers

Nous appelerDemander un d..."
65,19,65_nettoyage_cleaning_vitres_lavage,"nettoyage, cleaning, vitres, lavage, entretien, espaces verts, verts, services, désinfection, espaces","Bienvenue

Présentation

Nos Services

Contactez-Nous

# best clean services sàrl

## Nettoyage & Désinfections de Bâtiments

Une structure efficace, un personnel flexible et compétent ont permis à Best
Clean Services de se spécialiser dans le domaine de nettoyage et d’entretien
de bâtiments.

Vous êtes une entreprise, un particulier, société de gérance, administration
Best Clean Services est à votre service pour répondre à vos attentes avec une
équipe de professionnels.

Une demande, une questi...
---
Accueil  |  Nos services Nettoyage professionnel Désinfection Lavage de vitres Remise en état Consommables et équipements d’hygiène Entretien des extérieurs Espaces verts Gestion des déchets Service hivernal Facility services  |  Nos valeurs Professionnalisme Expertise Réactivité et Flexibilité Relation client  |  Nos réalisations Nettoyage professionnel Désinfection Remise en état Entretien des extérieurs Gestion des déchets Espaces verts  |  Demande de devis  |  Nos partenaires  |  Actualités ...
---
* Accueil
  * A propos
  * Services
  * Contact

Select Page

# XLCleaning Services

vous propose un large éventail de prestations pour assurer hygiène et propreté
de vos locaux.

Services



###### Nettoyage Residential



###### Nettoyage Commercial



###### prise de Rendez-vous

Z

###### intervention unique



###### nettoyage régulier



###### nettoyage et entretien de vitres

## Service de nettoyage complet

Entretien ménager, nettoyage de bureaux et partie communes, nettoyage de
vi..."
66,19,66_mini_aufnehmen_version_stand,"mini, aufnehmen, version, stand, browser, recommend, 2016, update, champions, 2018","Your browser version is outdated. We recommend that you update your browser to
the latest version.

  * > Accueil
  * > Comité
  * > Agenda Manifestations
  * > Hobby Salon 2020
  * > Sentiers nature
  * > CityApp
  * > Pistes Cyclables
  * > Photos/Vidéos
  * > Liens
  * > Contact

S.I.C.N.

SYNDICAT D'INITIATIVE DE LA COMMUNE DE NIEDERANVEN

145 Route de Treves L-6940 NIEDERANVEN      *     (+352) 26 34 07 42      *
info@sicn.lu

  
  
  * > Accueil
  * > Comité
  * > Agenda Manifestations
  *...
---
Your browser version is outdated. We recommend that you update your browser to
the latest version.

  * > Accueil
    * > La STH
    * > Historique
    * > Les Statuts de la STH
    * > Le comité de la STH
    * > Ecole de Tir
  * > Infrastructure
    * > Stand 10m
    * > Stand 25m
    * > Stand 50m
    * > Stand 100m
    * > Stand 200m
  * > Evénements
  * > Résultats
    * > Champions par équipes 2018-2019
    * > Champions individuels 2018-2019
  * > Gallerie Photo
    * > Photos 2019
    * ...
---
arrow-circle-leftarrow-circle-rightarrow-downarrow-leftarrow-rightarrow-
upcalendarcarcheckmarkclockcommentcomment-slashcomment-
solidcrossdatepickerdotsemailerrorfile-
pdffilterinfokeymenuplussearchsettingstaskstireuserwarehousewarningicon-cross-
circlecalendar-daysYou need to enable JavaScript to run this app.

---PAGE BREAK---

Your browser is not up to date and may not be compatible with our website.

Please switch to a different browser e.g. Google Chrome or Mozilla Firefox.

Please follow ..."
67,19,67_dns_domain_hosting_44,"dns, domain, hosting, 44, zone, server, 42, vo, ip, servers","# Web Server's Default Page

* * *
## If you see this page it means:

  1. the DNS zone for this domain is has not been configured yet or
  2. hosting for this domain is not configured or
  3. no content has been uploaded yet or 
  4. this domain might be available for sale

## You can do the following:

  1. Log into your account at DNS-Stock to manage the DNS zone
  2. Order your hosting and upload contents

* * *
## Hosted by Visual Online S.A.

  * B.P. 2534
  * L-1025 Luxembourg
  * Télépho...
---
# Web Server's Default Page

* * *
## If you see this page it means:

  1. the DNS zone for this domain is has not been configured yet or
  2. hosting for this domain is not configured or
  3. no content has been uploaded yet or 
  4. this domain might be available for sale

## You can do the following:

  1. Log into your account at DNS-Stock to manage the DNS zone
  2. Order your hosting and upload contents

* * *
## Hosted by Visual Online S.A.

  * B.P. 2534
  * L-1025 Luxembourg
  * Télépho...
---
# Web Server's Default Page

* * *
## If you see this page it means:

  1. the DNS zone for this domain is has not been configured yet or
  2. hosting for this domain is not configured or
  3. no content has been uploaded yet or 
  4. this domain might be available for sale

## You can do the following:

  1. Log into your account at DNS-Stock to manage the DNS zone
  2. Order your hosting and upload contents

* * *
## Hosted by Visual Online S.A.

  * B.P. 2534
  * L-1025 Luxembourg
  * Télépho..."
68,19,68_25_club_clubs_lions,"25, club, clubs, lions, fédération, gym, resultats, fédération luxembourgeoise, volley, luxembourgeoise","* Le Club 
  * Actualités Coureurs 
  * Vëlosschoul fir Kanner 
  * Membres du Club 
  * Photos 
  * Contact 

LP Muhlenbach Luxembourg Vous nous retrouvez également sur Facebook  
##  Un des plus anciens clubs de vélo du Grand Duché de Luxembourg

Fondé le 5 Juillet 1905  
  
Vélo route, VTT, Cyclocross, rejoignez nous donc !  
  
Contactez nous par mail sur le site ou téléphonez à  
Mme. Mara SCHWAGER(Présidente): +352 621 351 496  
M. Henry JUNCK (Secrétaire): + 352 691 805 787

Nouveau Calen...
---
* Nouvelles
    * Photos
    * Calendrier
    * Archive
  * Entrainement
    * Adultes
    * Ecole de Natation
    * Triathlon Kids
  * Club
    * Histoire
    * Comité
    * Contact
  * Liens

### Le Trispeed a ses origines au-dela de la frontiere luxembourgeoise.

### Un petit nombre d´etudiants ont fonde le Trispeed a Liege en Belgique le 5
Mars 1993. Le club a ensuite ete enregistre au Luxembourg le 18 Mars ´93 et
s´est affilie a la FLA le 11 Novembre de cette meme annee.

### Le club ne com...
---
###  Fédération Luxembourgeoise de Volleyball

3, route d'Arlon  •  L-8009 Strassen • Luxembourg

Tel: +352 - 48 41 86  •  Fax: +352 48 41 81

Web: http://www.flvb.lu •  Email: mail@flvb.lu

Fédération Luxembourgeoise de Volleyball

  * Recherche
  * Plan du site
  * Mailing List
  * Contact 

Toggle navigation

Menu

  * HOME
  *   * FLVB
    *     * NEWS
    * A PROPOS
    * CLUBS
    * ARBITRES
    * HALLS
    *   *   * EQUIPES NATIONALES
    *     * NEWS
    * COMPETITIONS
    *   *   * INDO..."
69,19,69_easyprotect_assurance_lalux_assurances,"easyprotect, assurance, lalux, assurances, agence, insurance, auto, habitation, protect, accident","* Home
  * Personal services
    * EasyPROTECT
    * Savings and life insurance
    * EasyPROTECT Auto
    * EasyPROTECT Home
    * Health and leisure
  * Professional services
    * easyPROTECT Pro
    * APROBAT
    * Lalux-Staff Protect
  * Contact
  * DE
  * FR
  * … 
    * Home
    * Personal services
      * EasyPROTECT
      * Savings and life insurance
      * EasyPROTECT Auto
      * EasyPROTECT Home
      * Health and leisure
    * Professional services
      * easyPROTECT Pro
      * A...
---
* Accueil
  * easyPROTECT
    * easyProtect Habitation
      * Demande de devis d'assurance…
    * easyProtect Assurance Auto
      * Demande de devis d’assurance auto
  * easyPROTECT PRO
  * Santé DKV
  * APROBAT
  * Vie
    * lalux-Life
    * lalux-Pension
    * lalux-Safe Future
  * A notre propos
    * Contact
    * Confidentialité
    * Référencement internet
    * Nous trouver

# Steve CIMOLINO

## Agence Principale

Une bonne couverture d'assurance commence par un conseil personnalisé  
V...
---
* 

Menu

  * Accueil
  * Particuliers
    * easyPROTECT
    * Assurance Auto
    * Assurance Habitation
    * Assurances de construction
    * Santé et Loisirs
    * Épargne et Prévoyance
  * Professionnels
    * easyPROTECT Pro
    * APROBAT
    * lalux-Staff Protect
  * Devis
    * Demande de devis pour une assurance auto
    * Demande de devis pour une assurance habitation
    * Demande de devis Assurance – Vie
  * Contact

# Contact

## Vous trouvez notre agence ici:

### Facile à accéder p..."
70,19,70_funds_details_berchem_amundi,"funds, details, berchem, amundi, global, fund, axa, ttc, equity, cipa","Skip to content

  *   * 

# IDEA

  *   *     * Nos idées
    * Qui sommes-nous?
    * Newsletter
    * LinkedIn
    * Facebook
    * Twitter
    * Twitter
    * Facebook
    * LinkedIn
    * Newsletter
    * Qui sommes-nous?
    * Nos idées

# IDEA

# Home

  * ## Tableau de Bord Economique et Social - Août 2020  
06.08.2020

Une économie toujours en « mode dégradé », mais des signaux positifs

  * ## Promouvoir l’esprit d’entreprise en temps de crise : besoin d’aides ciblées ou d’aides tout c...
---
Go to content

#

  * Qui sommes-nous ?
    * Historique
    * Compétences & Savoir-Faire
    * Chiffres clés
    * Qualité, Sécurité et Environnement
    * Valeurs et Stratégie
    * Vidéo
  * Immobilier
    * Rechercher un bien
    * Nos offres immobilières
  * Références
    * Bâtiments administratifs
    * Santé
    * Industriel et commercial
    * Génie civil / ouvrages d'art
    * Immeubles résidentiels
    * Bâtiments scolaires et socio-culturels
    * Hôtellerie
  * Carrières
    * Emplo...
---
FR EN IT NL Persoonlijke ruimte

  * Wie zijn wij?
  * De Groep
  * Nieuws
  * Luxemburg
  * Oplossingen
  * Werken bij La Mondiale Europartner
  * Contact

Open Menu

  * Wie zijn wij?
    * La Mondiale Europartner
    * Geschiedenis
    * Waarden 
    * Financile informatie
  * De Groep
    * AG2R La Mondiale 
    * Financile informatie
  * Nieuws
    * Persberichten
    *   * Luxemburg 
    * Voordelen
    *   * Oplossingen 
    * Producten
    * Diensten
    * SRI
    * Expertise
  * Werken ..."
71,19,71_entdecken_camping_restaurants_coque,"entdecken, camping, restaurants, coque, hotels, veranstaltungskalender, kultur, wandern, essen, larochette","###

‹ › ×

Toggle navigation

  * fr
  * en
  * de
  * nl

  * fr
  * en
  * de
  * nl

  * Die Gemeinde Consdorf 
  * Entdecken 
    * Kunst & Kultur 
    * Natur & Ausflüge 
    * Besondere Veranstaltungen 
    * Sport & Freizeit 
    * Verschiedene 
  * Essen & Übernachten 
    * Hotels 
    * Campingplätze 
    * Ferienwohnungen 
    * Restaurants 
  * Veranstaltungskalender 
  * Camping La Pinède 
    * Camping 
    * CampingHuts 
    * Mobilehome Life 
    * Mobilehome Loggia 2 
    * Mob...
---
###

‹ › ×

Toggle navigation

  * fr
  * en
  * de
  * nl

  * fr
  * en
  * de
  * nl

  * Die Stadt Echternach 
  * Entdecken 
    * Kunst & Kultur 
    * Natur & Ausflüge 
    * Ausgehen 
    * Sport & Freizeit 
    * Verschiedene 
    * Einkaufen 
  * Essen & Übernachten 
    * Hotels 
    * Hostels 
    * Campingplätze 
    * Verleih 
    * Bed&Breakfast;
    * Restaurants 
  * Veranstaltungskalender 
  * Camping & Türme 
    * Der Camping 
    * Kuschelkota 
    * Camping Fässer 
    * Tu...
---
###

‹ › ×

Toggle navigation

  * fr
  * en
  * de
  * nl

  * fr
  * en
  * de
  * nl

  * Entdecken 
    * Kunst & Kultur 
    * Natur & Ausflüge 
    * Ausgehen 
    * Sport & Freizeit 
    * Verschiedene 
    * Shopping 
  * Essen & Übernachten 
    * Hotels 
    * Jugendherberge 
    * Campingplätze 
    * Ferienwohnungen 
    * Restaurants 
  * Veranstaltungskalender 
  * Informationen 
    * Broschüren 
  * Stellenangebot 

Veranstaltungskalender

Veranstaltungskalender

#### Adresse

Sy..."
72,18,72_201_30 17_13 30_17 30,"201, 30 17, 13 30, 17 30, false, 30, simple, catalogue, 00 13, double","## Nos prestations

## Notre entreprise

Fondée en 1956, Socoma Exploitation à Foetz est spécialisée dans la fourniture
de matériaux de construction et d'isolation.

​

Nous livrons partout à Luxembourg, mais aussi en France / Allemagne /
Belgique.

{""items"":[""2f3e583c-bee5-4fec-873b-12b53359db7a"",""c1dbb381-a126-4e36-989e-65a00a7a08e1"",""14eb1cc7-3719-42ce-
be17-acfd2a590a8e"",""05eee8bd-b90e-4f30-829e-ed40d109c3f1""],""styles"":{""galleryType"":""Strips"",""groupSize"":1,""showArrows"":true,""cubeImages"":true...
---
* Accueil
  * Presentation
  * Conditionnement
    * Emballages pour DIN A4
    * Emballages et protection
    * Liste des boites 
  * Notre Catalogue
  * Contact

Bienvenue sur le site de la Cartonnerie de Lintgen

## Qui sommes-nous ?

L'usine a été achetée en 1948 par Monsieur Jean Faber.Pendant plus de 25 ans,
la fabrique a produit du carton gris compact pour la sidérurgie ARBED.En 1973,
fut fondée la société CARTONNERIE de LINTGEN pour la vente et transformation
d'emballage industriel en ca...
---
* Accueil
  * Presentation
  * Produits & Marques
  * Activites
    * Fournitures industrielles
    * Fluides - Connecteurs
    * Hydraulique et Pneumatique 
  * Promotions et catalogues
    * OREXAD
  * Contact

#  EQUIPEMENT ET FOURNITURES INDUSTRIELLES

## Qui sommes-nous ?

Présent depuis 2008 au Luxembourg, Partech est spécialisé dans la vente et la
distribution d’équipements industriels. Yannick OLIGER et son équipe composée
de 7salariés, vous accueillent et vous conseillent toute l’année...."
73,18,73_store_shipping_costs_eur,"store, shipping, costs, eur, weight, incl, packaging, weiterlesen, max, 75cl","Livraison de lunch au bureau

0 article(s) - 0,00€

Votre panier est vide !

Vous pouvez vous connecter ou creer un compte.

  * Accueil
  * Information
    * Comment fonctionne GroupLunch
    * Informations relatives au paiement
    * Livraison
    * FAQ
  * Solde de votre compte: 0,00€
  *   * Compte
  * Panier
  * Commander
  * Business Lunch & Catering
  * T: +352 203 3272

Account blocked?

1) Click on ""Recharge account""

* Recharge via credit card
* Unblocked immediately
Measures against C...
---
Slide toggle

Welcome Dear visitor, Log in or Create my account.

#### Customer support

+352 26 32 22 27

English

  * Français 
  * Deutsch 
  * English 
  * Nederlands 
  * Polszczyzna 

∨

  * Home
  * News
My Account

Cart  
0 Products Product (empty)

No products

0,00 € Shipping  
0,00 € Total

Checkout

  * HOME
  * Products
    * Real Estate Signs
      * Accessories
    * Real Estate Gallows
      * Accessories
      * Separate signs
    * VitrineMedia LED Displays
      * Accessories
...
---
Main page

Catalog

Login

Cart

   Search  
Page: Main page

Your account

New customer?

Login

Alcool

Coffee

Confiserie

Epicerie

Softdrink

Tabacs / Accessoires

Vin

Checkout

Cart

  

# Welcome

Welcome visitor! Would you like to login? Or would you like to create a new
account ?

Private customer

Dealer

  1. Register today for your free dealer access. We just check your data and then promtly activate your dealer-account for your purchase at Golden-Spirits.
  2. To access all our pro..."
74,18,74_plesk_configuration_server_hosting,"plesk, configuration, server, hosting, default, leading, enabled, learn, hôtel, file","Web Server's Default Page

This page is generated by Plesk, the leading hosting automation software. You
see this page because there is no Web site at this address.

You can do the following:

  * Create domains and set up Web hosting using Plesk.

What is Plesk

Plesk is a hosting control panel with simple and secure web server and website
management tools. It was specially designed to help IT specialists manage web,
DNS, mail and other services through a comprehensive and user-friendly GUI.
Le...
---
Web Server's Default Page

This page is generated by Plesk, the leading hosting automation software. You
see this page because there is no Web site at this address.

You can do the following:

  * Create domains and set up Web hosting using Plesk.

What is Plesk

Plesk is a hosting control panel with simple and secure web server and website
management tools. It was specially designed to help IT specialists manage web,
DNS, mail and other services through a comprehensive and user-friendly GUI.
Le...
---
Web Server's Default Page

This page is generated by Plesk, the leading hosting automation software. You
see this page because there is no Web site at this address.

You can do the following:

  * Create domains and set up Web hosting using Plesk.

What is Plesk

Plesk is a hosting control panel with simple and secure web server and website
management tools. It was specially designed to help IT specialists manage web,
DNS, mail and other services through a comprehensive and user-friendly GUI.
Le..."
75,17,75_352 83_82_83_ascenseur,"352 83, 82, 83, ascenseur, escaliers, contrôle technique, adapto, 00, 17, régional","* Accueil
  * Presentation
  * Nos solutions
  * Demenagement en photos...
  * Devis / Contact

GB Removals, l'expert du déménagement au Luxembourg !

## Qui sommes-nous ?

GB Removals est votre partenaire à Esch-sur-Alzette pour vous garantir un
déménagement en toute tranquillité, que vous soyez un particulier, une
entreprise ou une administration. Nous proposons : -Emballage de vos effets,
montage et démontage du mobilier -Stockage de votre mobilier, garde-meuble
-Transport -Location de monte-...
---
Aller au contenu. | Aller à la navigation
Outils personnels

getting closer

Luxembourg

  * Belgique - Français
  * België - Nederlands
  * España - Español
  * Euskara
  * France
  * Ireland
  * Nederland
  * Norge
  * Portugal
  * United Kingdom

  * Service clientèle
  * Travaillez avec nous
  * Catalogues et parutions
  * Login Extranet Orona

Chercher par

Recherche avancée…

Navigation

Toggle navigation

  * À propos d'ORONA 
  * Services 
    * Maintenance des ascenseurs 
    * Modernis...
---
* Home
  * Unternehmen
    * Team
    * Geschichte
    * Partner
  * Mobilität
    * Öffentlicher Personennahverkehr
    * Adapto
    * Fuhrpark
  * News
  * Kontakt
  * Jobs
  * .
  *     * 

# Voyages Wagener

Voyages Wagener, ein 1949 gegründetes Transportunternehmen in Luxemburg, ist
eines der ältesten Transportunternehmen im Großherzogtum. Täglich fahren 38
Busse auf den Straßen Luxemburgs, um Sie an Ihr Ziel zu bringen.

Für weitere Informationen können Sie Voyages Wagener kontaktieren, in..."
76,17,76_digital_branding_passion_communication,"digital, branding, passion, communication, graphique, talent, sociaux, stratégie, portfolio, luxair","À proposNos marquesNos solutionsNotre équipeBlog

Nous contacterEN

Menu

  * À propos 
  * Nos marques 
  * Nos solutions 
  * Notre équipe 
  * Blog 
  * Nous contacter 
  * EN 

# Le partenaire local de votre stratégie digitale au Luxembourg

Depuis 2006, Linc accompagne les entreprises, artisans et professions
libérales dans leur développement local.

Découvrir

## +1500 entreprises nous font confiance

## Innovation  
think tank

Nous mettons à votre service la force de la synergie de nos d...
---
* Français
  * English

#  talentattitude

  * La société
  * Actualités
  * Formation
  * Coaching
  * Executive search
  * Offres d'emploi
  * Contact

  * Français
  * English

  *   * 

Talent Attitude ®

30, Dernier Sol

L-2543 Luxembourg

Luxembourg

# Talent Attitude

## Human Capital, Digital Company

Talent Attitude aide les organisations à développer leur capital humain pour
mieux envisager l’avenir.

Découvrir la société

Nos services

## Formation

A travers nos formations, nous vous...
---
Menu

### Accueil

### A propos

### Projets

### Jobs

### Contact

  *   *   * 

#  Nous sommes une agence digitale et créative  

Nous sommes une agence de communication basée au Luxembourg.

A propos

# Nous sommes  
innovants

Découvrez notre savoir-faire à travers quelques références.

Nos projets

# Besoin de  
conseils ?

Vous avez une idée de projet ? Discutons-en ensemble autour d'un bon café.

Nous rencontrer

## Découvrez  
nos projets

Depuis notre création en 2011 , nous avons réal..."
77,17,77_electricité_bauer_installations_lux,"electricité, bauer, installations, lux, duché luxembourg, grand duché, duché, electricite, alarme, électricité","* Accueil
  * Presentation
  * Specialisations
    * Electricite
    * Electromenager
  * Contact

Installations électriques - Service de dépannage

## Qui sommes-nous ?

La société Electricité Faber Diekirch est spécialisée dans l'installation et
la vente de matériel électrique sur tout le territoire du Grand-Duché de
Luxembourg. Nous proposons :-Installations électriques : tableaux de
distribution, interrupteurs, coupe-circuit, sectionneurs, disjoncteurs,
raccordement…-Service de dépannage : n...
---
* Électricité
  * Électroménager
  * Nos atouts
  * Cuisines
  * Contact

Sélectionner une page

# Des prestations de haute qualité dans les domaines de l'électricité générale

Electricité Bauer vous offre des services variés et des produits de la
meilleurs qualité où que vous soyez au Luxembourg.

ContactAppelez-nous !

# Des prestations de haute qualité dans les domaines de l'électricité générale

Electricité Bauer vous offre des services variés et des produits de la
meilleurs qualité où que v...
---
﻿

Logo

  * Accueil
  * A propos
  * Nos activites
    * Moyenne et basse tension
    * Courant faible / informatique / telephonie
    * Maintenance
  * Recrutement
  * Actualites
  * Contact

  1. 1

## Un partenaire, des techniques, un service ... Un courant de confiance ...  
EGDL SA

Son approche multi-métiers lui permet d'anticiper les besoins de ses clients
et de leur offrir un éventail unique et complet de produits et de services.  
  
Lire plus

## Electricité du Grand-duché de Luxembou..."
78,17,78_domain_registered_extensions_manage,"domain, registered, extensions, manage, registration, learn, public, view, data, cuisines","# This domain name has been registered with Gandi.net

View the WHOIS data for lemarquisdelily.lu to see the domain’s public
registration information.

lemarquisdelily.lu  
is registered

Want your own domain name?  
Learn more about the domain name extensions we manage  
Find a domain name similar to lemarquisdelily.lu

Gandi.netRegister Domain NamesTransfer Domain NamesSSL CertificatesWeb
HostingCloudNewsHelp
---
# This domain name has been registered with Gandi.net

View the WHOIS data for batideco.lu to see the domain’s public registration
information.

batideco.lu  
is registered

Want your own domain name?  
Learn more about the domain name extensions we manage  
Find a domain name similar to batideco.lu

Gandi.netRegister Domain NamesTransfer Domain NamesSSL CertificatesWeb
HostingCloudNewsHelp
---
# This domain name has been registered with Gandi.net

View the WHOIS data for adhs.lu to see the domain’s public registration
information.

adhs.lu  
is registered

Want your own domain name?  
Learn more about the domain name extensions we manage  
Find a domain name similar to adhs.lu

Gandi.netRegister Domain NamesTransfer Domain NamesSSL CertificatesWeb
HostingCloudNewsHelp"
79,17,79_données_données personnelles_matelas_personnelles,"données, données personnelles, matelas, personnelles, isolation, schreinerei, delhaize, nails, traitement, sonia","﻿

Logo

  * Accueil
  * Le Proxy Delhaize
  * Le Melange
  * Coiffeur
  * Actualites
  * Contact

### Appelez-nous  

+352 27 32 65  

### Adresse email  

info@shoppingkielen.lu

### Heures d'ouverture  

Lundi au Samedi: 7h00 - 20h00  
Dimanche : 8h00 - 13h00

  1. 1
  2. 2
  3. 3

## Le salon Mélange,  
ouvert du lundi au vendredi

Salon de consommation, point presse, POST-Shop...  
  
  
En savoir plus

## Le Salon Coiffure Moderne,  
vous accueille du lundi au samedi, sur RDV

Coiffures mi...
---
﻿

Logo

  * Accueil
  * A propos
  * Nos prestations
  * Realisations
  * Contact

### adresse email  

info@schreinerei-ll.lu

### heures d'ouverture  

Lun au Ven : 8h - 12h / 13h - 17h  
Sam et Dim : sur rendez-vous

### appelez-nous

(+352) 621 486 958

  1. 1
  2. 2

# Confiez-vous à nos professionnels pour des menuiseries de qualité

  
  

## En savoir +

# Faites-nous confiance pour vos futurs projets

  
  

## En savoir +

## Schreinerei Fandel & Leonardy

La société Schreinerei Fande...
---
﻿

  * Lundi - Vendredi: 08h - 12h | 13h00 - 18h00 
  * +352 50 03 38
  * labschaa@pt.lu

Logo

  * Accueil
  * A propos
  * Nos services
    * Protheses fixes
    * Protheses amovibles
  * Actualites
  * Contact

  1. 1 Protheses amovibles
  2. 2 Protheses fixes

## Retrouvez nos services Prothèses amovibles

Lire plus

## NOTRE SAVOIR-FAIRE Prothèses fixes

Lire plus

Previous Next

## Le laboratoire Schaack

Depuis sa création en 1955 , nous réalisons tous types de travaux : implants,
prothès..."
80,17,80_fleurs_plantes_deuil_bouquets,"fleurs, plantes, deuil, bouquets, bouquet, ajouter, comparer, panier, mariage, décoration","Home |  Hall d'exposition |  Bouquets |  Compositions florales |  Plantes d'intérieur |  Mariage |  Deuil |  Plantes d'extérieur |  objet / déco |  Bon Cadeau |  Vidéo |  Contact

  * Home
  * Hall d'exposition
  * Bouquets
  * Compositions florales
  * Plantes d'intérieur
  * Mariage
  * Deuil
  * Plantes d'extérieur
  * objet / déco
  * Bon Cadeau
  * Vidéo
  * Contact
  *  

## Deuil

##### Fleurs Vry vous accompagne dans ces douloureux moments.

Fleurs Vry S.A

Agrandir

Fleurs Vry S.A

Agra...
---
﻿

  * Accueil
  * A propos
  * Nos prestations
    * Compositions florales, bouquets et plantes en pots
    * Mariage, anniversaire, bapteme
    * Deuil
  * Boutique decoration
  * Nos creations
  * Contact

  1. 1
  2. 2

## Fleurs Treichel Goelles à Howald, Fleuriste depuis 3 générations

  
  
Voir plus

##  
Fleurs Treichel Goelles à Howald, Fleuriste depuis 3 générations

  
  
Voir plus

Previous Next

## Compositions florales,  
bouquets et plantes en pots

Lire plus

## Mariage, anniver...
---
+352 51 27 67 breining@pt.lu Votre jardinier-fleuriste à Dudelange

Languages

  * Français
  * Deutsch

  * 

  * Accueil
  * Fleurs
    * Fleurs & Bouquets
    * Mariages
    * Deuil
    * Arrangements
  * Plantes
    * Plantes d'intérieur & d'extérieur
    * Plantes saisonnières
    * Orchidées
    * Décorations
  * Shop
  * Mon compte
  * Contact
    * Contact
    * Questions Fréquentes (FAQ)
    * Conditions de Vente (CGV)
    * Mentions légales
  * 

0

## Panier

  * Accueil
  * Fleurs
  ..."
81,17,81_flight_pilot_air_training,"flight, pilot, air, training, licence, pilote, spirit, réservation, rating, competition","EN

EN

FR

DE

# NEW SPIRIT BALLOONS

Log In

0

  * Home
  * Flight steps
  * Photo gallery
  * Competitions and festivals
  * FAQ
  * Shop
  * Contact us
  * More

+352 40 62 71

# #Goodnews \- Nous sommes ravis de vous retrouver à nouveau !

En savoir plus

# BALLOONING

New Spirit Balloons is a non-profit association founded in 2010 with its
headquarters in Altwies. Carlo Arendt, founder and pilot, received his license
in 2008 and became the general importer of the Kubicek brand.

Today New...
---
* Home
  * Flight Training
  * Fleet
  * Picture Gallery
  * I comme Icare

  

  

  

Links | Events | Contact Us | Discovery Flight | Find Us | Members area
  * Welcome at AVIASPORT  
  
  
AVIASPORT a.s.b.l. is a nonprofit flying association with an approved flight
school (Registered Training Facility RTF- JAR) operating at Luxembourg Airport
(ELLX) since 1973. Its mission is to make available to the members a selection
of aircrafts at economical rates in order to enjoy a wide range of Gener...
---
Skip to content

  * Welcome
  * Flight Academy
  * Training Courses
    * Modular Training
    * PPL – Private Pilot Licence
    * Night VFR
    * CPL – Commercial Pilot Licence
    * MEP – Multi-Engine-Piston Rating
    * IR – Instrument Rating
    * CBIR and EIR
    * ATPL – Air Transport Pilot Licence
    * MCC – Multi Crew Co-Operation
    * FI – Flight Instructor
    * PBN - Performance Based navigation Course
  * About LFTA
    * Your Way to the LFTA Premises
    * DIMAS
  * Flight Simula..."
82,16,82_ventilation_nettoyage_aspirateur_clean,"ventilation, nettoyage, aspirateur, clean, entretien, installation, chauffage, devis, industriel, central","﻿

Logo

  * Accueil
  * A propos
  * Nos prestations
  * Contact

  1. 1
  2. 2
  3. 3

## Nettoyage pour particuliers

## Nettoyage pour professionnels

## Repassage

## Besoin de plus d'informations ?

  

Contactez-nous

## Appi Clean

Présent au luxembourg depuis 15 ans, Appi Clean est sépsialisé dans le
nettoyage pour particuliers et professionnels.

En savoir plus

## Nos prestations

Venez découvrir nos prestations

En savoir plus

Nous suivre

  * 

Nos coordonnées

  * Appi Clean  
33 ...
---
1-800-555-555  
    1-800-555-555  
  *   *   *   * 

  * Accueil
  * A propos
  * Services
    * Installation de ventilations
    * Nettoyage & dégraissage
    * Vidange & curage
    * Travaux multiservices
  * Produits
  * Clients
  * Devis / Contact

  * Spécialiste de l'installation  
  
  
de hottes et ventilations  
  
  
pour la restauration et les collectivités.

Installation ventilation

Nettoyage - dégraissage

Curage - Vidange

Travaux multiservices

##  Nous proposons notre savoir-fa...
---
﻿

Logo

  * Accueil
  * A propos
  * Nos services
    * Chauffage
    * Sanitaire
    * Ventilation
    * Energies alternatives
  * Contact

  1. 1
  2. 2
  3. 3
  4. 4

## Chauffage

installation / entretien / depannage

Installation de votre mode de chauffage : au gaz, au fioul ou au mazout, pompe
à chaleur ou panneau solaire, pose de chauffage au sol au Luxembourg  
  
En savoir plus

## Sanitaire

installation / entretien / dépannage

Pose de votre salle de bain : confiez-nous l'installatio..."
83,16,83_cloud_automation_hosting_plesk,"cloud, automation, hosting, plesk, computing, operating, systems, panel, businesses, software","# Web Server's Default Page

This page is generated by Parallels Plesk, the leading hosting automation
software. You see this page because there is no Web site at this address.

You can do the following:

  * Create domains and set up Web hosting using Parallels Plesk.

## New to Parallels?

Parallels is a worldwide leader in virtualization and automation software that
optimizes computing for consumers, businesses, and Cloud services providers
across all major hardware, operating systems, and vi...
---
# Web Server's Default Page

This page is generated by Parallels Plesk, the leading hosting automation
software. You see this page because there is no Web site at this address.

You can do the following:

  * Create domains and set up Web hosting using Parallels Plesk.

## New to Parallels?

Parallels is a worldwide leader in virtualization and automation software that
optimizes computing for consumers, businesses, and Cloud services providers
across all major hardware, operating systems, and vi...
---
# Web Server's Default Page

This page is generated by Parallels Plesk, the leading hosting automation
software. You see this page because there is no Web site at this address.

You can do the following:

  * Create domains and set up Web hosting using Parallels Plesk.

## New to Parallels?

Parallels is a worldwide leader in virtualization and automation software that
optimizes computing for consumers, businesses, and Cloud services providers
across all major hardware, operating systems, and vi..."
84,16,84_dentaire_dr_cabinet_praxis,"dentaire, dr, cabinet, praxis, dents, rendez, patient, chirurgie, daten, appointment","#          +352 27 91 88 64

# BAPTISTA DENTAL

# GROUP

  * Accueil
  * Les cliniques
  * La Philosophie
  * La Team
  * Dr. Augusto André BAPTISTA
  * Traitements
  * Contact
  * More

Prendre RDV

## Nous Parlons : Lu - De \- En - Fr - Pt - Es - It - Lt

Remich

Hollerich

# BAPTISTA DENTAL

# GROUP

###### Advanced Oral Care

###### La Philosophie du Cabinet

Notre équipe de Médecins Dentistes s’occupe de vous dans tous les domaines de
la spécialité des soins bucco-dentaires, dans une logiqu...
---
* Home 
  * First appointment 
  * Emergencies 
  * Contact 

  * FR 
  * LU 
  * EN 

  * ## 
Dr David HOA \- Dentist

A dental practice, located in Luxembourg city in the neighbourhood of
Limpertsberg

Contact Details

  * 1

##

Dental Surgery

#### The dental office of Dr. David HOA is established in Luxembourg since
2009 in the neighbourhood of Limpertsberg, near the city centre.

###  Phone helpline: (+352) 22 50 88

The office is now situated at 51 rue Ermesinde L-1469 Luxembourg just 200...
---
* Accueil
  * Nos centres
    * Esch-sur-Alzette
    * Pétange
  * Nos praticiens
    * Dr Jean-Yves GEORGE
    * Dr Pierre KELLER
    * Dr Léa ROCCHI
    * Dr Chris COSTA
    * Dr Valérie MAURICE
    * Dr Olivier SEURET
    * Dr Pierre GALL
    * L’Equipe Dentaire
  * Nos spécialités
    * Chirurgie Orale :Reconstruction OsseuseExtraction des dents de sagesse
    * Implantologie Dentaire
    * Mise en Charge Immédiate
    * Parodontologie :Soins des GencivesChirurgie Plastique Parodontale
    *..."
85,16,85_14 30_00 23_30_23 00,"14 30, 00 23, 30, 23 00, 00, 30 18, 18 00, 30 14, 11 30, 14","Afin de fournir une fonctionnalité complète, ce site Web nécessite votre
consentement explicite pour stocker des cookies de navigateur. Si vous
n'autorisez pas les cookies, vous ne pourrez peut-être pas utiliser certaines
fonctionnalités du site Web, notamment les suivantes: contenu personnalisé,
changement de culture. Il est recommandé d'autoriser tous les cookies.

Echangez, partagez

  *   *   * 

  * Accueil
  * Presentation
  * Nous proposons
  * Notre carte 
  * Contact

Votre restaurant c...
---
Afin de fournir une fonctionnalité complète, ce site Web nécessite votre
consentement explicite pour stocker des cookies de navigateur. Si vous
n'autorisez pas les cookies, vous ne pourrez peut-être pas utiliser certaines
fonctionnalités du site Web, notamment les suivantes: contenu personnalisé,
changement de culture. Il est recommandé d'autoriser tous les cookies.

Reservation de table

Echangez, partagez

  *   *   * 

  * Accueil
  * Presentation
  * Produits & Services
  * Notre carte 
  * ...
---
Afin de fournir une fonctionnalité complète, ce site Web nécessite votre
consentement explicite pour stocker des cookies de navigateur. Si vous
n'autorisez pas les cookies, vous ne pourrez peut-être pas utiliser certaines
fonctionnalités du site Web, notamment les suivantes: contenu personnalisé,
changement de culture. Il est recommandé d'autoriser tous les cookies.

Reservation de table

Echangez, partagez

  *   *   * 

  * Accueil
  * Presentation
  * Nous proposons
  * Menu de la semaine
  *..."
86,15,86_sos_fotos_einsätze_jobs,"sos, fotos, einsätze, jobs, verte, mitglied, fenster, secours, mitglieder, wort","fr de

  * Jobs 
  * Personalvertreter 
  * Mitglied werden 
  * Mediathek 
  * Links 
  * Impressum 
  * Kontakt 
  * Datenschutzbestimmungen 

  * Accueil 
  * Landesverband 
  * Eisenbahnen 
  * Öffentlicher Dienst 
  * Pensionierte 
  * Frauen/Jugend 
  * Facebook 

# De Landesverband

## Fir eng secher Zukunft !

* * *
Mehr denn je brauchen wir starke Gewerkschaften. Mehr darüber

# Aktuelles

Eisenbahnen 24.06.2020

## Ein täglich wahrnehmbarer Gewinn in Punkto Sicherheit

und bien etre au...
---
* Stellenangebote 
  * FAQ 
  * Internes Adressbuch 
  * Kontakt 
  * SOS LOGIN 

Zurück zur Startseite

  *   * Wer wir sind 
    * Unsere Vision 
    * Unsere Werte 
    * Unsere pädagogische Haltung 
    * Hermann Gmeiner 
    * SOS-Kinderdorf-Familien 
    * Entstehungsgeschichte der Fondation Lëtzebuerger Kannerduerf 
    * SOS-Kinderdorf International 
    * Finanzierung 
    * Verwaltungsrat 
    * Organigramm 
  * Was wir tun 
    * STATIONÄRE BETREUUNG 
      * SOS-Kinderdorf-Familien 
...
---
* Start
    * Kontakt
    * Impressum
    * Sitemap
  * News
  * CIS BETT
    * Einsatzzentrum
      * Ehemalige Standorte
      * Luftaufnahmen
      * Einsatzgebiet
      * Aufgaben
        * Sanitatsdienst
      * Life savers wanted!
    * Mannschaft
      * Organigramm
      * Vorstand
      * Sonderaufgaben
    * Rettungswesen in Luxemburg
  * Fuhrpark
    * Feuerwehr
      * HLF 2 1
        * Fotos
        * Beladung
      * HLF 2 2
        * Fotos
        * Beladung
      * TMF 2 1
      ..."
87,15,87_languages_languages english_english_switch,"languages, languages english, english, switch, pop, united, schließen, cancel, portugal, canada","* 

All websites Algeria Austria Belarus Belgium Brazil Bulgaria Chile Colombia
Croatia Czech Republic Denmark Estonia Finland France Germany Greece Hungary
India International Italy Ireland Kazakhstan Latvia Lithuania Luxembourg
Mexico Morocco Netherlands Norway Peru Poland Portugal Romania Russia Serbia
Slovakia Slovenia Spain Sweden Switzerland Turkey Ukraine United Kingdom
United States

Button

#  LEASING AUTOMOBILE

  *   * FAHRER
    * easyDriving
      * Fahrtipps
      * Kundencenter ea...
---
Technologievorsprung ist HORNHorn S.A.

Deutsch English Français

  * Land wählen 
    *       *         * Europa (Europe)
        * Deutschland (Germany)
        * Shqipëria (Albania)
        * Belgique (Belgium)
        * Bosna i Hercegovina (Bosnia-Herzegovina)
        * България (Bulgaria)
        * Danmark (Denmark)
        * Eesti (Estonia)
        * Suomi (Finland)
        * France (France)
        * Ελλάς (Greece)
        * United Kingdom (United Kingdom)
        * Ireland (Ireland)
    ...
---
Right Management

##### Select a Country Site

Changing your site will take you to the URL for that Right Management
location.

Countries: Select Country Argentina Australia Austria - Österreich Brazil
Belgium - België-Belgique Canada Chile Colombia Costa Rica Czech Republic -
Česká republika Denmark - Danmark Finland - Suomi France Germany - Deutschland
Greece - Ελλάδα Hungary - Magyarország India - भारत गणराज्य Ireland - Éire
Israel - יִשְׂרָאֵל Italy - Italia Japan - 日本 Korea - 한국 Luxembourg ..."
88,15,88_dance_danse_ballet_jazz,"dance, danse, ballet, jazz, danses, tango, cours, ecole, teachers, classes","Copyright (c) 2017

  * Accueil
    * Informations générales
    * Mentions Légales
    * Consentement à l'image
  * Programmes des cours
    * Danses Standard Débutants
    * Danses Standard Avancés
    * Rock'N'Roll
    * Salsa
    * Ballet
    * Jazz / Hip Hop / Dance4Fans
    * Modern Jazz
    * Fitness
  * Nos Evénements
    * Brunch Dansant
    * Premier Bal
    * Second Hand Shop – Robes de Soirée
    * Gallerie Photos / Vidéos
    * Press Releases
    * Workshops
  * Contact
    * Comman...
---
#

  * HOME 
    * DANCE FACTORY
  * News & Event
  * Young Dancer 
    * Baby dance & Ballet
    * Hip Hop.
    * Street dance
    * Urban Dance
  * Adult 1 
    * Belly dance
    * Ballet for Adult
    * Danza Cubana
    * Flamenco
    * Contemporary dance
    * Dancing Queens
  * Adult 2 
    * Tango Argentino
    * Salsa & Bachata
  * CONTACT

  * HOME
    * DANCE FACTORY
  * News & Event
  * Young Dancer
    * Baby dance & Ballet
    * Hip Hop.
    * Street dance
    * Urban Dance
  * Adult...
---
Toggle navigation

  * Dance School (current)
  * Teachers
  * Classes
  * Timetable 20/21
  * Prices
  * Registration
  * Events
  * Contact
  *   * 

## Dance School

## Teachers

## Classes

## Timetable

#### Contact :

  * Adresse: 71, rue de Merl,
  L-2146 Luxembourg, Luxembourg

  * Téléphone: 621 364 957
  * Email: info@limarteling.lu

#### Suivez-nous :

   Li Marteling sur Facebook  
   Li Marteling sur Instagram

#### Partenaires :

---PAGE BREAK---

# Inscription à l'école de dance

..."
89,15,89_taxi_taxis_24h 24_7j 24h,"taxi, taxis, 24h 24, 7j 24h, transport, chauffeur, 24h, 7j, données, personnelles","﻿

Logo

  * Accueil
  * A propos
  * Contact

  1. 1
  2. 2

## Taxis P.L  
assure vos déplacements

Vous souhaitez organiser un déplacement  
en toute tranquillité d'esprit ? Faites appel à l'équipe de Taxis P.L  

## Taxis P.L  
assure vos déplacements

Pour tous vos trajets, nous vous proposons la location de voitures avec
chauffeur sur l'ensemble du Luxembourg.

## Réservez votre taxi au 621 466 450 ou en laissant un message ici  

Contact

## Taxis P.L Sarls

Nos chauffeurs sont expériment...
---
﻿

  * 7J/7 - 24H/24
  * +352 621 158 528
  * taxifernandes1@gmail.com

Logo

  * Accueil
  * A propos
  * Taxi
  * Voiture avec chauffeur

CONTACT

  1. 1 Taxi
  2. 2 Voiture avec chauffeur

# Nos services Taxi  
TAXI VANE 8 PLACE  
TAXI MERCEDES  
TAXI ELECTIQUE

En savoir plus

# Nos services Location de voiture avec chauffeur

En savoir plus

Previous Next

## Bienvenue sur notre site

Vous planifiez un trajet court ou longue distance ?  
Vous organisez un évènement et avez besoin d'une limo...
---
﻿

Logo

  * Accueil
  * A propos
  * Actualites 
  * Contact

  1. 1
  2. 2

## Taxis Lopes

Transport de personnes et ambulance à Diekirch  
  
  
En savoir plus

## Taxis Lopes

Une société de taxi à votre service à Diekirch  
depuis plus de trente ans pour tous vos transports  
au Luxembourg et dans les environs.  
  
En savoir plus

## Besoin de plus d'informations?  

CONTACTEZ-NOUS

## Taxi Lopes

Notre entreprise a plus de trente ans d'existence à Diekirch.  
Vous pouvez faire appel à no..."
90,15,90_javascript_anzeige javascript_geschützt anzeige_javascript eingeschaltet,"javascript, anzeige javascript, geschützt anzeige, javascript eingeschaltet, adresse spambots, spambots geschützt, eingeschaltet, geschützt, anzeige, spambots","Site Maintenance

# We'll be back soon!

Sorry for the inconvenience but we're performing some maintenance at the
moment. If you need to you can always contact us, otherwise we'll be back
online shortly!

-- The Team
---
# We create and develop beautiful, innovative & effective websites

about contact

close

## Subscribe

If you leave us your email address, we'll let you know when our new site goes
online.

We'll never pass your email address on to third parties, and you won't get any
spam from us.

close

## About us

Small team, involved in the creation of Drupal projects.

We focus on development work (Javascript, jQuery, PHP), and we also specialize
in high-quality website designs.

We have been creating Dr...
---
*   *   * 

  * Home
  * Über uns
  * Gallerie
  * Planung
  * Service
  * Aktuelle Angebote
  * Kontakt
  * Media
  * Online Planung
  * Blog

  *   *   *   *   *   *   *   *   *   *   *   *   *   *   *   *   *   *   *   *   *   *   * 

## Wir öffnen am 11ten Mai.  

Wir hoffen es geht Ihnen und Ihren Familien gut. Unser Team steht ab Montag
dem 11ten Mai

wieder für Sie zur Verfügung. Sie können per Telefon oder per Mail sofort mit
uns in Kontakt treten.

Verkauf:

Tina Irthum Diese E-Mail-Adr..."
91,14,91_review_meinungen_reservieren_sauce,"review, meinungen, reservieren, sauce, el, booking, 50, légumes, pommes terre, 95","* Karte & Menüs 
    * La Carta
    * El Menu Del Dia 1
  * Fotos 
    * Le restaurant 
    * Côté cuisine 
  * Meinungen
  * Erreichbarkeit/Kontakt

Reservieren

DE

  * CS
  * EL
  * EN
  * ES
  * FR
  * IT
  * JA
  * NL
  * RU
  * ZH

  * Start 
  * Karte & Menüs
  * Fotos
  * Meinungen
  * Erreichbarkeit/Kontakt

Reservieren

CS EL EN ES FR IT JA NL RU ZH

  * 

# Fotos

## Le restaurant

* * *
## Côté cuisine

* * *
### Erreichbarkeit/Kontakt

* * *
15 Rue Edward Steichen 2540 Luxembourg +3...
---
* Karte & Menüs 
    * SPECIALS OF THE DAY
    * Carte et Menus
  * Fotos 
    * Côté cuisine 
    * Le restaurant 
    * Virtuelle Besichtigung
  * Meinungen
  *   * Erreichbarkeit/Kontakt

Reservieren

DE

  * CS
  * EL
  * EN
  * ES
  * FR
  * IT
  * JA
  * NL
  * RU
  * ZH

  * Start 
  * Karte & Menüs
  * Fotos
  * Meinungen
  *   * Erreichbarkeit/Kontakt

Reservieren

CS EL EN ES FR IT JA NL RU ZH

# Toro Toro

spanisches Restaurant | Senningerberg
Reservieren

Unsere Karte entdecken

### ...
---
* Karte & Menüs 
    * Carte des boissons
    * CARTE DETOX
    * SUGGESTION 
    * Carte 
    * Carte des Vins
  * Fotos 
    * Le restaurant 
    * La cuisine 
  * Meinungen
  * Erreichbarkeit/Kontakt

Reservieren

DE

  * CS
  * EL
  * EN
  * ES
  * FR
  * IT
  * JA
  * NL
  * RU
  * ZH

  * Start 
  * Karte & Menüs
  * Fotos
  * Meinungen
  * Erreichbarkeit/Kontakt

Reservieren

CS EL EN ES FR IT JA NL RU ZH

  *   * 

# Fotos

## Le restaurant

* * *
## La cuisine

* * *
### Erreichbarkeit/..."
92,14,92_vegetables_add cart_cart_indian,"vegetables, add cart, cart, indian, add, cosmétique, fresh, skin, oil, 80","* Home
  * Pages
    * Products
    * Annapurna
    * Tibet
    * Kiran
  * Contacts
  * View products

## Organic Food

### Awesome  
Sweets

### Organic  
food

### rare  
spices

## Euro Indian Market  
awesome  
Products

### Juicy  
Fruits

##  Quality food is the most important thing in our life

## Euro Indian Market Services

Indian Spices, Indian Cooking Ingredients, Meat, Fish, Beverage and fresh
Vegetable, order online and delivery to your place !

##### Meat & Fish

##### Snacks & Ce...
---
* Accueil
  * Presentation
  * Notre Carte
    * Pains / Naans
    * Vegetables / Legumes
    * Salades & Soupes
    * Suggestions du chef
    * Entrees
    * Menu enfant
    * Tandoori-Grill / Plats au four traditionnel
    * Curry Menu
    * Biryani Rice / Riz Biryani
    * Fruits de mer
  * Contact

Embarquez pour un voyage épicé aux couleurs du Népal

  *   *   * 

## Qui sommes-nous ?

Venez découvrirles saveurs de notre cuisine indienne et népalaise au
Restaurant Indien Népal (CaféOpDer Ha...
---
English

  * Welcome Guest!
  *  Login/Register

All Categories Indian Products \--Rice \--Beans & Lentils \--Curry, Paste &
Pickles \--Flours (Atta) African Products Frozen Items \--FROZEN FISH
\--FROZEN MEAT \--FROZEN VEGETABLES Fresh Vegetables \--African Vegetables
\--Indian Vegetables Cosmetics/Cosmétique \--Cantu \--ORS \--SKIN CARE OILS

  * 0
  * 0 My Cart (0) Item
    * You have no items in your shopping cart.

  * Shop
  * Contact Us
  * Hotline(+352 2899 8112)

Menu

  *   * Home Page..."
93,14,93_09 00_00 17_17 00_00 m2,"09 00, 00 17, 17 00, 00 m2, 149, business, 09, court, 00, daten","Agence Immobilière familiale avec une petite équipe responsable et dynamique.
Un service personnalisé, confidentiel, efficace et soigné ainsi que précis et
adapté à vos recherches.  
  
Vous disposez d'un interlocuteur unique durant toute la durée de votre
transaction. Nous privilégions les relations humaines et la personnalisation
de nos réponses. Notre connaissance du marché constitue la meilleure garantie
pour la réussite de votre opération.  
  
Nous nous engageons à rendre régulièrement des...
---
* Accueil
  * Presentation
  * Nos activites
    * Gestion
    * Administration
    * Comptabilite
  * Contact

  *   *   * 

## Qui sommes-nous ?

L'objectif du syndic est d'améliorer en permanence la gestion de votre
copropriété, de manière personnalisée et en toute transparence. Le syndic
prend en charge les volets de gestion, administration et comptabilité de
l'immeuble. Il contrôle son bon fonctionnement et représente le syndicat dans
tous les actes civils et en justice. Son rôle est de vei...
---
* Accueil
  * L'Agence
  * Nos activites
  * Contact

  *   *   * 

## Qui sommes-nous ?

Vous êtes à la recherche d'un syndic? L'objectif du syndic est d'améliorer en
permanence la gestion de votre copropriété, de manière personnalisée et en
toute transparence. Son rôle est de veiller à la valorisation du bien et au
confort de vie de ses occupants: il est le lien privilégié entre les
différents copropriétaires et les divers intervenants extérieurs, ainsi
qu'avec les adminsitrateurs c'est pour c..."
94,14,94_wordpress_sint_ut_delete,"wordpress, sint, ut, delete, post, stay, edit, updated, dolore, touch","Zum Inhalt springen

# My CMS

Just another WordPress site

Zum Inhalt nach unten scrollen

## Beiträge

Veröffentlicht am Mai 10, 2016

### Hello world!

Welcome to WordPress. This is your first post. Edit or delete it, then start
writing!

Suche nach: Suche

## Neueste Beiträge

  * Hello world!

## Neueste Kommentare

  * Mr WordPress bei Hello world!

## Archive

  * Mai 2016

## Kategorien

  * Uncategorized

## Meta

  * Anmelden
  * Feed der Einträge
  * Kommentare-Feed
  * WordPress.org
...
---
Skip to the content

Search

# immogarant.lu

Just another WordPress site

Menu

  * Sample Page

Search

Search for: Close search

Close Menu

  * Sample Page

Categories

Uncategorised

## Hello world!

  * Post author By superAdm
  * Post date 08/01/2020
  * 1 Comment on Hello world!

Welcome to WordPress. This is your first post. Edit or delete it, then start
writing!

Search for:

## Recent Posts

  * Hello world!

## Recent Comments

  * A WordPress Commenter on Hello world!

## Archives

...
---
Skip to content

###  Rejoignez des passionnés de Gin au Luxembourg

Devenir membre

  * ACCUEIL
  * LE CLUB
    * Les Statuts
  * NOUS REJOINDRE
  * PARTENAIRES
  * GINS PARTENAIRES
  * CONTACT

Hello world!

Welcome to WordPress. This is your first post. Edit or delete it, then start
writing!

FdqxXNOcTZ2016-05-10T03:48:21+00:00

#### Share This Post, Choose Your Platform!

FacebookTwitterLinkedInTumblrPinterest

##  Related Posts

  * Music brings us together in celebration
####  Music brings..."
95,13,95_security_laufzeit_volets_fonds,"security, laufzeit, volets, fonds, août, cookie, privés, juil, facebook, luxembourg","Skip to content

Facebook Instagram | Call Us Today! (+352) 26 51 18 13|info@gdlsecurity.lu
  * English
    * Lëtzebuergech
    * Français

  * HOME
  * SERVICES
    * Reception and Access Control Services
    * Event Security and Personal Protection Services
    * Surveillance service
    * Mobile Security
    * Close protection
    * Dog handlers
  * ABOUT US
    * History
    * Corporate social responsibility
  * NEWS
  * CONTACT

Your security is our responsibility We offer security solution...
---
arrow drop search cross

  * Home
  * What is Supermiro?
  * Share with your friends
  * Your Favorites
  * Log in
  * Contact & Help
  * Drop an Event
  * Press
  * News

  * Facebook
  * Twitter
  * Instagram
  * Contact
  * fr

Fermer le menu

×

1 sur

08 August 9:05

  * Facebook
  * Twitter
  * Instagram

Open the menu

Locate me X

Supermiro

  *  Download the app
  * Sign up
  * Log in
  * Drop your event

## With the Supermiro App

Go out and act local, don’t miss any good deal or event...
---
* Start
  * Betrib
  * Bannen
  * Façaden
  * Spanndecken (Raumkonzept)
  * Eis Fournisseuren
  * Kontakt

  * Start
  * Betrib
  * Bannen
  * Façaden
  * Spanndecken (Raumkonzept)
  * Eis Fournisseuren
  * Kontakt

## Ären Lëtzebuergeschen Usträicherbetrieb säit 1980

  

  

Mit Facebook verbinden

  

Impressum | Datenschutz | Cookie-Richtlinie | Sitemap
Anmelden Abmelden  | Bearbeiten
zuklappen

## Zwingend erforderlich

Unbedingt erforderliche Cookies ermöglichen grundlegende Funktionen und..."
96,13,96_voir détails_téléchargement_flash_formulaire,"voir détails, téléchargement, flash, formulaire, détails, adobe, disponible, player, version, 1er","Either scripts or active content is not permitted to run or Adobe Flash Player
latest version is not installed.

Get Adobe Flash Player. You can view the mobile version  here , or it's
possible to view a simplified version of the book on any device
---
#### Content on this page requires a newer version of Adobe Flash Player.  
#### Content on this page requires a newer version of Adobe Flash Player.

# Accueil

## COVID-19

  

###  Conformément au plan de déconfinement dans l’éducation nationale, l’école
Grandjean rouvrira le 8 juin. La réouverture s’accompagnera de la mise en
place de strictes mesures barrières pour assurer la protection maximale de
tous les élèves ainsi que les membres du personnel. Les classes seront
divisées en deux group...
---
Bienvenue !  
Accueil

Nouveautés

Flash Info !

-
Micromed All In One

Produits

Nos Ordinateurs

-
Praxis 2.4 eXpert Compta eXpert Gestion

-
Offres de Prix

Tarifs

Fujitsu Brother Philips

Support

Praxis 2.4 eXpert Compta eXpert Gestion

Contacts

Notre Équipe Notre Société Où Sommes-Nous ?

 Flash Info  
  
Nouveautés  
Surface Pro X  
 16 juillet 2020 : Nouvelle interface : Madiadent  
Une nouvelle interface pour dentistes est disponible au téléchargement :
Mediadent.  
  se connecter...
..."
97,12,97_déménagement_migration_assistance_2019,"déménagement, migration, assistance, 2019, claude, luxembourg, european, intégration, lentz, country","* Home
  * About us
  * Client Needs
  * Our services
  * News
  * Contact

  * Home
  * About us
  * Client Needs
  * Our services
  * News
  * Contact

# News

  * All
  * Business
  * Prisma

All          Business          Prisma  
#### Luxembourg warns UK's Brexit stance jeopoardises City's market access

Article published on 7 July 2020 www.igniteseurope.com Luxembourg’s finance
minister has warned that the UK’s plans to diverge from EU regulations for the
financial services industry are th...
---
Contactez-nous

\+ 352 26 17 66 31

Toggle navigation Menu

  * Accueil
  * Nos activités
  * On vous rappelle
  * Demande de devis

# Votre déménagement au Luxembourg

  * 

  * Déménagement
  * Gardes meubles
  * Archivage
  * International
  * Nos agences en France
  * Actualités

## Demande de devis

pour votre déménagement

Quel que soit le lieu où s'affirment vos besoins, HEISS CLAUDE DÉMÉNAGEMENT au
Luxembourg mobilise ses énergies pour intervenir. Fort d'un réseau européen
DEMECO/DEMECO ...
---
Skip to content

#

## European Migration Network National Contact Point Luxembourg

##  Menu

  * About Us
    * EMN
    * EMN Luxembourg
    * Team
    * EMN NCPs
    * Disclaimer
  * Contact

  * News
  * Events
  * Publications
    * Studies
    * LU Informs
    * EMN Informs
    * Synthesis Reports
    * Policy Reports
    * REG
  * Glossary
  * Jurisprudence
  * Videos

  * ## Annual Report on Migration and Asylum 2019
The present report provides an overview of the main developments and de..."
98,12,98_ttc_panier_total_livraison,"ttc, panier, total, livraison, produits, stock, produit, commander, 00 total, aperçu rapide","Connexion

  * #### login
Connexion

Créez votre compte

Mot de passe oublié ?

  * home
  *   * Promotions
  *   * Nouveautés
  *   * Agenda
  * plan du site
  * contact

Contactez-nous

Lu 20 20 36 27 | Be 04 277 94 30 
Comparer 0

Ma commande 0 Produit Produits (vide)

Aucun produit

À définir  Livraison

0,00€ Taxes

0,00€ Total

Les prix sont TTC

Commander

Produit ajouté au panier avec succès

Quantité

Total

Il y a 0 produits dans votre panier.  Il y a 1 produit dans votre panier.

Tota...
---
Connexion

Contactez-nous

Appelez-nous au : +352 26 591005

LIVRAISON GRATUITE

Pour chaque commande au dessus de 150€

PAIEMENTS EN LIGNE

Cartes de crédit ou PayPal

Panier 0 (0)

Aucun produit

A déterminer  Livraison

0,00 € TVA

0,00 € Total

Les prix sont TTC

Commander

##  Produit ajouté avec succès à votre panier

Quantité

Total

##  Il y a 0 produits dans votre panier  Il y a un produit dans votre panier

Total produits (TTC)

Total livraison (TTC)  A déterminer

TVA 0,00 €

Total (T...
---
Connexion

Contactez-nous

Appelez-nous au : +352 77 92 44

Rechercher

0

Produit Produits

(vide)

Aucun produit

Livraison gratuite !  Livraison

0,00 € Total

Commander

##  Produit ajouté à votre panier

Quantité

Total

##  Il y a 0 éléments dans votre panier  Il y a un (1) élément dans votre
panier

Total produits (TTC)

Total livraison (TTC)  Livraison gratuite !

Total (TTC)

Continuer les achats  Passer à l'étape suivante

Catégories

  * Accueil
  * Les événements festifs
    * Les re..."
99,12,99_mozzarella_tomate_sauce tomate_jambon,"mozzarella, tomate, sauce tomate, jambon, champignons, crème, sauce, tomates, pizza, salade","Accueil |  Restaurant |  Notre carte |  Contact

  * Accueil
  * Restaurant
  * Notre carte
  * Contact
  *  

### Coordonnées :

  * Téléphone : +352 49 33 67
  * Fax : +352 49 33 54
  * Email : info@bellanapoli.lu

### Téléchargez ou scannez notre VCard :

  * 

### Horaires :

  * Horaires : Du lundi au dimanche de 12h00 à 14h00 et de 18h00 à 22h00.  
Le vendredi et samedi de 18h00 à 23h00.

### Activités :

  * Restaurant
  * Pizzeria
  * Spécialités Italienne
  * Hôtel

### Plan :

# Bella ...
---
* Accueil
  * Carte des menus
  * Le restaurant
  * Contact

## Contact

###### Réservations

Commandez en toute tranquillité…

### Contacts

Restaurant Chez Toni  
1 rue des Artisans  
L-3812 Schifflange (Schëffleng)

Tél : +352 54 44 22  
GSM : +352 621 145 125

Coordonnées GPS  
Longitude : 6.0118170  
Latitude : 49.5057660

### Take Away & Home Delivery Schifflange et alentours

T. : 54 44 22  
- ouvert tous les jours de 12h00 à 14h00 et de 18h00 à 22h00  
- les vendredi et samedi jusqu'à 22...
---
* Accueil
  * Menu de la semaine
  * La carte
  * Notre restaurant
  * Contactez-Nous

  

  

Salle a disposition pour evenements, proposition de menu  
  
Prix special pour groupes,banquets, pot de depart et anniversaires  
Pour banquets , sorti entre amis etc...

Nous sommes ouvert du lundi au vendredi de 11h00 à 14h30 et de 18h00 à 22h00

Veuillez réservez votre table a l’avance car nous sommes limités de nombre
table

Maximum 10 personnes par table

Et suivre les consignes du restaurant

Êt..."
100,12,100_sog_groupe_eis_08 2020,"sog, groupe, eis, 08 2020, 02 00, xxl, lions, pc, 07, joer","Skip to content

  * Home
  * Rezentes
  * Agenda
  * Historique
  * Media
  * Kontakt

Menu

# Fanfare Feelen

##### fondée 1902

## News

## Fëschfest annuléiert

## Eis traditionnelt Fëschfest ass leider ofgesoot fir dëst Joer wéinst dem
Covid-19 Virus.

## Mir hoffen dass mir Iech nächst Joer rëm op eisem traditionnelen Fëschfest
kënnen begréissen.

## Onsen Historique

##### Iwwer 100 Joer

## Zanter méi wéi 100 Joer ass d'Feelener Musek een Deel vum Duerfliewen an an
rondrëm Feelen. D'Feel...
---
Loading

  * Home
  * Events
  * About Us
  *   * English
  * Deutsch
  * Letzeboiesch
  * Francais

####  11/01/2019 - Daichhal zu Ettelbreck

## XXL-Apres-Ski

Freides, den 11. Januar 2019 vun 21:00 bis 03:00 Auer

Mehr erfahren Ticket kaufen

####

## VERGANGENE EVENTS

11/01/2019 / Daichhal zu Ettelbreck

#### XXL-Apres-Ski

Freides, den 11. Januar 2019 vun 21:00 bis 03:00 Auer

Mehr erfahren

31/12/2018 / Daichhal zu Ettelbreck

#### XXL-Silvester Bal

Meindes, den 31. Dezember 2018 vun 21:...
---
Zum Inhalt springen

  * 2, rue du Fort Olisy L-2261 LuxembourgLUX
  * Kontaktéiert ons
  * Login

InstagramFacebookYouTube

  * STARTSÄIT
  * GROUPE ANIMATEUR(GA)
    * Groupe AnimateurINFO
De Groupe Animateur (GA) gouf 1983 vu verschiddenen deemolegen Animateure
gegrënnt a besteet domat zanter méi wei 35 Joer.

      * Iwwer ons Aktivitéiten
      * Iwwer d'Formatioun
      * Aktuelle Comité2019
      * Memberskaart
    * ### Kolonien & Weekender
### Gëff Animateur

    * ### Aktuelle Comité
#..."
101,12,101_iphone_galaxy_ipad_apple,"iphone, galaxy, ipad, apple, repair, samsung, tango, pro, réparation, mac","Menu



  * Produits
    * MacBook Air
    * MacBook Pro 13""
    * MacBook Pro 13"" (nouveau)
    * MacBook Pro 16"" (nouveau)
    * Mac Pro
    * iMac
    * iMac 27"" Retina 5K
    * iMac Pro (nouveau)
    * Mac mini
    * Pro Display XDR
    * iPad Pro 12,9"" ou 11"" (nouveau)
    * iPad Pro 11"" ou 12,9"" (2018)
    * iPad Air 10,5""
    * iPad 10,2""
    * iPad mini
    * iPhone 11 Pro
    * iPhone 11
    * iPhone XR
    * iPhone SE
    * Apple Watch - Series 5
    * Apple Watch - Series 3
    * iPo...
---
* Accueil
  * Apple iPhone
    * iPhone SE 2020
    * iPhone 11 Pro Max
    * iPhone 11 Pro
    * iPhone 11
    * iPhone XS Max
    * iPhone XS
    * iPhone XR
    * iPhone X
    * iPhone 8 Plus
    * iPhone 8
    * iPhone 7 Plus
    * iPhone 7
    * iPhone 6S Plus
    * iPhone 6S
    * iPhone 6 Plus
    * iPhone 6
    * iPhone 5 / 5S / 5C / SE
    * iPhone 4 / 4S
  * Apple iPad
  * Huawei
  * Samsung
  * Contact

# Réparation iPhone à Luxembourg

# Spécialiste Apple & Samsung

## Réparation Exp...
---
* Facebook

  * ACCUEIL
  * RÉPARATIONS
    * Apple
      * iPhone
      * iPad
      * iPod
      * Watch
      * Mac
    * Samsung
      * Samsung S
      * Galaxy Note
      * Galaxy J
      * Galaxy A
      * Galaxy Tab
    * Huawei
  * ACCESSOIRES
  * ESPACE PRO
  * ACTUALITÉS
  * CONTACT

Sélectionner une page

5 MAGASINS À VOTRE SERVICE POUR :

# RÉPARATION PERSONNALISATION ACCESSOIRES

PhoneSmart a créé un concept novateur, complet et efficace sur un marché qui
connait une croissance exp..."
102,11,102_design_illustrations_visuelle_identité visuelle,"design, illustrations, visuelle, identité visuelle, creation, brand, corporate, claudia, studio, identité","Work

Our DNA

Get in touch

Brand illustrations

  *   *   *   * 

Work

Our DNA

Get in touch

Brand illustrations

  *   *   *   * 

# Tell your story with illustration.

An illustration is a powerful way to make your company stand out from the
crowd. It can help to describe what your company does and who you are, add too
and bolster your existing brand identity. We help to create a personality that
differentiates your company from your competitors. We are HUMAN MADE, a design
agency based in...
---
Menü

  * News
  * Leistungen
  * Projekte
  * Referenzen
  * Team
  * Kontakt
  * de
  * en
  * fr

# creation & consultancy

  * ## 
  * ## 
  * ## 
  * ## 
  * ## 
  * ## 
  * ## 

# Haben Sie Fragen zu ihrem Image und dem Design ihres Auftritts? Claudia
Eustergerling Design klärt die Corporate Identity und überträgt
Geschäftsstrategie in Designstrategie. Wir konzentrieren uns auf Kreation und
Beratung. Als vertrauenswürdiger Partner mit einem ganzheitlichen Ansatz
entwickelt unser Team Ideen...
---
...

  *   *   *   * 

  * Home
  * à propos
  * Portfolio
  * Contact

moien! hi! bonjour!  
hallo! sziasztok!

  *   * agence
  * communication
  * publicité
  * atelier graphique
  * jeune & créatif
  * projets personnalisés
  * limpertsberg / luxembourg
  * 

compétences

### identité visuelle

Création de vos logos et de l'identité visuelle correspondante afin de
garantir une bonne visibilité et de donner un fil rouge à votre communication.

### print & édition

Rien ne remplace le papier e..."
103,11,103_scouten_beaver_chalet_rover,"scouten, beaver, chalet, rover, explorer, soirée, guiden, branchen, calendrier, joer","<\-- Explorer

  * Startsait
  * Aktuelles
  * Am Ufank
  * Comité
  * Branchen
    * Beaver
    * Wëllef
    * Scouten
    * Explorer
    * Rover
  * Cheféquipe
  * Agenda
  * Kontakt
  * Foto'en
    * 2016 Camp Bleialf
    * 2017 Televie
    * 2017 Weekend Mersch
    * 2017 GoUrban
    * 2017 Daleiden

Zenter dem Scoutsjoer 2013/2014 bauen mär des Branche op.

  

Weider Informatiounen kritt där ob feldmais@feldmais.lu

---PAGE BREAK---

* Startsait
  * Aktuelles
  * Am Ufank
  * Comité
  * Br...
---
Springe zum Inhalt

Hoga Scouten & Guiden

Scouten & Guiden

Menü und Widgets

  * HoGa Scouten & Guiden
  * Ons Branchen
    * Beaver (ab 6 Joer)
    * Wëllefcher (8 – 11 Joer)
    * Scouten an Guiden (11 – 15 Joer)
    * Explorer (15 – 18 Joer)
    * Rover (19 – 26 Joer)
    * Cheffen
  * Onsen Programm
  * Agenda
  * Multimedia
    * Fotoen
    * Filme
    * Zeitungsartikelen
  * Scouts-Shop
  * Kontakt
  * Ons Partner & Sponsoren
  * Datenschutzerklärung

Suche nach:

# HoGa Scouten & Guiden...
---
* Start
  * News
    * 50 Joer Loutres
  * Branchen
    * Beaver
    * Wëllefcher
    * Scouten
    * Explorer
    * Rover
  * Programm
    * Programm Beaver
    * Programm Wëllef
    * Programm Scouten
    * Programm Explorer
    * Programm Rover
    * Formular Umeldung
  * Downloads
    * Loutres News
  * Fotoen
  * Locatioun vum Home
    * Locatioun-Kalenner
  * Kontakt
    * Cheffen
    * Komitee
    * Formular Kontaktopnahm

# Start

## Les Loutres de Mersch - FNEL Scouts

### Schéin Summer..."
104,11,104_bob_erfahren_sage_partage,"bob, erfahren, sage, partage, zubehör, geschützt anzeige, javascript eingeschaltet, adresse spambots, spambots geschützt, anzeige javascript","* Willkommen
  * Über uns
    * Unser Team
    * Chronik
    * 360° – Showroom
    * 360° – Werkstatt
  * Service
    * Know-How
    * Ihre Vorteile
    * Terminanfrage
  * Unsere Fahrzeuge
    * HYMER
    * ERIBA
    * Carado
    *     * Fahrzeugbestand
    *     * Mietfahrzeuge
  * Zubehör
    * HYMER Original Teile & Zubehör
    * Carado Original Teile & Zubehör
    * Movera
    * Efoy
    * Goldschmitt

Diese Seite verwendet Cookies. Durch die weitere Nutzung dieser Website
stimmen Sie deren...
---
+352 27 18 12 info@account-it.lu

  * Home
  * Sage
    * Bob 50
    * BOB 50 Expert
    * Modules / Options
      * Gestion commerciale
      * Bob-Demat
      * Pack Bancaire
      * Bob Link
      * OLE
      * Import FX Rates
      * My Dashboard for BOB 50
    * Migration
    * Documents
  * Horus
  * Nos services
    * Formation à la carte
    * Télémaintenance
    * Mise à jour
  * À propos de nous
  * News
  * Contact

Sélectionner une page

## SAGE BOB50

Le must des solutions de gestio...
---
* STARTSEITE
  * ÜBER UNS
  * LEISTUNGEN
  * KONTAKT

SCHORNSTEIN REINIGEN LASSEN

  * LU 
  * FR 
  * DE 
  * EN 

  * LU 
  * FR 
  * DE 
  * EN 

  * STARTSEITE
  * ÜBER UNS
  * LEISTUNGEN
  * KONTAKT

SCHORNSTEIN REINIGEN LASSEN

###  Animo

  * Kamin- und Pelletöfen

###  Attika

  * Kaminöfen und Kamineinsätze

###  Dimplex

  * Elektrofeuer Connect

###  Dimplex

  * Elektrofeuer Create

###  Drooff

  * Kaminöfen

###  Dru

  * Gaskamine

###  Ebios Fire

  * Bioethanol - Feuerstellen

#..."
105,11,105_kiid_fisch_08 04_04 2020,"kiid, fisch, 08 04, 04 2020, global, bond, chf, 04, piscine, sauna","Centre Aquatique de Mersch - Krounebierg  
14, rue de la Piscine  
L-7572 Mersch  
Tél. +352 32 88 23 - 1

Français  |  Deutsch
  * Page d'accueil
  *  | 
  * Contact
  *  | 
  * Plan d'accès

  * Online-Shop
  * Le centre
    * Nous
    * Mersch
    * Liens utiles
    * Durabilité
    * Sécurité
  * Accessibilité
  * La piscine
  * Bien-être
    * Saunas
    * Infusions
    * Cabine à infrarouge
    * Hammam
    * Whirlpools bassin chaud
    * Douches aventure
    * Bassin froid
    * Massages
...
---
*   * en
  * fr
  * Heures d'ouverture | Tarifs | Contact | Structure | Administration

Toggle navigation

  * Piscine  Schwimmbad
    * La piscine
    * Bassin de natation
    * Bassin chaud
    * Bassin pour enfant
    * Whirl-Pool
    * Site extérieur
    * Fête anniversaire
    * Toboggan
  * Sauna  Sauna
    * Sauna
    * Sauna Bain à vapeur
    * Sauna Voluttà
    * Sauna Kelo
    * Sauna Ruusu
    * Sauna Valo
    * Salle de repos
  * Cours  Kurse
    * Introduction
    * Aquajogging
    ...
---
Language Selector

DEUTSCH

  * ENGLISH

### Verwaltungsgesellschaft des  
Fisch Umbrella Fund

### Produkte

Finden Sie hier nähere Informationen und Eckdaten zu den Teilfonds des Fisch
Umbrella Fund.

» Produkte

### Downloads

Der direkte Zugang zur rechtlichen Dokumentation rund um den Fisch Umbrella
Fund.

» Downloads

### Über uns

Finden Sie hier allgemeine Informationen und Kontaktdaten der Fisch Fund
Services AG.

» Über uns

# Produkte

# Fondsübersicht

Mit Hilfe der Filterkriterien f..."
106,10,106_imprimeur_economy_devenir_26 12,"imprimeur, economy, devenir, 26 12, faq contact, blog, conseil, lire, client, partenariats","## Sidebar

×

### Main Menu

  * Home
  * Qui sommes nous?
  * Devenir donneur
    * Devenir donneur
    * Moëlle
    * S'inscrire
  * News
  * FAQ
  * Contact

### Off-Canvas Sidebar

  * Home
  * Qui sommes nous?
  * Devenir donneur
    * Devenir donneur
    * Moëlle
    * S'inscrire
  * News
  * FAQ
  * Contact

  *   * 

### Faites votre don au: IBAN LU80 0030 8573 6415 0000

Paypal

### Moëlle

### Devenir donneur

### Où s'inscrire !

### Nos actions

### News

25 janvier 2020

VENEZ SAUV...
---
* Facebook
  * LinkedIn
  * Instagram
  * Twitter
  * Youtube

  * 0Panier

  * Nos produits
  * Nos réalisations
  * Nos showrooms
  * Nos partenaires
  * Blog
  * Qui sommes-nous ?
  * Contact
  * Demandez un devis
  * Menu Menu

# De l’acoustique dans les nuages

Vous êtes ici : Accueil1 / Blog - actualités - coups de coeur - TERTIA
conseil2 / L’objet design du mois3 / De l’acoustique dans les nuages

# De l’acoustique dans les nuages

L’objet design du mois

Depuis quelques années l’acoustiq...
---
☰ Menü

  * Home
  * Wir sind...
  * Wir bieten...
  * Sie wollen...
  * Kontakt

  * ...wir bringen neue Ideen ins Rollen
  * Geschäftspapiere, Visitenkarten, Banner... alles für Ihre Firma
  * Wir kümmern uns um alles - von der Einladung bis zur Danksagung
  * Lassen Sie andere an Ihrem Glück teilhaben
  * Flyer, Aufkleber, Plakate, Eintrittskarten, Banner... alles für Ihren Verein
  * Halten Sie Ihre schönsten Momente im Leben auf Leinwand fest
  * bringen Sie Farbe in Ihr Leben
  * verschöne..."
107,10,107_jonn_jonn happi_happi_art,"jonn, jonn happi, happi, art, challenge, artists, gallery, schiltz, michael, laufzeit","* Home
  * Deutsch
  * Français
  * English

  * Home
    * Künstler
    * Micha Baker
    * Hans Jochem Bakker
    * Patrizia Casagranda
    * Axel Crieger
    * Mascha de Haas
    * David Gerstein
    * Hannes Helmke
    * Käpten Nobbi
    * Tanja Kiesewalter
    * Jeff Koons
    * Sabine Liebchen
    * Jack Liemburg
    * Devin Miles
    * Taleh Mirkazimov
    * James Rizzi
    * Ad van Hassel & Michael Daniels
    * Service
    * Kontakt
    * Partner / Link
  * Deutsch
    * Künstler
      ...
---
* Facebook
  * Twitter
  * Pinterest

  * Showcase
  * Services
  * About
  * Contact

Menu

  

  * Showcase
  * Services
  * About
  * Contact

# Artichocs

## 'Art is the daughter of freedom'

### Friedrich Schiller

Our international platform for artists to meet their public. Feel free to
browse our website and discover our arti offers and services.

Filter

  

  * All
  * Art!facts
  * Art!sts
  * Art!vents
  * Art!shop
  * Art!quotes

  * All Works
  * Art!facts
  * Art!sts
  * Art!vents
...
---
#  Kulturhaus Niederanven

  * Français
  * Deutsch

  * Agenda
  * CREATIVE@HOME: DIY & MORE
    * Creative@home: DIY & more
    * Lynn Schiltz - Collage aus Texturen
    * Jonn Happi - Challenge 1
    * Jonn Happi - Challenge 2
    * Jonn Happi - Challenge 3
    * Sarah Grn - Den Igel
    * Sophie Dewalque - Masque
    * Jonn Happi's Strmp Jonglage
    * Lynn Schiltz - Dieren aus Kartrong
    * Magali Lehners - Yogageschichte mam Magali & Lou
    * Dalila Kamunga - E Flip Book selwer maachen
 ..."
108,10,108_jardin_paysagiste_jardinier_données,"jardin, paysagiste, jardinier, données, entretien, binsfeld, animal, lucien, espaces verts, verts","﻿

Logo

  * Accueil
  * A propos
  * Le magasin
  * Paysagiste
  * Exploitation forestiere
  * Actualites
  * Contact

  1. 1
  2. 2
  3. 3

## Un spécialiste expérimenté à votre écoute

Un accompagnement sur mesure en fonction de vos besoins, une vaste sélection
de plantes à proximité du centre commercial d'Oberpallen

## Conception et entretien d'espaces verts

Aménagement et mise en valeur de vos extérieurs, notre savoir-faire est à
votre disposition pour la création et l'entretien de votre ...
---
﻿

Logo

  * Accueil
  * Presentation
  * Nos realisations
  * Contact

  1. 1

## Jardin Alves Samuel

## Alves Samuel  
Jardinier Paysagiste

Spécialiste de l'aménagement et l'entretien de votre jardin, nous proposons
des contrats d'entretien annuel pour les particuliers, les professionnels et
les communes.

Lire plus

## Besoin de plus d'informations ?

  

Contactez-nous

##  Nos réalisations  

##### Entretien de jardin

26 nov. 2019

##### Amenagement de jardin

26 nov. 2019

##### Amenage...
---
﻿

Logo

  * Accueil
  * A propos
  * Services
    * Creation d’espaces verts
    * Abattage / Elagage
    * Maçonnerie paysagere
    * Clotures
    * Contrat d’entretien
  * Realisations
  * Contact

  1. 1
  2. 2
  3. 3
  4. 4
  5. 5

## Création d'espaces verts

Nous intervenons avec une équipe formée et qualifiée pour transformer votre
extérieur  

En savoir plus

## Abattage / Elagage

Nous sommes professionnel de l'élagage et le démontage d'un arbre  

En savoir plus

## Maçonnerie paysagè..."
109,10,109_3d_semelles_photographie_automobile,"3d, semelles, photographie, automobile, logiciel, tension, patients, printing, unternehmen, projets","CALL  +352 / 23 60 44-1

info@ats-cranes.lu

EN

  |  
FR

  |  
DE

  * Kontakt

  * Unternehmen

  * Referenzen

  * Fuhrpark

  * Lösungen

3D CadArbeitsbühnenVoiture PiloteSchwertransporteKranarbeiten

UnternehmensgruppeTeamUnternehmen

  * Sprache
    * DE
    * FR
    * EN
  * Startseite
  * Lösungen
    * 3D Cad
    * Arbeitsbühnen
    * Voiture Pilote
    * Schwertransporte
    * Kranarbeiten
  * Fuhrpark
  * Referenzen
  * Unternehmen
    * Unternehmensgruppe
    * Team
    * Unternehme...
---
Skip to content

# Custelec

Modules électroniques sur mesure

Menu

  * 3D Printing
    * 3D Printing Status
    * 3D Printing Quote
  * Shop
  * Wiki
  * Contact

Scroll down to content

## Presentation

Custelec offers a large range of various electronic modules, from home
automation to robotics. Each module is customizable to be integrated into any
existing or future application.

Moreover, according to the company's philosophy, specific electronic modules
can be custom-made. After a prelimi...
---
* Design
  * Semelles
  * Philosophie
  * Démo logiciel
  * Catalogue

Connexion

  * fr

####  Etudiant

Avez-vous déjà vu la réalisation de semelles 3D cad/cam dans vos cours ?  
  
Si tel n’est pas le cas nous vous le montrerons avec plaisir.  
  
Le logiciel MyAtelier est gratuit!  
  
Des empreintes de pied en 3D y sont déjà préinstallées pour découvrir le
logiciel, mais vous pouvez aussi scanner votre propre « empreinte » sur
podographe et faire des essais à partir d’une base 2D.  
  
Rest..."
110,10,110_nettoyage_00 17_17 00_08,"nettoyage, 00 17, 17 00, 08, 08 00, 00, 30 19, cookies, projets, 08 30","* Accueil
  * Qui sommes-nous ?
  * Nos services
  * Contactez-nous au 661 977 950

C'Propre est une entreprise familiale qui propose ses services de ménage et de
nettoyage aux particuliers & professionnels.

## Qui sommes-nous ?

C'PROPRE est une entreprise familiale qui propose ses services de ménage et de
nettoyage.Que vous soyez un particulier ou un professionnel, nos femmes de
charge expérimentées sauront vous aider dans vos tâches quotidiennes ou
ponctuelles.Nos services :- Nettoyage régul...
---
* Accueil
  * Presentation
  * Nos activites
  * Offre d'emploi
  * Nos services 
    * Plafonds et faux plafonds 
    * Cloisons
    * Platre 
  * Nos realisations 
  * Contact

  *   *   * 

## Qui sommes-nous ?

Cloison Lux est située à Grass. Notre société est spécialisée dans les travaux
d'aménagements intérieurs. Nous assurons un service de qualité dans le respect
des règles liées aux exigences de notre métier. Nous travaillons aussi bien
avec une clientèle privée que professionnelle. Nous...
---
* Accueil
  * Presentation
  * Produits & Services
  * Nos gammes
  * Contact

Climatisation et Energie

  *   *   * 

## Qui sommes-nous ?

Cool & Co accompagne les professionnels avec des systèmes et des gammes
adaptés à chacun des besoins de leurs clients. Vous êtes chauffagiste,
électricien, installateur et revendeur de climatisation, ventilation,
conditionnement, humidification, purification d'air, pompe à chaleur,
installation frigorifique, réfrigération industrielle… nous avons les produi..."
