topic_id,count,name,top_words,representative_docs
-1,2831,-1_2016_luxembourg_00_contact,outliers,""
0,353,0_luxembourg_allianz_services_international,"luxembourg, allianz, services, international, management, nbsp, contact, 2016, investment, business","* fr
  * en
  * nl

  * FOP Group 
  * Our services 
    * Luxembourg accounting 
    * Tax advisor Luxembourg 
    * Setting up a company in Luxembourg 
      * Limited company 
      * Limited liability company 
      * Soparfi (Holding company) 
      * Private asset management company 
      * limited partnership (société en commandite simple or SECS 
      * Partnership limited by shares / La société en commandite par action (S.C.A.) 
    * Luxembourg domiciliation 
    * Payroll services L...
---
﻿

  * Twitter
  * Linkedin

  * Login EXTRANET
  * Newsletter subscription

  * Private Equity in Luxembourg
    * Facts and Figures
    * Tax Environment
    * Legal Framework
    * AIFMD
  * What's happening?
  * About LPEA
    * Membership
      * How to become a member?
      * Membership guidelines
      * Members Search
      * Admission Questionnaire
      * Members' Benefits
    * Articles of association
    * Governance
      * The General Assembly
      * The Board of Directors
      ...
---
toggle menu

Menu

  *   *   *   *   * 

  * Media corner
  * Contact us

  * Why   
Luxembourg

    * Choose Luxembourg
      * Strategic gateway to Europe
      * Bringing ideas to life
      * Skilled multilingual workforce
      * A favourable financial climate
      * Intellectual property
    * ICT in Luxembourg
      * Connectivity
      * Data centres as ecosystems
      * Data protection
      * Green energy
      * Financial support
  * Sectors 
    * E-commerce
    * Electronic conten..."
1,171,1_chauffage_gaz_bruleur_ultimate,"chauffage, gaz, bruleur, ultimate, installations, énergie, énergétique, hotcity, energy, sanitaire","## Zoda

Chauffage - Ventilation  
Installation sanitaire  
5, zone industrielle de Grasbusch  
L-3370 LEUDELANGE  
LUXEMBOURG

Contactez-nous :  

Tel.: +352 691 31 26 95

info@zoda.lu

  * Accueil
  * Partenaires
  * Réalisations
  * Devis

L'entreprise ZODA Sàrl possède une expérience dans le domaine de l'équipement
technique et de la gestion énergétique du bâtiment.

L'activité s'étend des installations de chauffage, ventilation, sanitaires,
aux installations d'énergie renouvelable.

Les dif...
---
* Accueil
  * A propos de nous
  * Promotions
  * Références
  * Téléchargements
  * Offres d’emplois
  * Contact

Passer au contenu

  * Chauffage Sanitaire Climatisation
  * Eco Energie
  * Salle de bain clé en main
  * Entretien Dépannage
  * Nos partenaires

  * Chaudière gaz à condensation 24 KW avec boiler 160 ou 200 litres
  * Supplément solaire
  * Nos services
  * Cillit Aquium - Promo 1999 € HTVA
  * Promotion10499€10999€Salle de bains clé en main
  * Promotion198€228€L'entretien Chau...
---
Direkt zum Inhalt

  * FR
  * DE

Toggle navigation

  * Produkte
    * Energieberatung
      * Staatliche Beihilfen
      * Gemeindebeihilfen
      * Leitfaden Altbausanierung
      * Regenwassernutzung
      * * * *
      * Angebot anfragen
    * Energiepass
      * Energiepass Wohngebäude (bestehend)
      * Energiepass Wohngebäude (Neubau)
      * Zweckbau bestehend
      * * * *
      * Gratis Angebot anfordern
    * BlowerDoor
      * Bestehende Gebäude
      * Neubauten
      * * * *
    ..."
2,138,2_352_luxembourg_plombier_fax,"352, luxembourg, plombier, fax, rue, 26, mdiation, 352 26, fax 352, 000","20% DE REMISE POUR TOUS DEVIS SIGNÉS AVANT LE 1ER SEPTEMBRE

  * Accueil
  * # Plombier Luxembourg 
  * ## Dépannage
  * Devis en Ligne
  * Contact
  * Recrutement

Search...

  *   *   * 

  * Plombier
  * Debouchage
  * Deboucheur
  * Electricien
  * Serrure
  * Serrurier
  * Vitre
  * Vitrier
  * Chauffagiste

###

Assistance téléphonique  
+352 661 675 555

lire la suite

###

Assistance téléphonique  
+352 661 675 555

lire la suite

### Accueil!

HENRI REDDINGER ENTREPRISE est le 1er résea...
---
Pour dépannage de garde 24h/24 & 7j/7  
                                                                                   +352 661141899  
                                                                                                    intervention en 30 minutes  
  * Plombier Luxembourg 
  * PLOMBERIE 
  * Chaffagiste 
  * DEBOUCHAGE 
  * ELECTRICITE 
  * SERRURERIE 
  * VITRERIE 
  * CONTACT 
  * Plombiers Luxembourg 

## Plombier urgence pas cher luxembourg

﻿Pour depannage de garde 24h/2...
---
|

VERSION MALVOYANTS

RECHERCHE:

Formulaires & contact | Agences & Services | Plan du portail
Caisse nationale de sante | Tlphone: 27 57 - 1 | 125, route d'Esch | L-1471 Luxembourg 
http://aucasinosonline.com/roulette/

Dpliants | FAQ | Le saviez-vous? | Lgislation | Publications | Presse | Liens | A propos
  

  

Bienvenue a la Caisse nationale de sante.  
La CNS - encore appelee d'Gesondheetskeess - et son reseau d'agences locales
se presentent a vous.

# Assures

Informations, documents et..."
3,124,3_commune_communale_communal_administration,"commune, communale, communal, administration, administration communale, conseil communal, agenda, associations, service, conseil","Administration Communale de Sanem  

  * Actualite
  * Agenda
  * Adresses utiles
  * Publications et Formulaires
  * FAQ
  * Liens
  * Photos
  * Contact
  * Recherche
  * Plan du site

  
Accueil

  1. Erreur

  
  * La commune se presente
    * Le mot du bourgmestre
    * L'histoire
    * La commune en chiffres
  * Vie Politique
    * Le bourgmestre
    * Le college echevinal
    * Le college echevinal prend la parole
    * Le conseil communal
    * Les seances du conseil communal
    * Les c...
---
Administration Communale de Mompach  

  * Actualite
  * Agenda
  * Adresses utiles
  * Publications
  * FAQ
  * Liens
  * Photos
  * Contact
  * Recherche
  * Plan du site

  
Accueil

  1. Erreur

  
  * La commune se presente
    * Decouvrir la commune
    * La commune en chiffres
  * Referendum: fusion Mompach-Rosport
  * Politique
    * Le bourgmestre
    * Le college echevinal
    * Le conseil communal
    * Commissions Consultatives
    * Seances du conseil communal
    * Gemengebuet-Onli...
---
Administration Communale de Mertert  

  * Actualite
  * Agenda
  * Adresses utiles
  * Publications
  * FAQ
  * Liens
  * Photos
  * Contact
  * Recherche
  * Plan du site

  
Accueil

  1. Erreur

  
  * La commune se presente
    * Decouvrir la commune
    * La commune en chiffres
  * Politique
    * Le bourgmestre
    * Le college echevinal
    * Le conseil communal
    * Commissions Consultatives
    * Syndicats
    * bulletin communal
  * Services communaux
    * Accueil/ Info
    * le bur..."
4,121,4_seniors_2016_fc_saison,"seniors, 2016, fc, saison, 2015, club, 16, coupe, volleyball, progres","* Le Club Union Remich/Bous
Le comite Les terrains Nous contacter Supporterclub URB

  * Les Jeunes Entraineurs, Informations, ...
Nos Équipes Les Entrainements

  * Equipes Resultats et Programmes
Resultats Programme Presentation Saison

  * News News, Agenda, ...
News Agenda iCal Agenda

  * Medias Photos, urbGoal, etc..
Gallery urbGoal Documents BIOs

  * Sponsors
Nos sponsors Devenir sponsor

### URB News

06

AO&

Dauerkaarten 2015/2016  
vun Lars Kuffer

Se sin endlech do an kennen bestall...
---
#  

## de Veräin

e puer allgemeng Informatiounen iwwert de Club

## Seniors 2

## Sponsoring

## Buvette

De Ray an säin Team suergen dofir, dass keen um Terrain Honger an Duuscht
leide muss!

## Comité

de Comité fir d'Saison 2013-2014

## Lëntgen-Luerentzweiler

de Charly

## Seniors 1

Seniors 1

Jun 16  
23

## Football féminin

# Trois renforts de choix pour le Minerva

(ER) - L'équipe dames de Lintgen s'est assuré les services pour la saison
prochaine du trio Maurer-Havé-Da Silva.

Trois...
---
Home  Le Club  News  75 Joer FC IZEG  Horaires des entraînements  Répartition
terrains  SENIORS  DAMES & JEUNES FILLES  Youth Corner  Vétérans
Manifestations  B.I.O. (FLF) Bulletin d'Information Officiel Galeries
Sponsors  Contact

## SENIORS 2 - SAISON 2015-2016

## SENIORS 1 - SAISON 2015-2016

## SENIORS 2 - SAISON 2015-2016

## SENIORS 1 - SAISON 2015-2016

#  LESCHT RESULTATER

# TERMINKALENNER

## Freideg, 22. Juli:  

19h30 (Seniors 1): Beggen - IZEG

## Freideg, 29. Juli:  

19h30 (Senio..."
5,83,5_ford_audi_subaru_garage,"ford, audi, subaru, garage, prix, véhicules, liste prix, carburant, configurateur, nouvelle","* Accueil
  * Véhicules Neufs
Voitures

Véhicules utilitaires

BUY AND GO

FORD KA

LE NOUVEAU FORD EDGE

FORD FIESTA

FORD FIESTA ST

FORD B-MAX

FORD FOCUS ST

NOUVELLE FORD  FOCUS

FORD ECOSPORT

LA NOUVELLE FORD C-MAX

FORD KUGA

NOUVELLE FORD MONDEO

NOUVEAU FORD S-MAX

FORD S-MAX

NOUVEAU FORD GALAXY

FORD TOURNEO CUSTOM

FORD TOURNEO CONNECT

FORD TOURNEO COURIER

FORD FIESTA VAN

FORD TRANSIT COURIER

FORD TRANSIT CONNECT

FORD TRANSIT CUSTOM

FORD TRANSIT 2T

FORD RANGER

FORD TOURNEO C...
---
* Accueil
  * Véhicules Neufs
Voitures

Véhicules utilitaires

FORD KA

LE NOUVEAU FORD EDGE

FORD FIESTA

FORD FIESTA ST

FORD B-MAX

FORD FOCUS ST

NOUVELLE FORD  FOCUS

FORD ECOSPORT

LA NOUVELLE FORD C-MAX

FORD KUGA

NOUVELLE FORD MONDEO

NOUVEAU FORD S-MAX

FORD S-MAX

NOUVEAU FORD GALAXY

FORD TOURNEO CUSTOM

FORD TOURNEO CONNECT

FORD TOURNEO COURIER

FORD FIESTA VAN

FORD TRANSIT COURIER

FORD TRANSIT CONNECT

FORD TRANSIT CUSTOM

FORD TRANSIT 2T

FORD RANGER

FORD TOURNEO CUSTOM

  * V...
---
* Navigation
  * Search
  * Content

# Main Navigation

  * Home
  * Concessionnaires
    * Concessionnaires Audi - Liste du réseau
    * Liste partenaires Service
    * Garage Martin Biver
    * Garage Castermans
    * Garage Roby Cruciani - Concessionnaire exclusif A8
    * Garage Losch & Cie Junglinster
    * Garage Martin Losch Esch/Alzette
    * Garage M. Losch Luxembourg - Concessionnaire exclusif A8
    * Garage M. Losch Bereldange - Concessionnaire exclusif e-tron
    * Partenaire Audi S..."
6,73,6_000_000 000_appartement_luxembourg,"000, 000 000, appartement, luxembourg, immobilier, vendre, jones lasalle, lasalle, m2, max","* Accueil
  * Ventes
    * Appartements
    * Maisons
    * Terrains
    * Commerces
    * Garage/Parkings
  * Locations
    * Appartements
    * Maisons
    * Commerces
    * Garage/Parkings
  * Gestion
  * Etranger
  * Contact
  * Calculez votre crédit

## Bienvenue à l'Agence Immobilière Toussaint Abby s.à.r.l

Votre agence immobilière spécialisée dans les achats, ventes, locations,
promotions et estimations de biens immobiliers au Luxembourg.  
  
Située au Grand-Duché depuis 1979, des profe...
---
﻿RE/MAX, Leader Mondial de l'Immobilier, est présent dans 85 pays avec plus de
100000 agents. Contactez-nous !

﻿ RE/MAX - Select  
6-8 rue Jean Origer  
L-2269 Luxembourg  
+352 27 49 56-1  
select@remax.lu

  * Accueil
  * Ventes
    * Toutes les ventes
    * Maisons
    * Appartements
    * Bureaux
    * Terrains
  * Locations
    * Toutes les locations
    * Maisons
    * Appartements
    * Bureaux
  * Neuf
  * A propos
  * Vidéos
  * Estimation
  * Contact

## Votre spécialiste local, natio...
---
* English 
    * French

MENU

Luxembourg

  * MENU
  * Home
  * About RE/MAX
  * Agents & Offices
  * Buying
  * Selling
  * Follow us on Facebook
  * Follow us on YouTube
  * Training and Education
  * Join RE/MAX
  * Prize Contest
  * Contact
  * Language
    * French
    * English

  
  

  

# Find the perfect property

Buy Rent

Luxembourg

Search

Property Type  Apartment House Land Garage Commercial/Retail Industrial
Investment Land Office Sale of Business Farm Store with Apt/Office Gara..."
7,72,7_mcm_財布_メンズ_00,"mcm, 財布, メンズ, 00, constructions, bois, entreprise, toitures, façades, peinture","# Grethen Sàrl

  * lu
  * de
  * en
  * fr

  * Accueil
  * Présentation
  * Produits & Services
  * Notre catalogue
  * Contact

  * Réalisation de salles de bains clés en main, installation, entretien, dépannage, sanitaire, chauffage et climatisation.

## Présentation

L'Entreprise Grethen a été fondée par Monsieur Edouard Grethen en 1945 . En
1947, le siège social était situé au numéro 14 rue de la Paix à Luxembourg. En
1960, son fils Monsieur Pitt Grethen a repris la succession de l'Entrepr...
---
#

  * lu
  * de
  * en
  * fr

  * Accueil
  * Présentation
  * Produits & Services
  * Prestations
  * Contact

  * ## UNE EQUIPE PROFESSIONNELLE A VOTRE SERVICE

## Présentation

Entreprise luxembourgeoise fondée en 1907 par Mr. Ch. Esser. Nous effectuons
le nettoyage de locaux, vitres, chassis, volets, façades, enseignes,
marquises, vérandas. Nettoyage des vitres et façades en cordage ou en nacelle.
Nettoyage à fond après chantier et transformations. Nettoyage de panneaux
solaires. Service h...
---
﻿

2013/14

PRODUKTEMARKENTRIERLUXEMBURGSERVICE

Skandinavisches Design

Wir führen für Sie eine exklusive Auswahl skandinavischer Design-Marken und
origineller Geschenkartikel

Unsere Trierer Filiale:  
Wir heißen Sie  
herzlich Willkommen!  
Design von Rosendahl, iittala, Marimekko, Kosta Boda, Stelton, und mehr  
weiter ...

Unser Ladengeschäft  
in Luxemburg:  
Seit 2003 führen wir hier Geschenk - und Design-  
artikel aus Skandinavien und dänische Periodika.  
weiter ...  

weitere Produkte..."
8,59,8_crèche_enfant_enfants_og,"crèche, enfant, enfants, og, parents, pédagogique, crèches, mois, ans, projet pédagogique","Accès parents

  * accueil
  * crèche
  * projet pédagogique
  * nos galerie
  * contact

# Bienvenue

### dans notre crèche

### La crèche Vanille et Chocolat est une structure privée et familiale pour
vos enfants de 2 mois à 4ans.

Dans une maison entièrement consacrée et aménagée pour vos enfants à
Luxembourg - ville dans le quartier de Merl, notre crèche est ouverte du Lundi
au Vendredi de 7h30 à 18h30 toute l’année (sauf entre Noël et Nouvel An et
jours fériés luxembourgeois).

Personnel qu...
---
#

  * Accueil
  * Crèche
  * Projet pédagogique
  * Galerie photos
  * News
  * Contact

## Bienvenue Présentation de la crèche

La crèche Bidibul est une structure familiale située à Foetz, dans la zone
artisanale. Au sein d'une maison en bois dotée d'un jardin, elle accueille 57
enfants du lundi au vendredi de 5h à 22h30 et le samedi de 7h30 à 20h.
Soucieuse du bien-être et afin d'assurer l'évolution et l'adaptation de
l'enfant, l'équipe de Bidibul répartit les enfants en 4 groupes d'âges.

 ...
---
* Accueil
  * Bienvenue à tous
  * Projet pédagogique
  * Galeries Photos
  * Menu
  * Contact

  * 

  * 

bienvenue-a-tous

## Bienvenue à tous

La crèche « Butzebuerg » a ouvert ses portes en octobre 2011 à Differdange.
Elle accueille des enfants de toute culture, nationalité et classe sociale à
temps plein ou à mi-temps. La crèche prend en charge des enfants entre 2 mois
et 4 ans. Elle est aménagée dans une maison unifamiliale spacieuse et adapté
aux enfants, dans un quartier tranquille pas ..."
9,55,9_password_cfl_infpc_rail,"password, cfl, infpc, rail, forgot, username, quantity, arthur, formation, 2016","* Home
  * Gallery
  * Schueberfouer
  * Events
  * News
  * FTS Events
  * Videos
  * About us
  * Contact

Search

4.4 C

Luxembourg

Sunday, October 23, 2016

Sign in

Welcome! Log into your account

your username

your password

Forgot your password? Get help

Password recovery

Recover your password

your email

A password will be e-mailed to you.

  * Home
  * Gallery
  * Schueberfouer
  * Events
  * News
  * FTS Events
  * Videos
  * About us
  * Contact

#  FTS

Trending Now

### AUDIO. ...
---
* Skip to content
  * Skip to main navigation
  * Skip to first column
  * Skip to second column

#  rail.lu

  *   *   * 

rail.lu - The Railways in and around Luxembourg

No Frames

Last Updated on Friday, 11 January 2013 20:47

  
### Login

Username  

Password  

Remember Me

  * Forgot your password? 
  * Forgot your username? 
  * Create an account 

### Main menu

  * Home
  * rail.lu - News
  * rail.lu - Wanted
  * rail.lu - Forum
  * rail.lu - Links
  * rail.lu - Search ...
  * rail.lu...
---
#

##

### Your Cart

Your Cart is currently empty.

### User Account

RegisterLogin

  * Home
  * MBS-L Insider
  * News Pdf's 2016
  * CFL+Lux News
  * About Us
  * Horaires
  * Contact
  * Links
  * Terms
  * Impressum

Username  
  
Password  
  
Remember me  

  * Forgot your password?
  * Forgot your username?
  * No account yet? Register

MBS-L Terms CFL

  * Narrow
  * Wide
  * Fluid

Info: Your browser does not accept cookies. To put products into your cart and
purchase them you need to..."
10,51,10_amp_amp amp_taille_eset,"amp, amp amp, taille, eset, matelas, luxembourg téléphone, javascript, panier, voir, jeux","## Choisissez votre magasin

×

Vous avez été redirigé sur le magasin luxembourgeois, vous pouvez en
sélectionner un autre ci-dessous, ou vous pouvez continuer à naviguer sur
celui-ci en fermant cette popin France

## Changement de Store

En changeant de Store, vous allez être déconnecté, voulez-vous continuer ? Oui
Non ×

JavaScript seems to be disabled in your browser.  
Javascript doit être activé dans votre navigateur pour utiliser toutes les
fonctionnalités de ce site.

Bienvenue,  !

Nos m...
---
JavaScript scheint in Ihrem Browser deaktiviert zu sein.  
Sie müssen JavaScript in Ihrem Browser aktivieren, um alle Funktionen in
diesem Shop nutzen zu können.

# luxtec - Onlineshop

  * Konto
  * Mein Wunschzettel
  * Anmelden

Suche: Suche

0 Artikel(s)  0,00 €

  * Haushaltswaren
    * Backen & Zubehör
    * Backöfen & Herde
    * Bodenstaubsauger
    * Brotbackautomaten
    * Bügeln & Nähen
    * Entsafter
    * Geschirrspüler
    * KitchenAid
    * KitchenAid Zubehör
    * Kochfelder
   ...
---
Javascript est désactivé dans votre navigateur.  
Javascript doit être activé dans votre navigateur pour utiliser toutes les
fonctionnalités de ce site.

Mon compte

Trouver un magasin

Catalogue

Nous contacter : 09 87 87 89 62

Menu Rechercher

Compte

Mon panier 0 Mon panier (0)

0 produit(s)

0,00 €

Rechercher : Ok

  * Mon compte
  * Mon panier
  * Trouver un magasin
  * Catalogues
  * Nous contacter
  * Connexion

  * Matelas 
Tailles

    * Matelas 140x200
    * Matelas 160x200
    * Mat..."
11,49,11_00_restaurant_50_sauce,"00, restaurant, 50, sauce, salade, heures, lundi, carte, 12 00, vendredi","DECORATION WAGNER

  * 

  * Accueil
  * Produits
  * Prestations
  * Nos Marques
  * Actualités
  * Contact
  * LISTES

#

# tout le decortextile de la maison

  
Heures d’ouverture:  
mercredi à vendredi  
de 9.30 – 12.00 heures  
de 14.00 – 18.00 heures  
samedi: de de 9.30 – 12.00 heures  
de 14.00 – 17.00 heures

# Produits.

Trouver une idée cadeau, des produits pour décorer votre intérieur, des idées
pour préparer une fête… ou tout simplement vous faire plaisir ...

  * Show all
  * Linge...
---
Jump to navigation

  * Menu du jour
  * Plats
  * Réservation
  * Le restaurant
  * Contact

#### Congé annuel

lun, 08/08/2016

### Heures d’ouverture

Mardi - Samedi: 11h30-13h30  
18h30-21h30  
Dimanche: 11h30-13h30  
### Réservations

T. +352 32 01 15  
info@tomate-basilic.lu  
Formulaire en ligne

  * 

## Menus du jour

## 10,50€  

##

La semaine du 18/07/2016

###

##### Mardi:

Le restaurant est fermé du 16 juillet au 8 août.

## Newsletter

Recevez notre newsletter hebdomadaire avec l...
---
## Make a table reservation

Table reservations are only made via our online table reservation system or by
phone. If there aren't any tables available on the date you request, please
note that we receive cancellations daily, so keep trying.

(+352) 27 40 15 35  

  * Food & Drinks
  * Upcoming Events
  * Book a table
  * Info & Location

## Brasserie Schräinerei

### Information

For reservation, please give us a call. Our email address is for information
only... or to say hello !

### Opening ..."
12,48,12_ds_cookies_bmw_remember,"ds, cookies, bmw, remember, favoriten, citroën, aufnehmen, delhaize, visit, etf","* Welcome
  * Request an offer
  * Become customer

EN FR DE NL

#  Cookie statement

This Cookie statement applies to the websites http://q8liberty.q8.be,
http://q8liberty.q8.nl and http://q8liberty.q8.lu (hereinafter referred to as
""Website"").  
  
This Website is operated by respectively:

  * Kuwait Petroleum (Belgium) NV, (KPB), a company incorporated under Belgian law, with registered office at Brusselstraat 59, box 1, B- 2018 Antwerp, RLP Antwerp (division Antwerp), VAT BE 0404.584.525   ...
---
Ce site utilise des cookies. En poursuivant votre navigation sur ce site, vous
acceptez que nous utilisions des cookies.

En savoir plus sur les cookies

# CITROËN Luxembourg

  * Carstore 
  * MyCitroën 
  * Tout Citroën 
  * Citroen

Promotions

  * Citroën
  * DS
  * Véhicules utilitaires

Liens utiles

  * Nos véhicules en stock
  * Citroën Select
  * Configurateur 
  * Configurateur Pro
  * e-Boutique Accessoires
  * Application MyCitroën

Contact

  * Demande de brochure
  * Demande d'essa...
---
Gérer les cookies

  * Points de vente
Trouvez un point de vente

  * Configurez
Configurez votre DS

  * Essayez
Essayez votre DS

  * Offres DS
Toutes les offres DS

  * Contactez-nous
Contactez-nous

Modèles DS  Nouvelle DS 3 Nouvelle DS 3 Cabrio DS 4  DS 4 Crossback DS 5 MyDS
DS STORE DS Connect Services DS  Inside DS DS

Services DS

  * Prestations Après-Vente
  * Contrats de services
  * DS Financement
  * DS Assistance
  * DS Assurance
  * DS Business

Inside DS

  * Maison DS
  * Concep..."
13,48,13_sauce_50_grill_00,"sauce, 50, grill, 00, restaurant, menu, carte, pommes, chef, pommes terre","HOME ABOUT CARTE HOURSPHOTOS

Carte

Antipasti  
  
Insalate  
Antipasto 16.50  
(Entres varies)  
Caprese di Bufala, Pomodori e Mozzarella 14.50  
(Salade Caprese avec tomates, mozzarella de bufflons et basilic)  
Insalata Nizza 15.50  
(Salade Nioise avec thon, oignons, anchois, olives, haricots verts et
poivrons)  
Insalata Cesar, Parmiggiano e Pollo 15.50  
(Salade Csar avec parmesan et poulet)  
Insalata con Fromaggio di Capra 15.50  
(Salade accompagne de chvre chaud)  
Insalata di Mare 15...
---
# PEITRY RESTAUBERGE

  * Restaurant
  * Auberge
  * Galerie

  * Suite A PROPOS DE NOUS Restaurée en 2010, l'auberge restaurant Peitry...
  * Suite CONTACT/COORDONNEES Pour toutes questions ou réservations cliquez ici
  * Suite LA CARTE Voir la carte du Restaurant
  * Suite LES SUGGESTIONS ET MENUS DE SAISON Suggestions et menus de saison proposés en plus de notre carte...
  * Suite MENU DU DEJEUNER - LUNCH TIME Menu Lunch proposé tous les midis en semaine en plus de notre carte
  * Suite ORGAN...
---
15, Rue Edward Steichen  
(+352) 266-849-79 |  (+352) 661-262-008
  * Home
  * About us
  * Find us
  * Menu du jour
  * Full menu
  * hidden fix

ARGENTINIAN RESTAURANT - TAPAS - BAR  
KIRCHBERG, LUXEMBOURG

BOOK A TABLE  
INSTANT CONFIRMATION

  * about us
  * location
  * menu du jour
  * full menu

15, Rue Edward Steichen  
(+352) 266-849-79

About us

About us.

Located in the heart of the Kirchberg business district, “Chimi” is the
meeting point for lovers of quality South American cuisine..."
14,48,14_download_pdf_bass_musique,"download, pdf, bass, musique, concert, music, 2015, musical, grond, gudde","* Home
  * Audio Reviews
  * Video Reviews
  * Features & Interviews
  * Kid's Corner
  * ICMA
  * Agenda

  * ### Advertising
  *   *   *   * 

## Percussionist Peter Sadlo Is Dead

29/07/2016

Percussionist Peter Sadlo (*1962), one of the world’s most renowned
percussionists and hailed as an innovative musician died today after a
surgery. Sadlo’s extraordinary musical intuition and virtuosity have made him
an internationally sought after artist. Read More ->

## Justus Frantz wurde von Hai geb...
---
Home       Fédération       Mutuelle       Ecole de Musique       Centre de
Doc       Liens       Contact       Revue Musicale       UMI       Plan du
site  
Register  | Login   
  July 28, 2016  
  RUBRIQUES  
* * *  
Manifestations & Événements  
Communiqués  
Annonces - Varia - Postes vacants - À vendre  
Revue Musicale  
Nationale Concours fir Blosmusek 2016  
Concours Européen 2017 - HaFaBra  
Concours pour Jeunes Solistes  
Fichier des membres / médailles  
Inscription Stages (école de mus...
---
FR | EN
  * Calendrier (tout)
  * Musiques
  * Expositions
  * Conférences
  * Scènes
  * Autres

# Nos coups de coeur

  * 03.09.16 
Hate Radio

  * 17.09.16 
Le nouveau bestiaire de Maxim Kantor

  * 18.09.16 
Theaterfest - Schaarf op Theater

...loading

  * Slide:

# Dernière minute

  * Nouvel horaire \- A partir de mai, les Apéro Jazz commenceront à 11h00. Ne ratez pas le début!

* * *
  

  * Culture
  * Events, Catering and Meetings
    * neimënster
    * Infrastructures
    * Offre dive..."
15,45,15_coiffure_soins_shirt_visage,"coiffure, soins, shirt, visage, wishlist, 00, colour, institut, cheveux, beauté","# Salon's Coiffure

  * lu
  * de
  * en
  * fr

  * Accueil
  * Présentation
  * Produits & Services
  * Nos prestations
    * Coiffures
    * Produits capillaires
    * Onglerie
    * Barbier
    * Epilation
    * Chèques cadeaux
    * CRAZY FRIDAY
  * Galerie Photos
  * Contact

  *   * 

## Présentation

Salon de coiffure européen et afro ! Une équipe dynamique et jeune vous
accueille pour un service personnalisé dans une ambiance chaleureuse où
règnent conseil et professionnalisme. Nous pro...
---
#

  * lu
  * de
  * en
  * fr

  * Accueil
  * Présentation
  * Produits & Services
  * Coiffures & soins
    * Coupes femmes
    * Coupe hommes
    * Soin des cheveux
    * Soin des ongles / Vernis
  * Contact

  * ## Parce que vos cheveux et vos ongles méritent les meilleurs soins

## Présentation

Mon secret ? Le talent de mon coiffeur ! Notre équipe vous accueille du mardi
au samedi et vous propose : - coupes personnalisées pour hommes & femmes -
colorations - coiffures, chignons pour tous ...
---
# Coiffure Créativ

  * lu
  * de
  * en
  * fr

  * Accueil
  * Présentation
  * Produits & Services
  * Nos soins capillaires
    * Goldwell
    * Orofluido
    * Revlon
    * Wella
  * Contact

  * 

## Présentation

Des coiffeurs à votre écoute, qui prennent soin de vos cheveux, pour révéler
votre beauté en respectant votre personnalité. Notre expertise nous permettra
de vous proposer une coiffure qui vous ressemble et facile à vivre. Des prix
accessibles qui font partie de nos engagements a..."
16,44,16_000_000 000_000 500_500 000,"000, 000 000, 000 500, 500 000, 500, 250, 150, 100, 000 300, 150 250","* Accueil
  * Ventes
  * Locations
  * Contact

RECHERCHE

    
Transaction

     achatlocation
    
neuf

Localité

     - \- Belair \- Centre-ville Bertrange Born Clervaux Hupperdange Kayl Luxembourg Mondorf-les-bains Nocher Siebenaler Strassen Wasserbillig
Type de bien

     - Appartement Maison Terrain
Budget

     - 100 000 150 000 200 000 250 000 300 000 350 000 400 000 450 000 500 000 550 000 600 000 650 000 700 000 800 000 900 000 1 000 000 1 500 000 2 000 000 3 000 000 4 000 000 5 000 0...
---
* Accueil
  * Ventes
  * Locations
  * Contact

RECHERCHE

    
Transaction

     achatlocation
    
neuf

Localité

     - Bissen Burden Diekirch Ettelbruck Niederfeulen
Type de bien

     - Appartement Commerce Garage - Parking Maison
Budget

     - 100 000 150 000 200 000 250 000 300 000 350 000 400 000 450 000 500 000 550 000 600 000 650 000 700 000 800 000 900 000 1 000 000 1 500 000 2 000 000 3 000 000 4 000 000 5 000 000
à

     - 100 000 150 000 200 000 250 000 300 000 350 000 400 000 45...
---
* Accueil
  * Ventes
  * Locations
  * Contact

RECHERCHE

    
Transaction

     achatlocation
    
neuf

Localité

     - \- Eich \- Gare \- Muhlenbach Differdange Esch-sur-alzette Hobscheid Luxembourg Schifflange Longwy (54400)
Type de bien

     - Appartement Commerce Maison
Budget

     - 100 000 150 000 200 000 250 000 300 000 350 000 400 000 450 000 500 000 550 000 600 000 650 000 700 000 800 000 900 000 1 000 000 1 500 000 2 000 000 3 000 000 4 000 000 5 000 000
à

     - 100 000 150 000..."
17,43,17_investment_fund_funds_danske,"investment, fund, funds, danske, invest, investments, bonds, strategy, company, fonds","* Menu

  * Home
  * Data Protection and Cookies
  * Contact us
  * Change profile

English

  * English 
  * Deutsch 
  * Français 

Currency

  * EUR 
  * GBP 
  * DKK 
  * CHF 
  * USD 
  * SEK 
  * NOK 

  * Strategies and solutions 
  * Fund range 
  * About us 
  * Library 

#  Long term investment

We focus on the declared long-term strategy, which we follow – whatever
markets are doing, knowing that our clients depend on us to be focused and
consistent.

Read more

#  Responsible by natu...
---
* Private

  * Products
  * Prices & returns
  * Distributors
  * Investor information
  * Tools
  * Download

#### Danske Invest

  * Danske Invest

#### Other funds

  * Danske Invest institutional funds
  * Danske Invest (other classes)

#### Awards

  * Morningstar awards

#### Prices

  * Danske Invest
  * Danske Invest institutional funds
  * Danske Invest (other classes)

#### Returns

  * Short horizon
  * Long horizon
  * Fund vs. index

#### Distributors

  * Our distributors

#### Awa...
---
Now loading.  
Please wait.

### menu

  * Home
  * The Firm
    * Overview
    * LFP – Why?
    * Management
    * Our Values
    * Careers
  * Our Services
    * Management Company
    * Fund & Sub-Fund Set-up
    * Asset Management 
    * Central Administration
    * Risk Management 
    * Fund Compliance 
    * Sales & Marketing Support 
    * Downloads 
  * Fund Platforms
    * Protected Cell Concept
  * Structures
    * UCITS
    * SIF
    * SICAR/SOPARFI
    * AIFMD
  * Our Funds
  * Luxe..."
18,42,18_randstad_coaching_deere_job,"randstad, coaching, deere, job, jobs, management, john deere, ifsb, enquêtes, company","John Deere

  * (Other Countries)
  * |
  * Dealer Locator

  * Products
    * Products
    * Agriculture
    * Residential
    * Commercial
    * Golf
    * POPULAR PRODUCTS
    * Agriculture
    * Residential
    * FEATURED PRODUCTS
    * Golf
    * Commercial
See All

  * |
  * Parts
  * |
  * Services & Support
  * |
  * Buying & Financing
    * Product Financing
    * Where to buy
    * Gifts, Apparel and Merchandise
  * |
  * Our Company
    * About Us
    * Careers
    * Citizenship
    *...
---
Jobseeker login or Register Employer login

  * English [change]
    * Deutsch
    * English
    * Français
    * Luxembourgish

# jobs.lu

  * Find a job
  * News

Advertise a job Job Type Accountancy / FinanceAnalysis / Project
ManagementArchitecture / DesignAviationBankingCall-CentreConstruction /
TradesConsulting / Audit / FiscalityEducation / TrainingEnvironment /
Renewable energyFinancial ServicesFitness and
LeisureFreelanceGraduateHealthcare / Childcare / NursingHotels / Restaurants /
Caf...
---
* Interim
  *  
  * Professionals
  *  
  * Search & Selection
  *  
  * HR Solutions
  *  
  * Inhouse Services

  
  * trouver un emploi
    * presentation
    * consulter nos offres d’emploi
    * faites nous parvenir votre CV
    * nos divisions specialisees
      * presentation
      * batiment
      * finance
      * hotellerie & restauration
      * industrie
      * logistique
      * office
      * sales & events
      * technique
    * votre emploi avec Randstad
      * m’inscrire chez..."
19,42,19_solutions_communication_services_applications,"solutions, communication, services, applications, clients, design, software, visible, campagne, contact","﻿﻿

 loading...

  * Nous sommes à votre disposition
  * Bureaux: 69, rue de la vallée L-3591 Dudelange
  * Contactez-nous+352 26 51 1967

   Clients Admin Panel

Open

  * Accueil
  * Agence
  * Services
    * Imprimerie
    * Publicité - Communication
    * Création de sites Internet
    * Radio - Télé
    * Commerce électronique
    * Gadgets publicitaires
    * AirVision
  * Travaux
    * Travaux récents
    * Galerie
    * Archives
    * Sites Internet
  * Clients
  * Mentions légales
  * C...
---
#

Menu

  * Kolibrys
  * Web
  * Mobile
  * Services IT
  * Support
    * Soumettre un ticket
    * Formations
  * À Propos
    * Qui sommes-nous ?
    * Travailler chez G-SYS
    * Dernières actualités
  * Contact
  * Connexion

Découvrez Kolibrys

et gagnez en productivité

Kolibrys est un outil de gestion performant, complet,

transversal et intégré. Au service de votre entreprise.

En savoir +

Vous avez besoin

d'être mobile ?

Nous développons vos applications métiers.

Profitez de leur m...
---
*   *   *   * 

  * about us
  * contact us

  * ] services [
  * ] portfolio [
  * ] sales [

  *   *   *   * 

For more than 20 years, in-visible manages projects, small or big, covering
extensively audiovisual communication and graphic creation. With experience
and continuous fascination, we frame our missions and deploy to our customers
a subtle and wide open interface.

Our offer divides in two fundamental complementary domains, sales and
services.

On the sales side, we have elaborated a p..."
20,41,20_camping_wiltz_luxemburg_weiswampach,"camping, wiltz, luxemburg, weiswampach, camprilux, campingplatz, chalets, key, ardennes, ardennen","* Willkommen
  * Kontaktdaten
  * Informationen
  * Reservation

  *  Deutschde
  *  Englishen
  *  Nederlandsnl
  *  Françaisfr

  * camping-3
  * SpringschlossklPferdWasserfall
  * Esch-sur-sur-panorama2
  * sport_fissen_alt
  * Panorama-hicking1

  * Camping
    * Stellplätze
    * Reisemobil
    * Jahresplätze
  * Wohnwagen-Chalets
    * Übersicht
    * Model A
    * Model B
    * Model C - 3 Schlafzimmer
    * Model D Lodge
  * Pods-Wanderhütten
  * Anlagen
    * Sanitair
    * Spielplatz
 ...
---
* Home
  * Camprilux
    * Downloads
    * Advertenties
    * Press Info
    * Wegenkaart
    * Camping Key Europe
    * Camprilux aanbevelen
  * Camping Key Europe
  * Luxembourg
    * Aktieve vakanties
    * Eten & Drinken
    * Cultuur
  * Contact
  * Links

Toggle navigation Home

  * Home
  * Camprilux
    * Downloads
    * Advertenties
    * Press Info
    * Wegenkaart
    * Camping Key Europe
    * Camprilux aanbevelen
  * Camping Key Europe
  * Luxembourg
    * Aktieve vakanties
    * Et...
---
00352 879391 Stuur een e-mail

  * ## Home
### Personalized to your needs

  * ## Camping
### Holistic approaches

  * ## Huren
### Educating you

  * ## Tarieven
### For a healthier future

  * ## Faciliteiten
### From the latest research

  * ## Omgeving
### Personalized to your needs

  * ## Contact
### Holistic approaches

### Kamperen

###### Camping Neumuhle is een terrassencamping waardoor u een prachtig
uitzicht over de omgeving heeft. Langs de rand en het ""benedenplein"" loopt een
beekje..."
21,38,21_mudam_ipa_pressedossier_vum,"mudam, ipa, pressedossier, vum, 2016, stage, mb, fotos, luxembourg, kursus","## IPA Luxembourg a.s.b.l.

Diese Site durchsuchen  
#### Navigation

  * WELCOME
  * IPA Luxembourg
    * History
    * Membership
    * Voyages/Events
    * 50th Anniversary
  * IPA-Regional Sections
    * IPA Nord
    * IPA Sud
  * IPA Revue - Sondage 2016
  * IPA-House
    * International Houses
  * IPA-Worldwide
  * IPA-National Newsletter
  * IPA-International Newsletter
  * IPA-Links
  * IPA-Guestbook
    * Guestbook Entries
  * IPA-Pictures
  * IPA-Shop
  * IPA Voyages
  * IBZ Gimborn Se...
---
(C) Zaltimbanq' asbl. -- École de Cirque de Luxembourg • 27, rue du Cimetiere
• L-1338 Luxembourg •  info@zaltimbanq.lu

---PAGE BREAK---

# Zaltimbanq' Zirkus—École de Cirque de Luxembourg

## Bienvenue!

### Main menu

Skip to primary content

Skip to secondary content

  * Bienvenue!
  * L’École de Cirque
  * Cours et stages
  * Nous & Nos amis
  * Alboom!
  * Info parents
  * Contact

### Post navigation

<- Older posts

# Neie Stonneplang – nouveau planning des cours 2016-17

Posted on 12/0...
---
* FRA
  * DEU
  * ENG
  * 中國語
  * 日本語
  * 한국어

  * AUSSTELLUNGEN
  * AGENDA
  * NEWS
  * DAS MUSEUM
  * BESUCHER

  * PUBLICATIONS
  * PRESSE
  * FÖRDERN SIE MUDAM
  * REJOIGNEZ MUDAM
  * PRAKTISCHES

# PRESSE

Auf dieser Seite können Sie Pressemitteilungen und Pressedossiers sowie Bilder
zu aktuellen Ausstellungen herunterladen. Die exklusiv der Presse
vorbehaltenen Dokumente dienen zur Kommunikation der Aktivitäten und
Ausstellungen des Mudam Luxemburg. Jede andere Nutzung, insbesondere
kommer..."
22,36,22_restaurants_restaurant_sauce_50,"restaurants, restaurant, sauce, 50, légumes, cuisine, pommes terre, frais, pommes, terre","menu.lu Bienvenue  Tous les restaurants  Rechercher un restaurant

#  Découvrez les meilleurs restaurants à  
Luxembourg,Esch-sur-
alzette,Dudelange,Bertrange,Strassen,Echternach,Mersch,Ettelbrück,Bascharage,Remich

Menu.lu vous permet de trouver facilement et rapidement les meilleurs
restaurants près de chez vous au Luxembourg.

Trouvez un restaurant près de chez vous

Toutes les régions Nord Ouest Sud Centre Est Autre

## Restaurants à la une

Um Dierfgen Cuisine Luxembourgeoise Centre  |  Côt...
---
* Home
  * Our Restaurant
  * How to Find Us
  * Menu du Jour
  * Full Menu
  * 3D Virtual Tour

BOOK A TABLE  
INSTANT CONFIRMATION

  * Our Restaurant
  * How to Find us
  * Menu du Jour
  * Full Menu
  * 3D Virtual Tour

## Lunch & dinner. 7 days/week

## 1, Plateau du St-Esprit. L-1475 Luxembourg.

## (+352) 2620-0880

### Instant Online Booking

inspired by brazil

## About us.

Batucada is the way to escape to Brazil. Located a few steps from the heart of
Luxembourg City, experience a rest...
---
Add an address Login Restaurant Owners Contact us Register Sign in Mobile Blog

x

  * belgium
  * france
  * the netherlands

Restaurants Luxembourg  (Choose a province)

  * FR
  * NL
  * EN

  * Restaurants 
  * Write a review
  * Plus
Resto.be

Resto.fr

RestoDays.lu

RestoBookings.lu

Hotels.be

Meetingrooms.be

Ceremony.be

luxembourg esch-sur-alzette strassen echternach petange mondorf-les-bains
remich mersch

Sites of the month  
La Moselle

  * LA FOURCHETTE 

Les Ardennes

  * RESTAURA..."
23,36,23_restaurant_carte_italienne_plats,"restaurant, carte, italienne, plats, cuisine, 2016frynls, menu, 23 00, 30 14, 11 30","Restaurant - Pizzeria

APULIA Antichi Sapori

Galerie Auchan 1er étage  
Luxembourg Kirchberg

Tél.: +352 2452 7485  
info@apulia.lu

Toggle navigation Restaurant APULIA Antichi Sapori

  * Accueil
  * Menus
  * Contact

# Bienvenue

Le Restaurant Apulia vous proposent une cuisine aux accents italiens.

Vito Colapietro apporte une touche personnelle à tous ces plats.  
Un repas raffiné dans un cadre élégant, servis par un personnels accueillant
et chaleureux.

Toute la richesse de la pure cuisin...
---
* Home
  * Carte
  * Menu du Jour
  * Galerie Photo
  * Contact

#

+352 26 32 15 66 4 Rue de la Gare, L-7535 Mersch

Restaurant - Pizzeria

Bienvenue dans notre établissement.  
Nous vous proposons une cuisine française, Italienne et Portugaise.

notre carte

La Passerelle

Tous nos plats et menu du jour sont préparés à la minute et nous élaborons
nous-même nos pâtes fraiches maison.  

menu du jour

> La Passerelle  
>  Salle pour banquets et plats à emporter sont également à votre disposition...
---
# Restaurant-Pizzeria du Passage

  * lu
  * de
  * en
  * fr

  * Accueil
  * Présentation
  * Produits & Services
  * Notre carte
  * Contact

  * Cuisine italienne, française et portugaise au coeur du centre ville historique d'Echternach.

## Présentation

Quand vous venez dans notre restaurant, vous vous offrez une escapade
gourmande en plein coeur historique d'Echternach! Notre petite terrasse se
situe dans une ruelle pittoresque qui mène vers la place du marché. Lieu
convivial, notre resta..."
24,35,24_marketing_domain_internet_communication,"marketing, domain, internet, communication, sites, google, création, agence, names, haxogreen","Menu

  * Accueil
  * Clients
  * Services
    * Communication
      * Campagnes de publicité
      * Corporate Design
      * Evénements d'entreprise
      * Logos
      * Photographie
      * Print
      * Spots radio
      * Vidéo d'entreprise
    * Internet
      * Sites Internet responsive
    * Marketing
      * Marketing direct
      * Marketing web
      * Relations publiques
      * Stratégies
    * Déco
      * Déco de véhicules
      * Enseignes
      * Lettrage publicitaire
      * O...
---
* Contact
  * Demande de devis
  * Blog
  * Prochaines formations
  * Références
  * Nos partenaires

Appelez-nous:  +352 691 560843

Webeditor : votre partenaire éditorial

Skip to content

  * Web Factory
    * Blogging
    * Audit
    * SEO
    * Animation éditoriale
    * Conseil
  * WordPress
    * Création
    * Gestion de site WordPress
    * Développements WordPress
    * Optimisation WordPress
    * Webmarketing avec WordPress
  * Online Edition
    * Rédaction Web
    * Animation Edito...
---
FR | DE
  

  * Accueil
    * Blog
    * Newsletter
  * Web
    * Solutions Web
    * Creation de sites web
    * Sites Web E-Commerce
    * Systemes de gestion de contenu (CMS)
    * Web Marketing
    * E-Mailing
  * Applications
    * Applications Web
    * Applications Web Mobiles
    * Sites Extranet
    * Sites Intranet
    * Technologies
  * Hebergement
    * Hebergement
    * Hebergement Web
    * Services E-Mail
    * Noms de domaine
  * Design
    * Identites Visuelles
    * Imprimes
  ..."
25,34,25_max_immobilier_agence_biens,"max, immobilier, agence, biens, immobilière, location, vente, maison, appartement, agence immobilière","*   * Vente
  * Location
  * Future construction
  * ISOWOOD
  * Références
  * Contact

Agence Immobilière

  * Confiance 
IMMAT est votre partenaire de confiance pour toutes vos transactions
immobilières

  * Clés en main 
Une équipe qualifiée conseille, planifie et prend en charge  
les projets de construction selons vos souhaits et idées

## Recherche

Catégorie Maisons - Maison - Maison jumelée - Maison mitoyenne - Maison
individuelle - Maison de village - Maison bi-familialeTerrains - Terr...
---
Appelez nous pour toute demande ! +352 25 03 39|residential@inowai.com

  * INOWAI 
    * Le groupe - INOWAI
    * L'équipe 'Residential'
  * Services 
    * L'achat ou la vente de votre bien immobilier
    * La location de votre bien immobilier
    * Conseils en investissement
      * Investissement locatif - INOWAI : la bonne formule
    * Conseil en développement durable
    * Gestion locative
    * Gestion de copropriété
    * Evaluations immobilières
  * Nos biens immobiliers
  * Blog 
    ...
---
Nous contacter

  * Accueil
  * Consultez nos biens
  * Prix des ventes LUXBG
  * A propos de RE/MAX
  * Devenez Conseiller
  * Blog
  * TV
  * Équipe
  * Contact

#### Nous sommes toujours à votre dispositon :

""Ensemble avec RE/MAX, nous avons trouvé la maison de nos rêves endéans 6
semaines.""

#### Nous vous simplifions votre recherche immobilière:

""Grâce au réseau RE/MAX et ses conseillers compétents, nous avons vite trouvé
notre bien de rêve""

#### Chez nous, votre patrimoine immobilier se..."
26,33,26_hotel_vianden_restaurant_hôtel,"hotel, vianden, restaurant, hôtel, nuits, sauce, 00, grand, menu, breakfast","DE FR

  * Hotel Christophe Colomb
  * About us
  * Services
  * Our rooms
  * Guestbook
  * Find us
  * Contact
  * Book direct
  * Pictures

# Hotel Christophe Colomb

### Where travelers feel at home

Our rooms

## The Hotel Christophe Colomb is situated in the heart of Luxembourg City

The Hotel Christophe Colomb welcomes you in warm family atmosphere, the ideal
place for your business or leisure stays. Just a few steps away from the
Avenue de la Liberte, halfway between downtown and the Cen...
---
#

### Luxembourg

##

MENU

  * Home
  * Hotel
  * Rates
  * Restaurant
  * Meetings
  * Region
  * Contact

FR DE

#

### Luxembourg

##

(+352) 23 61 91 91  
reservation@hotel-ecluse.lu

####  Reservation

Arrival Date

Departure Date

  1. You are here : Home

A-A+

## Welcome

Located at the very heart of Europe, in a region famous for its Luxemburgish
wines, the Hotel Ecluse seeks to provide its guests with the perfect holiday-
feel just 20 minutes away from Luxembourg's busy capital.

Pio...
---
# Error 404

## An error occurred :

Error 404 - Not found

If the error occurs more than once, please contact our technical staff to help
us solve the issue as soon as possible.

click here to return to the previous page.

Made by : Valain S.A.

---PAGE BREAK---

Français | Deutsch | English | Nederlands
Satisfaction | Press Kit | Contact | Contact details
# Grand Hotel Cravat - The Grand Hotel Cravat, A haven of peace in the heart
of Luxembourg - grand hotel cravat

  * Hôtel Cravat
  * Rooms
..."
27,32,27_ttc savoir_ttc_pneus_taxi,"ttc savoir, ttc, pneus, taxi, renault, carloh, cars, dci, savoir, nissan","# Taxi Toni

  * lu
  * de
  * en
  * fr

  * Accueil
  * Présentation
  * Actualités
  * Produits & Services
  * Prestations
  * Contact

  * ## Taxi, transport privés vers aéroport.
  * ## Taxi, transport privés vers aéroport.
  * ## Taxi, transport privés vers aéroport.
  * ## Taxi, transport privés vers aéroport.
  * ## Taxi, transport privés vers aéroport.

## Présentation

Taxi Toni vous emmène ! 4 chauffeurs, 5 taxis dont 1 limousine.. - Sur les
trajets à l'étranger, Taxi Toni vous offre ...
---
# Carloh car-sharing service in Luxembourg

## Helpline 7/7 24/24

2060 2000

  *     * Français
    * Deutsch
    * English

  * MyCarloh
  * FAQ

Discover our app

  * Facebook
  * Google+
  * LinkedIn

  * 

  * Carloh homepage
  * Getting started
  * Carloh locations
  * Cars
  * Rates
  * Become a customer
  * Contact
  * FAQ
  * MyCARLOH
  * Top

  * Carloh homepage
  * Getting started
  * Carloh locations
  * Cars
  * Rates
  * Become a customer
  * Contact
  * FAQ
  * MyCARLOH
  * Top

#...
---
WWauto – Distributeur automobiles toutes marques - Vente de voitures neuves et
d'occasions récentes aux particuliers et aux professionnels de l’automobile au
Luxembourg, en France et en Belgique

  * Contactez-nous Tél : 00 352 26 66 67 - Email
  * Accès Professionnels Connexion à votre compte

  * Recherche de véhicules
  * Promotions les affaires
  * Nouveautés à vendre
  * Société qui sommes nous
  * Plan d'accès trouvez-nous
  * Services pour vous aider
  * Inscription compte pro
  * Contact..."
28,31,28_muros_intra_bee_bee secure,"muros, intra, bee, bee secure, 2005, secure, echternach, weiderliesen, life, asbl","#

  * Aller au contenu
  * Aller au menu principal et à l'identification

## Navigation de recherche

### Navigation

  * Accueil
  * En Pratique ...
  * Avertissement
  * chemin

### Recherche

   Contactez-nous: LIFE asbl & LIFE coop → 22, rue Baltzing L-3413 Dudelange →
Denis +352 691.876.735 ... Merci :o) ...

  * Site modifié le mercredi 06 janvier 2016 à 02:56 

  * LIFE asbl
    * LIFE asbl
      * Cotisation
      * Matériel
      * LIFE-Calendrier
    * SolarMobile
    * wandel.BAR
   ...
---
Jump to navigation

  * FR
  * DE

  * Über BEE SECURE
  * Kontakt
  * Publikationen

## SEARCH

Suche

Erweiterte Suche

Co-funded by the European Union

silversurfer.lu bee.lu

## Sie sind hier

  1. Startseite / 
  2. News

# News

Jahr

-Jahr201120122013201420152016
\- Alles -

Jugendliche

Erwachsene

Eltern & Betreuer

\- Alles -JugendlicheErwachseneEltern & Betreuer

15.07.2016

### Pokémon Go: Gefährliche Monsterjagd?

Seit 20 Jahren ist es möglich, in Videospielen putzige Monster zu fan...
---
Search for:

# Intra Muros asbl

### Main menu

Skip to content

  * Home
  * Communiqués
  * Correspondance
  * Intra Muros News
  * Les Soirées de Intra Muros
    * Forum 2020
    * Les Jeudis d'Intra Muros
    * Mémoire collective
    * Schaffbaier
    * Wou drëckt de Schong
  * Nol op de Kapp
  * Propositions
    * Divers 

### Sub menu

  * Au sujet de Intra Muros asbl
  * Devenir Membre
  * Le Comité
  * Nos Statuts
  * Nous contacter 

# Nol op den Kapp vum 06.10.2014

Den Projet Marquise..."
29,30,29_hosting_server_servers_frontpage,"hosting, server, servers, frontpage, parallels, domain, apache, extensions, vps, window","Usefull Links  

  
LuxHosting Services  
  * Create your website
  * SSL Certificates
  * Domains Registration
  * ASBL Hostings
    * Details - Start
    * Details - Basic
    * Details - Plus
    * Compare all
  * Private Hostings
    * Details - Visit
    * Details - Home
    * Details - Small
    * Details - Start
    * Compare all
  * Business Hostings
    * Details - Basic
    * Details - Plus
    * Details - Pro
    * Details - Millenium
    * Compare all
  * Reseller Hostings
  * Privat...
---
# FrontPage98 Extensions v3.0 and Apache 1.3+

> Version 1.0.4 - 30 May 1999  
>
Contents

  1. Foreword
  2. Why this document
  3. What are FrontPage Server Extensions
  4. FrontPage Product Architecture
  5. What should get installed?
  6. The Apache patch
  7. Installation - First solution
  8. Installation - Second solution
  9. Installation - A Solution ??
  10. File Permission and Ownership
  11. Frequently Asked Questions
  12. Information
  13. Document history

## 1\. Foreword

> First...
---
Hosting Login | Mein Konto | Referenzen
Warenkorb  

Ansehen »

  * Startseite  
Übersicht

  * Domains  
Domain Suche

  * Hosting  
Shared Hosting

    * Hosting Angebote  

    * Joomla Hosting Pakete  

    * WordPress Hosting Pakete  

    * Online Shop Hosting Pakete  

    * Groupware Hosting Pakete  

    * Exchange Server Pakete  

    * SSL Zertifikate  

    * Reseller Hosting Pakete  

    * ControlPanel  

    * Data Center Infos  

  * Cloud  
Cloud Servers

  * V-Server  
Virtual ..."
30,29,30_chirurgie_clinique_psychiatrie_hrs,"chirurgie, clinique, psychiatrie, hrs, pôle, urgences, gériatrie, médecine, hôpital, santé","A+ A  A-

Rechercher

  * Accueil
  * Notre Offre de Soins
  * Votre Séjour
  * Infos Pratiques
  * Et Aussi...
  * Le groupe HRS
  * La Clinique
  * Qualité et Sécurité 
  * Actualités
  * Accès
  * Contact
  * Rechercher
  * Rechercher

  * Accueil
  * Notre Offre de Soins
    * Gériatrie
      * Consultations 
        * Consultations de rééducation fonctionnelle
        * Consultations - Gériatrie
        * Consultations - Mémoire
      * Hospitalisation stationnaire en Gériatrie
        * Ré...
---
A+ A  A-

Rechercher

  * Nos établissements
    * Clinique Bohler
    * Hôpital Kirchberg
    * Zithaklinik
    * Clinique Sainte-Marie

  * Accueil
  * Le Groupe HRS
    * Organigramme
    * Nos valeurs
    * Qualité et Sécurité 
      * Patient
      * Professionnel
    * Approche RSE
      * Projet Burundi
      * Projet ""Stemm von dem Stroos""
      * Projet Psychiatrie
      * Projet Mali
      * Projet ""Electricité verte""
    * Enseignement et Formation
      * Formation médicale
      * A...
---
A+ A  A-

Rechercher

  * Accueil
  * Notre Offre de Soins
  * Infos Pratiques
  * Et Aussi...
  * Le groupe HRS
  * La ZithaKlinik
  * Qualité et Sécurité 
  * Actualités
  * Accès
  * Contact
  * Rechercher
  * Rechercher

  * Accueil
  * Notre Offre de Soins
    * Urgences
    * Policlinique
    * Centres multidisciplinaires
      * Centre de diabétologie
      * Centre de néphrologie 
        * Clinique de suivi de transplantation rénale 
      * Centre des maladies vasculaires
      * Clini..."
31,27,31_training_yoga_fitness_personal,"training, yoga, fitness, personal, cours, 00 permalink, permalink, coach, trainer, 00 00","*   * schedule
  * events
  * yoga styles
  * locations
  * teachers
  * center info
  * articles

log in

# Yoga La Source

# Ashtanga Yoga Weekend

# Thursday 13 march 2014 at 19:00

With a lifetime of experience, Kathy invites students to develop both softness
and strength in their Ashtanga practice. Come join us for a beautiful
experience at Kathy's fourth workshop in Luxembourg!

## Schedule:

Day Time Activity  
Friday 19:00-21:00 Kathy will give a moola bandha and breath class with an
int...
---
# FITNESS COACHING CENTER

Coaching Club

AFORM

Firwat AFORM ?

FIRWAT AFORM?

0

KOMM AFORM !

## FIRWAT AFORM?

### Wat eis ausmécht ass eisen individuellen Coaching!

Bei AFORM sidd Dir net nëmmen eng Nummer an eng Ënnerschrëft. Bei eis ginn et
keng frais d´inscription a keng Mindest-Lafzäiten. Am Kader vun engem
éischten, perséinlechen  
Berodungsgespréich versiche mir fir all Client déi beschten Strategie
erauszefilteren an auszeschaffen. Et ass Äert Ziel an Är Motivatioun déi de
Wee virgë...
---
Call Us Today! 1.555.555.555|info@yourdomain.com

  * Fitness
  * Cours Collectifs
  * Personal Training
  * Wellness
  * Les News
  * Tarifs
  * Contact

  * FITNESS
  * COURS COLLECTIFS
  * PERSONAL TRAINING
  * WELLNESS
  * LES NEWS
  * TARIFS
  * CONTACT

  * FITNESS
  * COURS COLLECTIFS
  * PERSONAL TRAINING
  * WELLNESS
  * LES NEWS
  * TARIFS
  * CONTACT

Loading...

  * ## Offre Summer  
60€ / Mois!

### 01/07 au 15/09

Découvrir l'offre

  * ## Boot Camp  
Mardi & Jeudi

### 18h30 - 19h..."
32,27,32_publicité powered_masquer publicité_powered selfmadewebsite_selfmadewebsite,"publicité powered, masquer publicité, powered selfmadewebsite, selfmadewebsite, masquer, publicité, powered, carte, angel, angel masquer","Home notre restaurant Notre carte Nos plats du jour Livre d'or Newsletter
Réservations Qui sommes-nous ? Web Angel

Masquer la publicité

Powered by selfmadewebsite.com
---
Accueil Présentation Notre établissement Notre carte Bistrot Menu du jour
Suggestions Newsletter Livre d'or Réservations Qui sommes-nous ? Web Angel

Masquer la publicité

Powered by selfmadewebsite.com
---
Accueil Présentation Notre restaurant Notre carte Newsletter Livre d'or
Contactez nous Web Angel

Masquer la publicité

Powered by selfmadewebsite.com"
33,27,33_unis_etats unis_etats_united,"unis, etats unis, etats, united, carmignac, amundi, canada, kelly, acc, ald","# BCD Travel Luxembourg

  *  
  *  

  * contact

## Zoek

Rechercher :

Luxembourg

Other / Autre Global site Algeria Argentina Australia Austria Azerbaijan
Bahrain Bangladesh Belgium Bolivia Botswana Brazil Bulgaria Cambodia Canada
Chile China Colombia Congo Costa Rica Croatia Czech Republic Denmark Dominican
Republic Ecuador Egypt El Salvador Estonia Ethiopia Finland France Gabon
Germany Ghana Greece Guatemala Honduras Hong Kong Hungary India Indonesia
Ireland Israel Italy Ivory Coast Japan ...
---
* Plan du site
|

  * Contactez-nous

Luxembourg

Manpower Worldwide

  * Argentina
  * Australia
  * Austria
  * Bahrain
  * Belgium
  * Bolivia
  * Brazil
  * Bulgaria
  * Canada
  * Chile
  * China
  * Colombia
  * Costa Rica
  * Croatia
  * Czech Republic
  * Denmark
  * Dominican   
Republic

  * Ecuador
  * El Salvador
  * Estonia

  * Finland
  * France
  * Germany
  * Greece
  * Guadeloupe
  * Guatemala
  * Honduras
  * Hong Kong
  * Hungary
  * India
  * Ireland
  * Israel
  * Italy
  *...
---
* Aide

Langue / Pays

x

Vous n'tes pas Luxembourg ?

Vous pouvez naviguer sur un de nos autres sites internationaux.

Choisissez dans la liste... Choisissez dans la liste...

  * Accueil
  * Tarifs et Rservations
  * Vhicules
  * Agences
  * Offres Spciales
  * Conseils de voyages
  * Partenaire

  * # Devis

Attention !

Merci de noter :

Agence de dpart

\--- Slectionnez un pays --- Afrique du Sud Albania Allemagne Angola Antigua
And Barbuda Antilles Nerlandaise Arabie Saoudite Argentine Aru..."
34,26,34_maisons_construction_constructions_passive,"maisons, construction, constructions, passive, house, rent, maison, travaux, vendre, résidences","* Accueil
    * Maisons Ecologiques en bois massiv
    * Newsarchive
    * Qui nous sommes
    * Catalogue
  * Idee
    * Une idee est nee
    * Bois en tant que materiau de construction
  * Mise en oeuvre
    * Experience
    * Procedure
  * Produit
    * Prologue
    * Maison temoin en bois massif
    * Mersch «Koppelwee I», 15 (en construction)
    * Bissen «Cite Jean Souvignier» 3
  * Client
    * Maison de bois
    * Contact
    * Bureaux de vente

  * fr
  * de
  * en

  * ### Nouveau proj...
---
Nerden Constructions

  * Accueil
  * Entreprise
  * Travaux
    * Construction
    * Chapes & carrelages
    * Renovations
    * Amenagement interieur
    * Façades
    * Amenagements exterieurs
    * Plafonnage et cloisons
    * Immobilier
    * Construction ecologique
  * Immobilier
    * Duplex a Oberpallen +-105 m2 a vendre
    * Duplex a Oberpallen +-100 m2 a vendre **COMPROMIS**
    * Duplex a Oberpallen +-93 m2 a vendre
    * Charmante maison avec grange a Schweich - Style fermette a ven...
---
* Accueil
  * Nos services
    * Menuiserie
  * Notre équipe
  * Nos clients
  * Références
    * JOBS
  * Contact

  * Porte métalliques coupe feu 
Chantier Aboria à Differdange, 19 résidences réalisées Déja plus de 800 portes
métalliques posées

  * Réalisation d'une Façade en acier corten 
Fixation invisible, porte camouflé dans la façade  Bandeau avec logo et
écriture perforé, auvant, réservation pour luminaires ...

  * Garde corps en métal déployé 
Réalisation sur mesures  Aucune fixation ..."
35,25,35_jardin_nature_garten_natur,"jardin, nature, garten, natur, 08, entretien, jardins, plantes, espaces verts, verts","* Jardin privé
    * TRAVAUX DE JARDINAGE
    * VOTRE JARDIN PERSONNALISÉ
    * TOITURE ET TERRASSE VÉGÉTALES
    * ENTRETIEN
  * Espaces Verts
    * CREATION DES ESPACES VERTS
    * ENTRETIEN DES ESPACES VERTS
    * DEBROUSSAILLAGES - ABATTAGES - TAILLE ET TONTE
    * TRANSPLANTATION
  * Terrains de Sport
    * CONCEPTION ET RÉALISATION
    * ENTRETIEN
    * ARROSAGE AUTOMATIQUE
    * CARRIERE ÉQUESTRE
  * Forêt
    * EXPLOITATION FORESTIÈRE
    * COMMERCE DE BOIS
    * FRAISAGE ET GYROBROYAGE
...
---
#

  * Accueil
  * Votre jardin
  * Nos conseils
  * Votre projet
  * Nos formules
  * La pépinière
  * Contact
  * 
Téléchargez la liste de prix de nos plantes

## Paysages et pépinière

Révéler votre vraie nature  
  
Depuis plus de quarante ans, l'entreprise Loschetter s'engage à créer des
espaces et des paysages qui révèlent votre vraie nature, des ambiances qui
vous réjouissent, des environnements qui fusionnent avec votre vie au
quotidien.

More

## Faites-vous plaisir

Fermez les yeux. Le...
---
## Natur & mwelt, zesumme fir d'natur

  * DE
  * EN

  * Plan du site

  * Nouvelles
  * Agenda
  * Qui sommes nous?
  * Projets nationaux
  * Projets internationaux
  * Oiseaux
  * Conseil nature
  * Enseignement nature
  * Maison de la nature
  * Tlchargements
  * Liens
  * Vido
  * Contact

  

Pour que la ville de demain reste un lieu habitable pour les tres humains, il
faut nous engager plus pour les plantes et les animaux qui y vivent. Les super
hros de notre ville se sont cachs dans notr..."
36,24,36_region_mullerthal_entdecken_mullerthal trail,"region, mullerthal, entdecken, mullerthal trail, trail, müllerthal, region müllerthal, luxairtours, echternach, informationen","#

  * LANGUAGES
    * Deutsch 
    * Français 
    * English 

  * Deutsch
  * Français
  * English

  * Home
  * Bilder
  * Trail
  * Hotels
    * Hostellerie de la Basilique
    * Hotel le Cigalon
    * Hotel Scharff
  * Preise
  * Contact
  * Erleben

#### Echternach

#### Mullerthal

#### Mullerthal

PREV

NEXT

## Wandern ohne Gepäck

  * Entdecken und geniessen Sie die einzigartige Natur des ""Mullerthals - Kleine Luxemburger Schweiz"". Natur Pur !
  * Komfortabel wandern über den neu ersch...
---
Wanderer willkommen! | Mullerthal trail Passer la navigation
#

Changer de langue:defrneen

Facebook

  * Home
  * Der Trail
  * Wandertouren
  * Etappen
  * Unterkunft
  * Mobilität
  * Bildergalerie
  * Links
  * Gemeinden

Alle Kategorien  HotelsCampinglätzeFerienwohnungenJugendherbergen Alle
Ortschaften AltrierBigelbachBollendorf-
PontBourglinsterGeyershofGirstGirsterklausGonderangeGonderangeHeffingen-
SoupHinkelJunglinsterJunglinsterSavelbornSchoosSchousBeaufortBechBerdorfBigelbachBorn
Chri...
---
* Home 
  * Mullerthal Trail 
  * Entdecken 
    * Kultur 
Die Region und ihr kulturelles Erbe.

Wandern

Die schönsten Wanderwege der Region Müllerthal

Radfahren

Unterwegs auf den schönsten Radwegen.

Geführte Touren

Entdecken Sie die Sehenswürdigkeiten der Region mit einem Guide

Sport & Freizeit

Die Region Müllerthal bietet Ihnen 100% Aktivität.

Kids

Die Region Müllerthal bietet Kindern viele Möglichkeiten

Mullerthal Touring

Unterwegs mit dem Auto, Motorrad und Bus.

Shopping

Einkauf..."
37,24,37_jacob_glas_weis_parquet,"jacob, glas, weis, parquet, bois, style, fenster, küche, design, raum","Navigation überspringen

  * Kontakt
  * Unternehmen
  * Startseite

Navigation überspringen

  * Reparatur
  * Eigene Fertigung
  * Außenbereich
  * Küche
  * Bad
  * Wohnung

#  
Glas im Wohnbereich

Transparentes Wohnen - Wohnräume auf Maß gestalten  
mit einem der vielfältigesten Werkstoffe der Welt.  
#  
Glas im Bad

Transparent oder Milchglas - im Sanitärbereich bekommt Glas eine immer
wichtigere Rolle und spiegelt eine gewisse Eleganz wieder.  
#  
Glas in der Küche

Eine Küchenrückwand ...
---
* Home
  * Contact Us
  * Login

  * home
  * about us
  * our products
    * carpentry and sawmill
      * carpentry (inside view)
      * roof windows and velux
      * before-after
      * our work in progress
    * customized products
      * terasse
      * facade
      * carport & pergola
      * wooden shelter
    * precast products
      * oak products
  * Contact

  * Jacob-Weis carpentry
  * customized products
  * precast products

### Jacob-Weis carpentry

### customized products

##...
---
*   *   *   * Küchen
  * Wohnen
  * Essen
  * Schlafen
  * Büro
  * Lampen
  * Flur
  * Über uns
  * 

#

# Herzlich willkommen in der  
Galerie Moderne Grevenmacher

## Küchen

###### Die Küche ist heute das Zentrum einer jeden Wohnung oder Haus. Zentrum
Ihres Lebensraumes.

###### Daher ist es wichtig sich auf den richtigen Partner zu verlassen, wenn
es darum geht seine Küche zu planen.

###### Mit 3D-Software entwickeln wir das perfekte Raumkonzept für Sie. Lassen
Sie sich überzeugen und vere..."
38,23,38_alcool_kinder_eltern_ama,"alcool, kinder, eltern, ama, kindern, aide, autisme, consommation, conférence presse, entwicklung","# EFJ-Formation

  * fr 
  * de

  * Liens
  * Faq
  * Plan du site

## Nos formations

### Les formations à venir.

  * complet
#### FC 16106 Le développement psychomoteur

    * Date : vendredi 19.08.2016
    * Intervenant : Bénédicte Museur

 « Connaitre les grandes etapes du developpement psychomoteur et saisir
l'importance des experiences motrices chez l'enfant, pouvoir observer un
enfant dans sa globalite, proposer des activites adaptees a l'age, au
developpement et niveau de l'enfant, org...
---
Rapports annuels : 2009 / 2008 / 2007 / 2006 / 2005  
## A. Kinder drogenabhangiger Eltern  
Fakten, Hintergrunde, Perspektiven

Der folgende Artikel erschien zuerst in der Zeitschrift report psychologie 28,
6/2003. Wir danken dem Autor fur die freundliche Genehmigung zum Nachdruck.
Wir mochten den interessierten Leser darauf hinweisen, daß die Jugend- an
Drogenhellef am Mittwoch, den 11. Oktober 2006 eine offentliche Konferenz mit
dem Autor zum hier behandelten Thema organisiert, sowie am Donne...
---
#  ama.lu

suis-je concern(e)? que faire? qui m'adresser? liens tests faq books news &
tweets cont@ct  
alcool mdicaments addiction  
  * Alcool
    * L'alcool: une lame double tranchant
    * Maladies lies la consommation d'alcool
    * Effets de l'alcool
    * Quelques chiffres
    * 0,5/l g = 2 verres
    * Consommation responsable (seuils OMS)
    * Ingalit devant l'alcool
    * Alcool et grossesse
    * Adolescents et alcool
    * Entreprises, Travail
    * L'alcool au volant
  * Mdicaments..."
39,23,39_flash_volkswagen_flash player_player,"flash, volkswagen, flash player, player, golf, download pdf, chev, download, javascript, version","# ZDK Langer

  * Home
  * Kontakt
  * Projekte
  * Jobs
  * Über uns
  * Impressum

#### Content on this page requires a newer version of Adobe Flash Player.

2 50

  
. Aktuelles  

Ihr Browser kann leider keine eingebetteten Frames anzeigen

Filme

#### Content on this page requires a newer version of Adobe Flash Player.

####  
  

........ .....

Zone Industrielle, L - 6468 Echternach Phone: +352 2672 0572
---
#### Le contenu de cette page nécessite une version plus récente d’Adobe Flash
Player.  
  
  
  
  
  
  
Tweet
---
Bitte beachten: Diese Website benötigt Flash und JavaScript für die volle
Funktionalität.  
Bitte stellen Sie sicher dass Flash und JavaScript in den Browser-
Einstellungen aktiviert sind.  
Zum Download des aktuellen Flash-Plugins hier klicken.  

Bitte beachten: Diese Website benötigt Flash und JavaScript für die volle
Funktionalität.  
Bitte stellen Sie sicher dass Flash und JavaScript in den Browser-
Einstellungen aktiviert sind.  
Zum Download des aktuellen Flash-Plugins hier klicken.  

  ..."
40,23,40_pidal_femmes_2016_archiv,"pidal, femmes, 2016, archiv, stoll, spa, 00 21, matelas, woche, 2017","8\. Mäerz

# Internationale Fraendag

  * Deutsch
  * Français

  * Home
  * Aktuell
  * Geschichte
  * Persönlichkeiten
  * Errungenschaften
  * Buchtipps

  * Einführung
  * 1911-1919
  * 1920-1930
  * 1931-1944
  * 1945-1970
  * 1971-1989
  * 1989-2011
  * 2012-…

Loading Quotes...

### Geschichte - und Aktualität - des Weltfrauentags in Luxemburg

Unter „Aktuell"" finden Sie alle Angaben zur diesjährigen Kampagne der
Aktionsplattform (Programm, Fotos, Nachlese und Ausblick).

* * *

Avant-pro...
---
Nos dernieres actualites :

  * Cours de langues pour adultes - semestre d'autome 2016/2017
  * Cours intensif de fin d'ete 2016
  * Heures d'ouverture
  * Nouvelle adresse - 15, rue Leon Hengen - L-1745 Luxembourg 
  * Den INL huet een neit letzebuergescht Leierbuch fir Ufanger erausbruecht
  * Sproochentest 2016 / 2017
  * Acces au portail des inscriptions

  
Fermeture de l'INL  
> # Le batiment sera ferme au public entre mercredi, 10 aout et dimanche, 28
> aout inclus.  
Cours de langues pou...
---
Deutsch

  * Français

  * Preise
  * News
  * Öffnungszeiten
  * GALERIE

Heute

PidalPOOL  08.00 - 21.00

PidalSPA  10.00 – 21.00

Meerwasserbecken  10.00 – 21.00

Sauna  09.00 – 21.45

PidalFIT  09.00 – 21.45

PidalCHEF  11.00 – 24.00

  * Home
  * PIDAL POOL
    * BECKEN
    * ZEITEN
    * KURSE
  * PIDAL SPA
    * WOHLFÜHLAMBIENTE
    * TREATMENTS
      * Entspannende Bäder
      * Glättendes Peeling
      * Wohltuende Massagen
      * Silhouette
      * Körperpackungen
      * Körperritual..."
41,22,41_angel_agrandir_agrandir agrandir_angel masquer,"angel, agrandir, agrandir agrandir, angel masquer, powered selfmadewebsite, publicité powered, masquer publicité, selfmadewebsite, masquer, confection","# Optique Clement et Grassini

Accueil |  Présentation |  Nos services |  Nos marques |  Zeiss technologie |  Newsletter |  Contact |  Qui sommes nous |  Web Angel

  * Accueil
  * Présentation
  * Nos services
  * Nos marques
  * Zeiss technologie
  * Newsletter
  * Contact
  * Qui sommes nous
  * Web Angel
  *  

.

L'equipe Optique Clement & Grassini vous accueille avec plaisir et bonne
ambiance dans leur magasin a Dudelange.

Venez nous visiter, nous vous conseillerons sur tous les articles ...
---
Home |  Présentation |  Notre carte |  Newsletter |  Formulaire |  Livre d'or |  Nous situer |  Web Angel

  * Home
  * Présentation
  * Notre carte
  * Newsletter
  * Formulaire
  * Livre d'or
  * Nous situer
  * Web Angel
  *  

Masquer la publicité

Powered by selfmadewebsite.com
---
Accueil |  Présentation |  La carte |  Qui sommes nous |  Newsletter |  Réservations |  Web Angel

  * Accueil
  * Présentation
  * La carte
  * Qui sommes nous
  * Newsletter
  * Réservations
  * Web Angel
  *  

Masquer la publicité

Powered by selfmadewebsite.com"
42,21,42_sport50_sport50 network_network_fc,"sport50, sport50 network, network, fc, logged, fan, chat, tabell, team, fola","Chat

Friends (3)

Friends online

  *   
You have to be logged in.

FC Deifferdeng 03-Chat

  * You have to be logged in.

Looking for a new website for your team?  
  

4

New here? Sign up now! |

  *     * Deutsch 
    * Français 
    * Lëtzebuergesch 

lost password?

What is the Sport50-Network?  
The Sport50-Network connects teamwebsites with each other in order to provide
it's users with a faster and easier browsing. With a Sport50-Useraccount,
which is completely free, users can easily ...
---
Chat

Friends (4)

Friends online

  *   
You have to be logged in.

LBBA-Chat

  * You have to be logged in.

Looking for a new website for your team?  
  

5

New here? Sign up now! |

  *     * Deutsch 
    * Français 
    * Lëtzebuergesch 

lost password?

What is the Sport50-Network?  
The Sport50-Network connects teamwebsites with each other in order to provide
it's users with a faster and easier browsing. With a Sport50-Useraccount,
which is completely free, users can easily login to thei...
---
Chat

Friends (3)

Friends online

  *   
You have to be logged in.

FLHG-Chat

  * You have to be logged in.

Looking for a new website for your team?  
  

3

New here? Sign up now! |

  *     * Deutsch 
    * Français 
    * Lëtzebuergesch 

lost password?

What is the Sport50-Network?  
The Sport50-Network connects teamwebsites with each other in order to provide
it's users with a faster and easier browsing. With a Sport50-Useraccount,
which is completely free, users can easily login to thei..."
43,20,43_surface_appartement_m2_chambre,"surface, appartement, m2, chambre, terrain, m², chambres, chambre surface, prix, reference","le bien immobilier  
qui vous convient

accueil immobilier

LocationNouvelle constructionVente

nos services

Energie PassVous souhaitez vendre ou louer ?

contact

accueil immobilier Location Nouvelle construction Vente nos services Energie
Pass Vous souhaitez vendre ou louer ? contact

rechercher par :

Type Vente Location Nouvelle construction

Type de bien Appartement Maison Duplex Parking Local Immeuble

Ville Toutes Bascharage Bascharage Bascharage Bascharage Belvaux Bereldange
Bergem Bett...
---
fr  |  en  |  de
Blog |  Infos groupe  |  Contact | Facebook
Accueil     vente      location      Services      Equipe      Presse
Relocation      Jobs      Contact

# Recherche

Vente  
Location  
Neuf

Type de bien Appartement Maison Terrain Bureau Projet immobilier Nouvelle
Residence Immeuble de rapport Ferme Fermette Studio Commerce Entrepot Hall
Chambre Garage  Penthouse Emplacement de parking interieur emplacement de
parking interieur parking Chambres a coucher 1  2  3  4  5 et +

Surface:...
---
Immobilier

### Type de recherche

Vente

Location

Neuf

Ancien

### Critère

Balcon

Terrasse

Jardin

Parking

Région

Choisir Nord Ouest Est Centre Sud

Type de bien

Choisir Appartement Maison Bureau Terrain Commerce Entrepôt

Surface (min)

Choisir 25 50 75 100 150 200 250

Chambre (min)

Choisir 1 2 3 4 5 6 7 8 9

Rechercher

### Simulation de prêt

Prix du bien

Fonds

Emprunt

Durée (ans)

Taux (%)

Mensualités

  * 20 21 00 93

  * A PROPOS
  * PROMOTION
  * NOS RÉFÉRENCES
  * CONTACT
..."
44,20,44_rank_vin_caves_brut,"rank, vin, caves, brut, martin, vins, wine, guide, riesling, crémant","Caves St Martin

Caves St Martin  
53 Route de Stadtbredimus  
L-5570 Remich  
Tel: (+352) 2369 9774  
Fax: (+352) 2369 9434  
Email: info@cavesstmartin.lu

Warning

To access the Caves St Martin website, you must be over the legal drinking age
and legally permitted to view these pages in the country that you are living
in. Caves St Martin support responsible consumption of alcohol.

I hereby agree to the terms and conditions of this Website  
  
YES      NO

##### You must agree to the above te...
---
* News
  * Kentucky
    * Fotos
  * Essen & Trinken
    * Tagesmenü
    * Menükarte
  * Catering
  * Kontakt

In vino veritas

Exzellente Tropfen aus unserem Weinkeller mit umfangreichem Sortiment
schmeicheln Ihren Sinnen und runden die Küchenkunst perfekt ab. Zahlreiche
regionale und internationale Tropfen bieten ein breites Spektrum an
Geschmacks- und Sinneserlebnissen.

More

Die besondere Geschenkidee ...

Es gibt viele Anlässe im Jahr, an denen man etwas Besonderes verschenken
möchte. Ob Ge...
---
﻿  
  
  
  

Bienvenue sur notre site!  
  
Vignerons et négoçiants depuis 4 générations dans la vallée de la Moselle
luxembourgeoise, donc au coeur de l'Europe, notre maison peut vous proposer
des vins de qualité issus des 9 cépages cultivés dans notre appellation, ainsi
que des vins mousseux, Crémants et de nombreuses spécialités. Vous pouvez
venir acheter nos produits en nos caves, mais nous pouvons également vous
livrer directement à votre adresse au Luxembourg tout aussi bien que par colis..."
45,20,45_club_boxing_cat_fonde,"club, boxing, cat, fonde, band, federation, clubs, luxembourg, aviation, european","Navigation  
Home  
Organigramme  
Les branches  
Calendrier  
News  
Download  
Carte des activits  
Liens  
Galerie  
Contact  
Recherche  
  
  
  
  
Bienvenue sur le site de la Federation Aeronautique Luxembourgeoise  
Les racines de la Federation Aeronautique Luxembourgeoise se confondent avec
l'acte de naissance de l'Aero-Club Luxembourgeois fonde le 28 novembre 1909 au
cafe du Commerce a la Place d'Armes a Luxembourg.  
  
Sa premiere initiative, apres sa creation, a ete d'organiser, en ...
---
* Home
  * Règlement
  * Boxeurs
  * Résultats
  * Photos
  * Calendrier
  * Contact
  * Comité
  * Clubs
  * Statuts

# La Federation

La Federation Luxembourgeoise de Boxe (FLB), fondee le 1.10.1922, est membre,
depuis cette date, du C.N.O.L., Comite National Olympique Luxembourgeois (plus
tard denomme COL puis COSL). En 1925, elle devient membre de la F.I.B.A.
(Federation Internationale de Boxe Amateur) et de la I.B.U. (International
Boxing Union).  
  
Apres la reorganisation des federations...
---
* Startsait
  * Comité
  * Training
  * Sponsoren
  * Kalenner
  * Tenue
  * Links
  * Kontakt

# 24.07.2016 - Vélo Gourmand

Nous vous proposons une agréable balade gourmande accompagnée de guides qui
vous feront découvrir en vélo la région est du Luxembourg avec la vallée de la
Moselle et son arrière-pays.

Départ et Arrivée: Ehnen

Inscriptions:

Le virement du montant sur le compte bancaire BCEE LU31 0019 3955 6761 3000
avec la mention 'Vélo Gourmand - Groupe 1,2,3 ou 4' vaut comme inscripti..."
46,20,46_art_casino_october 27_27 2015,"art, casino, october 27, 27 2015, 2015 11, october, cercle, film, casino luxembourg, membres","## Antiques & Art Fair Luxembourg

Antiques & Art Event of Luxembourg and the Greater Region

du 3 au 6 février 2017

Tous les jours : 11h-19h

## L'évènement

Antiques & Art Fair Luxembourg - Quand les antiquités côtoient l’art
contemporain

Le salon Antiques & Art Fair Luxembourg  accueille pendant 4 jours une
centaine d’exposants d’une dizaine de pays, présentant  un panel quasi complet
des styles et des époques du marché de l‘art et de l’antiquité: mobilier,
design, objets usuels, décoratifs...
---
* Rechercher :
  *   * 

Skip to content

  * accueil
  * agenda
  * cercle cité
  * salles à louer
  * photos
  * info

A LA UNE

juillet ’16

## La place d'Armes et le Cercle

### Exposition de la Photothèque de la Ville de Luxembourg

Cercle |  09/07/2016 > 04/09/2016 | 10:00-19:00 
Expositions temporaires > Photographie

L'exposition estivale et traditionnelle de la Photothèque s'intéresse cette
année aux salons de la ville, la place d'Armes et le { plus de détails }

## CeCiL's Afterwork - ...
---
fr | de | en
Search

# Casino Luxembourg

### Lara Almarcegui Le gypse

#### 23.3.2016 4.9.2016

####

### Rsidences d'artistes

### Art LX

#### Art contemporain au Luxembourg

####

### Publications

#### Shop en ligne des ditions du Casino

####

### Mdiathque

#### Bibliothque & photothque

####

### Casino Channel

#### L'exprience virtuelle

####

  * Expositions
  * Artistes en rsidence
  * Art LX
  * Publications
  * Mdiathque
  * Casino Channel

  * Expositions
  * Artistes en rsidence
..."
47,19,47_dog_purple dog_purple_chiens,"dog, purple dog, purple, chiens, pet, toilettage, salon, chats, salon toilettage, coiffeur","Menu

  * Home
  * Team
  * Animal Physiotherapy
    * What to Expect
  * Treatments
  * Blog
  * Pictures
  * Testimonials
  * Contact
  * English
    * Français
    * Deutsch

A FIT DOG IS A HAPPY DOG - Photos courtesy by Lisbeth Ganer

#### Fitdog, by Nathalie Janssen,  
provides physical therapy services for your pet.

Dogs lead active lives full of energy and motion. Physiotherapy can assist
them with this.

Do you have an aging, possibly arthritic dog that has difficulty moving
around? Or ...
---
* Home
  * About Us
    * Our team
    * Our Mission Statement
  * Services
    * Dog Day Care
    * Dog Boarding
    * Dog Walking
      * Group Dog Walking
      * Individual Dog Walks
    * Pet Sitting
    * Pet Boarding
    * Pet Taxi
  * Photos and Movies
  * Contact
  * Our Partners
  * Client Login

­

HomeNiKo2016-05-01T21:19:32+00:00

  *   *   * 

  * DOG DAY CARE 
  * DOG BOARDING
  * DOG WALKING 
  * PET SITTING 
  * PET BOARDING 
  * PET TAXI 

## Pets Assistance Company Sàrl

### A...
---
﻿

  

  * Prasentation
  * Dienstleistungen
  * Ausbildung
  * Fotografien
  * Shop
  * Kontakt

  
  

The Purple Dog bietet Weiterbildung an Private oder Berufstätige Personen.  
  
Die Kosten für die Ausbildung sind:  
  
\- 3200 €uros pro Monat  
\- 850 €uros pro Woche  
\- 250 €uros pro Tag  
  
Nach 3 monaten bezahlter Weiterbildung sie können kostenlos für eine weitere
Monat bleiben.  
  
Die Ausbildung wird auf Ihre Bedürfnisse zugeschnitten.  
  
Am Ende wird ein Zertifikat ausgestellt..."
48,19,48_kaart_08 16_14 18_30,"kaart, 08 16, 14 18, 30, 00, mam, jacques, streff, 12 14, 18","Eisen Internet Site gett grad Iwwerschafft  
Villmools Merci fir Är Gedold  
  
Fleurs Thiellen  
117 Rue Nicolas Welter  
L-7570 Mersch (Miersch)  
LUXEMBOURG  
  
  

Tel: 320130

Heures d'ouverture  
Lundi - Vendredi:  
08:30 - 12:00  
13:30 - 18:00  

Samedi:  
08:30 - 17:00  

Dimanche:  
10:00 \- 12:00

  
  

This field must contain Alpha Numeric characters

Verschécken

Thank you! Your submission was successfully sent :-)×

Opps! Some went wrong... Your submission did not go through :-(×...
---
Letzebuerger Familljebetrib an dretter Generatioun.  
Qualiteitsaarbecht zenter iwwer 65 Joer.

17, rue Ermesinde

L-6437 Echternach

Tel: 72 97 37

Fax: 72 97 36

Produkte

Anfrage senden

MarkisenQ.bus  
StorenInsektenschutz  
AussenraffstorenFenster und Hausturen  
RolladenSonnenschirme  
GaragentoreVelux  
GlasdacherHeizstrahler  
Klappladen  
ffnungszeiten

Montag8-12 und 14-18 Uhr  
Dienstag8-12 und 14-18 Uhr  
Mittwoch8-12 und 14-18 Uhr  
Donnerstag8-12 und 14-18 Uhr  
Freitag8-12 und 14-...
---
*   *   *   *   *   *   *   *   *   * 

Frulein Else & Leutnant Gustl  
Gastspiel in Berlin

    12 normaler Tarif   8 reduziert (Studierende)  
Mi 24/08/16  
Do 25/08/16  
Fr 26/08/16  

FLCK  
Kannertheater mam Mady Durrer an Annick Sinner  
am Faarwegeschft Peintures Robin zu Leideleng (Klickt hei fir eng Kaart)

    15 Erwuessener   10* Kanner   
So 24/07/16 - 15:00      Fir Ticketen rufft wegl nnert der Nummer 27489382 un.  
Wann Der ee Kulturpass hutt, mellt Iech w.e.g. am Bro, T:27489382 ..."
49,16,49_type_annuler_appartement_habitable m²,"type, annuler, appartement, habitable m², surface, surface habitable, maison, habitable, 000 infos, chambres coucher","* Français 
  * de 
  * en 
  * pt 

  * Accueil 
  * Ventes 
  * Locations 
  * Projets 
  * Informations 
  * Contact 

Search by keywords:  
CATÉGORIE  Maison Appartement Garage Terrain Immeuble de rapport Local
commercial Fonds de commerce Local industriel

TYPE DE BIEN  TYPE DE BIEN  Maison Maison jumelée Maison mitoyenne Maison de
maître Maison individuelle Maison bi-familiale Maison à rénover Villa Bungalow
TYPE DE BIEN  Appartement Studio Duplex Triplex TYPE DE BIEN  Parking
Emplacement ...
---
* Français 
  * de 
  * en 
  * pt 

  * Ventes 
  * Locations 
  * Projets 
  * Informations 
  * Contact 

Search by keywords:  
CATÉGORIE  Maison Appartement Garage Terrain

TYPE DE BIEN  TYPE DE BIEN  Maison Maison jumelée Maison mitoyenne Maison de
maître Maison individuelle Villa Bungalow TYPE DE BIEN  Appartement Studio
Duplex Appartement meublé TYPE DE BIEN  Emplacement intérieur TYPE DE BIEN
Terrain à batir

PAYS  Belgique France Luxembourg

en vente

en location

prix

surface

chambre...
---
* Français 
  * de 
  * en 
  * pt 

  * Ventes 
  * Locations 
  * Projets 
  * Informations 
  * Contactez-nous 

Search by keywords:  
en vente

en location

France Italie Luxembourg

CATÉGORIE  Maison Appartement Garage Terrain Immeuble de rapport Lotissement
Résidence Local commercial

TYPE DE BIEN  TYPE DE BIEN  Maison Maison jumelée Maison de maître Bungalow
TYPE DE BIEN  Appartement Studio Duplex Triplex Penthouse Appartement meublé
TYPE DE BIEN  Garage Parking Emplacement intérieur Park..."
50,16,50_tennis_houwald_ko_fltt,"tennis, houwald, ko, fltt, publié, bdo league, bridel, dt, bdo, league","# Desch-Tennis Saint Hubert Bridel

DT Bridel : Les dernieres nouvelles

## Assemblee generale 2016

Le comite du Desch-Tennis Saint Hubert Bridel a l'honneur de vous inviter a
son Assemblee generale ordinaire qui se tiendra le jeudi 9 juin 2016 a 19.00
heures dans le Hall des sports a Bridel.

Le comite espere vivement rencontrer tous ses membres a cette assemblee
generale.

Nous invitons particulierement les parents a accompagner nos jeunes joueurs a
cette assemblee pour leur faire connaissanc...
---
* Plan du site 
  * Contact 

  * Accueil 
  * Sport National 
  * Sport International - Cadres 
  * Fédération 

Fédération Luxembourgeoise de Tennis de Table

# Highlights

## Sponsors et partenaires de la FLTT

## MANNSCHAFTS-EM 2017 IN LUXEMBURG

Die Mannschafts-EM 2017 wird vom 13. bis zum 17. September in der ""Coque""
ausgetragen. Mehr

## Offene Vereinslehrgänge für Jugendspieler(innen)

Wahrend der Sommerferien bietet die FLTT drei Vereinslehrgange an mit
taglichem Training von 9.30 bis 1...
---
Toggle navigation Desch-Tennis Houwald

  * Contact
  * Sponsors
  * Le dth sur le site de la FLTT
  * Divers
    * Statuts
    * Comite et entraineurs
    * Salle de jeu
    * Equipes
    * Programme Sept-Déc 2015 
    * Programme Janvier-Juin 2016
    * Entrainements
    * Resultats par equipes
    * Resultats individuels
    * Ecole de tennis de table
    *     * Mailing List

  * Archive
    * 2014/15
    * 2013/14
    * 2012/13
    * 2011/12
    * 2010/11
    * 2009/10
    * 2008/09
    * 2..."
51,16,51_fleurs_plantes_00 12_compositions,"fleurs, plantes, 00 12, compositions, 00, destinataire, arrangements, 12 30, 30, 12","# Fleuriste Danielle Grün

  * lu
  * de
  * en
  * fr

  * Accueil
  * Présentation
  * Produits & Services
  * Nos créations
    * Arrangements de fleurs
    * Arrangements de table
    * Arrangements plantes
    * Bouquets
    * Mariage - Bouquets de mariée
    * Mariage - Arrangements pour voiture
    * Naissance - Baptême
    * Deuil
    * Décors Eglises
    * Evènements
  * Contact

  * ## Les fleurs c'est notre passion, la qualité c'est notre standard, le service c'est notre plaisir 
  * ...
---
#

  * lu
  * de
  * en
  * fr

  * Accueil
  * Présentation
  * Produits & Services
  * Fleuriste
  * Fête des mères Dimanche 12 Juin
  * Compositions
    * Compositions
    * Saint Valentin
    * Un dernier adieu
    * Le plus beau jour de ma vie
    * Décoration
    * Plantes
  * Nos réalisations
  * Contact

  * ## Décorations florales
  * ## La nature, les fleurs, les plantes
  * ## Dimanche 12 Juin Fête des Mères 
N'oubliez pas de fêter les Mamans le Dimanche 12 Juin !!

## Présentation

F...
---
#

  * lu
  * de
  * en
  * fr

  * Accueil
  * Présentation
  * Nos prestations
  * Historique
  * Notre Catalogue
    * Fleurs coupées & bouquets
    * Plantes intérieures
    * Plantes extérieures
    * Naissance et Communion
    * Mariage
    * Deuil & Enterrement
    * Arrangements de table
    * Cadeaux & articles de décoration
  * Créations saisonnières / Cours floristiques
    * Créations Saint-Valentin
    * Nos cours floristiques
  * Contact

  * ## OUVERT ! LE DIMANCHE MATIN DE 10H00-..."
52,16,52_bissen_2006_atert bissen_atert,"bissen, 2006, atert bissen, atert, plaz, punkten, 50m, theisen, sin, platz","# Image 1

# Image 2

# Image 3

# Image 4

# Image 5

# Image 6

# Image 7

# Image 8

# Image 9

# Image 10

# Image 11

# Image 12

  * Actualités
  * Inscription Trail
  * Le club
  * Meetings
  * Entraînements
  * Records
  * Photos
  * Albums
  * Sponsors
  * Contact

  *   * 

# Top Resultater um 6. Challenge Tageblatt zu Schëffleng

// 04.07.2016

Eis FOLA's Équipe war matt 53 Athleten vertrueden, dorenner waren och 8
Benjamin(e)s Joergang 2007.  
  
Folgend Top 3 Plazeierungen sin dobei...
---
Du bass nach net ugemellt. Mell dech gratis un

m wat geet et op Photogen.lu?

Nick:

Passwuert:

Automatesch Aloggen

  * Start
  * Iwwert Eis
  * Fotoclub
    * Club Info
    * Clubmember ginn
    * Workshops
  * Forum
  * Galerie
  * Concoursen
  * Tutorials
    * Foto bearbechtung
    * Begreff Erklarungen
    * Allgemeng Tipps
  * Annoncen
  * Meetings

» Neist Fotoen kucken     » Wochefotoen kucken

Frozen

Pt Cruiser

skyline Luxembourg

Feld bei Lenneng

Dat ass Leift

E niwwelegen Moien...
---
News

Club

1\. Equipe

2\. Equipe

Dammen

Photoen Opstieg Felen - Bissen

Videoen Opstiegsfeier

Jugend

Vtrans

Resultats

Photos 2014-15

Photoen 2015-16

Vidos 2014-15

Vidos 2015/2016

Manifestatiounen

Vidos archives

Sponsoren

Archives

Contact

###### Vous etes a la page : News

##

CHAMPION 1. DIVISIOUN 1. BEZIRK  
EIREPROMOTIOUN MIR KOMMEN  

  

#  Coupe Roger Lepage 13., 14., 15 a 17. Juli 2016

##

COUPE ROGER LEPAGE  
  
Mettwoch den 13. Juli - Poule A  
19:30  Grevels  -  Folsch..."
53,15,53_unicef_projets_faso_burkina,"unicef, projets, faso, burkina, burkina faso, march, enfants, february, december, enregistrer","* Home

#  PHARMACIENS SANS FRONTIERES Luxembg

Les médicaments et les soins accessibles à toutes les populations

  * Accueil
  * Archive
  * Articles à la une
  * Bulletin
    * Novembre 2012
    * Novembre 2014
  * Initiatives
  * Nos Projets
    * Projet au Bénin
    * Projet au Burkina Faso
    * Projet au Cambodge
    * Projet au Congo (RDC)
    * Projet au Népal
    * Projet en Inde
    * Projets au Sénégal
    * Projets d'urgence
    * Projets en Afrique du Sud
  * Qui sommes-nous
    * ...
---
Allez au contenu  

#

##

  * Qui sommes-nous
    * UNICEF Luxembourg
    * UNICEF dans le monde
    * Finance & Transparence
    * Nous contacter
    * Où nous trouver
    * Bénévolat
    * Offres d'emploi
  * Projets
    * Projets & Domaines
    * Urgences
    * Projets en cours
    * Projets réalisés
    * Domaines d'intervention
  * Actions
    * Actions en cours
    * Schools for Africa
  * News
    * Actualités
    * Urgences
    * Communiqués de presse
    * Archives
  * Jeunes
    * Akt...
---
* Home
  * L'organisation
    * Qui sommes-nous ?
    * Le Conseil d'Administration
    * Notre équipe
    * Principes de fonctionnement
    * Alliance pour le climat Luxembourg
  * Projets de solidarité
    * Notre approche projets
    * Nouvelles des partenaires
    * Afrique de l'Ouest
      * Burkina Faso
        * CNABio (Burkina Faso)
        * GTPA (Burkina Faso)
        * ARFA (Burkina Faso)
        * UBTEC-NAAM (Burkina Faso)
      * Togo
        * CED (Togo)
        * CADR (Togo)
     ..."
54,15,54_judo_1st_taekwondo_kung fu,"judo, 1st, taekwondo, kung fu, kung, fu, club, kids, lta, passage","# Judo Club Ettelbruck

## Club de Judo et Jujitsu affilié à la FLAM

Menu Aller au contenu principal

  * Le Club
    * Comité
    * Historique du club
    * Le Dojo
    * Horaires des entraînements
  * Judo
    * Le Dojo
    * Les moniteurs
    * Judo - saison 2015/2016
    * Jigoro Kano - le fondateur du Judo
  * Ju-Jitsu
    * Le Dojo
    * Les moniteurs
    * Ju-Jitsu - saison 2015/2016

# Le Club

Le Judo Club Ettelbruck est un club d'art martial permettant la pratique du
Judo et du Jujits...
---
DEFENDS- TOI! A.s.b.l.

  * HOME
  * NEWS
    * BLOG
  * COURS
    * ATROX GLADII®
    * BOKWA®
    * Fit N Fun®
    * K.A.E. DO®
    * KUNG FU KIDS®
    * IMAA KUNG FU®
    * X-POWER®
    * ZUMBA®
  * TIMETABLE
  * GALLERY
    * 2016
      * Kung Fu Kids Summercamp 2016
      * Kung Fu Kids Survival Camp 2016
      * Wing Tjun training impressions
      * KAE DO Basic Level Grading Test
      * KAE DO Basic Level Grading Test
      * IMAA TG Summercamp impressions 2016
      * KAE DO Basic Leve...
---
* Accueil
  *   * Aikido
  * Capoeira
  * FMA
  * Hapkido
  * Hwa Rang Do
  * Judo
  * Jujitsu
  * Karate
  * Kendo
  * Kick Boxing
  * Krav Maga
  * Kung Fu
  * Kyudo
  * Muay Thai
  * Taekwondo
  * Tai-Chi
  * WingTjun
  * Yoseikan

  * Interreg Judo
  * Clubs affiliés
  * Comité Judo
  * Commissions Judo
  * Groupes de Travail Judo
  * Calendrier
  * Entraînements régionaux
  * Cadre COSL
  * Cadres Nationaux
  * Sports-Etudes
  * Règlements
  * Armée Luxembourgeoise
  * Résultats
  * Kata
  ..."
55,15,55_véranda_vérandas_cadeaux_traitements,"véranda, vérandas, cadeaux, traitements, grand, publicitaires, impression, putz, roll, lettrage","Nos adresses

Choisissez votre langue :

FR BE CH LU NL UK MA RU

#

  *   * Bilans & Analyses
  * Soins à l'institut
  * Traitements à domicile
    * Traitements externes
    * Traitements internes
  * Colorations naturelles
    * Colorations naturelles pour femme
    * Colorations naturelles pour homme

\- - Main menu - - Bilans & Analyses Soins à l'institut Traitements à domicile
\- - Traitements externes \- - Traitements internes Colorations naturelles \-
- Colorations naturelles pour femme ...
---
# cadeaux personnaliss,cadeaux affaires,t shirt,t-shirts personnaliss,objet
publicitaire,cadeau personnalis,cadeaux
personnaliss,stylo,luxembourg,impression de cadeaux,lettrage vitrine et
decoration voiture,panneaux immobilier,roll up

* * *
Aller au contenu

Menu principal:

  * Page accueil
  * Objets personnaliss
    * Nos Catalogues
    * Post-it personnalis
    * Cadeaux personnaliss
  * Textile
    * Impression sur textile
  * Graphisme
    * Carte de visite
    * Cration de logo
    * Bro...
---
Menu Vérandas Grand-Ducales

  * Accueil
  * Vérandas 
    * Extensions de maison
    * Les modèles de vérandas
    * Nos références en vérandas
    * Le prix d'une véranda
  * Pergolas 
    * Les modèles de pergolas
    * Nos références en pergolas
    * Le prix des pergolas
  * Notre différence 
    * Des vitrages lumineux et isolants
    * Un profil unique : l'AluThermoBois
    * Une ventilation innovante pour votre véranda
    * Toiles d'ombrage : le soleil quand je veux
  * Votre espace con..."
56,14,56_droit_2016_envie_07,"droit, 2016, envie, 07, actualités, skatepark, foundation, 2012, tweet, 26 07","* Page d'accueil
  * A Propos
    * Qui sommes nous ?
    * Ce que nous faisons
    * Membres
    * Formulaire d'adhésion en ligne
    * Nous soutenir
  * Actualité
    * Nos Actualités
    * Nos Campagnes
  * La corruption
    * Notre conception de la corruption
    * Les Chiffres
  * Hotline
    * Whistleblowing
    * Nos Services pour les particuliers
    * Nos Services pour les personnes morales
  * Presse
    * Tous les communiqués
    * Toutes les revues
  * Documentation
    * Nos publica...
---
* About us
    * Our vision
    * Our Philosophy
    * How we work
    * Our organisation
    * Annual Reports
    * Frequently asked questions
  * What we do
    * Lines of action
    * Our partners on the field
    * Projects at a glance
    * Stories from the field
  * Donate
    * Donate now
    * Pledge your birthday!
    * Generous initiatives
    * Shop
    * Corporate sponsorship
    * Leave a trace
    * Testimonies from donors and friends
  * Videos
  * Updates
    * All
    * From the...
---
0,00 € (0)

fren

## Connectez-vous avec votre adresse e-mail ou votre compte Facebook

Mot de passe oublié ?

OU

## Vous n'avez pas encore de compte ?

Inscrivez-vous dès maintenant

  * Legitech
    * Qui sommes-nous ?
    * L'équipe
    * Rejoignez-nous
    * Contact
  * Newsroom
    * Actualités
    * Articles
    * Agenda
    * Carrières
  * Librairie
    * Nos ouvrages
    * Editions tierces
  * Legijob
    * Présentation
    * Annonces
    * Publier une offre d'emploi
  * Legimag
    * P..."
57,14,57_jeu_jeux_agence_dépendance,"jeu, jeux, agence, dépendance, hersteller, marketing, axa, communication, kunden, uber","## Conserver ses atouts concurrentiels et accroitre sa performance pour
assurer une rentabilite sont des challenges passionants mais parfois
eprouvants.

Dans un souci majeur de perenite pour l'entreprise, le metier de dirigeant
releve d'une competence accrue par la prise decisionnelle de choix
strategiques.  
  
Definir une ligne directive pour la valorisation du savoir-faire a long terme,
avec un axe de developpement a court terme repondant aux imperatifs de retour
sur investissement, est aujo...
---
* Kontakt
  * Hersteller
  * Impressum
  * Referenzen
  * Sonderposten

Point Solutions

  
  

Sehr geehrte Kunden,

> ""Jeder Mensch hat etwas, was ihn antreibt. Unser Wille zum Erfolg treibt uns
> an und wir tun nichts Außergewohnliches, wir sind bloß erfolgreich, weil wir
> ganz gewohnliche Dinge ganz außergewohnlich tun.""
Point Solutions - Kunden sind Partner!

Wir mochten Ihnen nicht einfach den Kauf unserer Produkte nahelegen. Wir
mochten mehr. Gerne wollen wir Sie uberzeugen, dass unsere ...
---
#

  * Accueil
  * A propos de nous

0

##  Les pires jeux de l’histoire

Un gamer n’est pas seulement un gros consommateur de jeux et ce dernier ne
peut que s’abonner auprès de ceux dont il juge meilleur à ses yeux. A partir
de cette analyse, nous pouvons effectuer un distinguo entre les jeux
attrayants et les jeux moribonds. Nous nous sommes alors investis à vous

Read More

0

##  La face cachée de l’addiction - Jeu en ligne

Plusieurs enquêtes menées jusqu’à présent par les experts, démontre..."
58,14,58_asivema_fotoen_scouten_guiden,"asivema, fotoen, scouten, guiden, thema, vum, eis, ginn, lëtzebuerg, gouf","* Home
  * Asivema
    * Willy Flener erster Präsident von Asivema
    * Gründung von Asivema
    * Asivema und Letzebuerg West
    * Bilder der Aktivitäten von Asivema
  * Apéro Tours
    * Bilder der Apéro Tours
  * Eisch-Mamer-Attert-Tal
  * Aktivitäten in der Region
    * Forstlehrpfad Sturmschäden im HÄREBËSCH
  * Kontakt
  * Westtrails

  *   *   *   * 

#  Sie sind auf der Home Page von ASIVEMA.

#  Entente des communes et syndicats d'initiative des vallees de l'Eisch, de
la Mamer et de l...
---
<![endif]-->

Lëtzebuerger Guiden a Scouten

  * LGS
  * Haapt-Site
  * News
  * Chefbox
  * Chalets
  * ONGD

  * Branchen
  * Biber
  * Wëllefcher
  * AvEx
  * CaraPio
  * RaRo

  * Equippen
  * Formatioun
  * International
  * Native Village
  * Gruppenekipp
  * Spiri

  * Divers
  * GoUrban
  * Bealtaine
  * Albatrossen

Menü

  * Philosophie
  * Programm
  * Gruppen
  * Kontakt

  * LU
  * FR
  * EN

  *   *   * 

### Programm

### Philosophie

### Kontakt

  * ### ONGD
  * ### Native Villa...
---
* Kontakt
  * Links
  * Downloads
  * Newsletter

  * Start
  * Neiegkeeten
    * EBL-News
    * Info-Box
    * Neies vun hei
    * Gemengepinnwand
  * Service
    * Publikatiounen
    * Top-Themen
    * Material lounen
    * Berodung
    * PersoPool
    * Klimapakt
  * Projeten
  * Evenementer
  * EBL
    * Wat ass d'EBL?
    * Eis Équipe
    * Memberen
    * Member ginn

Nei Seminairen, Workshopen an EBL-Talken Mellt Iech elo un!

  * Infographik vun der Campagne ""Ech Kafe Clever""
  * D'EBL si..."
59,13,59_pferde_youth_cheval_fur,"pferde, youth, cheval, fur, chevaux, farbe, 94, june, forms, ausbildung","Verkaufspferde aktualisiert

Home page

  * Team
  * Hengste im Deckeinsatz
  * Verkaufspferde
  * Dressur sportpferde
  * News
  * Fohlenmarkt
  * Turniererfolge
  * Kontakt

Lux-Dressage ist eine Gesellschaft die sich mit Zucht, Aufzucht, Ankauf,
Ausbildung und Verkauf von Dressurpferden beschaftigt.

Pferde sind Lebewesen die man einfach gerne haben muss, deswegen stehen wir
mit viel Engagement und Geduld dahinter.

Fur uns sind Pferde eine Passion, die uns jeden Tag auf ein Neues begeistern
...
---
Diese Seite auf

Zucht- und Dressurstall den Hollander

Route de Schleif  
L-9645 DERENBACH  
Grand-Duch de Luxembourg

Tel.: 00352 94 94 77  
Fax. 00352 94 94 78

denhollander@pt.lu  
www.denhollander.lu  

  
  

Werbelinks:

##### Fur den Inhalt der obigen Links sind wir nicht verantwortlich!

  

Immer ofters finden unsere Talente Abnehmer im Ausland. Sei es in Frankreich,
Holland,  
Deutschland, ja sogar nach Amerika haben wir schon Pferde verkauft!

Alle Pferde aus unserer Zucht erfreuen s...
---
#

##

#  Erratum in patternbook for International Horse Show Ranch riding on
Saturday

July 18th, 2016

Find the corrected Patternbook-low (1) here. There was a mistake on Ranch
Riding Pattern 36, 38 and 37, 41 113. We apologize this error and hope that
you feel good with this change.

Read More ->

#  July 22-24, 2016 International Horse Show Patterns online, IHS offers 5000
Euro on price money, reduced stable price, +++, -

June 14th, 2016

Hi all, We are proud to announce that theses sponsor..."
60,13,60_banque_bnp_bnp paribas_paribas,"banque, bnp, bnp paribas, paribas, bcl, banking, bcp, épargne, prêt, zebra","* English
  * Français
  * BNP Paribas weltweit
  * Online-Banking
    * Zugang zum Web Banking für Kunden von BGL BNP Paribas
Zugang zu Web Banking

    * Zugang zum Web Banking für Kunden von BNP Paribas Wealth Management
Zugang zu BNP Paribas Wealth Management

    * Zugang zum Kundenbereich von BGL BNP Paribas Direct Invest
Zugang zu BGL BNP Paribas Direct Invest

    * The single point of entry to BNP Paribas Fixed Income's global web services
Zugang zu Global Markets

    * Access your wor...
---
Fortuna Banque s.c.

VOTRE PARTENAIRE LUXEMBOURGEOIS  
Depuis 1920

  * ACCUEIL
  * PARTICULIERS
  * PROFESSIONNELS
  * JEUNES
  * LA BANQUE
  * INFOS PRATIQUES
  * EBANKING

Cartes de crédit : Inscription au service 3D Secure

  
  
  

#### LIENS DIRECTS

  * Cartes bancaires
  * Prêt personnel
  * Prêt hypotécaire
  * Prêt-études
  * Présentation E-banking

#### OUTILS

  * Profil investisseur
  * Simulateur de prêt
  * Cours des Sicav
  * E-BANKING

#### une vision durable

Nous plaçons le d...
---
* fr
  * en
  * de

MEINE ANTRÄGE WEB BANKING

  * Privatkunden
    * Privatkunden
    * Grenzgänger
    * ""New Arrivals""-Angebot
    * Priority
  * Junge Leute
    * Berufseinsteiger
    * Studenten
    * Schüler
    * Kinder
  * Geschäftskunden & Unternehmen
    * Unternehmen
    * Freiberufler
    * Großunternehmen
  * Öffentlicher Sektor & Vereine
    * Öffentlicher Sektor
    * Vereine und NGOs
  * Private Banking
  * Über uns

Einfach, schnell und gratisIhr Girokonto in nur wenigen Schritt..."
61,13,61_livre_publicité powered_masquer publicité_powered selfmadewebsite,"livre, publicité powered, masquer publicité, powered selfmadewebsite, selfmadewebsite, masquer, carte, publicité, réservation, restaurant","Home |  Le Restaurant |  Nos plats |  Notre carte |  Plats du jour |  Nouveautés |  Evenements |  Notre vidéo |  Livre d'or |  Contact |  Réservation |  Nos autres restaurants

  * Home
  * Le Restaurant
  * Nos plats
  * Notre carte
  * Plats du jour
  * Nouveautés
  * Evenements
  * Notre vidéo
  * Livre d'or
  * Contact
  * Réservation
  * Nos autres restaurants
  *  

Masquer la publicité

Powered by selfmadewebsite.com
---
Home |  Le Restaurant |  Plats du jour |  La carte |  Sushi Bar |  Réservation |  Notre vidéo |  Livre d'or |  Contact |  Nos autres restaurants

  * Home
  * Le Restaurant
  * Plats du jour
  * La carte
  * Sushi Bar
  * Réservation
  * Notre vidéo
  * Livre d'or
  * Contact
  * Nos autres restaurants
  *  

Masquer la publicité

Powered by selfmadewebsite.com
---
Home |  Le restaurant |  Notre carte |  Notre vidéo |  Livre d'or |  Nouveautés |  Contact |  Evenements |  Réservation |  Plats du jour |  Nos autres restaurants

  * Home
  * Le restaurant
  * Notre carte
  * Notre vidéo
  * Livre d'or
  * Nouveautés
  * Contact
  * Evenements
  * Réservation
  * Plats du jour
  * Nos autres restaurants
  *  

Masquer la publicité

Powered by selfmadewebsite.com"
62,12,62_savoir_compass_station_total,"savoir, compass, station, total, wasserbillig, négociation, diversity day, vauban, label, reçu","Aller au contenu principal

#

  * Home
    * Nouveau concept à la station Total de Wasserbillig !
    * Contact
  * Le groupe Compass
    * Compass Group
    * Notre Vision et nos Valeurs
    * Notre mission et nos principes directeurs
    * Compass Group Luxembourg
    * Historique
    * Organigramme simplifié
    * Nos activités
    * Actualités
  * Engagements
    * Préparer l'avenir
    * Code des pratiques commerciales
    * Nos actions caritatives
  * Carrières
    * 1001 raisons de nous ...
---
Aller au contenu principal

#

  * Home
    * Nouveau concept à la station Total de Wasserbillig !
    * Contact
  * Le groupe Compass
    * Compass Group
    * Notre Vision et nos Valeurs
    * Notre mission et nos principes directeurs
    * Compass Group Luxembourg
    * Historique
    * Organigramme simplifié
    * Nos activités
    * Actualités
  * Engagements
    * Préparer l'avenir
    * Code des pratiques commerciales
    * Nos actions caritatives
  * Carrières
    * 1001 raisons de nous ...
---
Aller au contenu principal

#

  * Home
    * Nouveau concept à la station Total de Wasserbillig !
    * Contact
  * Le groupe Compass
    * Compass Group
    * Notre Vision et nos Valeurs
    * Notre mission et nos principes directeurs
    * Compass Group Luxembourg
    * Historique
    * Organigramme simplifié
    * Nos activités
    * Actualités
  * Engagements
    * Préparer l'avenir
    * Code des pratiques commerciales
    * Nos actions caritatives
  * Carrières
    * 1001 raisons de nous ..."
63,12,63_eis_iech_och_06,"eis, iech, och, 06, elisabeth, 06 2016, weider, eiser, joseph, kinder","LU   FR  
  * Startsäit
  * Iwert d'Zwergewiss
    * Mir stellen eis vir
    * Moolzechten
    * Räimlechkeeten
    * Eist Personal
  * Konzept
    * Pädagogesch Grondsätz
    * Agewinnung
    * Allgemeng Zieler
  * Gallerie
  * Kontakt

## Startsäit

# WELLKOMM an der Zwergewiss

Matten am Duerf geleeë mat enger grousser Spillplaz, Besuch um Bauerenhaff,
Babyschwammen, an Villes méi waarden op Är kleng Zwergen.

Mir hunn nach Disponibilitéiten an der Feelener Zwergewiss, zéckt net, kommt
luusse...
---
# Fdration des Patrons Opticiens Optomtristes

## La Fdration

## Actualits

  

#####   Runion du Comit: 10 Mars 2014 19.00 heures Salle: 0.3  
  
La Fdration le 30/01/2014  
  

## Accs membres :  
### Firwaat sollt Dir Äeren Sonnebrell beim OPTIKER kaafen ?

Fir d'eischt mol kritt Dir beim Optiker eng fachkompetent Berodung.
Sonnenbreller vum Optiker hunn een garanteierten UV-Schutz, deen Är Aan firun
schiedlecher UV-Strahlung schutzt. Brong, gro an greng Sonnenglieser
veranneren d'Faarwen so...
---
# Elisabeth.lu Company

  * Départ

  
        
  *   *   *   *   * 

#### Impressiounen zum internationalen Dag vum Kuss

Dee flotten Tableau hei mam Titel ""Red und Scarlett"" (80x100cm) gouf vum
Kënschtler Marc Thines aus dem Betzder Molatelier gemolt a steet, niewt anere
ganz flotte Wierker vu verschiddene Kënschtler aus eisem Atelier, och zum
Verkaf.

All déi Konschtwierker kënnen op eiser interner Billerausstellung zu Betzder
besichtegt ginn vu Méindes bis Freides vun 8.00 bis 16.30 Auer a M..."
64,12,64_browser_version_niederanven_update,"browser, version, niederanven, update, recommend, projet loi, 9h, etude, eglise, loi","###### Your browser is out-of-date!

Update your browser to view this website correctly. Update my browser now

Close

Toggle navigation

  * Accueil
  * A propos de nous
  * Nos créateurs
  * Notre charte
  * Contact

Optique Thill

# Un opticien d’exception depuis 1978

Toujours à la recherche des nouvelles tendances ou de nouveaux designers,
Oriane parcourt chaque année les foires de Paris, Milan ou encore New York.

Elle y déniche en avant-premiere les modèles qui feront le bonheur de ses
cl...
---
Your browser version is outdated. We recommend that you update your browser to
the latest version.

  * > Accueil
  * > Etude posturale?
  * > Pour qui?
  * > Le concept
  * > Les outils
    * > L'analyse vidéo
    * > Les mesures de pression sur la selle
    * > Les mesures de pression dans les chaussures
    * > L'analyse de force et technique de pédalage
  * > Formules, tarifs & bons-cadeau
  * > Les collaborations
  * > News
  * > FAQ
  * > Contact

  
  
* * *
L'importance d'une etude postu...
---
Your browser version is outdated. We recommend that you update your browser to
the latest version.

Syndicat des Fabriques d'Eglise du Luxembourg

Démarrer>

Accueil

* * *
  * > Accueil
  * > Agenda
  * > À propos de nous
    * > Notre mission et statuts
    * > Structure de l'organisation
    * > Comité d'Administration
    * > Rapports CA et AG
  * > Publications
    * > Communications
    * > Recommandations
    * > Avis et decrets
    * > Feedback
    * > Presse
    * > Liens intéressants
 ..."
65,11,65_soudure_élévateurs_ponts_aspiration,"soudure, élévateurs, ponts, aspiration, cabines, expertise, expertises, colonnes, énergétique, pompes","# Luxembourgeoise de Tuyauterie et Maintenance Industrielle

  * lu
  * de
  * en
  * fr

  * Accueil
  * Présentation
  * Produits & Services
  * Nos produits
  * Contact

  * ## Votre partenaire en maintenance et tuyauterie industrielle, tous fluides et toutes nuances.
Nous avons des équipes présentes en France (Ltmi) et en Belgique (Etmi) pour
répondre à vos besoins.

## Présentation

Nos activités : De la conception à la réalisation, nous intervenons dans
divers domaines : \- Installation de...
---
﻿

  * Français
    *  English
    *  Deutsch

Toggle navigation Bureau d'Expertise Peyman Assassi

  * Bureau d'expertise en bâtiment
  * Expertises judiciaires 
    * Détection des erreurs de construction à Luxembourg
    * Détection d'humidité et moisissure à Luxembourg
    * Estimation immobilière à Luxembourg
    * État des lieux à Luxembourg
  * Expertises énergétiques 
    * Passeport énergétique à Luxembourg
    * Conseil en énergie à Luxembourg
    * Thermographie / calcul pont thermiqu...
---
#### Equindus S.à r.l. - Rodange / Luxembourg équipement de garage et
carrosserie

Equipement de garage et carrosserie Luxembourg, Belgique et France.
Maintenance Industriels, système de parking

  * ACCUEIL
  * NOS PRODUITS
    * Analyseur
    * Aspiration
      * Aspiration - Fumées
      * Aspiration - Poussières
      * Aspiration - Station centrale
      * Aspiration - Filtres
    * Banc de test
      * Banc de test - Freins
      * Banc de test - Géometries
    * Cabines de peinture
      ..."
66,11,66_sushi_grill_restaurant_plats,"sushi, grill, restaurant, plats, emporter, tea, carte, 23 00, 14 30, js","* Accueil
  * Photos
  * Menu du jour
  * Carte
  * Evnements
  * Rservation
  * Contact

Rservez une table Consultez la carte

# Nos dernires infos

Nouveau au Wasabi, apprenez faire des sushis :  
\- comment prparer le riz de sushi.  
\- apprendre faire les makis.  
\- apprendre la technique pour dcouper le poisson.  
  
Aprs le cours vous dgustez des sushis et le cadeau emporter .  
Pour plus d'informations veuillez appeler le 357281.  
  
le 31/12/2015 midi: profitez de nos sushis emporter. ...
---
#

  * lu
  * de
  * en
  * fr

  * Accueil
  * Présentation
  * Menu
  * Produits & Services
  * Notre carte
  * Contact

  * ## Spécialités chinoises, thaïlandaises et sud-américaines.
  * ## Spécialités chinoises, thaïlandaises et sud-américaines.

## Présentation

Le restaurant Le Colibri Bleu (70 couverts) vous accueille 7j/7 à Mondercange.
Nous vous proposons une carte variée avec différents menus du jour au choix,
des menus végétariens, des plats à emporter ou en livraison. Au premier éta...
---
# Navigation

  * # Information |
  * # Menu |
  * # Methode |
  * # Photos |
  * # Contact

  * JS Sushi & Grill  
Restaurant asiatique - Menu a volonte  
Sushi - Sashimi - Temaki - Maki - Soup - Noodles - Dim Sum - Teppan Yaki

  * JS Sushi & Grill Restaurant  
5, Rue du Saint-Esprit  
L-1475 Luxembourg  
Tel. +352 22 01 21  
www.jsrestaurant.lu

  * JS Sushi & Grill Restaurant  
Lundi - Dimanche et Jours feries: 11:30 - 14:30 et 18.30 - 23:00  
Nous sommes ferme samedi midi et le lundi soir s..."
67,11,67_header_video_footer_animateur,"header, video, footer, animateur, programm, academy, joer, live, online, auswahl","﻿

> Scroll
  * Home
  * Kurse
    * Kursliste nach Datum
    * Art Clay
    * Figuren
    * Filzen
    * Für Kinder
    * Home Deko
    * Nähen
    * Patchwork
    * Powertex
    * Rost
    * Schmuck
    * Stricken
  * Wo finden Sie uns?
  * Downloads
    * Bastelanleitungen (PDF)
    * Art Clay
    * Schmuck und Accessoires
    * Glasuren
    * Fastnachtsmasken (Video)
    * Armbänder mit Gummiringen (Video)
    * Anleitung für Gummiarmband mit Loom-Webrahmen (Video)
    * Anleitung für eine H...
---
* Facebook
  * YouTube

  *   * Home
  * Street Art
  * Expos
  * Live-Concours
    * Online-Umeldung
    * Reglement
    * Publikumspräis
  * Kids Academy
    * Online-Umeldung
  * Konstmaart
    * Online-Umeldung
    * Reglement
  * Partner
  * Presse
  * Fotoen
    * Konstfestival 2015
    * Konstfestival 2016
    * Konstfestival 2014
    * Konstfestival 2013
    * Konstfestival 2012
    * Konstfestival 2011
    * Konstfestival 2010
    * Konstfestival 2009
    * Konstfestival 2008
    * Kons...
---
FR  DE  

  * ACCUEIL 
  * NEWS 
  * F.A.Q. 
  * ServicePlus ™ 
  * CONTACT 
  * MEMBRES 
  * Features 
    *       * Main Features
        * Pricing Tables
        * Icons
        * Animations
        * Typography
        * Grid System
      * Headers
        * Overview
        * Header 2
        * Header 3
        * Header 4
        * Header 5
        * Header 6
        * Header 7 - Below Slider
        * Header 8 - Full Video
        * Header 9 - Narrow
        * Header 10 - Always Sticky
   ..."
68,11,68_000_000 000_000 500_500 000,"000, 000 000, 000 500, 500 000, 250, 150, 500, 100, 000 650, 000 550","* Accueil
  * Ventes
  * Locations
  * Etranger
  * Contact

RECHERCHE

    
Transaction

     achatlocation
    
neuf

Localité

     - Algarve Braga Cascais Coimbra Figueira-da-foz Portalegre Troia \- Gasperich \- Kirchberg Beaufort Beringen (mersch) Bissen Canach Differdange Dudelange Esch-sur-alzette Ettelbruck Flaxweiler Hautcharage Hesperange Junglinster Kehlen Kopstal Lenningen Leudelange Lintgen Luxembourg Mamer Manternach Mersch Moersdorf Mondorf-les-bains Niederkorn Peppange Petange Re...
---
* Accueil
  * Ventes
  * Locations
  * Contact

RECHERCHE

    
Transaction

     achatlocation
    
neuf

Localité

     - \- Beggen \- Bonnevoie \- Centre-ville Beidweiler Bigonville Brouch (biwer) Differdange Dudelange Gostingen Hautcharage Howald Leudelange Luxembourg Mertert Soleuvre Strassen Wasserbillig Wecker Wintrange Mont-saint-martin (54350) Zoufftgen (57330) \- Borg \- Saarburg Irrel Perl Saarburg Serrig
Type de bien

     - Appartement Commerce Maison Restauration / Hotellerie Terra...
---
* Accueil
  * Ventes
  * Locations
  * Contact

RECHERCHE

    
Transaction

     achatlocation
    
neuf

Localité

     - \- Cessange \- Hollerich Belvaux Bertrange Bettembourg Differdange Dippach Dudelange Ehlange Elvange (schengen) Esch-sur-alzette Frisange Hautcharage Howald Itzig Lallange Luxembourg Pontpierre Reckange (mersch) Rodange Rumelange Schifflange Tetange Wickrange
Type de bien

     - Appartement Commerce Garage - Parking Maison
Budget

     - 100 000 150 000 200 000 250 000 300..."
69,11,69_dance_iphone_design_ausgabe,"dance, iphone, design, ausgabe, sos, décembre 2014, décembre, seo, java, summer","*   *   * Muselzeidung
  * Sauerzeidung
  * Downloads
  * Kontakt
  * 

Ausgabe N°426, Juli 2016

Jetzt online lesen

###

Lesen Sie die neueste Ausgabe direkt online

In dieser Ausgabe finden Sie die Sonderthemen Summersoldefest in Grevenmacher,
Braderie in Remich, Dachdecker sowie Ferien in der Großregion.

###

Lesen Sie die neueste Ausgabe direkt online

Lesen

#### Die nächste Ausgabe erscheint am 28. Juli 2016

  * 00Days
  * 00Hours
  * 00Minutes
  * 00Seconds

bis zum Einsendeschluss am ...
---
Skip to content

  * facebook
  * Twitter
  * Instagram

Search for:

#

##

# Have you got your tickets?

The Last Summer Dance Festival 2016 is getting closer… So have you already got
your tickets? Not yet? ..

Continue reading …

# Call for Volunteers 2016

Just like last year and the years before, the Last Summer Dance Festival just
can't take place without your help.

Continue reading …

# Presale tickets

For those of you who can't await the Last Summer Dance Festival 2016 -
e-tickets are ...
---
en

  

fr

  *  
Accueil

  *  
Portfolio

  *  
Services

  *  
APropos

  *  
Contact

  * 1
  * 2
  * 3
  * 4

Rising Number

16 décembre 2014

Heureux de vous annoncer la sortie de RisingNumber ! Vous pensez être capable
d'additionner 3 chiffres ? Dans des conditions favorables peut être mais avec
RisingNumber c'est une autre histoire...

2mad

11 décembre 2014

Le 2MAD Dance Center est un univers où l’art et le sport règnent.

SOS Village d’Enfant

11 décembre 2014

SOS Village d’Enfant es..."
70,11,70_css_js_modules_sites,"css, js, modules, sites, jquery, erfahren, themes, ui, bücher, französisch","#

  * Home
  * Leistungen 
    * Sanitär
    * Heizung & Lüftung
    * Schlüsselfertigbau
    * Stahl- & Rohrleitungsbau
    * Fassaden & Malerarbeiten
    * Regenrückhaltebecken & Wasserbehälter
  * Über Uns
  * Referenzen
  * Kontakt

Menu HomeLeistungenSanitärHeizung & LüftungSchlüsselfertigbauStahl- &
RohrleitungsbauFassaden & MalerarbeitenRegenrückhaltebecken &
WasserbehälterÜber UnsReferenzenKontakt

  *  Deutsch
    *  Français

  *   *   *   *   *   * 

Zuverlässig aus Tradition seit 35...
---
* Archidiocèse . Äerzdiözes
  * Paroisses . Paren
    * Ma paroisse ?  
Méng Par?

    * Äischdall
    * Bartréng, Stroossen
    * Bétebuerg, Fréiseng, Hëncheréng, Hesper, Réiserbann, Weiler zum Tur
    * Belair, Märel, Zéisséng
    * Bouneweg, Hamm, Sacré-Coeur
    * Clierf
    * Déifferdéng
    * Diddeléng
    * Dikrich
    * Esch
    * Ettelbréck
    * Ëlwen, Wäiswampech, Wëntger
    * Fiels
    * Hueschtert, Nidderanven, Schëtter, Sandweiler, Syrdall
    * Iechternach, Ënnersauer, Jonglënste...
---
﻿  <!--//--><![CDATA[//><!--
(function(i,s,o,g,r,a,m){i[""GoogleAnalyticsObject""]=r;i[r]=i[r]||function(){(i[r].q=i[r].q||[]).push(arguments)},i[r].l=1*new
Date();a=s.createElement(o),m=s.getElementsByTagName(o)[0];a.async=1;a.src=g;m.parentNode.insertBefore(a,m)})(window,document,""script"",""//www.google-
analytics.com/analytics.js"",""ga"");ga(""create"", ""UA-53304053-1"",
""auto"");ga(""set"", ""anonymizeIp"", true);ga(""send"", ""pageview""); //--><!]]>
<!--//--><![CDATA[//><!-- jQuery.extend(Drupal.settings,
..."
71,10,71_danse_salsa_danses_cours,"danse, salsa, danses, cours, heure, jazz, workshop, jours, découverte, hip","# Ecole de Danse Jaga Antony - Succ. Solveig Ras

  * lu
  * de
  * en
  * fr

  * Accueil
  * Présentation
  * Produits & Services
  * Informations
    * L'enseignement
    * Examen
  * Nos cours
    * Cours de Ballet
    * Cours de Claquettes/Tap
  * Contact

  * ## Cours de ballet
  * ## Cours de claquettes / Tap

## Présentation

Venez découvrir l'univers magique de la danse classique à l'Ecole de danse
Jaga Antony. L' école propose aux enfants et adultes des cours de danse
classique selon l...
---
* HOME
  * LES COURS
  * HORAIRES
  * EVENEMENTS
  * IMAGES
  * CONTACT

# BIENVENUE

Lcole de Danse Sabrina Iacovazzi vous propose des cours de danse classique, de
jazz et de hip hop dans une ambiance plaisante et conviviale. Elle accueille
bras ouverts tous les enfants, jeunes et adultes qui ont envie de sveiller aux
plaisirs de la danse, de spanouir dans cet art de vivre et datteindre de
nouveaux sommets dans la bonne humeur. Partez la dcouverte

  

# La danse

### Plaisir et bien-tre pour t...
---
École de danses latines au Luxembourg

Newsletter  OK

  * Salsa Cubaine
  * Salsa Portoricaine
  * Bachata
  * Merengue
  * Danses Africaines

Calendrier

Tarifs

Danses

Nous contacter

  * Accueil
  * > 

### Prochain(s) événement(s)

##### Workshop intensif ""Découverte 6 danses en 3 jours""

LUXEMBOURG, le 27 Juillet 2016 de 18h30 à 22h00  

##### Workshop intensif ""Découverte 6 danses en 3 jours""

LUXEMBOURG, le 28 Juillet 2016 de 18h30 à 22h00  

##### Workshop intensif ""Découverte 6 danses..."
