topic_id,page_count,website_count,name,top_words,representative_docs
-1,1235,645,-1_2014_luxembourg_contact_07,outliers,""
0,146,80,0_14_film_2014_00,"14, film, 2014, 00, festival, théâtre, 2013, annulés, congés annulés, mudam","* Agenda
  * News
  * CarréRotondes
    * L'espace culturel
    * Les Rotondes
    * Partenaires
    * Publications
    * Jobs
  * Contact
    * Accès
    * Contact / Team
  * Tickets
    * Tickets
    * Abos TRAFFO
    * Inscriptions LABO
  * Scolaires
    * L`offre scolaire
    * Réservations
    * Bon à savoir
  * Pro
    * Presse
    * Technique
    * Créations TRAFFO
    * ASSITEJ
  * CD E Kuerf...
    * E Kuerf voller Geschichten
    * Bestellung
    * Bonustrack

LIVE MUSIC

DANCE!

CIRCU...
---
* Agenda
  * News
  * CarréRotondes
    * L'espace culturel
    * Les Rotondes
    * Partenaires
    * Publications
    * Jobs
  * Contact
    * Accès
    * Contact / Team
  * Tickets
    * Tickets
    * Abos TRAFFO
    * Inscriptions LABO
  * Scolaires
    * L`offre scolaire
    * Réservations
    * Bon à savoir
  * Pro
    * Presse
    * Technique
    * Créations TRAFFO
    * ASSITEJ
  * CD E Kuerf...
    * E Kuerf voller Geschichten
    * Bestellung
    * Bonustrack

LIVE MUSIC

DANCE!

CIRCU...
---
* Agenda
  * News
  * CarréRotondes
    * L'espace culturel
    * Les Rotondes
    * Partenaires
    * Publications
    * Jobs
  * Contact
    * Accès
    * Contact / Team
  * Tickets
    * Tickets
    * Abos TRAFFO
    * Inscriptions LABO
  * Scolaires
    * L`offre scolaire
    * Réservations
    * Bon à savoir
  * Pro
    * Presse
    * Technique
    * Créations TRAFFO
    * ASSITEJ
  * CD E Kuerf...
    * E Kuerf voller Geschichten
    * Bestellung
    * Bonustrack

LIVE MUSIC

DANCE!

CIRCU..."
1,122,69,1_commune_communale_administration_communal,"commune, communale, administration, communal, administration communale, conseil communal, service, conseil, bureau, agenda","Administration Communale de Grevenmacher  

  * Agenda
  * Adresses utiles
  * Publications
  * FAQ
  * Liens
  * Photos
  * Contact
  * Recherche
  * Plan du site

  
Accueil

  1. Erreur

  
  * La commune se presente
    * Decouvrir la commune
    * La commune en chiffres
  * Politique
    * Le bourgmestre
    * Le college echevinal
    * Le conseil communal
    * Commissions Consultatives
    * Seances du conseil communal
    * Syndicats
  * Declaration du college echevinal 
  * Reamenagemen...
---
Administration Communale de Sanem  

  * Actualite
  * Agenda
  * Adresses utiles
  * Publications et Formulaires
  * FAQ
  * Liens
  * Photos
  * Contact
  * Recherche
  * Plan du site

  
Accueil

  1. Erreur

  
  * La commune se presente
    * Le mot du bourgmestre
    * L'histoire
    * La commune en chiffres
  * Vie Politique
    * Le bourgmestre
    * Le college echevinal
    * Le college echevinal prend la parole
    * Le conseil communal
    * Les seances du conseil communal
    * Les c...
---
Administration Communale de Dippach  

  * Actualite
  * Agenda
  * Adresses utiles
  * Publications
  * FAQ
  * Liens
  * Photos
  * Contact
  * Recherche
  * Plan du site

  
Accueil

  
  * La commune se presente
    * Decouvrir la commune
    * La commune en chiffres
    * Commune jumelee
  * Politique
    * Le bourgmestre
    * Le college echevinal
    * Le conseil communal
    * Commissions Consultatives
    * Seances du conseil communal
  * Raider Online
  * Administration
    * Secretari..."
2,96,76,2_000_maison_construction_appartement,"000, maison, construction, appartement, max, immobilier, locations, ventes, 000 000, luxembourg","* Accueil
  * Ventes
  * Locations
  * Neuf
  * Ma recherche
  * Contact

RECHERCHE

    
Transaction

     achatlocation
    
neuf

Localité

     - \- Bonnevoie (1) Aspelt (1) Belvaux (1) Bereldange (1) Bergem (2) Bertrange (1) Differdange (2) Dudelange (5) Esch-sur-alzette (14) Fingig (1) Howald (1) Luxembourg (1) Niederkorn (3) Petange (2) Rodange (6) Rumelange (1) Steinfort (1) Tetange (2) Russange - 57390 (1)
Type de bien

     - Appartement (38) Maison (9)
Budget

     - 100 000 200 000 3...
---
* Accueil
  * Ventes
  * Locations
  * Neuf
  * Contact

RECHERCHE

    
Transaction

     achatlocation
    
neuf

Localité

     - \- Centre-ville (1) Bergem (1) Bettembourg (1) Differdange (4) Dudelange (2) Echternach (1) Esch-sur-alzette (7) Ettelbruck (1) Grevenmacher (1) Kayl (1) Luxembourg (1) Niederkorn (2) Oberkorn (1) Petange (1) Rodange (2) Tetange (2) Ottange - 57840 (1) Tucquegnieux - 54640 (1)
Type de bien

     - Appartement (18) Commerce (2) Fonds de Commerce (1) Maison (9)
Budge...
---
CONTACT US Français  
  * HOME
  * ABOUT RE/MAX
  * PROPERTIES
  * join RE/MAX
  * FIND RE/MAX
  * LUXURY PROPERTIES

  
  

  Choose a Language: عربي Azərbaycanca Bahasa Indonesia Български 中文 Hrvatski
Čeština Dansk Nederlands English Eesti Suomeksi Français ქართული Deutsch
Ελληνικά ગુજરાતી עברית हिंदी Magyar Italiano 日本語 한국어 Latviešu Lietuviškai
Norsk Polski Portugues ਪੰਜਾਬੀ Romană Pусский Srpski Slovenský Slovenščina
Español Swahili Svenska Tagalog தமிழ் ภาษาไทย Turkçe  
Luxembourg

Residenti..."
3,62,41,3_2008_11_12 2008_08 25,"2008, 11, 12 2008, 08 25, 09, 11 12, 08, 2003, tvac, htva","PEUGEOT.LU MyPeugeot

  *   * Modèles
  * CONFIGURATEUR
  * PROMOTIONS
  * OCCASIONS
  * ACTUALITÉS
  * POINTS DE VENTE
  * Aides à l'achat
## Choisir une voiture

    * Gamme véhicules particuliers
    * Gamme véhicules utilitaires
    * Configurez votre voiture
    * Faites un essai
    * Téléchargez une brochure
## Acheter sa voiture

    * Découvrez les promotions
    * Demandez une offre
    * Trouvez un véhicule d'occasion
    * Trouvez un point de vente
## Choisir des services

    * Fina...
---
## Driver Downloads for CoCut / EuroCUT  
CoCut 4X4-2011 / EuroCUT 7 CoCut 11-4X3 / EuroCUT 6 CoCut 6-10 / EuroCUT 4-5  
Liability exclusion: In spite of all our efforts EUROSYSTEMS S.a.r.l. does not
assume any liability for the completeness or the accuracy of the downloaded
drivers, for possibly incorrect or incomplete drivers and for any damage
caused directly or indirectly.  
### Alphabetic list of downloadable drivers

  

To download click on icon  next to date!  
  
Allen Datagraph  
824 0...
---
## Driver Downloads for CoCut / EuroCUT  
CoCut 4X4-2011 / EuroCUT 7 CoCut 11-4X3 / EuroCUT 6 CoCut 6-10 / EuroCUT 4-5  
Liability exclusion: In spite of all our efforts EUROSYSTEMS S.a.r.l. does not
assume any liability for the completeness or the accuracy of the downloaded
drivers, for possibly incorrect or incomplete drivers and for any damage
caused directly or indirectly.  
### Alphabetic list of downloadable drivers

  

To download click on icon  next to date!  
  
Allen Datagraph  
824 0..."
4,61,38,4_iso_solutions_élèves_20000,"iso, solutions, élèves, 20000, services, informatique, software, security, cbc, josy barthel","# CBC Informatique S.A.

  * Accueil
  * Notre société
  * Produits & Services
    * Archicad
    * Cloud computing
    * Contrôle d'accès sécurisés SALTO
    * Développement sur mesure
    * Géolocalisation
    * LuxDog Tracker
    * Maintenance informatique
    * Pointeuse sans fil autonome
    * Réseautique
    * Sécurité
    * Services Internet
    * Solutions hardware
    * Solutions Software
    * Solutions VEEAM Software
    * Téléphonie
  * Offres d'emploi
  * Contact
  * Shop online

##...
---
* ACTUALITÉ
  * INSCRIPTIONS
  * EXAMENS
  * BIBLIOTHÈQUE
  * RESTOPOLIS
  * MYSCHOOL
  * B.T.S.

  * LYCÉE
    * Direction
    * Personnel
      * Enseignants
      * Administration
      * SPOS & SE
      * Service Technique
    * Comites
      * Professeurs
      * Parents
      * Élèves
    * Departements
    * Photos
  * CLASSES
    * Tableau
    * Horaires
    * Génie civil
    * BTS
  * SERVICES
    * SPOS / SE
    * Classe Mosaik
    * Restauration
    * Cyber cafe
    * Bibliotheque
   ...
---
* ACTUALITÉ
  * INSCRIPTIONS
  * EXAMENS
  * BIBLIOTHÈQUE
  * RESTOPOLIS
  * MYSCHOOL
  * B.T.S.

  * LYCÉE
    * Direction
    * Personnel
      * Enseignants
      * Administration
      * SPOS & SE
      * Service Technique
    * Comites
      * Professeurs
      * Parents
      * Élèves
    * Departements
    * Photos
  * CLASSES
    * Tableau
    * Horaires
    * Génie civil
    * BTS
  * SERVICES
    * SPOS / SE
    * Classe Mosaik
    * Restauration
    * Cyber cafe
    * Bibliotheque
   ..."
5,60,40,5_allianz_eur_investment_investors,"allianz, eur, investment, investors, fund, global, asti, soparfi, income, épargne","LUXEMBOURG LAW FIRM

  * References
    * Legal 500
    * Euromoney
    * PLC Which lawyer
    * Legal Week
  * Expertise
    * Investment Management
    * Banking & Finance
    * Corporate & Tax
    * Islamic Finance
  * Knowledge
    * Legal News
    * Publications
    * Client Memorandum
  * About the Law Firm
    * Luxembourg’s key advantages
    * Our values
    * Contact Us
  * Our Team
    * By Name
    * By Office
  * Contact Us
  * Blog
    * AIFM Directive
    * UCITS

Chevalier & Scia...
---
Luxembourg

mixed fund

  

mixed fund / Umbrella ISINHist. Navs  
Allianz Asian Multi Income Plus - AM - HKD /Allianz Global Investors
FundLU0648948544  
Allianz Asian Multi Income Plus - AM - USD /Allianz Global Investors
FundLU0488056044  
Allianz Asian Multi Income Plus - AT - USD /Allianz Global Investors
FundLU0384037296  
Allianz Asian Multi Income Plus - IT - USD /Allianz Global Investors
FundLU0384039318  
Allianz Dynamic Emerging Multi Asset - I (H2-EUR) - EUR /Allianz Global
Investors...
---
Luxembourg

mixed fund

  

mixed fund / Umbrella  
ISIN WKN Performance  
1 year 3 years 5 years since circ.  
Allianz Asian Multi Income Plus - AM - HKD / Allianz Global Investors Fund  
LU0648948544 A1JCXZ 4,53  6,96  
Allianz Asian Multi Income Plus - AM - USD / Allianz Global Investors Fund  
LU0488056044 A1CSH5 4,57  7,32  23,26  
Allianz Asian Multi Income Plus - AT - USD / Allianz Global Investors Fund  
LU0384037296 A0Q84T 4,54  15,10  
Allianz Asian Multi Income Plus - IT - USD / Allia..."
6,55,26,6_pension_alcool_hilfe_invalidité,"pension, alcool, hilfe, invalidité, travail, sécurité, präsentation, spenden, assurance, rcs","2755

  * Startseite
  * Über uns
    * Die Ursprünge
    * Die Organisation
      * Verwaltungsorgane
      * Administration und Verwaltung
    * Verhaltenskodex
    * Finanzführung
    * Die 7 Prinzipien
    * Das Internationale Humanitäre Rechtswesen
    * Die Statuten
  * FAQ
  * Links
  * Veröffentlichungen
  * Presse
  * Kontakt

die Lebensbedingungen der Schwächsten unserer Gesellschaft verbessern

  *     * Français
    * Deutsch
    * English

  * Hilfsangebote
    * Hilfe- und Pflegele...
---
2755

  * Startseite
  * Über uns
    * Die Ursprünge
    * Die Organisation
      * Verwaltungsorgane
      * Administration und Verwaltung
    * Verhaltenskodex
    * Finanzführung
    * Die 7 Prinzipien
    * Das Internationale Humanitäre Rechtswesen
    * Die Statuten
  * FAQ
  * Links
  * Veröffentlichungen
  * Presse
  * Kontakt

die Lebensbedingungen der Schwächsten unserer Gesellschaft verbessern

  *     * Français
    * Deutsch
    * English

  * Hilfsangebote
    * Hilfe- und Pflegele...
---
2755

  * Startseite
  * Über uns
    * Die Ursprünge
    * Die Organisation
      * Verwaltungsorgane
      * Administration und Verwaltung
    * Verhaltenskodex
    * Finanzführung
    * Die 7 Prinzipien
    * Das Internationale Humanitäre Rechtswesen
    * Die Statuten
  * FAQ
  * Links
  * Veröffentlichungen
  * Presse
  * Kontakt

die Lebensbedingungen der Schwächsten unserer Gesellschaft verbessern

  *     * Français
    * Deutsch
    * English

  * Hilfsangebote
    * Hilfe- und Pflegele..."
7,54,28,7_unis_etats unis_etats_mazars,"unis, etats unis, etats, mazars, acc, canada, eur, management, fund, deere","UA-7243788-12

# Accessibilité - Mazars - Luxembourg

EN FR

LUXEMBOURG

Les autres sites web de Mazars Site web global Afrique du Sud  Albania
Algérie  Allemagne  Angola  Antilles Neerlandaises  Arabie Saoudite  Argentine
Australie  Autriche  Bahrain  Belgique  Benin  Bermudes  Botswana  Brésil
Cameroun  Canada  Chili  Chine  Chypre  Congo (Brazzaville)  Congo (Kinshasa)
Corée, République de  Croatie  Côte d’Ivoire  Danemark  Djibouti  Egypte
Emirats Arabes Unis  Equateur  Espagne  Etats-Unis  ...
---
* Accueil
  * Tarifs et Rservations
  * Vhicules
  * Agences
  * Offres Spciales
  * Conseils de voyages
  * Partenaire

  * Aide

Langue / Pays

x

Vous n'tes pas Luxembourg ?

Vous pouvez naviguer sur un de nos autres sites internationaux.

Choisissez dans la liste... Choisissez dans la liste...

  * # Devis

Attention !

Merci de noter :

Agence de dpart

\--- Slectionnez un pays --- Afrique du Sud Albania Allemagne Angola Antilles
Nerlandaise Arabie Saoudite Argentine Aruba Australie Autrich...
---
franais english   
Info Contact Plan du Site Accueil  

Tarifs et rservations Offres Guide de location Flotte Agences Particuliers
Professionnels Partenaires Avis Preferred

Vous tes ici Accueil  Accueil

# Bienvenue chez Avis

Please select your country of residence Afghanistan Afrique du Sud Albanie
Algrie Allemagne Andorre Andorre Angola Anguilla Antigua Arabie Saoudite
Argentine Aruba Australie Autriche Azerbadjan Bahamas Bahrein Barbade Belgique
Belize Bermudes Bnin Bilorussie Bolivie Bonai..."
8,51,34,8_ogbl_fondation_compass_savoir,"ogbl, fondation, compass, savoir, projets, luxembourg, business, foundation, 2014, chamber","* Français
  * Deutsch

Home

  * Nos syndicats
  * Frontaliers
  * Départements
  * Accès réservé
  * Emplois
  * Contact

#  OGBL

La force sociale au service du salarié

Aller au contenu

  * Nous connaître
    * Qui sommes-nous ?
    * Organisation de l'OGBL
    * La structure décisionnelle de l'OGBL
    * Objectifs de l'OGBL
    * Indépendance
    * Poursuite d'une politique salariale offensive
    * Statuts de l'OGBL (pdf)
    * Pourquoi se syndiquer à l’OGBL ? (pdf)
  * Évènements
    * A...
---
Skip navigation

#

enfrde

## Navigation

  * Home
  * The Foundation
    * Origins
    * Mission
    * What do we mean by Philanthropy ?
    * Board of Directors
    * Advisory committee
    * The team
    * Values
    * Job Opportunities
    * Annual Reports
    * Contact
    * SRI Policy
    * Acknowledgements
    * Downloads
  * Donors
    * Which donors do we support?
    * Available structures
    * Works of art
    * Advisory services offered
    * Our procedures, in detail
    * For ind...
---
Skip navigation

#

enfrde

## Navigation

  * Accueil
  * La Fondation
    * Origines
    * Mission
    * Qu'entend-t-on par Philanthropie ?
    * Conseil d’Administration
    * Advisory committee
    * L'équipe
    * Valeurs
    * Offres d'emploi
    * Contact
    * Rapports annuels
    * Politique ISR
    * Documents de référence
    * Remerciements
  * Donateurs
    * A quels donateurs s'adresse-t-on?
    * Structures proposées
    * Œuvres d'Art
    * Services de conseil proposés
    * Nos ..."
9,50,37,9_hotel_sortie_accs_circuit,"hotel, sortie, accs, circuit, 352, reservation, restaurant, venant, payant, rue","Navigation

Bienvenue

  * Bienvenue
  * Chambres
  * Restaurants & Bars
  * Réceptions & séminaires
  * situation & plan d'accès
  * luxembourg tourisme
  * Offres Spéciales
  * Agenda
  * Information & Réservation
  * galerie photos
  * Actualités / Blog
  * imprimer la brochure

Réservez votre Chambre

  *   *   * 

  *   *   *   *   * 

  * Date d'arrivée :
  * 

  * Nombre de nuit(s) :
  * 12345678910111213141516171819202122232425262728293031

  * Nombre d'adulte(s) :
  * 123

  *   * Plus ...
---
RECHERCHE SUR CE SITE: Tapez un mot et validez (sans majuscules)

  
  

  
  

  
  

  
  
  

  
  

15me Gala Tour de France - 28.07.2011 - Luxembourg  

Accs, Parkings:  
  

L'vnement a lieu sur un circuit autour l'avenue de la Libert dans le quartier
de la Gare de Luxembourg-ville, deux pas de la Gare Centrale.

  
Carte: ACC Contern

Le parcours est accessible pid en moins d'une minute depuis la Gare Centrale
pour une arrive par train. Des trains spciaux seront mis disposition des
voyage...
---
Navigation

Welcome

  * Welcome
  * Rooms
  * Restaurants & Bars
  * Receptions & Seminars
  * Location & access plan
  * Luxembourg tourism
  * Special offers
  * Agenda
  * Information & booking
  * Photos gallery
  * News / Blog
  * Download the brochure

Book your room

  *   *   * 

  *   *   *   *   * 

  * Arrival date:
  * 

  * Number of Night(s) :
  * 12345678910111213141516171819202122232425262728293031

  * Number of Adult(s) :  
  * 123

  *   * More options

  * Cancel a reservati..."
10,49,36,10_rue_énergétique_tva incl_jours ouvrables,"rue, énergétique, tva incl, jours ouvrables, énergie, incl, ouvrables, maison, tva, passeport énergétique","* FR
  * DE
  * EN

  * Contact
  * Plan du site

Suivez nous sur

#

  * Calendrier des collectes PMC
  * écoles
  * Liens utiles

Chercher

  * Accueil
  * News
  * A propos de VALORLUX
  * Le sac bleu PMC VALORLUX, pour qui ?
  * Que mettre dans le sac bleu PMC VALORLUX ?
  * Le recyclage
  * La prévention des déchets
  * Espace membres
  * Calculez votre réduction en CO2e
  * Download center
  * FAQ

  1. ## Concours Trophéco 2014
Particper à notre concours facebook pour gagner des chèques c...
---
###### Langue:

  * EN
  * FR
  * NL

  * Accueil
  * Conditions gnrales de vente
  * A propos de nous
  * Nous contacter
  * Livraison

  * Promos
  * Catgories
  * Recherche avance
  * Newsletter
  * Commander
  * Panier : (0) articles
  * Login

Toutes les catgories BLOCS SECTEUR ET ALIMENTATIONS CBLES & ACCESSOIRES
COMPOSANTS LECTRONIQUES CONNECTEURS LECTRONIQUE DE LOISIR & ACCESSOIRES
ORDINATEUR HAUT-PARLEURS & SYSTMES PA INSTRUMENTS, KITS & MODULES - VELLEMAN
PROJECTS LAMPES  OUTILLAGE D'L...
---
###### Langue:

  * EN
  * FR
  * NL

  * Accueil
  * Conditions gnrales de vente
  * A propos de nous
  * Nous contacter
  * Livraison

  * Promos
  * Catgories
  * Recherche avance
  * Newsletter
  * Commander
  * Panier : (0) articles
  * Login

Toutes les catgories ADAPTEURS ET ALIMENTATIONS CBLES & ACCESSOIRES COMPOSANTS
LECTRONIQUES CONNECTEURS LECTRONIQUE DE LOISIR & ACCESSOIRES ORDINATEUR HAUT-
PARLEURS & SYSTMES PA INSTRUMENTS, KITS & MODULES - VELLEMAN PROJECTS LAMPES
OUTILLAGE D'LECTR..."
11,46,37,11_css_js_javascript_sites,"css, js, javascript, sites, sites modules, modules, antivirus, panier, 99, mac","JavaScript lijkt uitgeschakeld te zijn in uw browser.  
U moet JavaScript in uw browser hebben ingeschakeld om de functionaliteit van
de website te gebruiken.

Thuis

  * Mijn account
  * Mijn winkelwagen
  * Betalen
  * Inloggen

Uw taal: nl

  * fr
  * nl

  * Over MGK
  * Algemene verkoopsvoorwaarden
  * Support

  * Product Sitemap
  * Category Sitemap
  * Geavanceerde zoekopdracht
  * Bestellingen en Teruggaven

ESET Online shop in België en Luxemburg. Download uw beveilingsproducten voor
e...
---
Javascript est désactivé dans votre navigateur.  
Javascript doit être activé dans votre navigateur pour utiliser toutes les
fonctionnalités de ce site.

Accueil

  * Mon compte
  * Mon panier
  * Commander
  * Connexion

Votre langue : fr

  * fr
  * nl

  * A propos de MGK
  * Conditions generales de vente
  * Support

  * Product Sitemap
  * Category Sitemap
  * Recherche avancée
  * Commandes et retours

Boutique en ligne ESET Belgique et Luxembourg. Téléchargez vos produits de
sécurité info...
---
﻿  <!--//--><![CDATA[//><!-- jQuery.extend(Drupal.settings,
{""basePath"":""\/"",""pathPrefix"":"""",""cssfuture"":{""piePath"":""\/sites\/all\/themes\/arctica\/arctica\/features\/arctica-
cssfuture\/PIE\/""},""slideshowKit"":{""flexInvoke"":"".region-featured
article"",""flexAnimation"":""0"",""flexTimeout"":""7000"",""flexSpeed"":""600"",""flexRandom"":""0"",""flexPause"":""0"",""flexShowPager"":""1"",""flexPrevNext"":""1"",""cycleInvoke"":"".slide"",""cycleFx"":""scrollDown"",""cycleTimeout"":""6000"",""cycleContinuous"":""0"",""cycleSpeed"":""1300"",""cycleEa..."
12,45,20,12_2014 07_adr_07_07 28,"2014 07, adr, 07, 07 28, gréng, 2014, dp, parlementaire, auteurs, chambre","Rechercher | Rech. avancee  
  * International
  * Politique et société
  * Luxembourg
  * Grande Région
  * L'Economie
  * Les Sports
  * Culture
  * People
  * Editoriaux
  * Reportages/Magazine

Ours \--- Abonnements \--- Le Quotidien en epaper \--- Le Quotidien sur
Facebook \--- Annonces en ligne \--- Gagnant - Concours Coupe du Monde

#  Ukraine/crash du MH17: ""pas de garantie"" que tous les corps soient
retrouvés

  * 

###  Les derniers ajouts

  

## MH17 : les pays des victimes s'accorde...
---
Rechercher | Rech. avancee  
  * International
  * Politique et société
  * Luxembourg
  * Grande Région
  * L'Economie
  * Les Sports
  * Culture
  * People
  * Editoriaux
  * Reportages/Magazine

Ours \--- Abonnements \--- Le Quotidien en epaper \--- Le Quotidien sur
Facebook \--- Annonces en ligne \--- Gagnant - Concours Coupe du Monde

#  L'UE adopte les premières sanctions économiques contre la Russie

  * 

###  Les derniers ajouts

  

## Ioukos: l'ex-actionnaire majoritaire ""ouvert"" à de...
---
Rechercher | Rech. avancee  
  * International
  * Politique et société
  * Luxembourg
  * Grande Région
  * L'Economie
  * Les Sports
  * Culture
  * People
  * Editoriaux
  * Reportages/Magazine

Ours \--- Abonnements \--- Le Quotidien en epaper \--- Le Quotidien sur
Facebook \--- Annonces en ligne \--- Gagnant - Concours Coupe du Monde

#  L'UE adopte les premières sanctions économiques contre la Russie

  * 

###  Les derniers ajouts

  

## Ioukos: l'ex-actionnaire majoritaire ""ouvert"" à de..."
13,45,37,13_garcons_jest_po_supreme,"garcons, jest, po, supreme, client, jak, commandez, tak, wiecej, thé","Polacy w Luksemburgu

  
Rozrywka - HUMORYSTYCZNIE....moe jakis arcik,kawa???  

* * *
madi82 \- 25-02-2007, 18:48  
: Temat postu: HUMORYSTYCZNIE....moe jakis arcik,kawa???

* * *
Na pocztek moe:  
Ley mucha na plecach i macha nokami.  
> > Przylatuje druga:  
> > \- Aerobik?  
> > \- Nie, Muchozol...  
\-------------------------------------------------------------------------------------------  
Siedzi je w rowie i je niadanie. Podchodzi do niego  
niedwied i pyta:  
> > \- Co jesz?  
> > Na t...
---
Polacy w Luksemburgu

  
Zakupy i usugi - NAPRAWA ZMYWARKI DO NACZYN  

* * *
Borys \- 12-12-2008, 08:29  
: Temat postu: NAPRAWA ZMYWARKI DO NACZYN

* * *
Witojcie !  
  
Spsula nam sie wczoraj zmywarka do naczyn. Wyglada na to ze wszystko bangla
tylko programator nie przeskakuje do przodu realizujac cykl.  
  
Czy znacie/polecacie kogos kto zna sie na tego typu ustrojstwach ?  
  
Zalezy nam rowniez na tym by cena takiej uslugi nie byla kwota zblizona do
ceny zakupu nowej zmywarki.  
  
Z gory...
---
﻿

givenchy 偽物 見分け方,エヴィスジーンズブログ,givenchy コピー 服 | evisuレザーウォレット,a bathing apeベアブリック,a bathing ape wiki |  evisu 2001 シルエット,ape シャークパーカー,good design shop comme des garcon
# givenchy 香水,evisu カバン,supreme lala

## givenchy 携帯灰皿, evisu大大黒, bape store 札幌, supreme comme des garcons 2013,
givenchy ライター 石交換, mastermind the final summer fes, tricot comme des garcons
2013 aw, ape福袋ネタバレ, evisuど根性ウォレット, evisu ジージャン, zozo mastermind, pancoatバッグ,
韓国pancoat値段, pancoatリュック通販, pancoatミョンドン

givenchy メンズ 財布,ape福袋レ..."
14,44,38,14_outillage_verre_pré_fibre,"outillage, verre, pré, fibre, température, table basse, table, basse, réalisations, haute","# Beauty Nails by Nelia

  

  * Accueil
  * Présentation
  * Produits & Services
  * Nos prestations
  * Contact
  * 
  

Accueil >

Nos prestations > Maquillage permanent

  
Retour  

  * Page précédente
  * Page suivante

  

## Maquillage permanent

Dessinez vos sourcils, ourlez vos levres, intensifiez votre regard.

Avec mono-doses et couleurs naturels sans risque d'allergies.

Tarifs:

\- Sourcils : 200€

\- Levres contours : 150 €

\- Eye-Liner haut : 150 €

\- Eye-Liner bas : 75 €

Caté...
---
table-de-salon

### Plan de travail.

Tôle acier brute cirée.

### Plan de travail

Tôle acier brute cirée.

### Table de repas.

piétement en tube carré laqué, et plateau en chène blanchi et huilé.

### Table de repas.

Piétement en tube inox brossé, plateau en chêne huilé.

### Table de repas.

Piétement en tube inox brossé, plateau en chêne huilé.

### Table de salon.

Tôle acier brute, piétement central en tube rond, finition vernis mat.

### Table de salon

Tôle acier brute, piétement centr...
---
#

#### Matériaux pour la mise sous vide  
Technologies de l’outillage composite

  *   *   *   *   *   * 

  * Visitez notre site internet
  * Contact

Langue : English Français Deutsch Italiano Español Русский

OK

  * Informations générales
  * Informations techniques
  * Catégories de produits
    * Films de mise sous vide
    * Films démoulants
    * Rubans adhésifs 
    * Agents démoulants
    * Tissus d'arrachage
    * Feutres de drainage et de pompage
    * Produits sur mesure et en kits..."
15,41,24,15_msf_fondation_projets_projet,"msf, fondation, projets, projet, aide, activités, 2013, élèves, seismic, fondation grand","## Athénée de Luxembourg

### www.al.lu

### Banners

### Search

Search...

You are here: Home International Classes

### L'Athénée

  * Home 
  * Présentation 
    * Charte 
    * Profil de l'AL 
    * Historique 
    * Plans du bâtiment 
    * Plan d'accès 
    * Annuaire 
    * Update 
  * Organisation 
    * Classes 2013-2014 
    * Enseignants 
    * Horaires des cours 
    * Cours facultatifs 
    * Comité des professeurs 
    * Comité des élèves 
    * Projet d'établissement 
    * Conse...
---
## Athénée de Luxembourg

### www.al.lu

### Banners

### Search

Search...

You are here: Home Les Amis de l'Athénée

### L'Athénée

  * Home 
  * Présentation 
    * Charte 
    * Profil de l'AL 
    * Historique 
    * Plans du bâtiment 
    * Plan d'accès 
    * Annuaire 
    * Update 
  * Organisation 
    * Classes 2013-2014 
    * Enseignants 
    * Horaires des cours 
    * Cours facultatifs 
    * Comité des professeurs 
    * Comité des élèves 
    * Projet d'établissement 
    * Conse...
---
## Athénée de Luxembourg

### www.al.lu

### Banners

### Search

Search...

You are here: Home Action humanitaire (ONG)

### L'Athénée

  * Home 
  * Présentation 
    * Charte 
    * Profil de l'AL 
    * Historique 
    * Plans du bâtiment 
    * Plan d'accès 
    * Annuaire 
    * Update 
  * Organisation 
    * Classes 2013-2014 
    * Enseignants 
    * Horaires des cours 
    * Cours facultatifs 
    * Comité des professeurs 
    * Comité des élèves 
    * Projet d'établissement 
    * Co..."
16,40,38,16_352_fax_fax 352_autocars,"352, fax, fax 352, autocars, 66 60, stadtbredimus, email, 352 31, 66, frisch","* Accueil

  * Vhicules
    * Vhicules utilitaires
    * Voitures
    * Vhicules Frigorifiques
    * Location longue 

  * Accessoires

  * Agences

  * Contact/Devis

  * Conditions Generales

  
INTRALUX LOCATIONS SA

Heures d'ouvertures  
Rue de Cessange 20  
L-1320 Luxembourg  
Tel : (352) 49 23 23  
Fax : (352) 40 44 58  
  
Du lundi au vendredi : 07h00 - 18h30  
Samedi : 07h00 - 12h00  
Dimanche : ferme  
AGENCE SUD  
GARAGE REISERBANN  
STATION TOTAL  
Zone Industrielle  
L-3378 Livange  ...
---
CONTACT  
SIPEL Sarl  
  
42, ZAE Le Triangle Vert  
L- 5691 Ellange (Mondorf)  
GD Luxembourg  
  
  
Opening Times: MO - FR: 7.30AM - 12.00AM and 13.00PM - 16.30PM  
  
  
CHIEF EXECUTIVE:  
  
Michael THIEL  
Tel.: +352 - 31 66 60 - 1  
mthiel@sipel.lu  
  
  
CABLES:  
  
Dimitri BODSON  
Tel.: +352 - 31 66 60 - 39  
dbodson@sipel.lu  
  
Patrick KLEIN  
Tel.: +352 - 31 66 60 - 33  
pklein@sipel.lu  
  
Henning JUNKES  
Tel.: +352 - 31 66 60 - 30  
hjunkes@sipel.lu  
  
  
LIGHTING:  
  
Gab...
---
* Home
  * Notre Association
  * Nos missions
  * nos Membres
  * Nous Contacter

## Nos membres

Nom entreprise /  
Representant Adresse Contact  
ALLTRA S.A. BP 20  
L-8001 STRASSEN Tel: +352 26 87 73 33  
Fax: +26 81 06 74  
AS TOURS  
Albert SCHEMEL 1 rue des Ardennes  
L-7714 COLMAR-BERG Tel: +352 83 56 27  
Fax: +352 85 97 97  
Email: astours@pt.lu  
AUTOBUS ANDRÉ S.A.R.L  
Werner ANDRÉ 19 Marbuergerstrooss  
L-9764 MARNACH Tel: +352 26 87 44 44  
Fax: +352 26 87 44 42  
Email: wandre@auto..."
17,39,24,17_pwc_luxembourg_domain_cix,"pwc, luxembourg, domain, cix, bdo, business, dns, services, pwc luxembourg, ict","Friday August 01, 2014

  

Luxembourg

  

  

International PwC Sites

Click the 'X' in the top right corner to close this window.

  * Home
  * Industries
    * Asset Management  

    * Automotive
    * Banking  

    * Commercial & Industrial  
Companies

    * Hedge Funds
    * Information,  
Communication &  
Technology

    * Insurance
    * Pharmaceuticals & Life  
Sciences

    * Private Equity
    * Professionals of the Financial Sector (PFS)
    * Public Sector  

    * Real Estate &...
---
Monday July 28, 2014

  

Luxembourg

  

  

International PwC Sites

Click the 'X' in the top right corner to close this window.

  * Home
  * Industries
    * Asset Management  

    * Automotive
    * Banking  

    * Commercial & Industrial  
Companies

    * Hedge Funds
    * Information,  
Communication &  
Technology

    * Insurance
    * Pharmaceuticals & Life  
Sciences

    * Private Equity
    * Professionals of the Financial Sector (PFS)
    * Public Sector  

    * Real Estate & I...
---
Tuesday July 29, 2014

  

Luxembourg

  

  

International PwC Sites

Click the 'X' in the top right corner to close this window.

  * Home
  * Industries
    * Asset Management  

    * Automotive
    * Banking  

    * Commercial & Industrial  
Companies

    * Hedge Funds
    * Information,  
Communication &  
Technology

    * Insurance
    * Pharmaceuticals & Life  
Sciences

    * Private Equity
    * Professionals of the Financial Sector (PFS)
    * Public Sector  

    * Real Estate & ..."
18,39,26,18_jpg_echternach_intra_muros,"jpg, echternach, intra, muros, ltps, 2005, petite, main, images, märz","Search for:

# Intra Muros asbl

### Main menu

Skip to content

  * Home
  * Communiqués
  * Correspondance
  * Intra Muros News
  * Les Soirées de Intra Muros
    * Forum 2020
    * Les Jeudis d'Intra Muros
    * Mémoire collective
    * Schaffbaier
    * Wou drëckt de Schong
  * Nol op de Kapp
  * Propositions
    * Divers 

### Sub menu

  * Au sujet de Intra Muros asbl
  * Devenir Membre
  * Le Comité
  * Nos Statuts
  * Nous contacter 

#  Monthly Archives: März 2005

##

#  Réponse de la ...
---
Search for:

# Intra Muros asbl

### Main menu

Skip to content

  * Home
  * Communiqués
  * Correspondance
  * Intra Muros News
  * Les Soirées de Intra Muros
    * Forum 2020
    * Les Jeudis d'Intra Muros
    * Mémoire collective
    * Schaffbaier
    * Wou drëckt de Schong
  * Nol op de Kapp
  * Propositions
    * Divers 

### Sub menu

  * Au sujet de Intra Muros asbl
  * Devenir Membre
  * Le Comité
  * Nos Statuts
  * Nous contacter 

#  Yearly Archives: 2009

##

### Aside

Am Nol op de...
---
Search for:

# Intra Muros asbl

### Main menu

Skip to content

  * Home
  * Communiqués
  * Correspondance
  * Intra Muros News
  * Les Soirées de Intra Muros
    * Forum 2020
    * Les Jeudis d'Intra Muros
    * Mémoire collective
    * Schaffbaier
    * Wou drëckt de Schong
  * Nol op de Kapp
  * Propositions
    * Divers 

### Sub menu

  * Au sujet de Intra Muros asbl
  * Devenir Membre
  * Le Comité
  * Nos Statuts
  * Nous contacter 

#  Yearly Archives: 2011

##

#  The last train leavi..."
19,38,4,19_class_bus_emile_emile weber,"class, bus, emile, emile weber, reisen, weber, voyages, fur, busflotte, taxi","Welcome bei Emile Weber

  * Deutsch
    * Français

Suche starten

  * Travel & more
    * Emile Weber Reisen
### Emile Weber Reisen

Bei uns sind Sie an der richtigen Adresse, wenn Sie Europa von seiner
schonsten Seite erleben und unvergessliche Eindrucke mit nach Hause nehmen
mochten.

      * Alle Kategorien anzeigen
      * Freizeitparks
      * Kultur- & Erlebnisreisen
      * Kunst, Klassik & Events
      * Kuren & Wellness
      * Messefahrten
      * Musical
      * Stadte entdecken
   ...
---
Welcome bei Emile Weber

  * Deutsch
    * Français

Suche starten

  * Travel & more
    * Emile Weber Reisen
### Emile Weber Reisen

Bei uns sind Sie an der richtigen Adresse, wenn Sie Europa von seiner
schonsten Seite erleben und unvergessliche Eindrucke mit nach Hause nehmen
mochten.

      * Alle Kategorien anzeigen
      * Freizeitparks
      * Kultur- & Erlebnisreisen
      * Kunst, Klassik & Events
      * Kuren & Wellness
      * Messefahrten
      * Musical
      * Stadte entdecken
   ...
---
Welcome bei Emile Weber

  * Deutsch
    * Français

Suche starten

  * Travel & more
    * Emile Weber Reisen
### Emile Weber Reisen

Bei uns sind Sie an der richtigen Adresse, wenn Sie Europa von seiner
schonsten Seite erleben und unvergessliche Eindrucke mit nach Hause nehmen
mochten.

      * Alle Kategorien anzeigen
      * Freizeitparks
      * Kultur- & Erlebnisreisen
      * Kunst, Klassik & Events
      * Kuren & Wellness
      * Messefahrten
      * Musical
      * Stadte entdecken
   ..."
20,36,20,20_sushi shop_informationen_sushi_password,"sushi shop, informationen, sushi, password, billets, passwort, konto, rail, restaurant, city 25","Email Password Vous voulez créer un compte ?  
Cliquez ici !

##

X

#### Localisation

Autour de moi?

#### Filtres

Ville

### Ahn

### Allerborn

### Altwies

### Alzingen

### Arlon

### Arsdorf

### Aspelt

### Asselborn

### Bascharage

### Baschleiden

### Bavigne

### Beaufort

### Bech

### Bech-Kleinmacher

### Beckerich

### Beggen

### Belair

### Belvaux

### Berchem

### Berchem haut

### Berdorf

### Bereldange

### Bergem

### Beringen

### Berschbach

### Bertrange

### Bettborn...
---
Email Password Vous voulez créer un compte ?  
Cliquez ici !

#

X

#### Localisation

Autour de moi?

#### Filtres

Ville

### Ahn

### Allerborn

### Altwies

### Alzingen

### Arlon

### Arsdorf

### Aspelt

### Asselborn

### Bascharage

### Baschleiden

### Bavigne

### Beaufort

### Bech

### Bech-Kleinmacher

### Beckerich

### Beggen

### Belair

### Belvaux

### Berchem

### Berchem haut

### Berdorf

### Bereldange

### Bergem

### Beringen

### Berschbach

### Bertrange

### Bettborn
...
---
Email Password Vous voulez créer un compte ?  
Cliquez ici !

#

X

#### Localisation

Autour de moi?

#### Filtres

Ville

### Ahn

### Allerborn

### Altwies

### Alzingen

### Arlon

### Arsdorf

### Aspelt

### Asselborn

### Bascharage

### Baschleiden

### Bavigne

### Beaufort

### Bech

### Bech-Kleinmacher

### Beckerich

### Beggen

### Belair

### Belvaux

### Berchem

### Berchem haut

### Berdorf

### Bereldange

### Bergem

### Beringen

### Berschbach

### Bertrange

### Bettborn
..."
21,35,28,21_sàrl_larochette_transports_jw,"sàrl, larochette, transports, jw, chteau, lëtzebuerger, kass, sichel, ptange, mail","83 70 38-1 - FAX 87 96 46

  *     * e-mail
      * SecrtariatChristiane Hamus
      * RdacteurBruno Brunetti
      * PopulationPia Martellini
      * RecetteDanile Schanen
      * Service techniqueRomain Beckers, Ingnieur technicien
      * AtelierJol Weyrich
      * WebmasterJean-Marie Dufrasne
    * Liens utiles

  * Nouvelles
    * Toutes les nouvelles
    * Affichage permanent
    * Jours de march
  * Commune
    * Prsentation
    * Armoiries
    * Chteau de Roeb
      * Mairie
      * Foye...
---
83 70 38-1 - FAX 87 96 46

  *     * e-mail
      * SecrtariatChristiane Hamus
      * RdacteurBruno Brunetti
      * PopulationPia Martellini
      * RecetteDanile Schanen
      * Service techniqueRomain Beckers, Ingnieur technicien
      * AtelierJol Weyrich
      * WebmasterJean-Marie Dufrasne
    * Liens utiles

  * Nouvelles
    * Toutes les nouvelles
    * Affichage permanent
    * Jours de march
  * Commune
    * Prsentation
    * Armoiries
    * Chteau de Roeb
      * Mairie
      * Foye...
---
83 70 38-1 - FAX 87 96 46

  *     * e-mail
      * SecrtariatChristiane Hamus
      * RdacteurBruno Brunetti
      * PopulationPia Martellini
      * RecetteDanile Schanen
      * Service techniqueRomain Beckers, Ingnieur technicien
      * AtelierJol Weyrich
      * WebmasterJean-Marie Dufrasne
    * Liens utiles

  * Nouvelles
    * Toutes les nouvelles
    * Affichage permanent
    * Jours de march
  * Commune
    * Prsentation
    * Armoiries
    * Chteau de Roeb
      * Mairie
      * Foye..."
22,34,26,22_2009_märz_2007_oktober,"2009, märz, 2007, oktober, forum, lgl, 2011, 2008, 2010, casino","#

### für Politik, Gesellschaft und Kultur in Luxemburg

  * Startseite |
  * Impressum|
  * Kontakt 

  * Deutsch

  * Druckversion
  * Suche

* * *
* * *
## Das große Unbehagen

  * Archiv zum Thema Schule aus 36 Jahren forum
  * Das Sonderheft vom März 2012

## Die Zeitschrift forum

  * Zielsetzung
  * Das aktuelle Heft
  * Abo/Probeexemplar
  * Die Zeitschrift unterstützen
  * Werbung in forum

## forum-Bibliothek

  * Ausgaben seit 1976
  * Autoren
  * Artikelsuche ab 1976

## Mitarbeit

...
---
#

### für Politik, Gesellschaft und Kultur in Luxemburg

  * Startseite |
  * Impressum|
  * Kontakt 

  * Deutsch

  * Druckversion
  * Suche

* * *
* * *
## Das große Unbehagen

  * Archiv zum Thema Schule aus 36 Jahren forum
  * Das Sonderheft vom März 2012

## Die Zeitschrift forum

  * Zielsetzung
  * Das aktuelle Heft
  * Abo/Probeexemplar
  * Die Zeitschrift unterstützen
  * Werbung in forum

## forum-Bibliothek

  * Ausgaben seit 1976
  * Autoren
  * Artikelsuche ab 1976

## Mitarbeit

...
---
#

### für Politik, Gesellschaft und Kultur in Luxemburg

  * Startseite |
  * Impressum|
  * Kontakt 

  * Deutsch

  * Druckversion
  * Suche

* * *
* * *
## Das große Unbehagen

  * Archiv zum Thema Schule aus 36 Jahren forum
  * Das Sonderheft vom März 2012

## Die Zeitschrift forum

  * Zielsetzung
  * Das aktuelle Heft
  * Abo/Probeexemplar
  * Die Zeitschrift unterstützen
  * Werbung in forum

## forum-Bibliothek

  * Ausgaben seit 1976
  * Autoren
  * Artikelsuche ab 1976

## Mitarbeit

..."
23,34,25,23_camping_luxemburg_campings_birkelt,"camping, luxemburg, campings, birkelt, reserveren, august, verhuur, omgeving, lake, kaart","* Willkommen
  * Kontaktdaten
  * Informationen
  * Reservation

  *  Deutschde
  *  Englishen
  *  Nederlandsnl
  *  Françaisfr

  * camping-3
  * SpringschlossklPferdWasserfall
  * Esch-sur-sur-panorama2
  * sport_fissen_alt
  * Panorama-hicking1

  * Camping
    * Stellplätze
    * Reisemobil
    * Jahresplätze
  * Wohnwagen-Chalets
    * Übersicht
    * Model A
    * Model B
    * Model C - 3 Schlafzimmer
    * Model D Lodge
  * Pods-Wanderhütten
  * Anlagen
    * Sanitair
    * Spielplatz
 ...
---
* Home  
  * Camping
    * Campingplaats
    * Camperhaven
    * Jaarplaatsen
    * Plattegrond
    * Faciliteiten>
      * Receptie
      * VVV
      * Wifi
      * Gastronomie
    * Predicaat
  * The Pod
    * The Pod
    * The Mega-Pod
    * Aanbiedingen
  * Tarieven
  * Reserveren
  * Sport- en recreatie
    * Klimmen
    * Wandelen
    * Fietsen
    * Mountainbiken
    * Geocaching
    * Kids
    * Recreatiecentrum Maartbusch
    * Excursies
    * Fietsverhuur
  * Foto's
  * News & Service
...
---
* Home
  * Camprilux
    * Downloads
    * Advertenties
    * Press Info
    * Wegenkaart
    * Camping Key Europe
    * Camprilux aanbevelen
  * Luxembourg
    * Aktieve vakanties
    * Eten & Drinken
    * Cultuur
  * Contact
  * Links

  * Alle Campings
  * Toeristische Plaatsen
  * Camperplaatsen
  * Huurobjecten
  * Vaste Standplaatsen
  * Campings met EcoLabel
  * Campings met Luxemburgs Qualiteitslabel
  * Campings geschikt voor minder validen
  * Bed & Bike
  * Naturistencampings
  * Cam..."
24,33,6,24_000_562_561_annonce,"000, 562, 561, annonce, voir annonce, 144, voir, 500, mini, annonces","# N°1 des occasions Autos / Motos au Luxembourg

¤ Annonces du jour  
¤ Mon espace perso  
¤ Recherche détaillée  
¤ Recherche par garage  

Connectez-vous à votre compte pour personnaliser vos raccourcis

Déjà utilisateur ?

    Se connecter
Nouvel utilisateur ?

    Créer votre compte
  * RECHERCHER
    * Annonces du jour
    * Par marque
    * Par garage
    * Détaillée
    * Par véhicule
    * Voitures
    * Motos
    * Utilitaires
    * Jantes + pneus
    * Autres véhicules...
    * Par cat...
---
# N°1 des occasions Autos / Motos au Luxembourg

¤ Annonces du jour  
¤ Mon espace perso  
¤ Recherche détaillée  
¤ Recherche par garage  

Connectez-vous à votre compte pour personnaliser vos raccourcis

Déjà utilisateur ?

    Se connecter
Nouvel utilisateur ?

    Créer votre compte
  * RECHERCHER
    * Annonces du jour
    * Par marque
    * Par garage
    * Détaillée
    * Par véhicule
    * Voitures
    * Motos
    * Utilitaires
    * Jantes + pneus
    * Autres véhicules...
    * Par cat...
---
# N°1 des occasions Autos / Motos au Luxembourg

¤ Annonces du jour  
¤ Mon espace perso  
¤ Recherche détaillée  
¤ Recherche par garage  

Connectez-vous à votre compte pour personnaliser vos raccourcis

Déjà utilisateur ?

    Se connecter
Nouvel utilisateur ?

    Créer votre compte
  * RECHERCHER
    * Annonces du jour
    * Par marque
    * Par garage
    * Détaillée
    * Par véhicule
    * Voitures
    * Motos
    * Utilitaires
    * Jantes + pneus
    * Autres véhicules...
    * Par cat..."
25,33,27,25_restaurant_00_99_cafe,"restaurant, 00, 99, cafe, crema, jacobs, 40 00, red, espresso, 1000","### Search

Restaurants Take Away Hotels RestoBookings

### Resto Europe

Restaurant Lille Restaurant Paris Restaurant Metz Restaurant Dijon Restaurant
Lyon Restaurant Strasbourg Restaurant London Restaurant Belgium

### Frontier

Hostellerie Le Claimarais

### News

Daily discovery !  Culinary discovery  Resto News Recettes

### INTERACTIF

Newsletter Horecajobs

### Restaurant owners

Information request  Login

### Comments

Daruma

Sushi Train: excellent a tous points de vue. Frais, goteux,c...
---
Home

Shop

Produits

Top 20

Cafe-Bar

Coupon

Cafe  •  Alcool  •  Vin  •  Tabac   •  Confiserie  •  Pain  
Cafe  
  
  10403 ALVORADA CAFE BRAZIL   1000 g    4,59 €  
  10402 ALVORADA GINA   1000 g    4,25 €  
  10136 BINGO CAFE REGULAR 100+8P   756 g    4,99 €  
  10137 BINGO CAFE STRONG 100+8P   756 g    4,99 €  
  9861 CAFE AROMA MILD 100P   700 g    5,29 €  
  9862 CAFE AROMA REGULAR 100P   700 g    5,29 €  
  12079 CAFÉ CAPSULES FRITZ MINGES COLUMBIA EXCELSO   50 g    2,59 €  
  12080 CAF...
---
Home

Shop

Produits

Top 20

Cafe-Bar

Coupon

Cafe  •  Alcool  •  Vin  •  Tabac   •  Confiserie  •  Pain  
Tabac  
  
  2237 AFRICAINE LEGERE FILTRE 45,60 €  
  2663 AGIO MEHARIS BRASIL 20 5,10 €  
  2662 AGIO MEHARIS BRASIL 50 12,00 €  
  2657 AGIO MEHARIS ECUADOR 20 4,90 €  
  2658 AGIO MEHARIS ECUADOR 50 12,75 €  
  2659 AGIO MEHARIS JAVA 20 5,10 €  
  2660 AGIO MEHARIS JAVA 50 12,75 €  
  2665 AGIO MEHARIS SWEET ORIENT 20 5,10 €  
  5541 AGIO MEHARIS SWEET ORIENT 50 12,75 €  
  10664 AJJA ..."
26,32,26,26_restaurant_carpaccio_ut_di,"restaurant, carpaccio, ut, di, magna, enim, consequat, cuisine, commodo, alla","Le Jardin Gourmand

  * Accueil
  * Le restaurant
  * Suggestions du midi
  * La carte
  * Nos vins
  * Accès
  * Contact

# Le Jardin Gourmand vous souhaite la bienvenue

Après avoir tenu pendant 10 ans le café restaurant Cathédrale à Luxembourg
ville, et après plus de 11 années passées au café-restaurant Klein à Frisange,
Sylvie et Didier sont heureux de vous accueillir au restaurant Le Jardin
Gourmand à Hesperange.

Dans un cadre chaleureux, le chef vous propose une cuisine française et
Luxem...
---
* home
  *   * restaurant
  *   * les cartes
  *   * festival
  *   * banquets
  *   * desserts & grappa
  *   * video
  *   * contact

Situe dans le centre ville de Luxembourg, le Ristorante Roma, inaugure en
1950, a le privilege d'etre le premier restaurant italien qui a ouvert ses
portes au Grand-Duche de Luxembourg.

Le restaurant dispose d'une grande salle pouvant accueillir jusqu'a 50
personnes, mais aussi 2 salons de 24 et 10 places, qui sont a disposition de
la clientele pour les dejeune...
---
* # 
  * Le Restaurant
    * A propos de nous
    * La Terrasse
    * Le Chef
    * ###### Cuisine, Caractère, Calme, Charme, Courtoisie
    
#### Restaurant

À seulement 20 minutes de Luxembourg Ville, situé à Bech, petit village
atypique dans la nature Luxembourgeoise. C'est un cadre luxuriant et luxueux
que nous avons le plaisir de vous offrir. Venez goûter à une touche de
gastronomie contemporaine dans un lieu où s'associe harmonie des saveurs et
beauté naturelle du paysage.

##### Ils en pa..."
27,32,22,27_2014 newsletter_newsletter_frontaliers_juillet 2014,"2014 newsletter, newsletter, frontaliers, juillet 2014, juillet, 2014, iphone, luxembourg, tax, 07","Aller au contenu principal

  * Twitter
  * Facebook
  * Google Plus

Menu

  * Home
  * Editos
    * Finance
    * Mobilité
    * Société
    * Pratique
    * Loisirs
    * Insolite / Détente
    * Good Idea
  * Frontaliers
    * Calculatrice fiscale
    * Salairoscope
    * Nouvel arrivant
    * Frontaliers de A à Z
    * Chronique Juridique
    * Sondages
  * Services
    * Voyages
    * Agenda
    * Formation
    * Annuaire
    * Emploi
  * Trafic
    * Alertes SMS
    * Caméras
    * Parkin...
---
Aller au contenu principal

  * Twitter
  * Facebook
  * Google Plus

Menu

  * Home
  * Editos
    * Finance
    * Mobilité
    * Société
    * Pratique
    * Loisirs
    * Insolite / Détente
    * Good Idea
  * Frontaliers
    * Calculatrice fiscale
    * Salairoscope
    * Nouvel arrivant
    * Frontaliers de A à Z
    * Chronique Juridique
    * Sondages
  * Services
    * Voyages
    * Agenda
    * Formation
    * Annuaire
    * Emploi
  * Trafic
    * Alertes SMS
    * Caméras
    * Parkin...
---
Aller au contenu principal

  * Twitter
  * Facebook
  * Google Plus

Menu

  * Home
  * Editos
    * Finance
    * Mobilité
    * Société
    * Pratique
    * Loisirs
    * Insolite / Détente
    * Good Idea
  * Frontaliers
    * Calculatrice fiscale
    * Salairoscope
    * Nouvel arrivant
    * Frontaliers de A à Z
    * Chronique Juridique
    * Sondages
  * Services
    * Voyages
    * Agenda
    * Formation
    * Annuaire
    * Emploi
  * Trafic
    * Alertes SMS
    * Caméras
    * Parkin..."
28,30,10,28_immobilier_favoris_m²_annonce,"immobilier, favoris, m², annonce, ajouter favoris, property, location, luxembourg, biens, maison","x En poursuivant votre navigation sur atHome.lu, vous acceptez que des cookies
soient utilisés afin d’améliorer votre expérience utilisateur et de vous
offrir des contenus personnalisés. En savoir plus

Sites Internationaux

Allemagne France Australie Hong Kong Italie Nouvelle-Zélande Chine

atOffice.lu atHome.de immoRegion.fr

__athomelu_logo

  * Acheter Appartement Maison Terrain Résidence Lotissement Neuf
  * Louer Appartement Maison Commerce Location de vacances
  * Neuf Immobilier Neuf Rés...
---
x En poursuivant votre navigation sur atHome.lu, vous acceptez que des cookies
soient utilisés afin d’améliorer votre expérience utilisateur et de vous
offrir des contenus personnalisés. En savoir plus

Sites Internationaux

Allemagne France Australie Hong Kong Italie Nouvelle-Zélande Chine

atOffice.lu atHome.de immoRegion.fr

__athomelu_logo

  * Acheter Appartement Maison Terrain Résidence Lotissement Neuf
  * Louer Appartement Maison Commerce Location de vacances
  * Neuf Immobilier Neuf Rés...
---
x En poursuivant votre navigation sur atOffice.lu, vous acceptez que des
cookies soient utilisés afin d’améliorer votre expérience utilisateur et de
vous offrir des contenus personnalisés. En savoir plus

Sites Internationaux

Luxembourg Allemagne France Australie Hong Kong Italie Nouvelle-Zélande Chine

atHome.lu atHome.de immoRegion.fr

__atofficelu_logo

  * Louer bureaux Commerces restauration / hôtellerie fond de commerces Entrepôts garages
  * Acheter bureaux Commerces restauration / hôtel..."
29,29,22,29_sacem_cancer_fonds_quint,"sacem, cancer, fonds, quint, services, strategy, performance, gestion, cssf, bnp","* Home
  * Contact
  * Ressources Humaines
  * Abonnement
  * Liens utiles
  * Plan du site

  * fr
  * en
  * de

  * La CSSF
    *       * À propos de la CSSF
    *       * Mission et compétences
      * Gouvernance
    *       * Organisation générale
    *       * Comités d'experts
  * Surveillance
    *       * Banques
      * Professionnels du secteur financier (PSF)
        * Entreprises d'investissement
        * PSF spécialisés
        * PSF support
      * Infrastructures de marché euro...
---
* Home
  * Contact
  * Ressources Humaines
  * Abonnement
  * Liens utiles
  * Plan du site

  * fr
  * en
  * de

  * La CSSF
    *       * À propos de la CSSF
    *       * Mission et compétences
      * Gouvernance
    *       * Organisation générale
    *       * Comités d'experts
  * Surveillance
    *       * Banques
      * Professionnels du secteur financier (PSF)
        * Entreprises d'investissement
        * PSF spécialisés
        * PSF support
      * Infrastructures de marché euro...
---
* Home
  * Contact
  * Ressources Humaines
  * Abonnement
  * Liens utiles
  * Plan du site

  * fr
  * en
  * de

  * La CSSF
    *       * À propos de la CSSF
    *       * Mission et compétences
      * Gouvernance
    *       * Organisation générale
    *       * Comités d'experts
  * Surveillance
    *       * Banques
      * Professionnels du secteur financier (PSF)
        * Entreprises d'investissement
        * PSF spécialisés
        * PSF support
      * Infrastructures de marché euro..."
30,26,17,30_fc_fnel_f91_minimes,"fc, fnel, f91, minimes, poussins, sporting bertrange, sporting, progres, board, seniors","Home

Actualites

Teams

Organisation

Forum

Sponsors

Liens

Contacts  
Contenu  
Equipes

* Seniors A  
* Seniors B  
* Seniors C  
* Espoirs  
* Cadets  
* Scolaires A  
* Minis A  
* Poussins mixtes  
* Poussins  
* Pr-Poussins  
* Dames A  
* Dames B  
* Espoires A  
* Cadettes A  
* Filles Scolaires A  
* Fillettes  
* Equipes par Catgories  

* * *
Organisation

* Membres du comit  
* Entranements  
* Supporterclub ""Allez U.S. Hiefenech""  
* Hall sportif  
* USH Shop  

* * *
Historique
...
---
﻿

  * Home
  * Comité
  * Sponsors
  * Photos
  * Shop
  * Liens
  * Contact
  * Publications
  * Plans d'accès

## Football Club SPORTING BERTRANGE

  

fondé en 1933 • affilié à la FLF

  * ## Sponsors principaux  
  

  * ## Equipes
    * Seniors
    * Seniors réserves
    * Juniors
    * Cadets
    * Scolaires
    * Minimes
    * Poussins
    * Pupilles
    * Bambinis
    * Vétérans
##  Résultats Seniors RTL.lu Toute catégorie FLF.lu Vétérans

##  Programmes Seniors RTL.lu Toute catégorie F...
---
#

  * News
  * Seniors
    * Seniors I
    * Seniors II
  * Jeunes
    * Documents
    * Juniors U19
    * Cadets U17
    * Cadets U16
    * Scolaires U15
    * Scolaires U14
    * Minimes U13
    * Minimes U12
    * Poussins U11
    * Poussins U10
    * Pupilles U8 / U9
    * Bambinis U7
  * Le Club
    * Administration centrale
    * Administration Jeunes
    * Devenir Membre
      * Nouvelles inscriptions jeunes
    * Infrastructures
  * Sponsors
  * Contact

  * 

## Félicitations Concours ..."
31,24,21,31_seniors_seniors iminerva_iminerva_12championnat,"seniors, seniors iminerva, iminerva, 12championnat, damesminerva, 12championnat seniors, 13championnat, basket, basket esch, 13championnat seniors","S p o n s o r s du Basket Esch  
  
  Champion Dames 2005/06,  2006/07, 2007/08 et 2011/12  
Vainqueur de la Coupe des Dames 2005/06  
  Home  Club  Teams  Events Mini-Europe Sponsors  Links  
05/06/2014  
updated

Streetball, le 5 juillet 2014  
Le 5 juillet 2014 aura lieu la 7me edition du Agora Streetball: les
inscriptions pour l'dition 2014 sont ouvertes :-)  
  
  
Pour plus d'information, merci de nous contacter par email :
cdjbasketesch@yahoo.com  
19/06/2014  
Ci-apres la liste des bille...
---
#  

May 12  
7

# Coupe des Dames

Final vun der Coupe des Dames 2012

SC Ell - FC Progrès Niedercorn

Samsdes den 12. Mee 2012 am Stade « Jean Donnersbach », Lintgen um 17.00 Auer

Den Entrée kascht 5.- € All Jonken ënnert 16 Joer kënnt gratis eran (carte
d'identité weisen).

This entry was posted on May 7, 2012 at 22:41. You can follow any responses to
this entry through the RSS 2.0 feed. Both comments and pings are currently
closed.

Posted in Uncategorized by admin Comments Off

Comments ar...
---
#  

##  Uncategorized

### Match amical

Posted by Ren on July 10, 2014 at 4:24 pm

matchs amicaux de la saison 2014-2015 LINTGEN - Kayl/Tétange 0 - 0 match
amical - mardi 22.07.2014 à 19.30 hrs. Rodange - Lintgen 2 - 1 Prochain match
amical - mardi 29.07.2014 à 19.30 hrs. Petange - Lintgen Match de coupe à
Lorentzweiler - jeudi 31.07.2014 à 19.30 hrs. Bastendorf - Lintgen […]

### Programme Saison 14/15

Posted by Ren on July 2, 2014 at 11:11 pm

Programme Promotion d'honneur Saison 2014-2015 ..."
32,24,7,32_tickets_eldoradio_ticket_rock,"tickets, eldoradio, ticket, rock, aug, rockhal, 2014 tickets, 2014, direction, sat","* Home
  * Concert Tickets
  * Sports Tickets
  * Arts and Theatre Tickets
  * Festival Tickets
  * Sell Tickets

  * Home »
  * Concert Tickets »
  * Rock and Pop »
  * One Direction

# One Direction Tickets

Sell Tickets

One Direction (also known as 1D by their millions of fans worldwide) are Harry
Styles, Liam Payne, Louis Tomlinson, Niall Horan and Zayn Malik. Their record
breaking studio albums and massive hit tours have seen 1D become a global
phenomenon and redefine the meaning of iconic...
---
* Home
  * Concert Tickets
  * Sports Tickets
  * Arts and Theatre Tickets
  * Festival Tickets
  * Sell Tickets

  * Home »
  * Concert Tickets »
  * R&B/Urban Soul »
  * Zaho

# Zaho Tickets

Sell Tickets

Find the Zaho tickets you're looking for on viagogo, the world's largest
ticket marketplace. Select an event to view the range of tickets available or
view the Zaho tour on a map to find an event near you. You can also sell your
spare Zaho Concert Tickets on viagogo, and listing tickets is f...
---
Shopping for tickets for the USA? Yes - go to the USA site

  * Home
  * Concert Tickets
  * Sports Tickets
  * Arts and Theatre Tickets
  * Festival Tickets
  * Sell Tickets

Featured Events

  * FC Bayern Munchen Tickets 
  * Borussia Dortmund Tickets 
  * Festival Tomorrowland Tickets 
  * DFL-Supercup Tickets 

## What's Hot

##  1\. FC Koln Tickets

### 23 August - 23 May

##  Bayer 04 Leverkusen Tickets

### 23 August - 23 May

##  Ed Sheeran Tickets

### 06 August - 03 February

##  Eintr..."
33,23,14,33_yoga_spa_coque_mondorf,"yoga, spa, coque, mondorf, fitness, training, anwendungen, öffnungszeiten, 60, inn","#

  * EN
  * FR
  * DE

  * Thermalbad
  * Gutscheine
  * Reservierungen
  * Gesund bei der Arbeit
  * Business area

  * Spa
    * Thalgo Rituale
    * SanVino Rituale
    * Ayurvedisches Ritual
    * Terraké-Rituale
    * Massagen
    * Anti-Cellulite und straffende Anwendungen
    * Gruppenanwendungen
    * Haut- und Körperpflege
    * Spa-Anwendungen Pauschalen
    * Spa-Aufenthalte
  * Wellness
    * Thermalbecken
    * Sauna-Bereich
    * Gruppenkurse
    * Öffnungszeiten und preise 2014
...
---
#

  * EN
  * FR
  * DE

  * Thermalbad
  * Gutscheine
  * Reservierungen
  * Gesund bei der Arbeit
  * Business area

  * Spa
    * Thalgo Rituale
    * SanVino Rituale
    * Ayurvedisches Ritual
    * Terraké-Rituale
    * Massagen
    * Anti-Cellulite und straffende Anwendungen
    * Gruppenanwendungen
    * Haut- und Körperpflege
    * Spa-Anwendungen Pauschalen
    * Spa-Aufenthalte
  * Wellness
    * Thermalbecken
    * Sauna-Bereich
    * Gruppenkurse
    * Öffnungszeiten und preise 2014
...
---
#

  * EN
  * FR
  * DE

  * Thermalbad
  * Gutscheine
  * Reservierungen
  * Gesund bei der Arbeit
  * Business area

  * Spa
    * Thalgo Rituale
    * SanVino Rituale
    * Ayurvedisches Ritual
    * Terraké-Rituale
    * Massagen
    * Anti-Cellulite und straffende Anwendungen
    * Gruppenanwendungen
    * Haut- und Körperpflege
    * Spa-Anwendungen Pauschalen
    * Spa-Aufenthalte
  * Wellness
    * Thermalbecken
    * Sauna-Bereich
    * Gruppenkurse
    * Öffnungszeiten und preise 2014
..."
34,23,17,34_ulc_newsletter_woxx_2009,"ulc, newsletter, woxx, 2009, 2012, 2010, iech, 2013, och, huet","* Communiqus de presse
  * Avis
  * Brochures
  * Contrats et lettres-type
  * Interviews / Presse / Radio
  * Articles divers
  * Produits ptrolier et gazier
  * Foire aux questions

  
  
  
  
  
  
Horaires habituels:

du lundi au vendredi de 08:00 a 12:00 et de 13:00 a 17:00 heures  
  
Pour les evenements, voir le calendrier ci-dessous  
  
  
  
  
  
  
  
  
  
Archives :  2008  2009  2010  2011  2012  2013  2014  
  

# Interviews / Presse / Radio

  
  

###  Radio Latina : Ech liewen...
---
Horaires habituels:

du lundi au vendredi de 08:00 a 12:00 et de 13:00 a 17:00 heures  
  
Pour les evenements, voir le calendrier ci-dessous  
  
  
  
  
  
  
# News  

##  Festival des migrations, des cultures et de la citoyennet

Venez-nous rendre visite au 29e FESTIVAL DES MIGRATIONS, DES CULTURES ET DE LA
CITOYENNETÉ le 17 et 18 mars 2012 a la Luxexpo a Kirchberg. Stand 201 Hall 2.

  
ULC : 12/03/2012  
  

  tlcharger le fichier joint : 4883  (KB)  
  
  
  
  
  
  
  
####  Prix mazou...
---
Horaires habituels:

du lundi au vendredi de 08:00 a 12:00 et de 13:00 a 17:00 heures  
  
Pour les evenements, voir le calendrier ci-dessous  
  
  
  
  
  
  
## NewsLetter

  

#### Liste des NewsLetters :  

Newsletter ULC 29/2014  22/07/2014  
Newsletter ULC 28/2014  21/07/2014  
Newsletter ULC 27/2014  18/07/2014  
Newsletter ULC 26/2014  17/07/2014  
Newsletter ULC 25/2014  09/07/2014  
Newsletter ULC 24/2014  01/07/2014  
Newsletter ULC 22/2014  27/06/2014  
Newsletter ULC 21/2014  28/0..."
35,23,21,35_rank_mama_steffen_produkte,"rank, mama, steffen, produkte, auchan, produits, menu, plat, samedi, 352","* News
  * Kentucky
    * Fotos
  * Essen & Trinken
    * Tagesmenü
    * Menükarte
  * Catering
  * Kontakt

In vino veritas

Exzellente Tropfen aus unserem Weinkeller mit umfangreichem Sortiment
schmeicheln Ihren Sinnen und runden die Küchenkunst perfekt ab. Zahlreiche
regionale und internationale Tropfen bieten ein breites Spektrum an
Geschmacks- und Sinneserlebnissen.

More

Die besondere Geschenkidee ...

Es gibt viele Anlässe im Jahr, an denen man etwas Besonderes verschenken
möchte. Ob Ge...
---
#

  * XMAS & HOLIDAYS
  * Welcome
  * Livraison & Take Away
  * Design & Coup de Coeur
  * Specials
  * Gallery
  * This Week
  * Menu

# XMAS & HOLIDAYS

Chères toutes, chers tous, chers amis, chers clients, chers futurs clients &
futurs amis.  
2013 aura été une très belle & grande année grâce à vous tous. Nous avions
pensé le Mama comme un lieu chaleureux,un lieu ou l'on aime se retrouver avec
plaisir, simplicité autour des meilleures pizzas de bons petits plats préparés
devant vous avec amo...
---
* Maison Steffen
  * Recettes
  * Conseil de préparation
  * Sécurité alimentaire
  * Contact

  
  

# Découvrez notre  
nouveau spot télé

Voir la vidéo

# Les délices de votre boucher

Pour une fête de famille, un repas entre amis ou tout simplement  
quand vous n'avez ni le temps ni l'envie de cuisiner...  
Vous trouverez dans notre brochure  
de quoi satisfaire toutes vos envies, de l'apéritif au dessert.

Télécharger

# Maison Steffen

  
  
  

## Bienvenue à la Maison Steffen!

Bienvenue..."
36,22,18,36_07 2005_vainqueur_25_tour,"07 2005, vainqueur, 25, tour, 2005, finale, 07, schleck, 30, 2014 info",">  
> Austragungsort:  
>  Duisburg  
>  Sporthalle Krefelder Strae  
>  15.07. - 16.07.2005
> Luxemburgische Delegation:  Blasen Steve,  Della Modesta Marcelline
>                 Coach: Pianini Ilvano
>                                                     Prsidentin der
> Sportsektion: Decker Viviane
>  
>  
>  
> Die luxemburgische Delegation (Tanzen,Kraftsport und Kegeln) bei den
> Worldgames 2005
>  
>  
> LUXEMBURGER ERFOLG BEI DEN SPORTKEGLER
>  
> GOLD fr Steve Blasen im Einzel
> Bronze f...
---
sportspress.lu  
B.P. 568  
L-2015 Luxembourg

Tél.: +352 26 84 57 45  
Fax: +352 26 84 57 46  
E-mail: info@sportspress.lu

          
  * Actualité
    * Éditions
    * Archives
    * Jeunes Reporters
    * Commentaires
    * Trophy Magazine 2013
  * L’association
    * Historique
    * Comité
    * Membres
    * Partenaires
    * Galas
    * Trophées
    * Statuts
    * Demande d'admission
  * Liens
  * Photos
  * Accréditations
  * Contact

Login

CYCLISME: L'affiche du 17e Gala Tour de Fran...
---
sportspress.lu  
B.P. 568  
L-2015 Luxembourg

Tél.: +352 26 84 57 45  
Fax: +352 26 84 57 46  
E-mail: info@sportspress.lu

          
  * Actualité
    * Éditions
    * Archives
    * Jeunes Reporters
    * Commentaires
    * Trophy Magazine 2013
  * L’association
    * Historique
    * Comité
    * Membres
    * Partenaires
    * Galas
    * Trophées
    * Statuts
    * Demande d'admission
  * Liens
  * Photos
  * Accréditations
  * Contact

Login

CYCLISME - TOUR DE FRANCE: Le champion du mo..."
37,22,9,37_cuvée_bernard massard_massard_bernard,"cuvée, bernard massard, massard, bernard, valora, douanes, vins, darts, wines, age","Présentation

Notre équipe

Direction Service Commercial  Service Clientèle  Vinothèque & Evénements
Production & Vignes  Secrétariat & Marketing

Historique

Quelques chiffres

Présence internationale

Le domaine de  
Grevenmacher

Présentation Visites et Dégustations Vinothèque Réceptions et banquets

Clos  
des Rochers

Château  
de Schengen

Thill's

L'association  
Domaine et Tradition

Les cuvées Bernard-Massard

Cuvée  
Sélection

Cuvée  
de l'Ecusson

Cuvée  
Millésimée

Cuvée  
Chardonn...
---
Présentation

Notre équipe

Direction Service Commercial  Service Clientèle  Vinothèque & Evénements
Production & Vignes  Secrétariat & Marketing

Historique

Quelques chiffres

Présence internationale

Le domaine de  
Grevenmacher

Présentation Visites et Dégustations Vinothèque Réceptions et banquets

Clos  
des Rochers

Château  
de Schengen

Thill's

L'association  
Domaine et Tradition

Les cuvées Bernard-Massard

Cuvée  
Sélection

Cuvée  
de l'Ecusson

Cuvée  
Millésimée

Cuvée  
Chardonn...
---
Présentation

Notre équipe

Direction Service Commercial  Service Clientèle  Vinothèque & Evénements
Production & Vignes  Secrétariat & Marketing

Historique

Quelques chiffres

Présence internationale

Le domaine de  
Grevenmacher

Présentation Visites et Dégustations Vinothèque Réceptions et banquets

Clos  
des Rochers

Château  
de Schengen

Thill's

L'association  
Domaine et Tradition

Les cuvées Bernard-Massard

Cuvée  
Sélection

Cuvée  
de l'Ecusson

Cuvée  
Millésimée

Cuvée  
Chardonn..."
38,21,12,38_astm_care_togo_projekte,"astm, care, togo, projekte, bénin, unicef, philippines, csi, inde, pérou","* L'organisation 
    * Qui sommes-nous? 
    * Fonctionnement 
    * Faire un don 
    * Notre charte 
    * Travail politique 
      * Notre approche politique 
      * Prises de position 
    * Publications 
      * Rapports 
      * Brochures 
    * Intranet
  * Projets de solidarité 
    * Notre approche projets 
    * Afrique de l'Ouest 
      * ARFA (Burkina Faso)
      * UBTEC-NAAM (Burkina Faso)
      * CED (Togo)
      * CIDAP (Togo)
      * GEME-SA (Togo)
      * CADR (Togo)
      * L...
---
* L'organisation 
    * Qui sommes-nous? 
    * Fonctionnement 
    * Faire un don 
    * Notre charte 
    * Travail politique 
      * Notre approche politique 
      * Prises de position 
    * Publications 
      * Rapports 
      * Brochures 
    * Intranet
  * Projets de solidarité 
    * Notre approche projets 
    * Afrique de l'Ouest 
      * ARFA (Burkina Faso)
      * UBTEC-NAAM (Burkina Faso)
      * CED (Togo)
      * CIDAP (Togo)
      * GEME-SA (Togo)
      * CADR (Togo)
      * L...
---
* L'organisation 
    * Qui sommes-nous? 
    * Fonctionnement 
    * Faire un don 
    * Notre charte 
    * Travail politique 
      * Notre approche politique 
      * Prises de position 
    * Publications 
      * Rapports 
      * Brochures 
    * Intranet
  * Projets de solidarité 
    * Notre approche projets 
    * Afrique de l'Ouest 
      * ARFA (Burkina Faso)
      * UBTEC-NAAM (Burkina Faso)
      * CED (Togo)
      * CIDAP (Togo)
      * GEME-SA (Togo)
      * CADR (Togo)
      * L..."
39,20,13,39_abbl_banking_financial_luxembourg,"abbl, banking, financial, luxembourg, bank, assurance vie, private, xml message, tax, nordea","# ABBL

  * English
  * Français
  * Deutsch

  * Webshop
  * Member login
  * Contact us

##  Association des Banques et Banquiers, Luxembourg  
The Luxembourg Bankers' Association  
Luxemburger Bankenvereinigung

Home | Frankfurter Volksbank International S.A....
## Frankfurter Volksbank International S.A.

  * Print
  * Send page by e-mail

  
General information

Address:

36, boulevard Joseph II

Locality:

L-1840 Luxembourg

Postal address:

36, boulevard Joseph II, L-1840 Luxembourg

Phon...
---
# ABBL

  * English
  * Français
  * Deutsch

  * Webshop
  * Member login
  * Contact us

##  Association des Banques et Banquiers, Luxembourg  
The Luxembourg Bankers' Association  
Luxemburger Bankenvereinigung

Home | Banque de Patrimoines Privés
## Banque de Patrimoines Privés

  * Print
  * Send page by e-mail

  
General information

Address:

30, boulevard Royal

Locality:

L-2449 Luxembourg

Postal address:

BP 30, L-2010 Luxembourg

Phone:

27 207 1

Fax:

26 200 131

Website:

http://...
---
# ABBL

  * English
  * Français
  * Deutsch

  * Webshop
  * Member login
  * Contact us

##  Association des Banques et Banquiers, Luxembourg  
The Luxembourg Bankers' Association  
Luxemburger Bankenvereinigung

Home | Banque de Patrimoines Privés
## Banque de Patrimoines Privés

  * Print
  * Send page by e-mail

  
General information

Address:

30, boulevard Royal

Locality:

L-2449 Luxembourg

Postal address:

BP 30, L-2010 Luxembourg

Phone:

27 207 1

Fax:

26 200 131

Website:

http://..."
40,20,6,40_randstad_alfi_fonds_investmentfonds,"randstad, alfi, fonds, investmentfonds, anleger, risiko, funds, erzielen, investor, investieren","twitter linkedin youtube vimeo flikr

  * about  
alfi

    * Structure
    * Mission statement
    * ALFI Ambition Paper
    * Governing bodies
    * Technical committees & forums
    * ALFI Head Office
    * Member company directory
    * ALFI code of conduct
    * Join ALFI
      * How to join ALFI
  * investor  
centre

    * Basiswissen für Anleger
      * Ihre Anlageentscheidungen
      * Was spricht für OGAW-Investmentfonds?
      * Wie funktionieren OGAW-Fonds?
      * Häufig gestellte F...
---
twitter linkedin youtube vimeo flikr

  * about  
alfi

    * Structure
    * Mission statement
    * ALFI Ambition Paper
    * Governing bodies
    * Technical committees & forums
    * ALFI Head Office
    * Member company directory
    * ALFI code of conduct
    * Join ALFI
      * How to join ALFI
  * investor  
centre

    * Basiswissen für Anleger
      * Ihre Anlageentscheidungen
      * Was spricht für OGAW-Investmentfonds?
      * Wie funktionieren OGAW-Fonds?
      * Häufig gestellte F...
---
twitter linkedin youtube vimeo flikr

  * about  
alfi

    * Structure
    * Mission statement
    * ALFI Ambition Paper
    * Governing bodies
    * Technical committees & forums
    * ALFI Head Office
    * Member company directory
    * ALFI code of conduct
    * Join ALFI
      * How to join ALFI
  * investor  
centre

    * Basiswissen für Anleger
      * Ihre Anlageentscheidungen
      * Was spricht für OGAW-Investmentfonds?
      * Wie funktionieren OGAW-Fonds?
      * Häufig gestellte F..."
41,19,7,41_352 265_344_265_belval,"352 265, 344, 265, belval, avenue rock, rock roll, roll, cie, fax 352, rock","# Belval

  * Français
  * Deutsch
  * English

a project by

AGORA

a project by

AGORA

a project by

AGORA

a project by

AGORA

a project by

AGORA

  * Home
  * What’s on
  * Contact
  * Sitemap

  * Belval
  * Living
  * Working
  * Learning & research
  * Leisure
  * Investing
  * Agora

  * 6 good reasons
  * Companies & Institutions
  * Current projects
  * Buy or rent office and commercial space

## Companies & Institutions

  * Branche  select  select 
    * IT / Telecommunication
   ...
---
# AGORA

Home \+

  * Home
  * News
  * Information centre
  * Call for tenders

Français \+ Deutsch \+ English \+

  * Français
  * Deutsch
  * English

  * •Services
    * Complete location development
    * Analysis and planning
    * Development
    * Product development
    * Location marketing
    * Quality assurance
  * •Profile
    * Who we are
    * Structure
    * Company management
    * Partners
  * •Team
    * Together strong
    * Management
    * Support
    * Urban development an...
---
# AGORA

Home \+

  * Home
  * News
  * Information centre
  * Call for tenders

Français \+ Deutsch \+ English \+

  * Français
  * Deutsch
  * English

  * •Services
    * Complete location development
    * Analysis and planning
    * Development
    * Product development
    * Location marketing
    * Quality assurance
  * •Profile
    * Who we are
    * Structure
    * Company management
    * Partners
  * •Team
    * Together strong
    * Management
    * Support
    * Urban development an..."
42,19,6,42_armée_message_flns_savoir,"armée, message, flns, savoir, dun, carrière, brevets, militaire, volontaires, d2","#

#### L'armée recrute

  * Demande en ligne du formulaire d'inscription
  * Contactez nous :
info@armee.lu  
8002-4888

  * Accueil
  * Multimédias
    * Galerie Photo
    * Galerie Vidéo
  * Actualités
  * recrutement & carrières
    * Recrutements
    * Soldats volontaires
    * Caporaux de carrière
    * Sous-Officiers de carrière
    * Sous-Officiers de la musique de carrière
    * Officiers de carrière
    * Carrières envisageables
  * Historique
    * La Milice
    * Le Contingent Fédéra...
---
#

#### L'armée recrute

  * Demande en ligne du formulaire d'inscription
  * Contactez nous :
info@armee.lu  
8002-4888

  * Accueil
  * Multimédias
    * Galerie Photo
    * Galerie Vidéo
  * Actualités
  * recrutement & carrières
    * Recrutements
    * Soldats volontaires
    * Caporaux de carrière
    * Sous-Officiers de carrière
    * Sous-Officiers de la musique de carrière
    * Officiers de carrière
    * Carrières envisageables
  * Historique
    * La Milice
    * Le Contingent Fédéra...
---
Home Dossiers Positionnements Documents  
pratiques Contact  
# PROJET COMMUNICATION PROFESSIONNELLE : GRILLE DES HABILETS

Contenus soumis Copyright: Voir ""mentions lgales"" sur la page d'accueil
www.euro-cordiale.lu  
HABILET A: COMMUNIQUER A l'ORAL  
Etre entendu par le destinataire Etre compris du destinataire Adopter un
comportement en adquation la situation  
A-11  
  
Matriser la voix:

  * volume, intensit
  * dbit, fluidit
  * articulation
  * intonation

A-21  
  
Dire ce que lon voit, ..."
43,18,13,43_pressedossier_mb_fotos_licenses,"pressedossier, mb, fotos, licenses, info catalogue, catalogue, commons, creative commons, mudam, license","Bibliotheque nationale de Luxembourg  
Luxemburgensia online

Info Projet | Contact | Conditions d'utilisation  
Selection du type de publication: tous | quotidiens et hebdomadaires | litterature | ouvrages de reference | cartes postales  
Quotidiens et hebdomadaires accessibles en ligne  
  
Courrier du Grand-Duche de Luxembourg sur eluxemburgensia.lu  
D'Waschfra sur eluxemburgensia.lu  
De Mitock sur eluxemburgensia.lu  
Luxemburger Land in Wort und Bild (Das) sur eluxemburgensia.lu  
Luxembu...
---
# Luxcommons

Open Content and Free Culture from Luxembourg

* * *
## CC0 official translation into French published

July 21st, 2014

CC0 now has an official translation into French.

Read the whole announcement on the Creative Commons blog.

Posted in Public Domain, Legal, Luxembourg, Free culture | No Comments »
## European Commission endorses CC licenses as best practice for public sector
content and data

July 21st, 2014

(from the Creative Commons blog)

Today the European Commission relea...
---
* FRA
  * DEU
  * ENG
  * 中國語
  * 日本語
  * 한국어

  * AUSSTELLUNGEN
  * AGENDA
  * NEWS
  * DAS MUSEUM
  * BESUCHER

  * PUBLICATIONS
  * PRESSE
  * FÖRDERN SIE MUDAM
  * PRAKTISCHES

# PRESSE

Auf dieser Seite können Sie Pressemitteilungen und Pressedossiers sowie Bilder
zu aktuellen Ausstellungen herunterladen. Die exklusiv der Presse
vorbehaltenen Dokumente dienen zur Kommunikation der Aktivitäten und
Ausstellungen des Mudam Luxemburg. Jede andere Nutzung, insbesondere
kommerzieller Art, ist unt..."
44,18,7,44_mullerthal_echternach_trail_mullerthal trail,"mullerthal, echternach, trail, mullerthal trail, moselle, passer navigation, changer, bike, info, vin","FASCINATION ROCKS | Mullerthal trail Passer la navigation
#

Changer de langue:defrneen

Facebook

  * Home
  * The Trail
  * Hiking Tours
  * The Stages
  * Accommodation
  * Mobility
  * Photo Gallery
  * Links
  * Municipalities

#  FASCINATION ROCKS

On a length of 112 km, the Mullerthal Trail passes through all the natural
particularities of the Mullerthal Region - Luxembourg's Little Switzerland.
Natural paths lead through forests and pastures and can be combined with
impressive canyons an...
---
FASCINATION ROCHERS | Mullerthal trail Passer la navigation
#

Changer de langue:defrneen

Facebook

  * Home
  * Le Trail
  * Randonnées
  * Les étapes
  * Hébergement
  * Mobilité
  * Galerie d’images
  * Liens
  * Communes

#  FASCINATION ROCHERS

Sur une longueur de 112 km, le Mullerthal Trail passe le long des beautés
naturelles de la Région Mullerthal - Petite Suisse Luxembourgeoise - Basse
Sûre. Vous parcourez des sentiers naturels passant par des prés et des forêts,
souvent juste à côté ...
---
Loisirs | Echternach Passer la navigation
#

Changer de langue:defrneen

  * Home
  * La Ville
  * Itinéraires
  * HEBERGEMENT
  * Camping
  * gastronomie
  * Loisirs
  * WHAT'S ON
  * Informations

  * La randonnée
  * Le vélo
  * La Marche Nordique - Nordic Walking
  * Loisirs près du lac
  * Les piscines
  * Le Tennis
  * L'escalade
  * L'escalade indoor
  * L'aventure
  * La patinoire
  * Le golf
  * Le Minigolf
  * Equitation
  * Sports nautiques
  * VTT

# Loisirs

Aux portes de la ville (..."
45,17,11,45_cfl_tango_evasion_ligne,"cfl, tango, evasion, ligne, ricoh, train, belval, mobile, travel, rechnung","* Voyageurs  A votre service  Voyageurs 
Trouver toutes les informations utiles à votre voyage par bus et train, au
sein du réseau national et au delà des frontières du Luxembourg.

    * Infos trafic 
    * Actualités 
      * Actualités 
      * Les bons plans 
    * Horaires 
      * Carte du réseau 
      * Horaires en ligne 
      * CFL mobile (App) 
      * Horaires imprimés 
    * Billets et Abonnements 
      * Billets au Luxembourg 
      * Abonnements au Luxembourg 
      * La gratuité...
---
*     * FR 
    * DE 
    * EN 
  *   * 2489 2489  Call Center 
  * Contact us 

  * Passengers 
    * Passengers  At your service 
    * Freight  Our expertise 
      * CFL cargo  Rail Freight 
      * CFL multimodal  Logistics & combined transport 
    * Infrastructure  Our projects 
    * CFL Group  Get to know us 

  * Traffic infos 
  * News 
    * News 
      * Tickets purchased in the train: a surcharge of 1€ 
      * The CFL brings you to the Festival of Wiltz 
      * Nancy - Metz - Lux...
---
*     * FR 
    * DE 
    * EN 
  *   * 2489 2489  Call Center 
  * Contact us 

  * Passengers 
    * Passengers  At your service 
    * Freight  Our expertise 
      * CFL cargo  Rail Freight 
      * CFL multimodal  Logistics & combined transport 
    * Infrastructure  Our projects 
    * CFL Group  Get to know us 

  * Traffic infos 
  * News 
    * News 
      * Tickets purchased in the train: a surcharge of 1€ 
      * Luxembourg - Liers: Take your bike on board! 
      * The CFL brings yo..."
46,17,8,46_actualisé_servior_cipa_2014 cipa,"actualisé, servior, cipa, 2014 cipa, erasmus, 07 2014, adult, education, comenius, luxairtours","Skip to the navigation. Skip to the content.

  * Servior
  * Services
  * Emploi
  * Publications
  * Contact

  * Français
  * Deutsch

Recherche

### Admission

  * Formulaire (PDF)
  * Plus d'informations

### Nouveautés

  * Um Lauterbann: Camilla Mersch-Thilges ist hundert
Actualisé:  25/07/2014

  * Schecküberreichung an Stëmm vun der Strooss: LTPS-Schülerinnen spenden 400 Euro
Actualisé:  25/07/2014

  * 40 Jahre Belle-Vue: Ein äußerst gelungenes Fest in Echternach
Actualisé:  22/07/2014...
---
Skip to the navigation. Skip to the content.

  * Servior
  * Services
  * Emploi
  * Publications
  * Contact

  * Français
  * Deutsch

Recherche

  * Offres d'Emploi
  * Candidature spontanée
  * Profils professionnels

### Admission

  * Formulaire (PDF)
  * Plus d'informations

### Nouveautés

  * SERVIOR und Stëftung Hëllef Doheem: Neuer Unterrichtsfilm trägt zur Fahrsicherheit bei
Actualisé:  30/07/2014

  * Um Lauterbann: Camilla Mersch-Thilges ist hundert
Actualisé:  25/07/2014

  * Sch...
---
Skip to the navigation. Skip to the content.

  * Servior
  * Services
  * Emploi
  * Publications
  * Contact

  * Français
  * Deutsch

Recherche

  * Qui sommes-nous?
  * Prestations
  * Philosophie d'entreprise
  * Philosophie de soins
  * Historique

### Admission

  * Formulaire (PDF)
  * Plus d'informations

### Nouveautés

  * Um Lauterbann: Camilla Mersch-Thilges ist hundert
Actualisé:  25/07/2014

  * Schecküberreichung an Stëmm vun der Strooss: LTPS-Schülerinnen spenden 400 Euro
Actua..."
47,16,11,47_clinique_pédiatrique_maternité_clinique eich,"clinique, pédiatrique, maternité, clinique eich, eich, hôpital, nbsp, municipal, chirurgie, médecine","# CHL

  * Centre Hospitalier de Luxembourg
  * Hôpital Municipal et Clinique d'Eich
  * Clinique Pédiatrique
  * Maternité
  * Contact

  * Le CHL
    * Sites hospitaliers
    * Historique
    * Missions et valeurs
    * Organisation
    * Activités et chiffres clés
    * Récompenses récentes
    * Le CHL à l’écoute des patients !
    * Nos engagements
    * Rapport Annuel 2013
    * Projets de construction en cours
    * Film 35 ans du CHL
    * Espace presse
  * Activités cliniques et de supp...
---
# CHL

  * Centre Hospitalier de Luxembourg
  * Hôpital Municipal et Clinique d'Eich
  * Clinique Pédiatrique
  * Maternité
  * Contact

  * Le CHL
    * Sites hospitaliers
    * Historique
    * Missions et valeurs
    * Organisation
    * Activités et chiffres clés
    * Récompenses récentes
    * Le CHL à l’écoute des patients !
    * Nos engagements
    * Rapport Annuel 2013
    * Projets de construction en cours
    * Film 35 ans du CHL
    * Espace presse
  * Activités cliniques et de supp...
---
# CHL

  * Centre Hospitalier de Luxembourg
  * Hôpital Municipal et Clinique d'Eich
  * Clinique Pédiatrique
  * Maternité
  * Contact

  * Le CHL
    * Sites hospitaliers
    * Historique
    * Missions et valeurs
    * Organisation
    * Activités et chiffres clés
    * Récompenses récentes
    * Le CHL à l’écoute des patients !
    * Nos engagements
    * Rapport Annuel 2013
    * Projets de construction en cours
    * Film 35 ans du CHL
    * Espace presse
  * Activités cliniques et de supp..."
48,16,15,48_volkswagen_garage_ttc savoir_ttc,"volkswagen, garage, ttc savoir, ttc, 352 55, losch, dci, utilitaires, 352, renault","WWauto – Distributeur automobiles toutes marques - Vente de voitures neuves et
d'occasions récentes aux particuliers et aux professionnels de l’automobile au
Luxembourg, en France et en Belgique

  * Contactez-nous Tél : 00 352 26 66 67 - Email
  * Accès Professionnels Connexion à votre compte

  * Recherche de véhicules
  * Promotions les affaires
  * Nouveautés à vendre
  * Société qui sommes nous
  * Administration wwauto
  * Services pour vous aider
  * Inscription compte pro
  * Contact nou...
---
Jump to navigation

  * Contact

  * FR
  * DE

MENU

Losch

  *   *   *   *   *   *   *   *   * 

Garage Losch Bech-Klengmaacher anc. Horsmans & Rosati

5, quai de la Moselle

Bech-Kleinmacher

Email:

garage@lhr.lu

Tel:

+352 23 60 77 1

Lire la suite

Garage M. Losch – Bonnevoie

78-90, route de Thionville

L-2610 Luxembourg

Email:

secretariat@gmll.lu

Tel:

Volkswagen: +352 400 707 - 1

Audi: +352 26 194-1

Volkswagen Utilitaires: +352 400 707 - 1

Bentley: +352 40 07 07 200

Lire la suit...
---
Jump to navigation

  * Contact

  * FR
  * DE

MENU

Losch

  *   *   *   *   *   *   *   *   * 

Garage Losch Bech-Klengmaacher anc. Horsmans & Rosati

5, quai de la Moselle

Bech-Kleinmacher

Email:

garage@lhr.lu

Tel:

+352 23 60 77 1

Lire la suite

Garage M. Losch – Bonnevoie

78-90, route de Thionville

L-2610 Luxembourg

Email:

secretariat@gmll.lu

Tel:

Volkswagen: +352 400 707 - 1

Audi: +352 26 194-1

Volkswagen Utilitaires: +352 400 707 - 1

Bentley: +352 40 07 07 200

Lire la suit..."
49,15,14,49_flash_flash player_player_adobe flash,"flash, flash player, player, adobe flash, adobe, version adobe, requires version, content requires, version, requires","#### Content on this page requires a newer version of Adobe Flash Player.  
#### Content on this page requires a newer version of Adobe Flash Player.

# Accueil

## Calendrier des inscriptions pour la rentrée 2014

Les inscriptions sont ouvertes à partir du lundi 02 juin 2014.  
Cela concerne tous les élèves qui entrent en première BEP, en seconde BEP, en
première STMG et en terminale STMG.  
Les élèves doivent retirer le dossier d’inscription à l’école ou le
télécharger à partir de ce lien : (d...
---
Casino | Concerts | Mentions legales | Acces Presse | Jobs | Acces & Contact| Newsletter
(C) CASINO 2OOO -- 2009 | Realisation : Agence Com&Clic

#### Le contenu de cette page necessite une version plus recente dAdobe Flash
Player.  
#### Le contenu de cette page necessite une version plus recente dAdobe Flash
Player.  
#### Content on this page requires a newer version of Adobe Flash Player.
---
# why not

archiv events carte shop photos contact

#### Content on this page requires a newer version of Adobe Flash Player.

#### Content on this page requires a newer version of Adobe Flash Player.

#### Content on this page requires a newer version of Adobe Flash Player.

#### Content on this page requires a newer version of Adobe Flash Player.

#### Content on this page requires a newer version of Adobe Flash Player.

#### Content on this page requires a newer version of Adobe Flash Player...."
50,15,12,50_soins_infirmier_agdl_clc,"soins, infirmier, agdl, clc, actes, chambre, professions, profession, sante, national","* ANIL
    * Historique
    * Statuts
    * Buts
    * Conseil d'administration
  * Activits
  * Adhsion
    * Conditions
    * Assurance
    * Adhrer
    * Changement d'adresse
  * Profession
    * Travailler au Luxembourg
    * Lgislation
    * Spcialisations
  * Salons
    * Congrs Infirmier National du 12 Mai 2014
  * Adresses
    * Hopitaux
    * Maisons de retraite
    * Soins domicile
    * Foyer de Jour pour personnes ges
    * Ecoles infirmires
    * Divers
  * Presse
  * Formations
   ...
---
* ANIL
    * Historique
    * Statuts
    * Buts
    * Conseil d'administration
  * Activits
  * Adhsion
    * Conditions
    * Assurance
    * Adhrer
    * Changement d'adresse
  * Profession
    * Travailler au Luxembourg
    * Lgislation
    * Spcialisations
  * Salons
    * Congrs Infirmier National du 12 Mai 2014
  * Adresses
    * Hopitaux
    * Maisons de retraite
    * Soins domicile
    * Foyer de Jour pour personnes ges
    * Ecoles infirmires
    * Divers
  * Presse
  * Formations
   ...
---
* ANIL
    * Historique
    * Statuts
    * Buts
    * Conseil d'administration
  * Activits
  * Adhsion
    * Conditions
    * Assurance
    * Adhrer
    * Changement d'adresse
  * Profession
    * Travailler au Luxembourg
    * Lgislation
    * Spcialisations
  * Salons
    * Congrs Infirmier National du 12 Mai 2014
  * Adresses
    * Hopitaux
    * Maisons de retraite
    * Soins domicile
    * Foyer de Jour pour personnes ges
    * Ecoles infirmires
    * Divers
  * Presse
  * Formations
   ..."
51,14,3,51_312_associations_mobilité environnement_bertrange,"312, associations, mobilité environnement, bertrange, cours adultes, loisirs, environnement, commune, mobilité, adultes","fr

  * Home 
  * Contact 

Outils pratiques Médiathèque  Agenda  Actualités  Contact

  * La commune 
    * Administration 
    * Statistiques 
    * Historique 
  * Citoyens 
    * Démarches administratives 
    * Avis officiels 
    * Formulaires 
    * Ecoles 
    * Maison Relais ""Beiestack"" 
    * Enfants & Jeunes 
    * Seniors 
    * Aides & Services 
  * Culture & Musique 
    * ArcA 
    * Associations musicales 
    * Associations culturelles 
    * Cours pour adultes 
  * Sport & Lois...
---
fr

  * Home 
  * Contact 

Outils pratiques Médiathèque  Agenda  Actualités  Contact

  * La commune 
    * Administration 
    * Statistiques 
    * Historique 
  * Citoyens 
    * Démarches administratives 
    * Avis officiels 
    * Formulaires 
    * Ecoles 
    * Maison Relais ""Beiestack"" 
    * Enfants & Jeunes 
    * Seniors 
    * Aides & Services 
  * Culture & Musique 
    * ArcA 
    * Associations musicales 
    * Associations culturelles 
    * Cours pour adultes 
  * Sport & Lois...
---
fr

  * Home 
  * Contact 

Outils pratiques Médiathèque  Agenda  Actualités  Contact

  * La commune 
    * Administration 
    * Statistiques 
    * Historique 
  * Citoyens 
    * Démarches administratives 
    * Avis officiels 
    * Formulaires 
    * Ecoles 
    * Maison Relais ""Beiestack"" 
    * Enfants & Jeunes 
    * Seniors 
    * Aides & Services 
  * Culture & Musique 
    * ArcA 
    * Associations musicales 
    * Associations culturelles 
    * Cours pour adultes 
  * Sport & Lois..."
52,14,5,52_pharmacie_hrs_30 hrs_00 hrs,"pharmacie, hrs, 30 hrs, 00 hrs, 30, pharmaciens, 00, pharmacies, 30 12, 18 30","Accueil   Service de garde   Les Pharmacies   Conseils pratiques   Emplois
Formations   Liens   Qui sommes-nous?   Contact  
#

Espace Membres

Choisissez votre pharmacie Pharmacie Bouchard Guy Pharmacie Centrale de Mersch
Pharmacie Christnacht Pharmacie d'Eich Pharmacie de Beaufort Pharmacie de
Belair Pharmacie de Belvaux Pharmacie de Bertrange Pharmacie de Bonnevoie
Pharmacie de Capellen Pharmacie de Clausen Pharmacie de Clervaux Pharmacie de
Colmar-Berg Pharmacie de Frisange Pharmacie de Gasp...
---
Accueil   Service de garde   Les Pharmacies   Conseils pratiques   Emplois
Formations   Liens   Qui sommes-nous?   Contact  
#

Espace Membres

Choisissez votre pharmacie Pharmacie Bouchard Guy Pharmacie Centrale de Mersch
Pharmacie Christnacht Pharmacie d'Eich Pharmacie de Beaufort Pharmacie de
Belair Pharmacie de Belvaux Pharmacie de Bertrange Pharmacie de Bonnevoie
Pharmacie de Capellen Pharmacie de Clausen Pharmacie de Clervaux Pharmacie de
Colmar-Berg Pharmacie de Frisange Pharmacie de Gasp...
---
Accueil   Service de garde   Les Pharmacies   Conseils pratiques   Emplois
Formations   Liens   Qui sommes-nous?   Contact  
#

Espace Membres

Choisissez votre pharmacie Pharmacie Bouchard Guy Pharmacie Centrale de Mersch
Pharmacie Christnacht Pharmacie d'Eich Pharmacie de Beaufort Pharmacie de
Belair Pharmacie de Belvaux Pharmacie de Bertrange Pharmacie de Bonnevoie
Pharmacie de Capellen Pharmacie de Clausen Pharmacie de Clervaux Pharmacie de
Colmar-Berg Pharmacie de Frisange Pharmacie de Gasp..."
53,14,9,53_dp_barreau_avocat_entrevue,"dp, barreau, avocat, entrevue, barreau luxembourg, entrevue dp, avocats, judiciaire, 352, numéro","Français

Espace avocats

+352 46 72 72-1  

  * Accueil
  * Le Barreau
    * Luxembourg, capitale juridique nationale et européenne
    * Présentation du Barreau de Luxembourg
    * Le Bâtonnier
    * Le conseil de l'ordre
    * Les commissions
    * Assistance judiciaire
    * La maison de l'avocat
    * Liens utiles
  * Votre Avocat
    * La mission de l'avocat
    * Choisir un avocat
    * Annuaire des avocats
    * Les honoraires
    * Questions/Réponses
    * Assistance judiciaire
    * Se...
---
Français

Espace avocats

+352 46 72 72-1  

  * Accueil
  * Le Barreau
    * Luxembourg, capitale juridique nationale et européenne
    * Présentation du Barreau de Luxembourg
    * Le Bâtonnier
    * Le conseil de l'ordre
    * Les commissions
    * Assistance judiciaire
    * La maison de l'avocat
    * Liens utiles
  * Votre Avocat
    * La mission de l'avocat
    * Choisir un avocat
    * Annuaire des avocats
    * Les honoraires
    * Questions/Réponses
    * Assistance judiciaire
    * Se...
---
FRAKTION  
HOME

AKTUELL

FRAKTION

REGIERUNG

PARTEI

SEKTIONEN

EUROPAWAHLEN 2014

XAVIER BETTEL

19, rue Blochausen  
L-1243 Luxembourg  

xavier.bettel@gouv.etat.lu

Xavier Bettel est ne le 3 mars 1973 a Luxembourg.

Études et formations

Apres les etudes secondaires, Xavier Bettel poursuit des etudes superieures a
l'universite de Nancy, ou il obtient d'abord une maitrise de droit public et
europeen a la Faculte de droit, ensuite un DEA de sciences politiques et droit
public.

Fonctions gouv..."
54,14,5,54_event_india_indian_sponsor,"event, india, indian, sponsor, business, directors, luxembourg, registration, photos, visa","* Home
  * Membership
  * Events
  * Sponsorship
  * Media
  * Useful Links
  * Testimonials
  * Contact

Upcoming Photo Gallery Suggest an Event Registration

Directory Benefits Options Registration

Opportunities Premier Sponsor Event Sponsor Event Co-Sponsor Business After
Hours Become a Sponsorer

Press Release Luxembourg Media Indian Media India Economic News

  *     * About IBCL
    * About India
    * Doing Business with India
    * About Luxembourg 
    * Doing Business with Luxembourg
...
---
* Home
  * Membership
  * Events
  * Sponsorship
  * Media
  * Useful Links
  * Testimonials
  * Contact

Upcoming Photo Gallery Suggest an Event Register for Event

Directory Benefits Options Registration

Opportunities Premier Sponsor Event Sponsor Event Co-Sponsor Business After
Hours Become a Sponsorer

Press Release Luxembourg Media Indian Media India Economic News

  *     * About IBCL
    * About India
    * Doing Business with India
    * About Luxembourg 
    * Doing Business with Luxem...
---
* Home
  * Membership
  * Events
  * Sponsorship
  * Media
  * Useful Links
  * Testimonials
  * Contact

Upcoming Photo Gallery Suggest an Event Register for Event

Directory Benefits Options Registration

Opportunities Premier Sponsor Event Sponsor Event Co-Sponsor Business After
Hours Become a Sponsorer

Press Release Luxembourg Media Indian Media India Economic News

  *     * About IBCL
    * About India
    * Doing Business with India
    * About Luxembourg 
    * Doing Business with Luxem..."
55,13,5,55_kb_pdf_travaux_rgtr,"kb, pdf, travaux, rgtr, barrée, raison travaux, raison, ligne, lignes, seo","* Recherche  
itinéraires

  * Horaires  
et réseaux

    * Transports publics
      * Trains
      * Bus
      * Transports scolaires
      * Transport transfrontalier
      * Nightbus
      * City-Bus
      * Bummelbus
      * Offres touristiques
      * Autres
    * Informations  
complémentaires

      * Mobile Services
  * Titres  
de transport

    * Tickets nationaux
    * Tickets transfrontaliers
    * e-go
    * M-Pass
    * M-Ticket
    * mKaart
    * Formulaires
    * Réglementation t...
---
* Recherche  
itinéraires

  * Horaires  
et réseaux

    * Transports publics
      * Trains
      * Bus
      * Transports scolaires
      * Transport transfrontalier
      * Nightbus
      * City-Bus
      * Bummelbus
      * Offres touristiques
      * Autres
    * Informations  
complémentaires

      * Mobile Services
  * Titres  
de transport

    * Tickets nationaux
    * Tickets transfrontaliers
    * e-go
    * M-Pass
    * M-Ticket
    * mKaart
    * Formulaires
    * Réglementation t...
---
* Recherche  
itinéraires

  * Horaires  
et réseaux

    * Transports publics
      * Trains
      * Bus
      * Transports scolaires
      * Transport transfrontalier
      * Nightbus
      * City-Bus
      * Bummelbus
      * Offres touristiques
      * Autres
    * Informations  
complémentaires

      * Mobile Services
  * Titres  
de transport

    * Tickets nationaux
    * Tickets transfrontaliers
    * e-go
    * M-Pass
    * M-Ticket
    * mKaart
    * Formulaires
    * Réglementation t..."
56,13,6,56_routenplaner_hotel_wellness_doppelzimmer,"routenplaner, hotel, wellness, doppelzimmer, restaurant, clervaux, hotel commerce, fotogalerie, kontakt, umgebung","Tweet

  

Kontakt

DeutschFrançaisNederlands

Hotel

  * Rezeption/Bar
    *   * Preise und Pauschalen
  * Umgebung und Aktivitäten
    * Clervaux
    * Umgebung
    * Golf von Clervaux
    * Kulturelle Aktivitäten
    * Wandern & Fahrrad fahren
    * Informationsbrochüren
    * Videos
  * Unsere Zimmer
    * Klassikzimmer
    * Doppelzimmer mit Balkon
    * Superior Doppelzimmer
    * Junior Suite mit Jacuzzi
  * Seminare und Gruppenreisen
    * Gruppenreisen
  * Infos
    * Routenplaner
    *...
---
Tweet

  

  * 

  * 

  * 

  * 

  * 

Kontakt

DeutschFrançaisNederlands

Hotel

  * Rezeption/Bar
    *   * Preise und Pauschalen
  * Umgebung und Aktivitäten
    * Clervaux
    * Umgebung
    * Golf von Clervaux
    * Kulturelle Aktivitäten
    * Wandern & Fahrrad fahren
    * Informationsbrochüren
    * Videos
  * Unsere Zimmer
    * Klassikzimmer
    * Doppelzimmer mit Balkon
    * Superior Doppelzimmer
    * Junior Suite mit Jacuzzi
  * Seminare und Gruppenreisen
    * Gruppenreisen
  * ...
---
Tweet

  

  * 

  * 

  * 

  * 

  * 

Kontakt

DeutschFrançaisNederlands

Hotel

  * Rezeption/Bar
    *   * Preise und Pauschalen
  * Umgebung und Aktivitäten
    * Clervaux
    * Umgebung
    * Golf von Clervaux
    * Kulturelle Aktivitäten
    * Wandern & Fahrrad fahren
    * Informationsbrochüren
    * Videos
  * Unsere Zimmer
    * Klassikzimmer
    * Doppelzimmer mit Balkon
    * Superior Doppelzimmer
    * Junior Suite mit Jacuzzi
  * Seminare und Gruppenreisen
    * Gruppenreisen
  * ..."
57,13,4,57_di_bass_ruppert_digital,"di, bass, ruppert, digital, instruments, artists, band, sound, eq, music","Ruppert Musical Instruments

  * Products
  * Videos
  * Artists
  * Where to buy
  * About us
  * Contact us

# Home of the  
Basswitch IQ DI

The Heart of Your Bass Rig! With a Basswitch IQ DI bass guitar preamp, you'll
get the deepest, richest, and most expressive tone your bass has to offer and
plenty of handy routing options.

Find out more and buy

# Home of the  
Acouswitch IQ DI

The Heart of Your Acoustic Rig! With an Acouswitch IQ DI acoustic guitar
preamp, you'll get the cleanest and ...
---
Ruppert Musical Instruments

  * Products
  * Videos
  * Artists
  * Where to buy
  * About us
  * Contact us

## Products

# Acouswitch IQ DI

The Heart of Your Acoustic Rig! The RMI Acouswitch IQ DI acoustic guitar
preamplifier lets you take control of your acoustic guitar sound. With an
Acouswitch IQ DI, you'll get the cleanest and clearest tone your guitar has to
offer bolstered by a fantastic equalizer and plenty of handy routing options.
Part preamp, part DI, part EQ, and part switcher, th...
---
Ruppert Musical Instruments

  * Products
  * Videos
  * Artists
  * Where to buy
  * About us
  * Contact us

## Artists

### Christian McBride

Pat Matheny, Diana Krall, Sting, Bruce Hornsby, James Brown. Queen Latifah,
Grammy award winning Five Piece Band (John McLaughlin, Chick Corea, Kenny
Garrett and Vinnie Colaiuta) and Grammy award winning Christian Mc Bride Jazz
Bigband

> ""I use the Basswich IQ live and in the studio, and its clarity is stunning
> switching between the acoustic and the..."
58,12,5,58_machines_encastrables_hifi_beacons,"machines, encastrables, hifi, beacons, beacon, numrique, imprimante, parleurs, memoire, receiver","LOGICIELS

  * PHOTO
    * Numrique Compact
    * Numrique Bridge
    * Numrique Hybride
    * Numrique Reflex
    * Objectifs
    * Cadre photo numrique
    * Jumelles
    * Accessoires
      * Cartes mmoires
        * Secure Digital (SD - SDHC)
        * Memory Stick (MS Duo - MS Duo Pro)
      * Trpieds
      * Housses et Sacs
      * Divers
  * SON
    * Haute Fidlit
      * Amplificateurs Stro
      * Lecteurs CD
      * Tuners
      * Numrique - Streaming
      * Platines
      * Haut-parl...
---
LOGICIELS

  * PHOTO
    * Numrique Compact
    * Numrique Bridge
    * Numrique Hybride
    * Numrique Reflex
    * Objectifs
    * Cadre photo numrique
    * Jumelles
    * Accessoires
      * Cartes mmoires
        * Secure Digital (SD - SDHC)
        * Memory Stick (MS Duo - MS Duo Pro)
      * Trpieds
      * Housses et Sacs
      * Divers
  * SON
    * Haute Fidlit
      * Amplificateurs Stro
      * Lecteurs CD
      * Tuners
      * Numrique - Streaming
      * Platines
      * Haut-parl...
---
LOGICIELS

  * PHOTO
    * Numrique Compact
    * Numrique Bridge
    * Numrique Hybride
    * Numrique Reflex
    * Objectifs
    * Cadre photo numrique
    * Jumelles
    * Accessoires
      * Cartes mmoires
        * Secure Digital (SD - SDHC)
        * Memory Stick (MS Duo - MS Duo Pro)
      * Trpieds
      * Housses et Sacs
      * Divers
  * SON
    * Haute Fidlit
      * Amplificateurs Stro
      * Lecteurs CD
      * Tuners
      * Numrique - Streaming
      * Platines
      * Haut-parl..."
59,11,7,59_prince_grand duc_duc_grand,"prince, grand duc, duc, grand, princesse, duchesse, famille grand, presse, ducale, grand ducale","Aller au contenu | Aller à la navigation | Recherche
  
Accessibilité | Aide | A propos du site | Aspects légaux
  

 |  Recherche :   | Recherche avancée
Accueil

Plan du site | Liens | Feed-back | Flux RSS | FAQ | Contact
  
Vous êtes dans cette rubrique :Accueil > Agenda

  * Imprimer
  * Partager
    * Facebook
    * Twitter
    * Google+
    * LinkedIn
    * E-mail
Vie privée

#  Agenda

* * *
Cette rubrique propose un aperçu de l’agenda relatif aux fonctions
officielles, aux engagements et...
---
Aller au contenu | Aller à la navigation | Recherche
  
Accessibilité | Aide | A propos du site | Aspects légaux
  

 |  Recherche :   | Recherche avancée
Accueil

Plan du site | Liens | Feed-back | Flux RSS | FAQ | Contact
  
Vous êtes dans cette rubrique :Accueil > Famille grand-ducale

  * Imprimer
  * Partager
    * Facebook
    * Twitter
    * Google+
    * LinkedIn
    * E-mail
Vie privée

#  Famille grand-ducale

* * *
Le Grand-Duc et la Grande-Duchesse ont cinq enfants:

  * le Grand-Duc...
---
Aller au contenu | Aller à la navigation | Recherche
  
Accessibilité | Aide | A propos du site | Aspects légaux
  

 |  Recherche :   | Recherche avancée
Accueil

Plan du site | Liens | Feed-back | Flux RSS | FAQ | Contact
  
Vous êtes dans cette rubrique :Accueil > Famille grand-ducale

  * Imprimer
  * Partager
    * Facebook
    * Twitter
    * Google+
    * LinkedIn
    * E-mail
Vie privée

#  Famille grand-ducale

* * *
Le Grand-Duc et la Grande-Duchesse ont cinq enfants:

  * le Grand-Duc..."
60,11,5,60_fondation pro_pro familia_familia_femmes,"fondation pro, pro familia, familia, femmes, fondation, pro, cadre, violence, cadre programme, mediation","* Kontakt 
  * Unterstützung 
  * Dokumentation 
  * Links 

Fondation Pro Familia

Polyvalentes Kinderzentrum

Frauen in Not

Familienberatung und Mediation

Kurse und Weiterbildung

Eng Hëllef fir d’Famill

Beschreibung und Ziele

Entstehung und Entwicklung

Verwaltungsrat

Personal

Login

Direction et administration

  * Sie befinden sich hier: 
  * Actualités 
  *   * www.violence.lu 

## www.violence.lu

 www.violence.lu

Ce site du Ministère de l'Egalité des chances, traitant de la violen...
---
* Kontakt 
  * Unterstützung 
  * Dokumentation 
  * Links 

Fondation Pro Familia

Polyvalentes Kinderzentrum

Frauen in Not

Familienberatung und Mediation

Kurse und Weiterbildung

Eng Hëllef fir d’Famill

Psychologische Beratung

Familienmediation

Gruppenprogramm für Kinder

Praktische Fragen

Team

Kontakt

  * Sie befinden sich hier: 
  * Familienberatung und Mediation 

## Familienberatung und Mediation

Das Zentrum für Familienberatung und Mediation wendet sich an Erwachsene,
Jugendlich...
---
* Kontakt 
  * Unterstützung 
  * Dokumentation 
  * Links 

Fondation Pro Familia

Polyvalentes Kinderzentrum

Frauen in Not

Familienberatung und Mediation

Kurse und Weiterbildung

Eng Hëllef fir d’Famill

Beschreibung und Ziele

Entstehung und Entwicklung

Verwaltungsrat

Personal

Login

Direction et administration

  * Sie befinden sich hier: 
  * Actualités 

## Actualités

  
  

* * *
30.06.2014  
Programme de formation offert dans le cadre du SCRIPT

* * *
30.06.2014  
Formations offer..."
61,11,3,61_papier_00_laser_store,"papier, 00, laser, store, consommables, products, account, dollar, cart, hd","Special Offers | Bookmark | Contact | Sitemap
Home News Log In Account Basket

Loading

Home > Ashoka Sweet Mango Chutney

Euro

Euro Indian Rupees Pound Sterling US Dollar

  English

  English

Shopping Cart

0 items

Categories

  * Color & Essences
  * Beans & Lentils
  * Curry, Paste & Pickles
  * Digestives
  * Drinks & Beverages
  * Easy cooking
  * Flour (Atta)
  * Fruits & Vegetables
  * Health & Beauty
  * Mix Powder
  * Meat & Fish
  * Milk products
  * Mouth freshener
  * Music & DVD...
---
EuroDollarLivre sterling  
MY STORE \--------------------- MY ACCOUNT: \- MY CART \- Create my account \-
GO to my account \- LOGIN \- Log off \--------------------- \- Terms and
conditions \---------------------

  
Advanced search

My Account

Login

0

product(s) in

in my Cart

  * GSM/ SMARTPHONE
    * ACER
    * ALCATEL
    * APPLE
    * BLACKBERRY
    * HTC
    * HUAWEI
    * LG
    * MOTOROLA
    * NOKIA
    * OLYMPIA
    * SAMSUNG
    * SONY
  * TABLETTE TACTILE
  * ACCESSOIRES
  * SENN...
---
EuroDollarLivre sterling  
MY STORE \--------------------- MY ACCOUNT: \- MY CART \- Create my account \-
GO to my account \- LOGIN \- Log off \--------------------- \- Terms and
conditions \---------------------

  
Advanced search

My Account

Login

0

product(s) in

in my Cart

  * GSM/ SMARTPHONE
    * ACER
    * ALCATEL
    * APPLE
    * BLACKBERRY
    * HTC
    * HUAWEI
    * LG
    * MOTOROLA
    * NOKIA
    * OLYMPIA
    * SAMSUNG
    * SONY
  * TABLETTE TACTILE
  * ACCESSOIRES
  * SENN..."
62,11,8,62_gymnastique_swimming_mme_gym,"gymnastique, swimming, mme, gym, commission, cadres, juges, 2015, ans, dance","* Home
  * Le Swimming
  * Activités
  * Manifestations
  * Liens
  * Contact
  * Pools / Piscine

Bienvenu sur le site du Swimming Luxembourg

Ce site est destine a vous fournir toutes les informations dont vous avez
besoin au sujet de notre club.

Vous y trouvez des informations sur le vie du club (rubrique: Le Swimming),
sur les activites sportives offertes a nos membres (rubrique: Activites) et
sur les competitions organisees par nous (rubrique: Manifestations).

Sur cette page d'accueil, no...
---
Fédération luxembourgeoise de gymnastique

  * News
  * Agenda
  * Résultats
  * Téléchargements
  * Galerie

### Main Menu

  * Home
  * Contact
  * Liens (+Clubs)

### Administration

  * Conseil d'Administration
  * Comité de contrôle
  * Commissions
  * Juges masculins
  * Juges féminins

### La Gymnastique

  * Gymnastique Générale
  * Gym. art. féminine
  * Gym. art. masculine
  * Cadres nationaux féminins
  * Cadres nationaux masculins
  * Gym. rythmique
  * Les Formations FLGym

Home

Bi...
---
Fédération luxembourgeoise de gymnastique

  * News
  * Agenda
  * Résultats
  * Téléchargements
  * Galerie

### Main Menu

  * Home
  * Contact
  * Liens (+Clubs)

### Administration

  * Conseil d'Administration
  * Comité de contrôle
  * Commissions
  * Juges masculins
  * Juges féminins

### La Gymnastique

  * Gymnastique Générale
  * Gym. art. féminine
  * Gym. art. masculine
  * Cadres nationaux féminins
  * Cadres nationaux masculins
  * Gym. rythmique
  * Les Formations FLGym

Home

Bi..."
63,11,4,63_vel_luxembourg_stations_rue,"vel, luxembourg, stations, rue, luxemburg, stadt luxemburg, stadt, hotel, kongresse, besucher","* BESUCHER
  * KONGRESSE

## Menu

  * Discover 
  * Stay 
  * What's on 
  * Info 
    * \- Einführung - 
      * Über uns 
      * Geschichte 
      * Fakten und Zahlen 
      * UNESCO 
      * Europäische Hauptstadt 
    * \- Reiseinformationen - 
      * Anreise 
      * Öffentliche Verkehrsmittel 
      * Parking 

  * BESUCHER
  * KONGRESSE

Vorlesen

Nützliche Links

Download Center  Interaktiver Stadtplan  Wifi / Hotcity  E-shop  Parking
Kontakt  Pressemitteilungen

Deutsch

English Fran...
---
* BESUCHER
  * KONGRESSE

## Menu

  * Discover 
  * Stay 
  * What's on 
  * Info 
    * \- Einführung - 
      * Über uns 
      * Geschichte 
      * Fakten und Zahlen 
      * UNESCO 
      * Europäische Hauptstadt 
    * \- Reiseinformationen - 
      * Anreise 
      * Öffentliche Verkehrsmittel 
      * Parking 

  * BESUCHER
  * KONGRESSE

Vorlesen

Nützliche Links

Download Center  Interaktiver Stadtplan  Wifi / Hotcity  E-shop  Parking
Kontakt  Pressemitteilungen

Deutsch

English Fran...
---
* BESUCHER
  * KONGRESSE

## Menu

  * Discover 
  * Stay 
  * What's on 
  * Info 
    * \- Einführung - 
      * Über uns 
      * Geschichte 
      * Fakten und Zahlen 
      * UNESCO 
      * Europäische Hauptstadt 
    * \- Reiseinformationen - 
      * Anreise 
      * Öffentliche Verkehrsmittel 
      * Parking 

  * BESUCHER
  * KONGRESSE

Vorlesen

Nützliche Links

Download Center  Interaktiver Stadtplan  Wifi / Hotcity  E-shop  Parking
Kontakt  Pressemitteilungen

Deutsch

English Fran..."
64,11,2,64_private equity_aifmd_private_read hide,"private equity, aifmd, private, read hide, membership, hide, equity, managers, news, london","* Login
  * Becoming a member
  * Newsletter subscription

  * LPEA IN BRIEF
    * Governance
    * Committees
  * DOING BUSINESS IN LUXEMBOURG
    * Financial Services Industry
    * Innovation Clusters
    * Business-Friendly Environment
  * PRIVATE EQUITY IN LUXEMBOURG
    * Facts and Figures
    * Tax Environment
    * Legal Framework
    * AIFMD
  * KNOWLEDGE
    * LPEA News
    * LPEA Events
    * LPEA Newsletters
    * LPEA Newsflashes 
    * LPEA in the PRESS
    * LPEA Annual Report
   ...
---
* Login
  * Becoming a member
  * Newsletter subscription

  * LPEA IN BRIEF
    * Governance
    * Committees
  * DOING BUSINESS IN LUXEMBOURG
    * Financial Services Industry
    * Innovation Clusters
    * Business-Friendly Environment
  * PRIVATE EQUITY IN LUXEMBOURG
    * Facts and Figures
    * Tax Environment
    * Legal Framework
    * AIFMD
  * KNOWLEDGE
    * LPEA News
    * LPEA Events
    * LPEA Newsletters
    * LPEA Newsflashes 
    * LPEA in the PRESS
    * LPEA Annual Report
   ...
---
* Login
  * Becoming a member
  * Newsletter subscription

  * LPEA IN BRIEF
    * Governance
    * Committees
  * DOING BUSINESS IN LUXEMBOURG
    * Financial Services Industry
    * Innovation Clusters
    * Business-Friendly Environment
  * PRIVATE EQUITY IN LUXEMBOURG
    * Facts and Figures
    * Tax Environment
    * Legal Framework
    * AIFMD
  * KNOWLEDGE
    * LPEA News
    * LPEA Events
    * LPEA Newsletters
    * LPEA Newsflashes 
    * LPEA in the PRESS
    * LPEA Annual Report
   ..."
65,11,7,65_vianden_castle_chateau_chateau vianden,"vianden, castle, chateau, chateau vianden, 84, 92, unesco, 352 83, 10h00, entree","Home | Kontakt | Contact
# Vianden Castle

## Willkommen - Bienvenue - Welcome

  * Deutsch
Geschichte

Der Felsvorsprung uber dem Ourtal wurde ein erstes Mal in der Spatantike
befestigt...  
  
  

Die Grafen von Vianden

Rundgang

Nachdem Sie die 3 Tore durchquert haben, von denen zwei romanisch sind,
gelangen Sie in den Innenhof...

Öffnungszeiten

Wir haben jeden Tag geoffnet ab 10.00 Uhr * ...

Eintrittspreise

Eintrittspreise sind das ganze Jahr gultig ...  
  
  

Mitglied werden

Anfahrt...
---
Home | Kontakt | Contact
# Vianden Castle

## Willkommen - Bienvenue - Welcome

  * Deutsch
Geschichte

Der Felsvorsprung uber dem Ourtal wurde ein erstes Mal in der Spatantike
befestigt...  
  
  

Die Grafen von Vianden

Rundgang

Nachdem Sie die 3 Tore durchquert haben, von denen zwei romanisch sind,
gelangen Sie in den Innenhof...

Öffnungszeiten

Wir haben jeden Tag geoffnet ab 10.00 Uhr * ...

Eintrittspreise

Eintrittspreise sind das ganze Jahr gultig ...  
  
  

Mitglied werden

Anfahrt...
---
Home | Kontakt | Contact
# Vianden Castle

## Willkommen - Bienvenue - Welcome

  * Deutsch
Geschichte

Der Felsvorsprung uber dem Ourtal wurde ein erstes Mal in der Spatantike
befestigt...  
  
  

Die Grafen von Vianden

Rundgang

Nachdem Sie die 3 Tore durchquert haben, von denen zwei romanisch sind,
gelangen Sie in den Innenhof...

Öffnungszeiten

Wir haben jeden Tag geoffnet ab 10.00 Uhr * ...

Eintrittspreise

Eintrittspreise sind das ganze Jahr gultig ...  
  
  

Mitglied werden

Anfahrt..."
