topic_id,page_count,website_count,name,top_words,representative_docs
-1,15637,3518,-1_luxembourg_2019_contact_352,outliers,""
0,1209,466,0_m²_000_appartement_chambres,"m², 000, appartement, chambres, surface, données, m2, traitement, maison, personnelles","﻿FR | EN
  * Accueil
  * Ventes
  * Locations
  * Projets
  * Etranger
  * Contact
  * Calculez votre crédit

  * Accueil
  * Ventes
  * Locations
  * Projets
  * Etranger
  * Contact

RECHERCHE

    
Transaction

     achatlocation
    
neuf

Localité

     - Senningerberg Strassen
Type de bien

     - Bureau Maison
Budget

     - 100 000 150 000 200 000 250 000 300 000 350 000 400 000 450 000 500 000 550 000 600 000 650 000 700 000 800 000 900 000 1 000 000 1 500 000 2 000 000 3 000 000 4 000 ...
---
﻿ |  |  | 
L'immobilier d'un monde qui change Ensemble, imaginez votre bien-être

  * Accueil
  * Ventes
    * Toutes les ventes
    * Maisons
    * Appartements
    * Terrains
  * Locations
    * Toutes les locations
    * Maisons
    * Appartements
  * Neuf
  * Equipe
  * Contact

Vous vendez votre logement ? Estimation en 24H

Trouvez votre futur logement

    
Transaction

     achatlocation
    
neuf

Référence

    
Localité

     - \- Bonnevoie \- Gare \- Limpertsberg Bascharage Belvaux B...
---
﻿         FR |  EN
  * Ventes
    * Toutes les ventes
    * Appartements
    * Maisons
    * Terrains
    * Bureaux
    * Commerces
  * Locations
    * Toutes les locations
    * Appartements
    * Maisons
    * Bureaux
    * Commerces
  * Neuf
    * Tous les biens neufs
    * Appartements
    * Maisons
  * Estimation
  * Services
  * Assurance
  * Equipe
    * Equipe
    * Recrutement
  * Contact

Homesell S.à.r l

Votre agence immobilière à Luxembourg

Toute l'équipe est

à votre écoute dans l..."
1,1119,535,1_restaurant_sauce_salade_50,"restaurant, sauce, salade, 50, menu, carte, 00, 90, mozzarella, tomate","Toggle navigation Restaurant – Pizzeria Alleataly

  * Accueil
  * Notre carte
  * Réservation
  * Contact

# Menu du jour

Lundi 15/07  
Cordon Bleu crème champignons € 13.40

Mardi 16/07  
Penne boscaiola € 11.90

Mercredi 17/07  
Escalope de poulet alla romagnola € 15.40  
et dessert du jour maison

Jeudi 18/07  
Farfalle avec ragout de poisson € 11.90

Vendredi 19/07  
Escalope viennoise € 13.40

# Notre Carte

## Potages et entrées chaudes

Minestrone (1,3,7,9)  
Minestrone soup  
9,90 €

T...
---
Toggle navigation La Commedia Dell’Arte

  * Accueil
  * Menu Régional
  * La Carte
  * Réservation
  * Contact

# NOTRE CARTE

  * Potages & Entrées chaudes
  * Salades
  * Les pâtes
  * Les poisson
  * Les Viandes
  * Les pizzas
  * Desserts

## Potages & Entrées Chaudes | Starters
Minestrone (1,9)  
(Minestrone soup)  
€ 13,50

Tortellini in brodo (1,3,7,9)  
(Stuffed pasta soup)  
€ 14,90

Crème de tomates (1,3,7)  
(Cream of tomato soup)  
€ 12,90

Bisque de homard (1,2,7,9,12)  
(Lobster s...
---
# Pulcinella

Home pulcinella La carte Les pizzas 20 ans déjà ! Réserver une table Livre
d'or Contact

## La carte de notre restaurant

Choisir Potages Entrées chaudes Entrées froides et salades Pastas Poissons
Viandes Desserts faits maison Glaces et Sorbets Fromages

### Potages

Crème de Tomate - 7.40€  
  
Bisque de Homard - 9.90€  
  
Tortellini in Brodo - 12.30€  
  
Minestrone - 9.90€  
  

### Entrées chaudes

Escargots de Bourgogne - 10.50€

6pc

  
  
Cuisses de grenouille - 17.90€  
  ..."
2,634,267,2_ticket_concert_2019_info ticket,"ticket, concert, 2019, info ticket, 2017, 2018, festival, ov, théâtre, gala","CINE

DIKRICH

Heute

Don

Fre

Sam

Son

Mon

Die

Demnächst

13H45

13H45

Der König der Löwen (Dolby Atmos) DE

Mehr Info

Ticket kaufen

14H00

The Secret Life of Pets 2 DE

Animation

Mehr Info

Ticket kaufen

The Lion King OV-FR-DE

Aventure, Famille

Mehr Info

Ticket kaufen

14H15

Aladdin DE

Fantasy

Mehr Info

Ticket kaufen

The Secret Life of Pets 2 FR

Animation

Mehr Info

Ticket kaufen

16H15

3D: The Secret Life of Pets 2 DE

Animation

Mehr Info

Ticket kaufen

16H30

Dolor y Gl...
---
CINE

DIKRICH

Today

Thu

Fri

Sat

Sun

Mon

Tue

Coming soon

13H45

13H45

Der König der Löwen (Dolby Atmos) DE

More info

Buy a ticket

14H00

The Secret Life of Pets 2 DE

Animation

More info

Buy a ticket

The Lion King OV-FR-DE

Aventure, Famille

More info

Buy a ticket

14H15

Aladdin DE

Fantasy

More info

Buy a ticket

The Secret Life of Pets 2 FR

Animation

More info

Buy a ticket

16H15

3D: The Secret Life of Pets 2 DE

Animation

More info

Buy a ticket

16H30

Dolor y Gloria...
---
* Home 
  * Kulturhaus 
Equipe Location Cohabitants Partner Newsletter

  * Agenda 
Concert Spektakel Ausstellung CAKU Kannerprogramm CULTURE UP Jugendprogramm
Event Atelier

  * Tickets 
  * Contact 

  
  

Concert

#### Summer Concert American Music

Summer Orchestra Luxembourg  
04.08.2019 | 17 Uhr   

#### Von ewiger Liebe

Trio Dora, Danielle Roster, Fabienne Elaine Hollwege  
22.09.2019 | 17 Uhr   

#### Democracy is coming

David Maier, Matthias Schärf, Boris C. Motzki  
12.10.2019 | 20 ..."
3,528,234,3_véhicule_véhicules_pneus_diesel,"véhicule, véhicules, pneus, diesel, peugeot, carburant, auto, occasions, bmw, kilométrage","Contactez-nous au+352 39 59 01-1

  * Accueil
  * Publicité
  * Reprise véhicule
  * Informations
  * Contact
  * Accès PRO

## Trouver un véhicule

Marque AUDI BMW CITROEN DS FIAT FORD MINI NISSAN PEUGEOT RENAULT SEAT Modèle
Carburant Diesel Essence Boîte de vitesse Manuel Automatique

Nous avons actuellement  

165 véhicules disponibles

Qui sommes-nous

  * 20 ans d'expérience
  * Large stock de véhicules
  * une équipe à votre écoute

Plan d'accès

# Reprise de votre véhicule

Vous souhaitez...
---
* Lun - Ven 8.30 - 18.00 NON STOP - FERMÉ LE SAMEDI

  * Accueil
  * Qui sommes-nous?
  * L'équipe
  * Nos voitures
  * Achat de votre véhicule
  * Contactez-nous
  * Comparer

Fax: 49 66 43

GSM: 621 147 909

(+352) 49 66 40

35B, rue des Trois Cantons L-3961 EHLANGE

  * Comparer
  * Live chat
  * 

  * Accueil
  * Qui sommes-nous?
  * L'équipe
  * Nos voitures
  * Achat de votre véhicule
  * Contactez-nous

# NOS VOITURES

Search Options

MARQUE ABARTH AC ACURA ALLARD ALPINA ASTON MARTIN AUST...
---
* Lun - Ven 8.30 - 18.00 NON STOP - FERMÉ LE SAMEDI

  * Accueil
  * Qui sommes-nous?
  * L'équipe
  * Nos voitures
  * Achat de votre véhicule
  * Contactez-nous
  * Comparer

Fax: 49 66 43

GSM: 621 147 909

(+352) 49 66 40

35B, rue des Trois Cantons L-3961 EHLANGE

  * Comparer
  * Live chat
  * 

  * Accueil
  * Qui sommes-nous?
  * L'équipe
  * Nos voitures
  * Achat de votre véhicule
  * Contactez-nous

# NOS VOITURES

Search Options

MARQUE ABARTH AC ACURA ALLARD ALPINA ASTON MARTIN AUST..."
4,489,297,4_peinture_close_travaux_façade,"peinture, close, travaux, façade, rénovation, isolation, construction, projet, 00, 08 00","* Accueil
  * Presentation
  * Nos services
    * Vente et pose de carrelages 
    * Façades
    * Plafonnages
    * Garde-corps inox
    * Salle de bains
    * Renovation interieure
    * Renovation exterieure
  * Nos realisations 
    * Façade 
    * Travaux exterieurs 
    * Travaux interieurs 
  * Contact

Façade

Salle de bains

Carrelages

Garde corps

  *   *   * 

## Qui sommes-nous ?

Travaux de rénovation - Façades - Plafonnages - Carrelages - Pierres
naturelles, VRC Carrelages Sàrl ré...
---
* Accueil
  * Presentation
  * Nos services 
  * Nos realisations
    * Peinture
    * Papier peint
    * Stuc 
  * Contact

Renat' Sàrl : Rénovation - Transformation de votre intérieur

Renat' Sàrl : Rénovation - Transformation de votre intérieur

Renat' Sàrl : Rénovation - Transformation de votre intérieur

Renat' Sàrl : Rénovation - Transformation de votre intérieur

Renat' Sàrl : Rénovation - Transformation de votre intérieur

## Qui sommes-nous ?

La Société Renat’ S.à.r.l exécute tous trav...
---
* Accueil
  * Presentation
  * Nos marques
  * Nos realisations
    * Peinture interieure
    * Decors & patines
    * Restauration de peintures
    * Renovation de façades
  * Nos prestations
    * Peintures interieures
    * Revetements muraux
    * Restauration de peintures
    * Creation de decors muraux / Peintures trompe l'oeil
    * Revetements de sols
    * Travaux exterieurs
    * Galerie d'Art
  * Contact

# Nos produits et services

### Nos activités

  * Décoration d'intérieur
  * Pe..."
5,473,181,5_bmw_cookies_geberit_remember,"bmw, cookies, geberit, remember, visit, tickets, luxembourg, axa, peindre, cookie","##### JavaScript not activated

##### EINE OPTIMALE ERFAHRUNG.

Wenn Sie bmw.lu besuchen oder mit bmw.lu in Kontakt treten, erfassen wir
Informationen über Cookies. Diese helfen uns, Ihnen die bestmögliche Erfahrung
zu bieten, indem Sie zum Beispiel die relevantesten Angebote und Funktionen
anzeigen, und dies erleichtert Ihnen auch die Verwendung der Website. Einige
Cookies sind unerlässlich und wir müssen die Website unbedingt funktionieren
lassen. Andere Cookies, auch solche, die von Dritten g...
---
##### JavaScript not activated

##### EINE OPTIMALE ERFAHRUNG.

Wenn Sie bmw.lu besuchen oder mit bmw.lu in Kontakt treten, erfassen wir
Informationen über Cookies. Diese helfen uns, Ihnen die bestmögliche Erfahrung
zu bieten, indem Sie zum Beispiel die relevantesten Angebote und Funktionen
anzeigen, und dies erleichtert Ihnen auch die Verwendung der Website. Einige
Cookies sind unerlässlich und wir müssen die Website unbedingt funktionieren
lassen. Andere Cookies, auch solche, die von Dritten g...
---
##### JavaScript not activated

##### EINE OPTIMALE ERFAHRUNG.

Wenn Sie bmw.lu besuchen oder mit bmw.lu in Kontakt treten, erfassen wir
Informationen über Cookies. Diese helfen uns, Ihnen die bestmögliche Erfahrung
zu bieten, indem Sie zum Beispiel die relevantesten Angebote und Funktionen
anzeigen, und dies erleichtert Ihnen auch die Verwendung der Website. Einige
Cookies sind unerlässlich und wir müssen die Website unbedingt funktionieren
lassen. Andere Cookies, auch solche, die von Dritten g..."
6,430,178,6_club_2019_2018_2017,"club, 2019, 2018, 2017, championnat, classement, 2016, résultats, adidas, team","FC UNION SPORTIVE HOSTERT  
Finaliste de la Coupe de Luxembourg 2018  
  
Plus qu'un club de foot

  * Galeries
  * Jobs
  * Contact

  * Le club
    * licence UEFA
    * Stade Jos Becker
    * Historique
    * Statut du club
    * Contact
    * Comité
    * Commission des jeunes
    * Vétérans & Friends
  * Calendrier du Club
  * Calendrier des matchs
  * Info championnat 2017 – 2018
  * Résultats
  * Équipes
    * Transferts
      * Transferts éte 2019
      * transferts hiver 2018-2019
      ...
---
* Home
  * News
  * Der Verein
    * Back
    * Vorstand
    * Athletensprecher
    * Statistiken
    * Stadion
    * Jahrbücher
  * Training
    * Back
    * Trainer
    * Trainingszeiten – Leichtathletik
    * Trainingszeiten – Triathlon
    * Trainingsstätten
  * Fotos
  * Veranstaltungen
    * Back
    * Ousterlaf
    * Musel-Triathlon
    * Cross
    * Meetings
    * Kids Cup
    * Jahreshauptversammlung
  * Shop
  * Links
  * Kontakt
  * Sponsoren
  * Vermietung

  * Search

  *   *   *   ...
---
* Home
  * News
  * Der Verein
    * Back
    * Vorstand
    * Athletensprecher
    * Statistiken
    * Stadion
    * Jahrbücher
  * Training
    * Back
    * Trainer
    * Trainingszeiten – Leichtathletik
    * Trainingszeiten – Triathlon
    * Trainingsstätten
  * Fotos
  * Veranstaltungen
    * Back
    * Ousterlaf
    * Musel-Triathlon
    * Cross
    * Meetings
    * Kids Cup
    * Jahreshauptversammlung
  * Shop
  * Links
  * Kontakt
  * Sponsoren
  * Vermietung

  * Search

  *   *   *   ..."
7,421,371,7_00_352_contact_luxembourg,"00, 352, contact, luxembourg, message, luxembourg 352, email, rue, envoyer, mail","* Accueil
  * Presentation
  * Produits & Services
  * Nos gammes
  * Contact

  *   *   * 

# Contact

##  Infos pratiques

  * ###  Cool & Co Sàrl
  * #### 17, Rue des Ardennes
#### 1133 Bonnevoie (Bouneweg)

#### Luxembourg

  * +352 48 90 41
  *   * +352 49 27 30

##  Utilisez le formulaire ci-dessous pour nous contacter par e-mail :

*Champs obligatoires 
Prénom*

Nom*

Email*

Tél.*

Message*

M'envoyer une copie

Saisissez les caractères qui s'affichent dans l'image*

  
> Contact
Infos p...
---
* Accueil
  * Presentation
  * Produits & Services
  * Travaux de peinture
  * Contact

  *   *   * 

# Contact

##  Infos pratiques

  * ###  Med'ART
  * #### 56, Rue de Remich
#### 5442 Roedt (Réid)

#### Luxembourg

  * +352 26 35 04 87
  * +352 621 338 100
  * +352 26 35 06 84

##  Utilisez le formulaire ci-dessous pour nous contacter par e-mail :

*Champs obligatoires 
Prénom*

Nom*

Email*

Tél.*

Message*

M'envoyer une copie

Saisissez les caractères qui s'affichent dans l'image*

  
> C...
---
* Accueil
  * Presentation
  * Notre equipe
  * Syndic
  * Nos services
    * Expertise immobiliere
    * Thermographie infrarouge
  * Contact

  *   *   * 

# Contact

##  Infos pratiques

  * ###  Vitheo Immobilière Sàrl
  * #### 6, Rue de Kopstal
#### 8284 Kehlen (Kielen)

#### Luxembourg

  * +352 26 09 04 1
  *   * +352 26 09 04 50

##  Utilisez le formulaire ci-dessous pour nous contacter par e-mail :

*Champs obligatoires 
Prénom*

Nom*

Email*

Tél.*

Message*

M'envoyer une copie

Saisi..."
8,327,161,8_00_produit_produits services_08,"00, produit, produits services, 08, plan fournir, 08 00, 12 00, 18 00, fr_fr dernière, voir produit","Afin de fournir une fonctionnalité complète, ce site Web nécessite votre
consentement explicite pour stocker des cookies de navigateur. Si vous
n'autorisez pas les cookies, vous ne pourrez peut-être pas utiliser certaines
fonctionnalités du site Web, notamment les suivantes: contenu personnalisé,
changement de culture. Il est recommandé d'autoriser tous les cookies.

  * Accueil
  * Presentation
  * Produits & Services
  * Nos prestations
  * Contact

## Qui sommes-nous ?

Laboratoire de prothès...
---
Afin de fournir une fonctionnalité complète, ce site Web nécessite votre
consentement explicite pour stocker des cookies de navigateur. Si vous
n'autorisez pas les cookies, vous ne pourrez peut-être pas utiliser certaines
fonctionnalités du site Web, notamment les suivantes: contenu personnalisé,
changement de culture. Il est recommandé d'autoriser tous les cookies.

  * Accueil
  * Presentation
  * Produits & Services
  * Nos prestations
  * Contact

> Presentation
## Qui sommes-nous ?

Laborat...
---
Afin de fournir une fonctionnalité complète, ce site Web nécessite votre
consentement explicite pour stocker des cookies de navigateur. Si vous
n'autorisez pas les cookies, vous ne pourrez peut-être pas utiliser certaines
fonctionnalités du site Web, notamment les suivantes: contenu personnalisé,
changement de culture. Il est recommandé d'autoriser tous les cookies.

  * Accueil
  * Presentation
  * Produits & Services
  * Nos prestations
    * Coiffure
    * Nouveautes
    * Esthetique
    * Ba..."
9,324,152,9_coiffure_00_09 00_00 18,"coiffure, 00, 09 00, 00 18, 18 00, 09, chaussures, hommes, 18, salon","* Accueil
  * Presentation
  * Nos realisations
  * Contact

  *   *   * 

## Qui sommes-nous ?

Notre équipe de coiffeurs-visagistes vous accueille dans le salon CM Coiffure
à Esch-sur-Alzette, du lundi au samedi, et met son expertise à votre service
pour vous proposer la coiffure adaptée à vos besoins :  
  
- Coupe pour femmes, hommes et enfants  
- Coloration, mèches  
- Chignons, coiffure de cérémonie  
- Permanente  
- Maquillage, manucure, vernis, épilation sourcils  
  
Avec ou sans rend...
---
* Accueil
  * Presentation
  * Nos specialites
  * Coupes & soins capillaires
  * Contact

Venez découvrir notre salon de coiffure ainsi que notre magasin de produits
africains et brésiliens.

## Qui sommes-nous ?

Beleza Pura està la foisun salon de coiffure et un magasin de cosmétique.Nous
coiffons hommes, femmes et enfants : - Tous les types de coiffures africaines,
européennes. - Lissages brésiliens- Défrisages- Brushings- Colorations-
Chignons de mariage- Extensions capillaires- Tresses bré...
---
* Accueil
  * Presentation
  * Nous vous proposons
  * Nos prestations 
  * Contact

Salon de coiffure situé à Bonnevoie, au Luxembourg. Hommes, femmes et enfants.

## Qui sommes-nous ?

MD Hairstylist est un salon de coiffure pour hommes, femmes et enfants, situé
dans le quartier de Bonnevoie, au Luxembourg. Ouvert depuis le mois de Juin
2017, le salon vous accueille du Mardi au Jeudi de 09h à 18h, le Vendredi de
09 à 19h et le Samedi de 08h à 17h. Mesdames, vous êtes invitées à un mariage
ou à..."
10,300,154,10_password_emballage_passe_vendre,"password, emballage, passe, vendre, ean, terug, username, item, login, forgot","* S'identifier
  * registre

Souviens-toi de moi

Mot de passe perdu?

S'identifier

* * *
Se connecter avec Facebook connectez-vous avec yahoo connectez-vous avec
google

L'inscription de l'utilisateur est désactivée dans cette démo.

  * réinitialiser le mot de passe

Veuillez saisir votre identifiant ou adresse mail. Vous recevrez un lien pour
créer un nouveau mot de passe par email.

Obtenir un nouveau mot de passe

  * Accueil
  * A vendre
  * A louer
  * Neuf
  * Recherche détaillée
  * Co...
---
Qui sommes nous ? Promotions Livraison O nous trouver Contactez-nous

Identifiant  
Password  
Accessoires de bureauAgendas et calendriersBlocs - Cahiers - CarnetsClassement
- ArchivageConfrence - PrsentationConsom. InformatiqueEcole - Bricolage -
Papet.Ecriture - CorrectionEmballageMachines de bureauMeubles de bureauPapier
- Envel. - EtiquettesProduits d'entretienRestauration

Mot clef  
Consultez nos PDFs

###  CATEGORIE: Blocs - Cahiers - Carnets > FAMILLE: Bloc-notes

Item no : D100REQ5 EAN:...
---
Qui sommes nous ? Promotions Livraison O nous trouver Contactez-nous

Identifiant  
Password  
Accessoires de bureauAgendas et calendriersBlocs - Cahiers - CarnetsClassement
- ArchivageConfrence - PrsentationConsom. InformatiqueEcole - Bricolage -
Papet.Ecriture - CorrectionEmballageMachines de bureauMeubles de bureauPapier
- Envel. - EtiquettesProduits d'entretienRestauration

Mot clef  
Consultez nos PDFs

###  CATEGORIE: Blocs - Cahiers - Carnets > FAMILLE: cahiers

Item no : G01981 EAN: 5411..."
11,297,162,11_crèche_enfant_enfants_parents,"crèche, enfant, enfants, parents, poussette, activités, ans, pédagogique, groupe, mb","Inscrire votre enfant

Votre nouvelle crèche à Ehlerange

Menu

  * Accueil
  * Pédagogie
    * Concept
    * Projet pédagogique
  * Nos valeurs
  * Alimentation
  * Actualités
  * Contact

Apprendre avec les autres et des autres

Bienveillance

Echanges

Amusement

Expérience

Développement

Respect

# Accueil

# La crèche Les Joyeux Nains est une structure privée, nouvellement construite
et pensée pour accueillir les enfants âgés de 2 mois à 4 ans, dans les
meilleures conditions.

## La crèche...
---
© DynamicFrameworks\- Elite ThemeForest Author.

+352 27 39 70 60  sarl_lacigogne@hotmail.com

  * À propos
  * Personnel
  * Crèche
  * Pédagogie
  * Activités
  * Galerie
  * Contact

  * 

## PRESENTATION DE

#

LA CRECHE

La crèche la Cigogne est une petite structure privée à Capellen qui accueille
les enfants de 3 mois à 4 ans dans un cadre chaleureux, agréable et
sécurisant. Elle possède un agrément pour 20 enfants et elle est aux normes de
sécurité de l’Inspection du Travail et des Mines....
---
* Accueil
  * Bienvenue à tous
  * Projet pédagogique
  * Galeries Photos
  * Vidéo
  * Contact

  * 

  * 

bienvenue-a-tous

## Bienvenue à tous

La crèche « Butzebuerg » a ouvert ses portes en octobre 2011 à Differdange.
Elle accueille des enfants de toute culture, nationalité et classe sociale à
temps plein ou à mi-temps. La crèche prend en charge des enfants entre 2 mois
et 4 ans. Elle est aménagée dans une maison unifamiliale spacieuse et adapté
aux enfants, dans un quartier tranquille pas..."
12,297,178,12_marketing_communication_solutions_clients,"marketing, communication, solutions, clients, gestion, management, digital, business, applications, services","* Accueil
  * Qui sommes nous ?
  * Prestations
  * Contact
  * More

## Toute notre expertise marketing a votre service, de la strategie a
l'action.

Contactez-nous !

#### Votre activite ne necessite pas de mobiliser un directeur ou un
responsable marketing a temps plein ?

Marketing a temps partage

Pour accompagner et developper la croissance de votre entreprise, un
Responsable Marketing a temps partage travaille chez vous de un a plusieurs
jours par semaine selon vos besoins et les objectif...
---
* About us
    * The agency
    * Approach
    * Founders
  * Competences
    * Consulting
    * Website
    * E-Commerce
    * Mobile Apps
    * Digital Marketing
    * Design
    * Copywriting
    * Programming
    * Hosting
    * Security
  * Solutions
    * Website
    * E-Commerce
    * GSuite
    * Inbound Marketing
  * References
  * Contact
  *     *     * 

# Forget traditional design sites that freeze your message!

By integrating the Growth Driven Design methodology into the design ph...
---
#  Metrum Partenaire de votre transformation digitale

Solutions Services À propos Actualités Recrutement

Suivez-nous sur

# Services

Gestion de la performance Solutions applicatives sur mesure Transformation
digitale Conseil

# Gestion de la performance

## Cible

  * Equipe de management

## Services

C’est offre de service qui propose des solutions de mesure et de gestion de la
performance :

  * Dans le domaine opérationnel (adéquation charge / capacité ; efficacité ; production ; …)
  * D..."
13,292,192,13_management_services_luxembourg_tax,"management, services, luxembourg, tax, company, financial, business, solutions, prospectus, corporate","﻿﻿﻿

#

  * Home
  * About us
  * Client Segments
  * Services
    * Incorporation & Implementation
    * Corporate Services
    * Investment Fund Management
    * Tax Structuring & Financial Engineering
    * Governance
  * References
    * Solutions & transactions
    * Management & Governance
  * Why Luxembourg
  * Contact
  * Brochures

## About us

Our mission is built up around the One Stop Shop concept: a global player
which is staying client focused from the inside out, providing tailore...
---
﻿﻿﻿

#

  * Home
  * About us
  * Client Segments
  * Services
    * Incorporation & Implementation
    * Corporate Services
    * Investment Fund Management
    * Tax Structuring & Financial Engineering
    * Governance
  * References
    * Solutions & transactions
    * Management & Governance
  * Why Luxembourg
  * Contact
  * Brochures

## Services

  * Incorporation & Implementation
  * Administration & Accounting & Tax
  * Investment Fund Management
  * Tax Structuring & Financial Engineer...
---
Alpha Management Services

  * Our group
  * Our clients
  * Our services 
    * Company incorporation
    * Company administration
    * Accounting
    * Social secretariat
    * Tax
    * Chartered accounting
    * Financial and tax management
    * Financial holding companies
    * Family Office
    * Family wealth management companies
    * SMEs and start-ups
    * Securitisation companies
    * Other services
  * Luxembourg
  * Contact us
  * Français

Relying on over twenty years of expert..."
14,287,165,14_chauffage_ventilation_chaleur_climatisation,"chauffage, ventilation, chaleur, climatisation, nettoyage, énergie, klima, installation, energie, heizung","* ADB Lux service
  *     * Accueil
    * Installations industrielles
    * Portes industrielles
    * Régulation HVAC et programmation
    * Chauffage sanitaire
    * Photovoltaïque
    * Actualités
    * Contact

En Fr

  *   * 

## Chauffage sanitaire

* * *
Découvrez ici nos services de chauffage et sanitaire

* * *
Partager sur Linkedin Partager sur facebook

## ADB Lux Service, votre spécialiste en chauffage-sanitaire

Les services à la carte d’ADB Lux Service Fort de l’expérience de ses
c...
---
* Home
  * Plan du site
  * Expertise

  * Profil
    * Soclima
    * Certifications
    * Nos valeurs
    * Politique qualité
  * Expertise
  * Carrières
    * Postes disponibles
    * Alertes e-mails
  * Contact
    * Contactez-nous
    * Plan

AccueilExpertise

# Expertise

### Ventilation

L’air est sans doute l’élément qui influence le plus le bien-être de l’homme.  
  
Trop peu d’oxygène dans un bureau ou dans un espace public, une température
excessive, une atmosphère lourde, confinée ou ...
---
# Caloritherme s.a.

Accueil |  Chauffage |  Sanitaire |  Climatisation |  Ventilation |  Energies Alternative & renouvelables |  Devis |  Contact

  * Accueil
  * Chauffage
  * Sanitaire
  * Climatisation
  * Ventilation
  * Energies Alternative & renouvelables
  * Devis
  * Contact
  *  

Service depannage  
+352 691 51 08 51

# CALORITHERME s.a.

##### Elle developpe les differents corps de metiers :  
Chauffage |  Sanitaire |  Climatisation |  Ventilation |  Energies Alternative & renouvelab..."
15,228,90,15_javascript_ajouter_cycle mixte_jeux,"javascript, ajouter, cycle mixte, jeux, immobel, cycle, mixte, année, durée, eset","Javascript est désactivé dans votre navigateur. Pour une meilleure expérience
sur notre site, assurez-vous d’activer JavaScript dans votre navigateur.

Allez au contenu

Langue

FR

  * EN

  *   * Comparer des produits ( 0 items ) 
  * Connexion 
  * Créer un compte

Basculer la navigation

Mon panier 0

Rechercher

Rechercher

Recherche Avancée

Rechercher

Menu

  * Accueil
  * Produits
    * HORLOGERIE
    * PILES
    * AUTOMOBILE
    * BIKE
    * AURES
    * ELECTRO
    * VETEMENTS
    * MO...
---
Javascript est désactivé dans votre navigateur. Pour une meilleure expérience
sur notre site, assurez-vous d’activer JavaScript dans votre navigateur.

Allez au contenu

Langue

FR

  * EN

  *   * Comparer des produits ( 0 items ) 
  * Connexion 
  * Créer un compte

Basculer la navigation

Mon panier 0

Rechercher

Rechercher

Recherche Avancée

Rechercher

Menu

  * Accueil
  * Produits
    * HORLOGERIE
    * PILES
    * AUTOMOBILE
    * BIKE
    * AURES
    * ELECTRO
    * VETEMENTS
    * MO...
---
Javascript est désactivé dans votre navigateur. Pour une meilleure expérience
sur notre site, assurez-vous d’activer JavaScript dans votre navigateur.

Allez au contenu

Langue

FR

  * EN

  *   * Comparer des produits ( 0 items ) 
  * Connexion 
  * Créer un compte

Basculer la navigation

Mon panier 0

Rechercher

Rechercher

Recherche Avancée

Rechercher

Menu

  * Accueil
  * Produits
    * HORLOGERIE
    * PILES
    * AUTOMOBILE
    * BIKE
    * AURES
    * ELECTRO
    * VETEMENTS
    * MO..."
16,227,137,16_club_eis_schlafzimmer_och,"club, eis, schlafzimmer, och, iech, vum, joer, kaufen, kontakt, haus","A Schmatten  
40, rue de Canach  
L-5368 Schuttrange  
(+352) 35 59 44  
     (+352) 26 35 09 30
#

  * Kontakt
    * Kontaktformular
    * Impressum
    * Datenschutz
  * Startseit
  * Iwwert eis
    * Eise Betrieb
    * Ausbildung
    * D'Equipe
  * Fräizäitprogramm
    * Krabbelgrupp 1 - 3 Joer Moies
    * Krabbelgrupp 1 - 3 Joer Mettes
    * Grupp 3 - 5 Joer
    * Geschwestergrupp 1 -4 Joer
    * Geschwester ab 3 Joer
    * Wichtelkinder ab 4,5 Joer
    * Geschichten & Märecher
    * Fräizäi...
---
Aktuelles Publicatiounen Klack Archiv Links Iwwer äis

# Actioun Lëtzebuergesch - Eis Sprooch a.s.b.l.

Politesch, reliéis, a philosophesch neutral - Gegrënnt 1971

Eng Vereenegung fir eiser Sprooch op all verstänneg Fassong ze hëllefen, an
hir iwwerall do déi Rechter ze verschafen, déi si zegutt huet

# 06.03.2018 - Pressecommuniqué

Pressecommuniqué iwwer eis Roll an de Chamberwalen 2018

# 14.01.2018 - Interview um 100,7

""Pabeier ass gedëlleg"": https://www.100komma7.lu/article/aktualiteit/pa...
---
* 

  * Home
  * Duerfbuttek
  * Duerftreff
  * Neiegkeeten
  * Kalenner
  * Kontakt
  * FR

# Duerftreff

En Deel vum Buttek gëtt als Duerftreff animéiert, do kënnt Dir gemittlech eng
Taass Kaffi drénken, e gutt Stéck Kuch iessen, dat soziaalt Zesummesinn
genéissen, un Aktivitéiten deelhuelen a nach villes méi. Den aktuelle
Programm, den d’Lynn a seng Equipe fir Iech preparéiert huet, fannt Dir an
dëser Rubrik. Kommt bei eis luussen, mir freeën eis op Iech.

Eis Missioun

## Ëm wat geet et am D..."
17,222,181,17_352_mail_adresse_message,"352, mail, adresse, message, email, 22, jacques, 621, contact, 23","*   *   * 

  * Immobilien
  * Verwaltung 
  * Unternehmen
  * Kontakte

  *   *   * 

  * unser Team     

Direction generale

CASTEL Patrick  
Gérant  
  
Telefon. +352 27320-1  
    
E-mail-adresse : cp@castel.lu  

  
Sprachen :  

Castel immobilier (transactions et developpements immobiliers)

BETZ Dan  
Directeur  
  
Telefon. +352 27320-2300  
Handy. +352 691 999 691  
E-mail-adresse : dab@castel.lu  

  
Sprachen :  

SCHWEITZER Yves  
Agent commercial  
  
Telefon. +352 27320-4411  
Han...
---
Accueil

Montage

Location

Contact

Présentation

Implantation

Présentation

Références

Présentation

Références

Formulaire de contact

Nom :

Entrez votre nom

Adresse électronique :

Entrez votre adresse e-mail

Société :

Entrez le nom de votre société

Tél. portable :

Entrez votre numéro de téléphone

Message :

Entrez votre message

En soumettant ce formulaire, j'accepte que les informations saisies soient
utilisées dans le cadre de la demande de devis et dans la relation commerciale
q...
---
* +352 20 60 80
  * My Account
    * Register
    * Login
    * Wish List (0)
  * FAQ
  * Meet the Team
  * Blog
  * Contact Us
  * Media
  * +352 20 60 80
  *   *   *   *     *     * 

# I have noticed the following problem(s)‎‎‎‎

Contact Us

Your Name

Your E-Mail Address

Please select your room:

ADO 39-01 ADO 39-11 ADO 39-12 ADO 39-13 ADO 39-14 ADO 39-21 ADO 39-22 ADO
39-23 ADO 39-24 ADO 39-31 ADO 39-32 ADO 39-33 ADO 39-34 ADO 39-41 ADO 39-99
AFR 7-00 AFR 7-01 AFR 7-02 AFR 7-11 AFR 7-12 AF..."
18,194,85,18_vins_domaine_wine_vin,"vins, domaine, wine, vin, pinot, whisky, château, crémants, riesling, wines","#  Kohll-Reuland

  * Menu 
  * Domaine
    * Historique
    * Dégustations | Bar à vin
    * Information
  * Vins et Crémants
    * Crémants
    * Vins blancs
    * Vins rosés
    * Vins rouges
    * Vins ‘Charta Privatwënzer’
    * Spécialités
    * Liste de prix actuelle à télécharger
  * Références
    * Charte de qualité
    * Liens
    * Presse
  * Evénements
    * Agenda
    * Photos
    * Newsletter
  * Contact

FR DE

Shop

#### Vins et Crémants

  * Crémants
  * Vins blancs
  * Vins ro...
---
* Accueil
  * Menu et Carte
  * La carte des vins
  * Contact & Réservations

Menu

  * Accueil
  * Menu et Carte
  * La carte des vins
  * Contact & Réservations

#  La carte des vins

## Les Vins au Verre  
### Les Crémants et les Champagnes  
Crémant Luxembourg, « Mon Vieux Moulin », Caves Duhr Frères10,00  
Champagne Brut Réserve, Barons de Rothschild15,50  
### Les Vins Blancs  
2017Pinot Gris, « Ahn Goellbour », Caves Duhr Frères7,30  
2014Riesling 1re Cru, Mathis Bastian7,50  
2016Viognie...
---
### Main menu

Skip to primary content

Skip to secondary content

  * Accueil
  * Les vins
  * Les huiles d'olive
  * Dégustation & atelier vin
  * Idées cadeaux
  * Promotion
  * News
  * Contact

# Vitis Vinifera importateur et distributeur de vins francais, d’espagne, de
portugal et d’huiles d’olive Luxembourg

##

# Découvreur de Vins

# Les vins

  *   *   *   * 

# Liste des vins

## Les Vins Français

### Vins d’Alsace

Domaine Eschbach-Dornstetter à Eguisheim  
Pinot Noir  
Domaine Jean..."
19,193,54,19_katalog_sitemap vollständige_katalog katalog_luxembourg zugang,"katalog, sitemap vollständige, katalog katalog, luxembourg zugang, möglicherweise, prasentationsseite, verwenden einschließlich, empfohlen cookies, zulassen bestimmte, vollständige funktionalität","Um vollständige Funktionalität zu gewährleisten, erfordert diese Website Ihre
ausdrückliche Zustimmung zur Speicherung von Browser-Cookies. Wenn Sie keine
Cookies zulassen, können Sie bestimmte Funktionen der Website möglicherweise
nicht verwenden, einschließlich der folgenden: Benutzerdefinierter Inhalt,
Kulturänderung. Es wird empfohlen, alle Cookies zuzulassen.

  * en 
  * fr 
  * de 
  * lu 

Echangez, partagez

  *   *   * 

  * Startseite
  * Prasentationsseite
  * Produkte & Dienstleistu...
---
Um vollständige Funktionalität zu gewährleisten, erfordert diese Website Ihre
ausdrückliche Zustimmung zur Speicherung von Browser-Cookies. Wenn Sie keine
Cookies zulassen, können Sie bestimmte Funktionen der Website möglicherweise
nicht verwenden, einschließlich der folgenden: Benutzerdefinierter Inhalt,
Kulturänderung. Es wird empfohlen, alle Cookies zuzulassen.

  * en 
  * fr 
  * de 

  * Startseite
  * Prasentationsseite
  * Produkte & Dienstleistungen
  * Unser Katalog
  * Kontakt

> Site...
---
Um vollständige Funktionalität zu gewährleisten, erfordert diese Website Ihre
ausdrückliche Zustimmung zur Speicherung von Browser-Cookies. Wenn Sie keine
Cookies zulassen, können Sie bestimmte Funktionen der Website möglicherweise
nicht verwenden, einschließlich der folgenden: Benutzerdefinierter Inhalt,
Kulturänderung. Es wird empfohlen, alle Cookies zuzulassen.

  * fr 
  * de 

  * Startseite
  * Prasentationsseite
  * Produkte & Dienstleistungen
  * Unser Katalog
  * Kontakt

> Sitemap
# Si..."
20,190,75,20_massage_visage_soins_soin,"massage, visage, soins, soin, peau, yoga, corps, institut, healing, skin","* AccueilBienvenue et contact
  * Les soinsNos prestations en institut
  * La boutiqueNos marques et produits
  * GaleriePhotos choisies

  * 

### Les soins

Envie de tester des soins insolites ? Suivez le guide pour un massage
relaxant, un soin visage détente ou un gommage à base d'huile épicée.

###### Soins visage YONKA

Signature  
Le grand classique: Soin de nettoyage profond, traitant et relaxant 90€

Âge défense  
Vital défense - Soin de nettoyage anti-oxydant et anti-pollution 90€  
Hyd...
---
*   * Accueil
  * L'institut
  * Les soins
  * Nos produits
  * Contact

0

###  TRAITEMENTS DE BASE

#### Soothing-Facial

Ce traitement donne à la peau sensible un teint lisse et tendre et enlève à la
fois le stress des jours passés.

#### Hydration Facial

Rechargez vos batteries ! Laissez-nous prendre soin de votre peau avec
l'hydratation maximale.

#### Cleansing Facial

Le nettoyage de traitement pour un teint clair et propre, même pour les peaux
sensibles !

###  SOINS VISAGE PROFONDS

##...
---
* Accueil
  * La naturopathie
  * Visage
    * Soins visage
    * Soins Anti-âge
  * Corps
    * Soins corps
    * Épilation
    * Épilation définitive / Lumière pulsée
    * Minceur
  * Beauté
    * Power Plate
    * Soins Cutanés
    * Mains / Pieds
    * Maquillage
  * Contact

+352 26 52 27 55

  * Accueil
  * La naturopathie
  * Visage
    * Soins visage
    * Soins Anti-âge
  * Corps
    * Soins corps
    * Épilation
    * Épilation définitive / Lumière pulsée
    * Minceur
  * Beauté
    ..."
21,189,81,21_kinésithérapie_liste_osteopathie_rééducation,"kinésithérapie, liste, osteopathie, rééducation, ajouter, achats ajouter, ostéopathie, dr, cabinet, achats","* Formation
  * Sitemap
  * Contact
  * Mon compte
  * Liste d'achats 

Toutes les
catégoriesAccueil\--Kinésithérapie\----Electrothérapie\------Électrothérapie
portable\------Électrodes\------TENS\------Appareils de
cabinet\------Appareils ondes de choc\------Accessoires
électrothérapie\----Rééducation / Proprioception\------Ballons\------Bande /
Tubing\----Thermothérapie\------Fango\----Accessoires
divers\----Pressothérapie\----Crèmes /
Huiles\------Nawa\------Phytomedica\------Schupp\------Lai...
---
* Formation
  * Sitemap
  * Contact
  * Mon compte
  * Liste d'achats 

Toutes les
catégoriesAccueil\--Kinésithérapie\----Electrothérapie\------Électrothérapie
portable\------Électrodes\------TENS\------Appareils de
cabinet\------Appareils ondes de choc\------Accessoires
électrothérapie\----Rééducation / Proprioception\------Ballons\------Bande /
Tubing\----Thermothérapie\------Fango\----Accessoires
divers\----Pressothérapie\----Crèmes /
Huiles\------Nawa\------Phytomedica\------Schupp\------Lai...
---
* Formation
  * Sitemap
  * Contact
  * Mon compte
  * Liste d'achats 

Toutes les
catégoriesAccueil\--Kinésithérapie\----Electrothérapie\------Électrothérapie
portable\------Électrodes\------TENS\------Appareils de
cabinet\------Appareils ondes de choc\------Accessoires
électrothérapie\----Rééducation / Proprioception\------Ballons\------Bande /
Tubing\----Thermothérapie\------Fango\----Accessoires
divers\----Pressothérapie\----Crèmes /
Huiles\------Nawa\------Phytomedica\------Schupp\------Lai..."
22,183,101,22_agrandir_photo agrandir_powered selfmadewebsite_selfmadewebsite,"agrandir, photo agrandir, powered selfmadewebsite, selfmadewebsite, selfmadewebsite 2019, 2019 markeasy, markeasy, agrandir photo, carte, restaurant","Accueil |  Présentation |  Galerie |  Nos Menu du jour |  Notre Carte |  Notre carte de sushis |  Hôtel |  Contact

  * Accueil
  * Présentation
  * Galerie
  * Nos Menu du jour
  * Notre Carte
  * Notre carte de sushis
  * Hôtel
  * Contact
  *  

###### Notre hotel

#####  
##### Notre etablissement dispose aussi d'une partie Hotel composee de 9
chambres equipees d'un televiseur ecran plat,  
d'une connexion WI-FI gratuite, un bureau, un canape, et une salle de bain
privative.

#####  
Un peti...
---
Accueil |  Présentation |  Galerie |  Nos Menu du jour |  Notre Carte |  Notre carte de sushis |  Hôtel |  Contact

  * Accueil
  * Présentation
  * Galerie
  * Nos Menu du jour
  * Notre Carte
  * Notre carte de sushis
  * Hôtel
  * Contact
  *  

###### Notre hotel

#####  
##### Notre etablissement dispose aussi d'une partie Hotel composee de 9
chambres equipees d'un televiseur ecran plat,  
d'une connexion WI-FI gratuite, un bureau, un canape, et une salle de bain
privative.

#####  
Un peti...
---
Accueil |  Présentation |  Notre restaurant |  Nos plats |  Notre carte |  Nos plats du jour |  Livre d'or |  Réservation |  Contact

  * Accueil
  * Présentation
  * Notre restaurant
  * Nos plats
  * Notre carte
  * Nos plats du jour
  * Livre d'or
  * Réservation
  * Contact
  *  

## Nos plats

photo

Agrandir

photo

Agrandir

photo

Agrandir

photo

Agrandir

Powered by Selfmadewebsite (C)2019 Markeasy.lu"
23,177,101,23_architectes_architecture_architecte_projets,"architectes, architecture, architecte, projets, projet, construction, bureau, 352, transformation, rénovation","# Résultats pour fédération des architectes  
architectes d intérieur

ordre des architectes

salaire des architectes

Maison Des Architectes

architectes paysagistes celebres

fédération des architectes

be architectes

architectes versailles

conseil des architectes  
fédération des architectes  
INTERASSAR.  
En 2013, l I nter A ss A r vise à promouvoir une réflexion de fond sur le
travail associatif, avec pour modèle la fédération des architectes et des
ingénieurs Genevois. Un front uni de t...
---
# Chercher à Architectes  
architectes d intérieur

ordre des architectes

salaire des architectes

Maison Des Architectes

architectes paysagistes celebres

fédération des architectes

be architectes

architectes versailles

conseil des architectes  
Architectes  
ADHOC architectes Design Intérieur Architecture Design urbain.  
  
photographers  
Cabinet d'architectes' Theisen Architecte.  
Cest en 2014 que le bureau Jean Theisen devient le bureau Theisen Architectes
Sàrl et ce, en vue de la fu...
---
Formulaire de contact | Plan d'accès
  * actualités
  * bureau
  * projets
    * maisons
    * résidentiel
    * PAP
    * public
    * aménagement intérieur
    * immeubles mixtes
  * contact
  * liste références
  * prix architecture
  * publications

## Contact

#### Contact

52, rue de la Liberation  
L  -  3511     Dudelange  
t:       +352-26 51 13 16  
f:       +352-26 51 13 17  
e:

FG architectes sarl

bureau fonde par Michelle Friederici architecte-urbaniste amenageur en 2006

Nadine G..."
24,173,57,24_camping_campingplatz_pidal_preise,"camping, campingplatz, pidal, preise, 00 21, clervaux, umgebung, kurse, bistro, 19","DE FR NL EN

Da wo sich Fuchs und Hase gute Nacht sagen!

  * Home
  * Camping
  * Aktivitaten
  * Cafe
  * Kontakt

# Der Wohlfuhl-Camping Campingplatz ""Tintesmuhle""

Unser familienbetriebener Campingplatz im Ourtal in der Region Sudeifel-
Ardennen liegt inmitten des deutsch-luxemburgischen Naturparks. Nachdem sich
unsere Vorfahren die Wasserkraft der Our zum Betreiben der Muhle nutzbar
gemacht haben, konnen wir heute mit 56 Camping-Stellplatzen in traumhafter
Natur aufwarten.

Beim Aufenthalt ...
---
*   *   *   * 

Schakelen navigatie

  *   *   *   * 

  * home
  * informatie
  * prijslijst
  * foto's
  * route - contact

  * # Welkom op de Nederlandse site
Camping Alferweiher is een rustige familiecamping, dichtbij het stadje
Echternach. Echternach zal u verleiden door zijn schoonheid en zijn talrijke
evenementen. Op 650 meter van de camping is een recreatie meer. Rondom dit
meer zijn diverse wandelwegen en fietspaden. De camping heeft een centrale
ligging, waardoor u mooie dagtochten kun...
---
MENU

  * Home
  * Accomodaties
    * Camping
    * Chalets
    * Appartement
    *   

  * Faciliteiten
    * Bistro Beau
    * Zwembad
    * Sanitair
    * Sport en spel
    *   

  * Informatie
    * Omgeving
    * Nieuws
    * Plattegrond
    * Foto's
    * Camping Reglement
    * FAQ's
    *   

  * Reserveren
    * Tarieven
    * Aanbiedingen
    * Online boeken
    * Reserveringsvoorwaarden
    *   

  * Online boeken
  * Contact

  

# Welkom bij Camping Um Bierg

Dichtbij de grens van B..."
25,164,157,25_plan_00_accueil presentation_plan plan,"plan, 00, accueil presentation, plan plan, presentation, presentation produits, contact infos, contact plan, produits services, plan accueil","Afin de fournir une fonctionnalité complète, ce site Web nécessite votre
consentement explicite pour stocker des cookies de navigateur. Si vous
n'autorisez pas les cookies, vous ne pourrez peut-être pas utiliser certaines
fonctionnalités du site Web, notamment les suivantes: contenu personnalisé,
changement de culture. Il est recommandé d'autoriser tous les cookies.

Echangez, partagez

  *   *   * 

  * Accueil
  * Presentation
  * Produits & Services
  * Nos coiffures
  * Contact

> Plan du si...
---
Afin de fournir une fonctionnalité complète, ce site Web nécessite votre
consentement explicite pour stocker des cookies de navigateur. Si vous
n'autorisez pas les cookies, vous ne pourrez peut-être pas utiliser certaines
fonctionnalités du site Web, notamment les suivantes: contenu personnalisé,
changement de culture. Il est recommandé d'autoriser tous les cookies.

  * Accueil
  * Presentation
  * Produits & Services
  * Contact

> Plan du site
# Plan du site

  * Accueil
  * Presentation
  * ...
---
Afin de fournir une fonctionnalité complète, ce site Web nécessite votre
consentement explicite pour stocker des cookies de navigateur. Si vous
n'autorisez pas les cookies, vous ne pourrez peut-être pas utiliser certaines
fonctionnalités du site Web, notamment les suivantes: contenu personnalisé,
changement de culture. Il est recommandé d'autoriser tous les cookies.

Echangez, partagez

  *   *   * 

  * Accueil
  * Presentation
  * Produits & Services
  * Soins capillaires
  * Contact

> Plan d..."
26,143,62,26_toggle navigation_toggle_fleurs_larochette,"toggle navigation, toggle, fleurs, larochette, camping, cfl, entdecken, sport, navigation, bouquet","###

‹ › ×

Toggle navigation

  * fr
  * en
  * de
  * nl

  * fr
  * en
  * de
  * nl

  * Die Stadt Consdorf 
  * Entdecken 
    * Kunst & Kultur 
    * Natur & Ausflüge 
    * Besondere Veranstaltungen 
    * Sport & Freizeit 
    * Verschiedene 
  * Essen & Übernachten 
    * Hotels 
    * Campingplätze 
    * Verleih 
    * Restaurants 
  * Veranstaltungskalender 
  * Camping La Pinède 
    * Camping La Pinède 
    * CampingHuts 
    * Mobilehome Life 
    * Mobilehome Loggia 2 
    * Mobi...
---
###

‹ › ×

Toggle navigation

  * fr
  * en
  * de
  * nl

  * fr
  * en
  * de
  * nl

  * Die Stadt Consdorf 
  * Entdecken 
    * Kunst & Kultur 
    * Natur & Ausflüge 
    * Besondere Veranstaltungen 
    * Sport & Freizeit 
    * Verschiedene 
  * Essen & Übernachten 
    * Hotels 
    * Campingplätze 
    * Verleih 
    * Restaurants 
  * Veranstaltungskalender 
  * Camping La Pinède 
    * Camping La Pinède 
    * CampingHuts 
    * Mobilehome Life 
    * Mobilehome Loggia 2 
    * Mobi...
---
###

‹ › ×

Toggle navigation

  * fr
  * en
  * de
  * nl

  * fr
  * en
  * de
  * nl

  * Die Stadt Consdorf 
  * Entdecken 
    * Kunst & Kultur 
    * Natur & Ausflüge 
    * Besondere Veranstaltungen 
    * Sport & Freizeit 
    * Verschiedene 
  * Essen & Übernachten 
    * Hotels 
    * Campingplätze 
    * Verleih 
    * Restaurants 
  * Veranstaltungskalender 
  * Camping La Pinède 
    * Camping La Pinède 
    * CampingHuts 
    * Mobilehome Life 
    * Mobilehome Loggia 2 
    * Mobi..."
27,142,49,27_dog_voice_dogs_hund,"dog, voice, dogs, hund, pet, 2015, family, 2016, asile, december","* Home
  * About Us
  * 2nd Annual Summer Dog Day
  * News
  * Pet of the Day
  * Shop
  * Donate Now!
  * Links
  * Contact Us

# Great news for Sally!

  * Home
  * Dogs
  * Great news for Sally!

16 Apr, 2019

# Great news for Sally!

Dogs, Happy Tails giveusavoice

  
  
GIVE US A VOICE is thrilled to announce Sally found her forever home! This
little cutie was abandoned at a shelter in Malta before hitting the jackpot
and being adopted by the lovely Kaiser family. We would like to give a bi...
---
* Home
  * About Us
  * 2nd Annual Summer Dog Day
  * News
  * Pet of the Day
  * Shop
  * Donate Now!
  * Links
  * Contact Us

# It's all love for Lenny!

  * Home
  * Dogs
  * It's all love for Lenny!

14 Dec, 2018

# It's all love for Lenny!

Dogs, Happy Tails giveusavoice

  
  
GIVE US AVOICE is please to announce that Lenny is adopted! This lovely little
dog wasadopted by the wonderful Mr. Henri Weiler. GIVE US A VOICE would like
to give abig THANK YOU to Mr. Weiler and his family for ope...
---
* Home
  * About Us
  * 2nd Annual Summer Dog Day
  * News
  * Pet of the Day
  * Shop
  * Donate Now!
  * Links
  * Contact Us

# All smiles for Teddy!

  * Home
  * Dogs
  * All smiles for Teddy!

25 Mar, 2019

# All smiles for Teddy!

Dogs, Happy Tails giveusavoice

A few months ago we told you about Teddy, the dog that was dumped in a forest
of Dalheim, in the winter, with just a pile food. Well this gentle giant’s
luck took a turn for the better because he found a family to love him for the..."
28,139,76,28_sushi_restaurant_curry_scampis,"sushi, restaurant, curry, scampis, 14 30, chicken, carte, 30, sauce, poulet","* Accueil
  * Presentation
  * Notre carte
  * Contact

## Qui sommes-nous ?

Sushi Ichiban & Thai food est un restaurant situe a Remich, au Luxembourg.

Ichiban signifie espoir et audace en Japonais.

Nous proposons a notre clientele une cuisine Japonaise, Thailandaise, ainsi
qu'un bar a sushis.

Venez deguster nos plats traditionnels dans une ambiance chaleureuse et une
decoration chic.

Nous travaillons exclusivement avec des produits frais afin de vous proposer
le meilleur service possible.
...
---
* Accueil
  * Presentation
  * Nous proposons
  * Notre carte
  * Contact

Votre restaurant asiatique à Dudelange.

Spécialités asiatiques: chinois, thai et sushi

  *   *   * 

## Qui sommes-nous ?

Le restaurant Li-Zhou à Dudelange vous propose des spécialités asiatiques :
chinoises, japonaises, thaïlandaiseset sushi sashimi.A midi, grand buffet à
volonté dumardi à samedi à 10.50€. Le soir et les weekends nous pouvons vous
préparer un buffet sur mesure sur réservation pour un groupe de minimum...
---
* Accueil
  * Presentation
  * Notre carte
  * Contact

# Thaï style

## cuisine thaïlandaise :

14\. Yakitori de poulet 2PS - 5,00€

Chicken Yakitori / Yakitori Spiess mit Huhnfleisch

15\. Rouleaux de Printemps Ichiban - 5,00€

Spring roll Ichiban / Fruhlingsrolle Ichiban

16\. Brochettes de boeuf 2PS - 6,00€

Beef skewer / Rindfleischspiess

17\. Brochettes de scampis 2 PS - 6,80€

Shrimps skewer / Garnelenspiess

18\. Raviolis Chinois a la vapeur 4 PS - 4,50€

Dumpling shrimps / Ravioli Garn..."
29,139,138,29_contact contact_administratives financières_infos administratives_00,"contact contact, administratives financières, infos administratives, 00, financières tva, obligatoires prénom, copie saisissez, tél message, email tél, affichent image","Afin de fournir une fonctionnalité complète, ce site Web nécessite votre
consentement explicite pour stocker des cookies de navigateur. Si vous
n'autorisez pas les cookies, vous ne pourrez peut-être pas utiliser certaines
fonctionnalités du site Web, notamment les suivantes: contenu personnalisé,
changement de culture. Il est recommandé d'autoriser tous les cookies.

  * Accueil
  * Presentation
  * Produits & Services
  * Contact

> Contact
# Contact

##  Utilisez le formulaire ci-dessous pour ...
---
Afin de fournir une fonctionnalité complète, ce site Web nécessite votre
consentement explicite pour stocker des cookies de navigateur. Si vous
n'autorisez pas les cookies, vous ne pourrez peut-être pas utiliser certaines
fonctionnalités du site Web, notamment les suivantes: contenu personnalisé,
changement de culture. Il est recommandé d'autoriser tous les cookies.

Réflexologue - Pédicure médicale diplomée

  * Accueil
  * Presentation
  * Produits & Services
  * Nos soins 
    * Reflexologie ...
---
Afin de fournir une fonctionnalité complète, ce site Web nécessite votre
consentement explicite pour stocker des cookies de navigateur. Si vous
n'autorisez pas les cookies, vous ne pourrez peut-être pas utiliser certaines
fonctionnalités du site Web, notamment les suivantes: contenu personnalisé,
changement de culture. Il est recommandé d'autoriser tous les cookies.

  * Accueil
  * Presentation
  * Produits & Services
  * Nos realisations 
  * Contact

> Contact
# Contact

##  Utilisez le formu..."
30,138,115,30_daten_données_verarbeitung_data,"daten, données, verarbeitung, data, personnelles, personenbezogenen daten, personenbezogenen, données personnelles, cookies, google","* Accueil
  * Nos biens à vendre
  * Nos biens à louer
  * Nous confier votre bien
  * Notre équipe
  * Contact

# L'offre 6350715 n'existe pas ou n'est plus en ligne

## Politique de confidentialité

La présente politique de confidentialité définit et vous informe de la manière
dont Lambert-Amorim s.à.r.l. utilise et protège les informations que vous nous
transmettez, le cas échéant, lorsque vous utilisez le présent site accessible
à partir de l'URL suivante : http://www.lambert-amorim.lu (ci-a...
---
* Accueil
  * Ventes
  * Locations
  * Estimations
  * Contact

# L'offre 6004207 n'existe pas ou n'est plus en ligne

## Politique de confidentialité

La présente politique de confidentialité définit et vous informe de la manière
dont Bureau Immobilier Stoffel Sàrl utilise et protège les informations que
vous nous transmettez, le cas échéant, lorsque vous utilisez le présent site
accessible à partir de l'URL suivante : http://www.immostoffel.lu/ (ci-après
le « Site »).  
En utilisant notre site...
---
* Accueil
  * Ventes
  * Locations
  * Contact

# L'offre 6064728 n'existe pas ou n'est plus en ligne

## Politique de confidentialité

La présente politique de confidentialité définit et vous informe de la manière
dont CIMOLUX SARL utilise et protège les informations que vous nous
transmettez, le cas échéant, lorsque vous utilisez le présent site accessible
à partir de l'URL suivante : http://www.cimolux.lu (ci-après le « Site »).  
En utilisant notre site, vous acceptez notre Politique de conf..."
31,123,108,31_00_demandée introuvable_supprimée_supprimée changé,"00, demandée introuvable, supprimée, supprimée changé, recherchez supprimée, momentanément indisponible, nom momentanément, changé nom, introuvable recherchez, indisponible revenir","* Accueil
  * Presentation
  * Nos realisations
    * Installation chauffage
    * Installation sanitaires
    * Energies renouvelables
    * Climatisation et ventilation
  * Contactez-nous

La page que vous avez demandée est introuvable.  Il se peut que la page que
vous recherchez ait été supprimée, ait changé de nom ou soit momentanément
indisponible.  Revenir à la page d'accueil du site.

## Liens

  * Notre page FACEBOOK

Echangez, partagez

  *   *   *   *  

fr_FR

##  Infos pratiques

  *...
---
* Accueil
  * Presentation
  * Nos solutions
  * Demenagement en photos...
  * Devis / Contact

La page que vous avez demandée est introuvable.  Il se peut que la page que
vous recherchez ait été supprimée, ait changé de nom ou soit momentanément
indisponible.  Revenir à la page d'accueil du site.

## Liens

  * Notre page Facebook

Echangez, partagez

  *   *   *   *  

fr_FR

##  Infos pratiques

  * ###  GB Removals Sàrl
  * #### 4, Rue Henry Bessemer
#### 4032 Esch-sur-Alzette (Esch-Uelzecht...
---
* Accueil
  * Qui sommes nous ?
  * Les cours
    * Nos cours
    * Nos forfaits de cours
    * News
  * Actualites
  * Sophrologie et Yoga pour enfants
  * Contact

La page que vous avez demandée est introuvable.  Il se peut que la page que
vous recherchez ait été supprimée, ait changé de nom ou soit momentanément
indisponible.  Revenir à la page d'accueil du site.

Echangez, partagez

  *   *   *   *  

fr_FR

##  Infos pratiques

  * ###  Smile Kids
  * #### 239B, Route d'Arlon
#### 8011 Stra..."
32,123,81,32_30_14 30_30 18_00,"30, 14 30, 30 18, 00, 23 00, 00 23, 18 00, plan fournir, 18, produit","Afin de fournir une fonctionnalité complète, ce site Web nécessite votre
consentement explicite pour stocker des cookies de navigateur. Si vous
n'autorisez pas les cookies, vous ne pourrez peut-être pas utiliser certaines
fonctionnalités du site Web, notamment les suivantes: contenu personnalisé,
changement de culture. Il est recommandé d'autoriser tous les cookies.

Echangez, partagez

  *   *   * 

  * Accueil
  * Presentation
  * Produits & Services
  * Nos coiffures
  * Contact

Dernière mis...
---
Afin de fournir une fonctionnalité complète, ce site Web nécessite votre
consentement explicite pour stocker des cookies de navigateur. Si vous
n'autorisez pas les cookies, vous ne pourrez peut-être pas utiliser certaines
fonctionnalités du site Web, notamment les suivantes: contenu personnalisé,
changement de culture. Il est recommandé d'autoriser tous les cookies.

Echangez, partagez

  *   *   * 

  * Accueil
  * Presentation
  * Produits & Services
  * Nos chaussures
  * Contact

Dernière mi...
---
Afin de fournir une fonctionnalité complète, ce site Web nécessite votre
consentement explicite pour stocker des cookies de navigateur. Si vous
n'autorisez pas les cookies, vous ne pourrez peut-être pas utiliser certaines
fonctionnalités du site Web, notamment les suivantes: contenu personnalisé,
changement de culture. Il est recommandé d'autoriser tous les cookies.

Echangez, partagez

  *   *   * 

  * Accueil
  * Presentation
  * Produits & Services
  * Contact

Dernière mise à jour : 15/02/2..."
33,121,63,33_hotel_hôtel_zimmer_restaurant,"hotel, hôtel, zimmer, restaurant, chambre, bar, grand, hotel restaurant, konferenzen, 352","* de | 
  * fr | 
  * en

# %%BRANDING%%

  * startseite
  * zimmer
  * reservieren
  * entdecken
  * uns finden
  * kontakt

  *   *   *   *   *   * 

# Das Hotel Simoncini

Durch seine strategisch günstige Lage mitten im Stadtzentrum am Rande der
Fußgängerzone, verbindet unser Hotel perfekte Gastlichkeit mit einem optimalen
Zugang zu zahlreichen kulturellen und touristischen Attraktionen und zu den
meisten Geschäften der luxemburgischen Hauptstadt. Direkt neben dem Hotel
befindet sich eine Tie...
---
fr en de

101 Welcome 202 About 303 Galleries

404 Features 505 Reservation 606 Contact

## Hotel Grey

""The newest design hotel in Luxembourg""

## Hotel Grey

""The newest design hotel in Luxembourg""

## Hotel Grey

""The newest design hotel in Luxembourg""

## Hotel Grey

""The newest design hotel in Luxembourg""

#  About

##  Hotel Grey

The stunning 1930's building recently renovated has been transformed into a
state of the art design hotel. The GREY Hotel 28 rooms and one penthouse are
exquisit...
---
Tel.: +352 92 15 01

Tagesmenü Buchung

FR NL DE EN

  * Home
  * Prasentation
  * Zimmer
  * Restaurant & Brasserie
  * Aktivitaten
  * Kontakt

# Hotel-Restaurant Reiff in Fischbach-les-Clervaux

## Sie sind auf der Suche nach einem Hotel in den luxemburgischen Ardennen?

Das 3-Sterne-Hotel Reiff empfangt Sie in Fischbach, einem kleinen Dorf nur 5
km von Clervaux, dem bekannten Touristenmagnet im Norden des Großherzogtums
Luxemburg, entfernt.

  * Kinder sind bei uns willkommen

  * Ein frisch..."
34,120,43,34_tennis_golf_badminton_club,"tennis, golf, badminton, club, nordstad, field, tennis club, saison, 21, 21 30","+352 621 152 992

tennislu@pt.lu

  *   * Réservez un court 

Tennis Gasperich

  * Home
  * Tournois et InterClub
  * Ecole de Tennis
    * Ecole de Tennis – 2018/2019
  * Abonnements
    * Abonnement Outdoor
  * Contact

Tennis Gasperich

Close

  * Home
  * Tournois et InterClub
  * Ecole de Tennis
    * Ecole de Tennis – 2018/2019
  * Abonnements
    * Abonnement Outdoor
  * Contact

Réservez un court

  * Tennis Club Gasperich 
Welcome

Découvrez les nouveaux tarifs pour la réservation d'un...
---
Tennis Club Senningerberg

  * About us
  * TENNIS SCHOOL
  * NEWS and EVENTS
  * Members Info
  * INTERCLUBS & FLT CUP
  * Court reservation
  * PHOTO GALLERY 
  * TOURNAMENTS
  * TCS Brasserie
  * OUR SPONSORS

### Nombre de visites :  
#  TCS NEWS an EVENTS

## Recent events

5\. juin, 2019

Fun doubles Event for our members

A fun tournament will be organised starting from 4pm until dusk on June 21st,
invitation required for players. A good occasion to meet and play with new
people in a conv...
---
Tennis Club Senningerberg

  * About us
    * Nos installations
    * Contacts
  * TENNIS SCHOOL
  * NEWS and EVENTS
  * Members Info
  * INTERCLUBS & FLT CUP
  * Court reservation
  * PHOTO GALLERY 
  * TOURNAMENTS
  * TCS Brasserie
  * OUR SPONSORS

### Nombre de visites :  
#  BIENVENUE AU TENNIS CLUB SENNINGERBERG

Lors de sa fondation en 1971, le Tennis Club Senningerberg comptait 46
membres.

Aujourd'hui, plus de 450 personnes pratiquent regulierement leur sport favori
dans les installatio..."
35,119,61,35_investment_fonds_fund_sicav,"investment, fonds, fund, sicav, management, funds, di, asset, cap, letters","* Contacts  
  * Join our Newsletter

Links

  * Banca del Sempione SA
  * SEMPIONE SIM SpA
  * Swissquote
  * Swiss Exchange
  * Associazione bancaria ticinese
  * Association of Foreign Banks in Switzerland
  * FINMA
  * Centro di Studi Bancari

  
English

English

Italiano  
  * Base Sub-Funds
    * The Sub-Funds
      * Bonds Value
      * Flexible Low Risk Exposure
      * Emerging and Frontier Markets Equity
      * Bonds Multicurrency 
      * Multi Asset Capital Appreciation FoF
      *...
---
Primær navigation

  * Funds
  * Investment Strategies
  * About
  * Contact

# Terms

Jyske SICAV.lu (hereinafter referred to as this site) was prepared for and is
maintained by Jyske Capital, Vestergade 8-16, DK-8600 Silkeborg, on behalf of
Jyske SICAV. Its purpose is to present the main features of Jyske SICAV (the
Fund), a Luxembourg Investment Company (Société d’investissement à capital
variable) incorporated for an unlimited duration in Luxembourg on 5 December
2016.

Jyske SICAV and its f...
---
* FI
  * EN
  * SE

  * UCITS

#

Menu

Close

### UCITS

  * FI
  * EN
  * SE

#

»

#  Mandatum Life Fund Management S.A.

Mandatum Life is one of Finland's most respected and solvent financial
services providers and part of the successful Sampo Group.

We provide our customers with a variety of services, including wealth
management, investments, savings, personal risk insurance as well as incentive
and reward solutions. Mandatum Life has over 300,000 private and 20,000
corporate customers.

M..."
36,118,69,36_droit_congé_utilisateur_avocat,"droit, congé, utilisateur, avocat, barreau, avocats, éditeur, law, google, cour","* Accueil
  * Entreprise
  * Solutions
  * References
  * Contact

# Mentions legales & vie privee

## Proprietaire du site

Chauffage Haas  
Chauffage Haas Sàrl  
Kurt Mertes  
18, In den Allern  
9911 Troisvierges  
Luxembourg info@haas.lu  
+352 997 714 1  
  
Nr. TVA: LU15278157  

## Propriete intellectuelle & marques deposees

Website: (C) 2017-2019 Chauffage Haas, tous droits réservés.

Photos & illustrations: (C) Chauffage Haas;

L'ensemble de ce site relève des législations en vigueur s...
---
# Mentions legales & confidentialite

## Proprietaire du site

C.I.E.R  
COMPAGNIE INTERNATIONALE DES EVENEMENTS SUR RAILS , S.à r.l  
Jean-Marie THILL  
13 bd Aloyse Meyer  
4241 Esch-sur-Alzette  
Luxembourg info@cier.lu  
+352 57 25 71 57  
  
Nr. TVA: LU21653700  
RC: B122563  

## Propriete intellectuelle & marques deposees

Website: (C) 2008-2019 C.I.E.R, tous droits réservés.

Photos & illustrations: (C) C.I.E.R;

L'ensemble de ce site relève des législations en vigueur sur les droits
d'a...
---
#  Mentions legales & vie privee  
## Proprietaire du site

A Guddesch  
A GUDDESCH Sàrl  
Marc Dentzer  
1, am Kaesch  
7593 Beringen / Mersch  
Luxembourg info@gudd.lu  
+352 26 320 420  
  
Nr. TVA: LU22874919  
RC: B141080  

## Propriete intellectuelle & marques deposees

Website: (C) 2016-2019 A Guddesch, tous droits réservés.

Photos & illustrations: (C) A Guddesch;

L'ensemble de ce site relève des législations en vigueur sur les droits
d'auteur et de la propriété intellectuelle. Tous le..."
37,114,112,37_00_légales nom_nom raison_code nace,"00, légales nom, nom raison, code nace, raison sociale, nace, année établissement, legales, infos pratiques, tva international","* Accueil
  * Presentation
  * Produits & Services
  * Contact

# Mentions légales

### Nom ou Raison sociale :

Nettoyage Portela

### N° TVA international :

LU29852216

### N° Registre Commerce :

A41364

### Effectif :

1 - 10

### Code NACE :

Nettoyage courant des bâtiments (81210)

### Année d’établissement :

2017

Echangez, partagez

  *   *   *   *  

fr_FR

##  Infos pratiques

  * ###  Nettoyage Portela
  * #### 20, Hierheck
#### 7640 Christnach (Chrëschtnech)

#### Luxembourg

  * +...
---
* Accueil
  * Presentation
  * Produits & Services
  * Nos activites
    * Nos activities
  * Contact

# Mentions légales

### Nom ou Raison sociale :

Lux Silicone

### N° TVA international :

LU29508853

### N° Registre Commerce :

B215326

### Effectif :

1 - 10

### Code NACE :

Autres travaux de construction spécialisés n.c.a. (43990)

### Année d’établissement :

2017

Echangez, partagez

  *   *   *   *  

fr_FR

##  Infos pratiques

  * ###  Lux Silicone S.A.R.L.S
  * #### 12, Rue des Lé...
---
* Accueil
  * Presentation
  * Nos Services
  * Nos Tarifs
    * Nettoyage auto
    * Services garages
    * Coursier
  * Contact

  *   *   * 

# Mentions légales

### Nom ou Raison sociale :

Atout Services

### N° TVA international :

LU29617067

### N° Registre Commerce :

B217366

### Effectif :

1 - 10

### Code NACE :

(0)

### Année d’établissement :

2017

> Mentions legales
Infos pratiques

##  Nos heures d'ouverture

lun. 08:00 - 18:00  
mar. 08:00 - 18:00  
mer. 08:00 - 18:00  
jeu. ..."
38,111,107,38_legales mentions_legales_00_légales nom,"legales mentions, legales, 00, légales nom, mentions, tva international, nom raison, code nace, raison sociale, nace","Afin de fournir une fonctionnalité complète, ce site Web nécessite votre
consentement explicite pour stocker des cookies de navigateur. Si vous
n'autorisez pas les cookies, vous ne pourrez peut-être pas utiliser certaines
fonctionnalités du site Web, notamment les suivantes: contenu personnalisé,
changement de culture. Il est recommandé d'autoriser tous les cookies.

  * Accueil
  * Presentation
  * Produits & Services
  * Nos prestations
  * Contact

> Mentions legales
# Mentions légales

### N...
---
Afin de fournir une fonctionnalité complète, ce site Web nécessite votre
consentement explicite pour stocker des cookies de navigateur. Si vous
n'autorisez pas les cookies, vous ne pourrez peut-être pas utiliser certaines
fonctionnalités du site Web, notamment les suivantes: contenu personnalisé,
changement de culture. Il est recommandé d'autoriser tous les cookies.

  * Accueil
  * Presentation
  * Produits & Services
  * Contact

> Mentions legales
# Mentions légales

### Nom ou Raison sociale...
---
Afin de fournir une fonctionnalité complète, ce site Web nécessite votre
consentement explicite pour stocker des cookies de navigateur. Si vous
n'autorisez pas les cookies, vous ne pourrez peut-être pas utiliser certaines
fonctionnalités du site Web, notamment les suivantes: contenu personnalisé,
changement de culture. Il est recommandé d'autoriser tous les cookies.

  * Accueil
  * Presentation
  * Produits & Services
  * Contact

> Mentions legales
# Mentions légales

### Nom ou Raison sociale..."
39,108,41,39_médiation_prises position_clc_avis,"médiation, prises position, clc, avis, prises, membres, position, conseil, administration, membre","Contact us now  
moien@alap.lu

Ouvrir le menu

  * Travaux de l'ALAP
    * Les avis sur projets de loi
    * Les prises de position publiques
    * Les participations européennes
  * Actualités
    * Conférences en matière pénale
    * Les interventions des membres
  * Les membres
    * La liste des membres
    * Devenir membre
  * Espace membres
  * Contact
  * Qui sommes-nous ?
  * Le conseil d’administration
  * Les statuts

###  Devenir membre

L’ALAP accueille avec enthousiasme tous les av...
---
Contact us now  
moien@alap.lu

Ouvrir le menu

  * Travaux de l'ALAP
    * Les avis sur projets de loi
    * Les prises de position publiques
    * Les participations européennes
  * Actualités
    * Conférences en matière pénale
    * Les interventions des membres
  * Les membres
    * La liste des membres
    * Devenir membre
  * Espace membres
  * Contact
  * Qui sommes-nous ?
  * Le conseil d’administration
  * Les statuts

###  Catégorie : Contact

###  Coordonnées de l'ALAP

11 juillet 20...
---
Contact us now  
moien@alap.lu

Ouvrir le menu

  * Travaux de l'ALAP
    * Les avis sur projets de loi
    * Les prises de position publiques
    * Les participations européennes
  * Actualités
    * Conférences en matière pénale
    * Les interventions des membres
  * Les membres
    * La liste des membres
    * Devenir membre
  * Espace membres
  * Contact
  * Qui sommes-nous ?
  * Le conseil d’administration
  * Les statuts

###  Les membres

Dans cette rubrique, vous pourrez trouver les inf..."
40,108,48,40_art_marbrerie_artistes_gallery,"art, marbrerie, artistes, gallery, pierre, artists, portrait, exhibition, pierres, exposition","* 0
  * 0
  *   *   *   * 

  * Shop
  * Artistes
  * Thématiques
  * Magazine
  * Expos
  * English

### Nos artistes Art Work Circle

Biographies, entretiens exclusifs, articles, galeries de leurs créations…
Soyez les premiers à acquérir leurs œuvres uniques et originales.

La première plateforme en ligne dédiée à la vente et à la location d’œuvres
d’art au Luxembourg.

En savoir plus  
  

  

### Une question ? Un conseil ?

### +352 43 93 666 798

  *   *   *   *   *   * 

### ACCÈS RAPIDE
...
---
* 0
  * 0
  *   *   *   * 

  * Shop
  * Artistes
  * Thématiques
  * Magazine
  * Expos
  * English

### L’actualité de l’art disséquée pour tout savoir au bon moment

Interviews d’artistes, textes critiques, comptes rendus d’expositions. Soyez
toujours au courant de l'actualité artistique au Luxembourg.

Consulter les archives

### Recherche

Search for:

### En ce moment sur AWC

  * Eis Eis Baby - Orange - Moyenne 850 €
  * Tokyo 2014-008 750 € - 1.500 €
  * Road trip 950 €
  * All the men a...
---
* 0
  * 0
  *   *   *   * 

  * Shop
  * Artistes
  * Thématiques
  * Magazine
  * Expos
  * English

Acheter une oeuvre sur AWC, Mode d'emploi

#### Sur Art Work Circle, achetez et louez le meilleur de l’art au Luxembourg
!

### Magazine

Tous les articles

### Oeuvres

Tous les oeuvres

### Artistes

Tous les artistes

### Thématiques

Toutes les thématiques

### NEW PAINTING LUXEMBOURG

#### Exposition à Neimënster

### LUXEMBOURG ART WEEK 2018

#### Foire de l'Art

### ART ON THE STREET

###..."
41,106,49,41_header_facebook_000 infos_appartements,"header, facebook, 000 infos, appartements, footer, partager, lunettes, david, drone, terrains","* Facebook

  * ACCUEIL 
  * Tendances 
    * 1- Lunettes de vue - Entrée de gamme
    * 2- Lunettes de vue - Qualité supérieur
    * 3- Lunettes de vue - Haut de gamme
    * 4- Lunettes de soleil - Entrée de gamme
    * 6- Lunettes de Soleil - Haut de gamme 
    * 7- Lentilles
    * 8- Produits Lentilles
  * Vidéos 
  * Espace Clients 
  * Promotions 
  * Luxe 
    * Gold & Wood
    * Gouverneur - Audigier
  * Infos 
    * Relooking Juin 2018
    * INFO PRESSE 
  * Contact 
  * Features 
    * ...
---
* Facebook

  * ACCUEIL 
  * Tendances 
    * 1- Lunettes de vue - Entrée de gamme
    * 2- Lunettes de vue - Qualité supérieur
    * 3- Lunettes de vue - Haut de gamme
    * 4- Lunettes de soleil - Entrée de gamme
    * 6- Lunettes de Soleil - Haut de gamme 
    * 7- Lentilles
    * 8- Produits Lentilles
  * Vidéos 
  * Espace Clients 
  * Promotions 
  * Luxe 
    * Gold & Wood
    * Gouverneur - Audigier
  * Infos 
    * Relooking Juin 2018
    * INFO PRESSE 
  * Contact 
  * Features 
    * ...
---
* Facebook

  * ACCUEIL 
  * Tendances 
    * 1- Lunettes de vue - Entrée de gamme
    * 2- Lunettes de vue - Qualité supérieur
    * 3- Lunettes de vue - Haut de gamme
    * 4- Lunettes de soleil - Entrée de gamme
    * 6- Lunettes de Soleil - Haut de gamme 
    * 7- Lentilles
    * 8- Produits Lentilles
  * Vidéos 
  * Espace Clients 
  * Promotions 
  * Luxe 
    * Gold & Wood
    * Gouverneur - Audigier
  * Infos 
    * Relooking Juin 2018
    * INFO PRESSE 
  * Contact 
  * Features 
    * ..."
42,103,37,42_echternach_communale_cloudflare_commune,"echternach, communale, cloudflare, commune, 07 2019, raider, communal, tél, 2019, heures","Connexion

Echternach

JavaScript ne semble pas être activé dans votre navigateur. Veuillez l’activer
et réessayer.

  * La Commune
    * Politique
      * Le bourgmestre
      * Le collège échevinal
      * Le conseil communal
      * Commissions & Groupes de travail
      * Syndicats intercommunaux et organismes régionaux
    * Administration
      * Secrétariat
      * Bureau de la population
      * État civil & Indigénat
      * Bureau des Citoyens
      * Service culturel
      * Service d...
---
Connexion

Echternach

JavaScript ne semble pas être activé dans votre navigateur. Veuillez l’activer
et réessayer.

  * La Commune
    * Politique
      * Le bourgmestre
      * Le collège échevinal
      * Le conseil communal
      * Commissions & Groupes de travail
      * Syndicats intercommunaux et organismes régionaux
    * Administration
      * Secrétariat
      * Bureau de la population
      * État civil & Indigénat
      * Bureau des Citoyens
      * Service culturel
      * Service d...
---
Connexion

Echternach

JavaScript ne semble pas être activé dans votre navigateur. Veuillez l’activer
et réessayer.

  * La Commune
    * Politique
      * Le bourgmestre
      * Le collège échevinal
      * Le conseil communal
      * Commissions & Groupes de travail
      * Syndicats intercommunaux et organismes régionaux
    * Administration
      * Secrétariat
      * Bureau de la population
      * État civil & Indigénat
      * Bureau des Citoyens
      * Service culturel
      * Service d..."
43,102,41,43_coaching_uploads 2016_content uploads_uploads,"coaching, uploads 2016, content uploads, uploads, wp content, wp, herunterladen, jus, content, leadership","* Purpose
  * Leadership culture
  * People strategy
  * The Negotiation Table
  * About…
  * Contact me

# logo-r

* * *
<- Précédent Suivant ->

https://www.chc.lu/wp-content/uploads/2015/09/chc_logo_H_512.png
https://www.chc.lu/wp-content/uploads/2015/09/cropped-chc_logo_H_512.png
https://www.chc.lu/wp-content/uploads/2015/09/chc_logo_H_5121.png
https://www.chc.lu/wp-content/uploads/2015/09/chc_logo_H_250.png
https://www.chc.lu/wp-content/uploads/2015/09/LogoFull.png
https://www.chc.lu/wp-con...
---
* Purpose
  * Leadership culture
  * People strategy
  * The Negotiation Table
  * About…
  * Contact me

# logo-r

* * *
<- Précédent Suivant ->

http://www.chc.lu/wp-content/uploads/2015/09/chc_logo_H_512.png
http://www.chc.lu/wp-content/uploads/2015/09/cropped-chc_logo_H_512.png
http://www.chc.lu/wp-content/uploads/2015/09/chc_logo_H_5121.png
http://www.chc.lu/wp-content/uploads/2015/09/chc_logo_H_250.png
http://www.chc.lu/wp-content/uploads/2015/09/LogoFull.png
http://www.chc.lu/wp-content/u...
---
* Purpose
  * Leadership culture
  * People strategy
  * The Negotiation Table
  * About…
  * Contact me

# LogoFull

* * *
<- Précédent Suivant ->

http://www.chc.lu/wp-content/uploads/2015/09/chc_logo_H_512.png
http://www.chc.lu/wp-content/uploads/2015/09/cropped-chc_logo_H_512.png
http://www.chc.lu/wp-content/uploads/2015/09/chc_logo_H_5121.png
http://www.chc.lu/wp-content/uploads/2015/09/chc_logo_H_250.png
http://www.chc.lu/wp-content/uploads/2015/09/LogoFull.png
http://www.chc.lu/wp-content..."
44,99,29,44_scolaire_lycée_élèves_ltps,"scolaire, lycée, élèves, ltps, sepas, comité, mme, jpg, activités, scolaires","Skip to content

  * Le Lycée
    * Présentation >
      * Site principal
      * Site Alliance
    * Direction
    * Comités du LNB >
      * Comité des élèves
      * Comité de la conférence du Lycée
      * Comité des parents
      * Amicale du LNB
      * ALVMNI
    * Départements
  * Services
    * Secrétariat
    * Service du concierge
    * SePAS
    * Service socio-éducatif
    * Service informatique
    * ALJ – Action locale pour jeunes
    * Restaurants scolaires
    * Bibliothèque sco...
---
Skip to content

  * Le Lycée
    * Présentation >
      * Site principal
      * Site Alliance
    * Direction
    * Comités du LNB >
      * Comité des élèves
      * Comité de la conférence du Lycée
      * Comité des parents
      * Amicale du LNB
      * ALVMNI
    * Départements
  * Services
    * Secrétariat
    * Service du concierge
    * SePAS
    * Service socio-éducatif
    * Service informatique
    * ALJ – Action locale pour jeunes
    * Restaurants scolaires
    * Bibliothèque sco...
---
Skip to content

  * Le Lycée
    * Présentation >
      * Site principal
      * Site Alliance
    * Direction
    * Comités du LNB >
      * Comité des élèves
      * Comité de la conférence du Lycée
      * Comité des parents
      * Amicale du LNB
      * ALVMNI
    * Départements
  * Services
    * Secrétariat
    * Service du concierge
    * SePAS
    * Service socio-éducatif
    * Service informatique
    * ALJ – Action locale pour jeunes
    * Restaurants scolaires
    * Bibliothèque sco..."
45,99,34,45_sold sold_sold_lesen_panier,"sold sold, sold, lesen, panier, warenkorb, ajouter, ajouter panier, delivery, stock, minett","Bienvenue Identifiez-vous Votre compte

  * Votre panier 0 produit produits 0 produit 0.00 €

  * Accueil
  * Espace client
  * Contact
  * Plan du site

Menu

Nouveautés

  * Produits du terroir
  * Agneau
  * Boeuf Angus
  * PROMOTIONS
  * Crustaces/Coquillages
  * Poisson
  * Gibier
  * Specialites Maison
  * Autruche
  * Traiteur
    * Boucherie
      * Boeuf
      * Boeuf Angus
      * Veau
      * Porcelet
      * Porc
      * Volaille
        * Canard
        * CHAPON
        * Coquelet
 ...
---
Basculer la navigation

  * Accueil
  * À propos de nous
  * Nos conseils d'experts
    * Qu'est-ce qu'une LACE WIG ?
    * Bien choisir ma Wig
    * La pose de votre LACE WIG
  * Catalogue
    * Perruques
    * Tissage
    * Accessoires
  * Nos réalisations
  * Contact

Afficher le Groupe Top

Chariot 0 article articles 0 article

Aucun produit

A déterminer  Livraison

€ 0.00 Total

Commander

Produit ajouté à votre panier

Quantité

Total

Il y a 0 produits dans votre panier.  Il y a 1 articl...
---
Home / Catalogue

##  FURNITURE

##  LIGHTING

##  ACCESSORIES

## SOLD ITEMS

  
  

## CONTACT

## ABOUT

## NEWS

  
  

## RENT

## SEARCH

SOLD

SOLD

SOLD

SOLD

SOLD

SOLD

SOLD

SOLD

SOLD

SOLD

SOLD

SOLD

SOLD

SOLD

SOLD

SOLD

SOLD

SOLD

SOLD

SOLD

SOLD

SOLD

SOLD

SOLD

SOLD

SOLD

SOLD

SOLD

SOLD

SOLD

SOLD

SOLD

SOLD

SOLD

SOLD

SOLD

SOLD

SOLD

SOLD

SOLD

SOLD

SOLD

SOLD

SOLD

SOLD

SOLD

SOLD

SOLD

SOLD

SOLD

SOLD

SOLD

SOLD

SOLD

SOLD

SOLD

SOLD

SOLD

SOLD

SO..."
46,96,68,46_toggle navigation_linc 2019_powered linc_toggle,"toggle navigation, linc 2019, powered linc, toggle, linc, rh, navigation, 00 00, previous, tél","Toggle navigation

  * Accueil
  * Activités 
    * Chauffage
    * Sanitaire
    * Ventilation
  * Réalisation
  * Dépannage
  * Contact

  1.   2. 

Previous Next

#  Contact

## Contactez-nous

Adresse

70, Rue Romain Fandel L-4149 Schifflange

Téléphone

26 57 80 1

GSM DEPANNAGE

691 691 137  

Heures d'ouverture

Lundi au Vendredi de 8:00 à 12:00 et de 14:00 à 18:00

Email

info@sopitherme.lu

  * Nom
Prénom Nom

  * Email
  * Téléphone
  * Quel secteur d'activité est concerné ?
    * Chau...
---
Toggle navigation

  * Accueil
  * Activités 
    * Façades
    * Plafonnage
    * Peinture
  * Réalisation
  * Contact

FR  
  * LU
  * DE

  1.   2. 

Previous Next

#  Contact

Contactez-nous

Adresse

27, Zone Activite Op Zaemer  

Téléphone

26 52 26 89

Heures d'ouverture

Lundi au Vendredi de 8:00 à 12:00 et de 13:00 à 17:00

Email

info@miralux.lu

  * Nom
Prénom Nom

  * Email
  * Téléphone
  * Quel secteur d'activité est concerné ?
    * Façade
    * Plafonnage
    * Peinture
    *   *...
---
Toggle navigation

  * Accueil
  * Activités
  * Contact

  1.   2. 

Previous Next

#  Contact

Contactez-nous

Adresse

2B, Rue Nic Conrady  
L-3552 Dudelange  

Téléphone

621 39 88 03

Heures d'ouverture

Lundi au Vendredi de 8:00 à 12:00 et de 13:00 à 17:00

Email

isoplatresarl@gmail.com

  * Nom
Prénom Nom

  * Email
  * Téléphone
  * Message
  * Captcha

#### Isoplâtre SARL

2B, Rue Nic Conrady  
L-3552 Dudelange  
GSM 621 39 88 03  
E-mail: isoplatresarl@gmail.com  

powered by Linc © 2..."
47,89,27,47_danske_invest_funds_class,"danske, invest, funds, class, corporate, accounting, investor, services, key, domiciliation","* Our funds
  * Tools
  * Investor service
  * Contact us

  * ###### Our funds
    * Danske Invest retail funds
    * Portfolio management clients
    * Danske Invest institutional funds
    * Danske Invest Hedge & Alternative investments
    * Danske Invest (other funds)
    * Danske Fund of Funds
  * ###### Prices & returns
    * Danske Invest retail funds
    * Portfolio management clients
    * Danske Invest institutional funds
    * Danske Invest Hedge & Alternative investments
    * Dansk...
---
* Our funds
  * Tools
  * Investor service
  * Contact us

  * ###### Our funds
    * Danske Invest retail funds
    * Portfolio management clients
    * Danske Invest institutional funds
    * Danske Invest Hedge & Alternative investments
    * Danske Invest (other funds)
    * Danske Fund of Funds
  * ###### Prices & returns
    * Danske Invest retail funds
    * Portfolio management clients
    * Danske Invest institutional funds
    * Danske Invest Hedge & Alternative investments
    * Dansk...
---
* Our funds
  * Tools
  * Investor service
  * Contact us

  * ###### Our funds
    * Danske Invest retail funds
    * Portfolio management clients
    * Danske Invest institutional funds
    * Danske Invest Hedge & Alternative investments
    * Danske Invest (other funds)
    * Danske Fund of Funds
  * ###### Prices & returns
    * Danske Invest retail funds
    * Portfolio management clients
    * Danske Invest institutional funds
    * Danske Invest Hedge & Alternative investments
    * Dansk..."
48,88,71,48_domain_apache_server_dns,"domain, apache, server, dns, names, hébergement, solution, cloud, hosting, domaine","SORRY! If you are the owner of this website, please contact your hosting
provider:  Computer Resources International SA

It is possible you have reached this page because:

  * The IP address has changed. 
The IP address for this domain may have changed recently. Check your DNS
settings to verify that the domain is set up correctly. It may take 8-24 hours
for DNS changes to propagate. It may be possible to restore access to this
site by following these instructions for clearing your dns cache.

...
---
SORRY! If you are the owner of this website, please contact your hosting
provider:  Alutashop.com sarl

It is possible you have reached this page because:

  * The IP address has changed. 
The IP address for this domain may have changed recently. Check your DNS
settings to verify that the domain is set up correctly. It may take 8-24 hours
for DNS changes to propagate. It may be possible to restore access to this
site by following these instructions for clearing your dns cache.

  * There has bee...
---
SORRY! If you are the owner of this website, please contact your hosting
provider:  Medicis Sàrl

It is possible you have reached this page because:

  * The IP address has changed. 
The IP address for this domain may have changed recently. Check your DNS
settings to verify that the domain is set up correctly. It may take 8-24 hours
for DNS changes to propagate. It may be possible to restore access to this
site by following these instructions for clearing your dns cache.

  * There has been a se..."
49,88,43,49_intra_marquise_echternach_skip,"intra, marquise, echternach, skip, petite, déménagement, menu skip, content, märz, menu","Search for:

# Intra Muros asbl

### Main menu

Skip to content

  * Home
  * Communiqués
  * Correspondance
  * Intra Muros News
  * Les Soirées de Intra Muros
    * Forum 2020
    * Les Jeudis d'Intra Muros
    * Mémoire collective
    * Schaffbaier
    * Wou drëckt de Schong
  * Nol op de Kapp
  * Propositions
    * Divers 

### Sub menu

  * Au sujet de Intra Muros asbl
  * Devenir Membre
  * Le Comité
  * Nos Statuts
  * Nous contacter 

#  Monthly Archives: März 2010

##

### Communiqués, ...
---
Search for:

# Intra Muros asbl

### Main menu

Skip to content

  * Home
  * Communiqués
  * Correspondance
  * Intra Muros News
  * Les Soirées de Intra Muros
    * Forum 2020
    * Les Jeudis d'Intra Muros
    * Mémoire collective
    * Schaffbaier
    * Wou drëckt de Schong
  * Nol op de Kapp
  * Propositions
    * Divers 

### Sub menu

  * Au sujet de Intra Muros asbl
  * Devenir Membre
  * Le Comité
  * Nos Statuts
  * Nous contacter 

# Zeitraffer: Abriss der ""Petite Marquise"" - Teil 1

...
---
Search for:

# Intra Muros asbl

### Main menu

Skip to content

  * Home
  * Communiqués
  * Correspondance
  * Intra Muros News
  * Les Soirées de Intra Muros
    * Forum 2020
    * Les Jeudis d'Intra Muros
    * Mémoire collective
    * Schaffbaier
    * Wou drëckt de Schong
  * Nol op de Kapp
  * Propositions
    * Divers 

### Sub menu

  * Au sujet de Intra Muros asbl
  * Devenir Membre
  * Le Comité
  * Nos Statuts
  * Nous contacter 

# Zeitraffer: Abriss der ""Petite Marquise"" - Teil 1

..."
50,87,52,50_passif_propres_fiduciaire_hosting,"passif, propres, fiduciaire, hosting, comptable, psf, risk, management, comptabilité, advisory","Professionals of the financial sector (PFS)

  * +352 26 25 95 30
  * info@gits.lu
  * Support
  * TeamViewer

  * Managed Hosting
    * Private Cloud
    * Hybrid Cloud
    * Server Hosting
    * Email Hosting
    * GITS Box
    * Workspace Hosting
    * Application Hosting
    * Website Hosting
    * Domain Management
    * SSL Certificates
  * Business Continuity
    * Online Backup
    * Disaster Recovery
    * Data Protection
    * Monitoring Services
    * Design, Audit & Reporting
  * Con...
---
Professionals of the financial sector (PFS)

  * +352 26 25 95 30
  * info@gits.lu
  * Support
  * TeamViewer

  * Managed Hosting
    * Private Cloud
    * Hybrid Cloud
    * Server Hosting
    * Email Hosting
    * GITS Box
    * Workspace Hosting
    * Application Hosting
    * Website Hosting
    * Domain Management
    * SSL Certificates
  * Business Continuity
    * Online Backup
    * Disaster Recovery
    * Data Protection
    * Monitoring Services
    * Design, Audit & Reporting
  * Con...
---
Professionals of the financial sector (PFS)

  * +352 26 25 95 30
  * info@gits.lu
  * Support
  * TeamViewer

  * Managed Hosting
    * Private Cloud
    * Hybrid Cloud
    * Server Hosting
    * Email Hosting
    * GITS Box
    * Workspace Hosting
    * Application Hosting
    * Website Hosting
    * Domain Management
    * SSL Certificates
  * Business Continuity
    * Online Backup
    * Disaster Recovery
    * Data Protection
    * Monitoring Services
    * Design, Audit & Reporting
  * Con..."
51,83,27,51_câbles_turbo_view cart_lecteurs,"câbles, turbo, view cart, lecteurs, cart add, imprimantes, 00 view, add basket, ordinateurs, cartes","Toggle navigation

Connexion

  * Connexion
Nouveau ? Inscrivez-vous !

Modifier Mot de Passe

Câble Selector

KITS Hardware

  * AUDIOVISUEL
    *       * #### Audio
      * Amplificateurs Audio
      * Casques
      * Casques Audio
      * Casques et micros
      * Contrôleurs DJ
      * Haut-Parleurs
      * Haut-parleurs soundbar
      * Lecteurs et Enregistreurs DVD
      * Lecteurs et Enregistreurs MP3/MP4
      * Récepteurs Musique Bluetooth
      * Séparateurs audio
      * Séparateurs V...
---
Toggle navigation

Connexion

  * Connexion
Nouveau ? Inscrivez-vous !

Modifier Mot de Passe

Câble Selector

KITS Hardware

  * AUDIOVISUEL
    *       * #### Audio
      * Amplificateurs Audio
      * Casques
      * Casques Audio
      * Casques et micros
      * Contrôleurs DJ
      * Haut-Parleurs
      * Haut-parleurs soundbar
      * Lecteurs et Enregistreurs DVD
      * Lecteurs et Enregistreurs MP3/MP4
      * Récepteurs Musique Bluetooth
      * Séparateurs audio
      * Séparateurs V...
---
Toggle navigation

Connexion

  * Connexion
Nouveau ? Inscrivez-vous !

Modifier Mot de Passe

Câble Selector

KITS Hardware

  * AUDIOVISUEL
    *       * #### Audio
      * Amplificateurs Audio
      * Casques
      * Casques Audio
      * Casques et micros
      * Contrôleurs DJ
      * Haut-Parleurs
      * Haut-parleurs soundbar
      * Lecteurs et Enregistreurs DVD
      * Lecteurs et Enregistreurs MP3/MP4
      * Récepteurs Musique Bluetooth
      * Séparateurs audio
      * Séparateurs V..."
52,83,22,52_commune_communal_pag_communale,"commune, communal, pag, communale, conseil communal, démarches, communaux, steinfort, administration communale, démarches administratives","* Citoyens & Résidents
    * La commune en chiffres 
    * Historique 
    * Enseignement 
    * Jeunesse 
    * Seniors 
    * Services Communaux 
    * Développement social 
    * Poste(s) vacant(s) 
  * Démarches administratives
    * Vos démarches A - L 
    * Vos démarches M - Z 
    * Subsides & Allocations 
  * Environnement & Mobilité
    * Déchets et Recyclage 
    * Eau potable 
    * Myenergy 
    * Pacte Climat 
    * Klima-Bündnis 
    * Vélo 
    * Promenades 
    * Bus 
    * Trai...
---
* Citoyens & Résidents
    * La commune en chiffres 
    * Historique 
    * Enseignement 
    * Jeunesse 
    * Seniors 
    * Services Communaux 
    * Développement social 
    * Poste(s) vacant(s) 
  * Démarches administratives
    * Vos démarches A - L 
    * Vos démarches M - Z 
    * Subsides & Allocations 
  * Environnement & Mobilité
    * Déchets et Recyclage 
    * Eau potable 
    * Myenergy 
    * Pacte Climat 
    * Klima-Bündnis 
    * Vélo 
    * Promenades 
    * Bus 
    * Trai...
---
* Citoyens & Résidents
    * La commune en chiffres 
    * Historique 
    * Enseignement 
    * Jeunesse 
    * Seniors 
    * Services Communaux 
    * Développement social 
    * Poste(s) vacant(s) 
  * Démarches administratives
    * Vos démarches A - L 
    * Vos démarches M - Z 
    * Subsides & Allocations 
  * Environnement & Mobilité
    * Déchets et Recyclage 
    * Eau potable 
    * Myenergy 
    * Pacte Climat 
    * Klima-Bündnis 
    * Vélo 
    * Promenades 
    * Bus 
    * Trai..."
53,82,56,53_jpg_geöffnet_00_08 00,"jpg, geöffnet, 00, 08 00, 08, 13 30, neubau, 00 08, 00 13, 00 12","* en 
  * fr 
  * de 
  * lu 

  * Startseite
  * Prasentationsseite
  * Produkte & Dienstleistungen
  * Kontakt

# Sitemap

  * Startseite
  * Prasentationsseite
  * Produkte & Dienstleistungen
  * Kontakt

Echangez, partagez

  *   *   *   *  

de_DE

##  Praktische Informationen

  * ###  Holzhaischen
  * #### 5, Rue Nicolas Glesener, Zone artisanale et Commerciale
#### 6131 Junglinster (Jonglënster)

#### Luxemburg

  * +352 26 78 08 80
  *   * +352 33 05 26

##  Unsere Öffnungszeiten

Di 08...
---
* en 
  * fr 
  * de 
  * lu 

  * Startseite
  * Prasentationsseite
  * Unser Katalog
  * Galerien
    * Nos voitures 
    * Aperçu de nos realisations
    * Nos locaux
  * Kontakt

# Nos locaux (0)

  * Nos locaux
  * Nos locaux

Echangez, partagez

  *   *   *   *  

de_DE

##  Praktische Informationen

  * ###  Botzmillen
  * #### 35, Rue de Blaschette
#### 7353 Lorentzweiler (Luerenzweiler)

#### Luxemburg

  * +352 28 79 61 10
  * +352 621 24 13 45
  * +352 28 79 61 10

##  Unsere Öffnungs...
---
* fr 
  * de 

  * Startseite
  * Prasentationsseite
  * Unser Katalog
  * Kontakt

# Rechtliche Hinweise

### Name oder Firma :

Bénélux Toiture

### Internationale Umsatzsteuernummer :

LU26787271

### Handelsregister-Nummer :

B95883

### Mitarbeiter-Anzahl :

1 - 10

### NACE-Code :

Travaux de couverture (43910)

### Gründungsjahr :

2002

Echangez, partagez

  *   *   *   *  

de_DE

##  Praktische Informationen

  * ###  Bénélux Toiture SA
  * #### 3, Op der Tomm
#### 9653 Goesdorf (Géisd..."
54,74,17,54_handball esch_senior_biwer_handball,"handball esch, senior, biwer, handball, fc, login, fola, esch, jeunesse, network","#  Handball Esch

Login

Handball Esch is a member of

Sign in with your email:

You need to login to activate your account.

Login

Forgot your password?

Facebook  Twitter  The website of Handball Esch is a part of the
Sport50-Network. This means that you can easily browse all the websites within
the network without having to register and login every time.

  * Aktuelles 
  * Handball Esch 
    * Back
    * Comité 
    * Palmarès 
    * Jugendkommissioun 
    * Member ginn 
    * Ech hëllefen ...
---
#  Jeunesse Biwer

Login

Jeunesse Biwer is a member of

Sign in with your email:

You need to login to activate your account.

Login

Forgot your password?

Facebook  Twitter  The website of Jeunesse Biwer is a part of the
Sport50-Network. This means that you can easily browse all the websites within
the network without having to register and login every time.

  * Home 
  * Neiegkeeten 
  * Seniors I 
    * Back
    * Kader 
    * Matcher 
    * Tabell 
  * Seniors Réserves 
    * Back
    * K...
---
#  Jeunesse Biwer

Login

Jeunesse Biwer is a member of

Sign in with your email:

You need to login to activate your account.

Login

Forgot your password?

Facebook  Twitter  The website of Jeunesse Biwer is a part of the
Sport50-Network. This means that you can easily browse all the websites within
the network without having to register and login every time.

  * Home 
  * Neiegkeeten 
  * Seniors I 
    * Back
    * Kader 
    * Matcher 
    * Tabell 
  * Seniors Réserves 
    * Back
    * K..."
55,71,24,55_plaza_belval_shopping_spanien,"plaza, belval, shopping, spanien, usd, center, fc, boutiques, restaurants, real","09h00-21h00

CORA 08h00-21h00

FR EN

|

  * Boutiques
    * TOUT AFFICHER
    * Alimentation
    * Beauté & bijoux
    * Chaussures & maroquinerie
    * Déco & ménage
    * Fashion
    * Parapharmacie
    * Services
    * Sport & loisirs
    * Technologie & optique
  * Restaurants
    * TOUT AFFICHER
    * Alimentation
    * Restaurants & bars
  * Actualités
  * Heures d’ouverture
  * Listes & chèques cadeaux
    * Chèques-cadeaux
    * Listes cadeaux
  * Infos pratiques
    * Informations
    ...
---
09h00-21h00

CORA 08h00-21h00

FR EN

|

  * Boutiques
    * TOUT AFFICHER
    * Alimentation
    * Beauté & bijoux
    * Chaussures & maroquinerie
    * Déco & ménage
    * Fashion
    * Parapharmacie
    * Services
    * Sport & loisirs
    * Technologie & optique
  * Restaurants
    * TOUT AFFICHER
    * Alimentation
    * Restaurants & bars
  * Actualités
  * Heures d’ouverture
  * Listes & chèques cadeaux
    * Chèques-cadeaux
    * Listes cadeaux
  * Infos pratiques
    * Informations
    ...
---
09h00-21h00

CORA 08h00-21h00

FR EN

|

  * Boutiques
    * TOUT AFFICHER
    * Alimentation
    * Beauté & bijoux
    * Chaussures & maroquinerie
    * Déco & ménage
    * Fashion
    * Parapharmacie
    * Services
    * Sport & loisirs
    * Technologie & optique
  * Restaurants
    * TOUT AFFICHER
    * Alimentation
    * Restaurants & bars
  * Actualités
  * Heures d’ouverture
  * Listes & chèques cadeaux
    * Chèques-cadeaux
    * Listes cadeaux
  * Infos pratiques
    * Informations
    ..."
56,70,27,56_2016_browser_version_händler,"2016, browser, version, händler, 11 2016, 2017, recommend, update, 09 2016, 03 2017","Your browser version is outdated. We recommend that you update your browser to
the latest version.

  * > Accueil
  * > Agenda
  * > À propos de nous
    * > Notre mission et statuts
    * > Structure de l'organisation
    * > Comité d'Administration
    * > Rapports CA et AG
  * > Publications
    * > Communications
    * > Recommandations
    * > Avis et decrets
    * > Feedback
    * > Presse
    * > Liens intéressants
  * > PETITION
  * > Nous contacter
  * > Intranet

Démarrer>

PETITION

*...
---
Your browser version is outdated. We recommend that you update your browser to
the latest version.

  * > Accueil
  * > Agenda
  * > À propos de nous
    * > Notre mission et statuts
    * > Structure de l'organisation
    * > Comité d'Administration
    * > Rapports CA et AG
  * > Publications
    * > Communications
    * > Recommandations
    * > Avis et decrets
    * > Feedback
    * > Presse
    * > Liens intéressants
  * > PETITION
  * > Nous contacter
  * > Intranet

Syndicat des Fabriques...
---
Your browser version is outdated. We recommend that you update your browser to
the latest version.

  * > Accueil
  * > Agenda
  * > À propos de nous
    * > Notre mission et statuts
    * > Structure de l'organisation
    * > Comité d'Administration
    * > Rapports CA et AG
  * > Publications
    * > Communications
    * > Recommandations
    * > Avis et decrets
    * > Feedback
    * > Presse
    * > Liens intéressants
  * > PETITION
  * > Nous contacter
  * > Intranet

Syndicat des Fabriques..."
57,70,23,57_panier_ttc_total_ajouter,"panier, ttc, total, ajouter, 99, total produits, produit, livraison, panier details, ajouter panier","Connexion

  * #### login
Connexion

Créez votre compte

Mot de passe oublié ?

  * home
  *   * Promotions
  *   * Nouveautés
  *   * Agenda
  * plan du site
  * contact

Contactez-nous

Lu 20 20 36 27 | Be 04 277 94 30 
Comparer 0

Ma commande 0 Produit Produits (vide)

Aucun produit

À définir  Livraison

0,00€ Taxes

0,00€ Total

Les prix sont TTC

Commander

Produit ajouté au panier avec succès

Quantité

Total

Il y a 0 produits dans votre panier.  Il y a 1 produit dans votre panier.

Tota...
---
Connexion

Français

  * Français
  * Deutsch

Contactez-nous

Rechercher

Panier 0 Produit Produits (vide)

Aucun produit

À définir  Livraison

0,00 € Taxes

0,00 € Total

Les prix sont TTC

Commander

Produit ajouté au panier avec succès

Quantité

Total

Il y a 0 produits dans votre panier.  Il y a 1 produit dans votre panier.

Total produits TTC

Frais de port TTC  À définir

Taxes 0,00 €

Total TTC

Continuer mes achats  Commander

Menu

  * Accueil
  * Produits
    * Nettoyants universels...
---
Connexion

Français

  * Français
  * Deutsch

Contactez-nous

Rechercher

Panier 0 Produit Produits (vide)

Aucun produit

À définir  Livraison

0,00 € Taxes

0,00 € Total

Les prix sont TTC

Commander

Produit ajouté au panier avec succès

Quantité

Total

Il y a 0 produits dans votre panier.  Il y a 1 produit dans votre panier.

Total produits TTC

Frais de port TTC  À définir

Taxes 0,00 €

Total TTC

Continuer mes achats  Commander

Menu

  * Accueil
  * Produits
    * Nettoyants universels..."
58,66,42,58_jardin_jardinage_arbres_entretien,"jardin, jardinage, arbres, entretien, garden, jardins, verts, creation, espaces, paysagiste","* 

Appelez-nous ! : +352621190039

  * Link
  * Link

Navigation

  * ACCUEIL
  * Notre concept
  * Potager
  * Entretien
  * Creation sur mesure 
  * Actualites
  * contact 

  1.   2.   3. 

#### Notre charte de qualite

Pour une demarche 100% ecologique, nos services de jardinage sont garantis
sans apports d'amendements chimiques ni de desherbants ou d'insecticides. Et
pour vous garantir la sante de votre sol, de vos plantes, et de vous-meme, nos
methodes de travail sont directement inspiree...
---
* Accueil
  * A propos
  * Entretien jardin
    * Taille arbres, haies et arbustes
    * Entretien de gazon
    * Entretien des espaces verts et nettoyage du jardin:
    * Remise en état du jardin
    * Elagage et abattage d'arbre
    * Plantations et création des paysages
    * Espaces professionnels
  * Aménagement extérieur
    * Terrasses
    * Clôtures et fermetures
    * Pavage
    * Verandas et pergolas
    * Maçonnerie et articles divers
  * Corten
  * Actualités
  * Contact

Menu

FR

*...
---
* Accueil
  * L'entreprise
  * Nos Services
  * Réalisations
  * Contact

  * Accueil
  * L'entreprise
  * Nos Services
  * Réalisations
  * Contact

  * 

###  Luxforêt et Jardin se plie en quatre.

###  Entretien d'espaces verts

Luxforêt et Jardin se met à votre service pour l’entretien de vos espaces
verts. Un traitement régulier de votre jardin vous permettra de profiter plus
sereinement. Pour vous, le mot « jardin » sera synonyme de détente et non de
travaux forcés.

###  Travaux forestier..."
59,66,31,59_bio_cuisines_di_magasin,"bio, cuisines, di, magasin, cuisine, compétences, biog, projet, pâtes, formations","*  
  *   * 

Toggle navigation

  *   *   * Home
  * Über Uns
    * Unser Bio-Hof
    * Das Unternehmen Dudel Magie
    * Unsere Philosophie
    * Labels und Markenzeichen
    * Kontrollstelle
  * BIO-Hähnchen
    * Unsere BIO-Hähnchen
    * Produkte
      * BIO-Hähnchen Coq des Prés
      * BIO-Hähnchen Coq des Prés - Spezial für den Winter
  * Nudeln
    * Unsere Nudeln
    * Produkte
      * Nudeln Dudel Magie
      * Nudeln Biog
  * Verkauf
    * Unser Ab-Hof Verkauf
    * Unsere Partner
  ...
---
*  
  *   * 

Toggle navigation

  *   * Home
  * À propos de nous
    * Notre ferme Bio
    * L’entreprise Dudel-Magie
    * Notre philosophie
    * Labels et marques
    * Centre de contrôle
  * Poulets BIO
    * Nos poulets BIO
    * Produits
      * Bio poulets Coq des Prés
      * Bio poulets Coq des Prés Gamme d'hiver
  * Pâtes
    * Nos pâtes
    * Produits
      * Pâtes Dudel Magie
      * Pâtes Biog
  *   * Vente
    * Notre vente à la ferme
    * Nos partenaires
  * News
  * Contact

#...
---
*  
  *   * 

Toggle navigation

  *   * Home
  * Über Uns
    * Unser Bio-Hof
    * Das Unternehmen Dudel Magie
    * Unsere Philosophie
    * Labels und Markenzeichen
    * Kontrollstelle
  * BIO-Hähnchen
    * Unsere BIO-Hähnchen
    * Produkte
      * BIO-Hähnchen Coq des Prés
      * BIO-Hähnchen Coq des Prés - Spezial für den Winter
  * Nudeln
    * Unsere Nudeln
    * Produkte
      * Nudeln Dudel Magie
      * Nudeln Biog
  * Verkauf
    * Unser Ab-Hof Verkauf
    * Unsere Partner
  * Ne..."
60,65,22,60_000_000 000_données_traitement,"000, 000 000, données, traitement, personnelles, traitement données, données personnelles, finalités, confidentialité, politique confidentialité","﻿

  * Accueil
  * Ventes
  * Locations
  * Programmes neufs
  * Contact

RECHERCHE

    
Transaction

     achatlocation
    
neuf

Localité

     - Bettembourg Gonderange Huncherange
Type de bien

     - Appartement Maison
Budget

     - 100 000 150 000 200 000 250 000 300 000 350 000 400 000 450 000 500 000 550 000 600 000 650 000 700 000 800 000 900 000 1 000 000 1 500 000 2 000 000 3 000 000 4 000 000 5 000 000
à

     - 100 000 150 000 200 000 250 000 300 000 350 000 400 000 450 000 500 00...
---
﻿

  * Accueil
  * Ventes
  * Locations
  * Programmes neufs
  * Contact

RECHERCHE

    
Transaction

     achatlocation
    
neuf

Localité

     - Bettembourg Gonderange Huncherange
Type de bien

     - Appartement Maison
Budget

     - 100 000 150 000 200 000 250 000 300 000 350 000 400 000 450 000 500 000 550 000 600 000 650 000 700 000 800 000 900 000 1 000 000 1 500 000 2 000 000 3 000 000 4 000 000 5 000 000
à

     - 100 000 150 000 200 000 250 000 300 000 350 000 400 000 450 000 500 00...
---
﻿

  * Accueil
  * Ventes
  * Locations
  * Programmes neufs
  * Contact

RECHERCHE

    
Transaction

     achatlocation
    
neuf

Localité

     - Bettembourg Gonderange Huncherange
Type de bien

     - Appartement Maison
Budget

     - 100 000 150 000 200 000 250 000 300 000 350 000 400 000 450 000 500 000 550 000 600 000 650 000 700 000 800 000 900 000 1 000 000 1 500 000 2 000 000 3 000 000 4 000 000 5 000 000
à

     - 100 000 150 000 200 000 250 000 300 000 350 000 400 000 450 000 500 00..."
61,63,18,61_mazars_sage_ald_juillet 2019,"mazars, sage, ald, juillet 2019, juillet, united, anzeigen, warenkorb, canada, america","LUXEMBOURG

Tous nos sites

Site web global Afrique du Sud Albania Algérie Allemagne Angola Antilles
Neerlandaises Arabie Saoudite Argentine Australie Autriche Bahreïn Belgique
Benin Bermudes Botswana Brésil Bulgaria Cameroun Canada Chili Chine Chypre
Colombia Congo (Brazzaville) Congo (Kinshasa) Corée, République de Croatie
Côte d’Ivoire Danemark Djibouti Egypte Emirats Arabes Unis Equateur Espagne
Estonie Etats-Unis Ethiopia France Ghana Grèce Hong Kong Hongrie Ile Maurice
Iles anglo-normandes...
---
LUXEMBOURG

Find Us

Global website Albania Algeria Angola Argentina Australia Austria Bahrain
Belgium Benin Bermuda Botswana Brazil Bulgaria Cameroon Canada Cayman Islands
Channel Islands Chile China Colombia Congo (Brazzaville) Congo (Kinshasa)
Croatia Cyprus Czech Republic Denmark Djibouti Dutch West Indies Ecuador Egypt
Estonia Ethiopia France Germany Ghana Greece Hong Kong Hungary India Indonesia
Ireland Israel Italy Ivory Coast Japan Jordan Kazakhstan Kenya Korea, The
Republic of Kosovo Ku...
---
LUXEMBOURG

Find Us

Global website Albania Algeria Angola Argentina Australia Austria Bahrain
Belgium Benin Bermuda Botswana Brazil Bulgaria Cameroon Canada Cayman Islands
Channel Islands Chile China Colombia Congo (Brazzaville) Congo (Kinshasa)
Croatia Cyprus Czech Republic Denmark Djibouti Dutch West Indies Ecuador Egypt
Estonia Ethiopia France Germany Ghana Greece Hong Kong Hungary India Indonesia
Ireland Israel Italy Ivory Coast Japan Jordan Kazakhstan Kenya Korea, The
Republic of Kosovo Ku..."
62,62,30,62_naturstroum_ko_contrats_leo,"naturstroum, ko, contrats, leo, oui, 1er, parcs, mercredi, jeudi, centrales","* de

  * Accueil
  * Nos Activités
    * Énergie éolienne
    * Centrales hydroélectriques
  * Nos Sites
  * Presse et Actualités
  * FAQs
  * Contact

Energie fir Lëtzebuerg

  * Accueil
  * Nos Activités
    * Énergie éolienne
    * Centrales hydroélectriques
  * Nos Sites
  * Presse et Actualités
  * FAQs
  * Contact

## À propos de Soler

Fondée en 2001, la « Société Luxembourgeoise des Énergies Renouvelables S.A. »
(Soler), dont les parts sont réparties à parts égales entre SEO (Société
él...
---
Privatkunde

  *     * DE
      * EN
      * FR
  *   * e.connect

  * Enovos Luxembourg
    * Privatkunde
    * Gewerbekunde
    * Industrie
    * Gemeinde
  * Luxembourg Energy Office (Leo)
  * Steinergy
  * Nordenergie
  * Enovos Deutschland
  * Enovos France
  * Enovos Belgique

Luxembourg Energy Office (Leo)

  * Privatkunde
  * Gewerbekunde
  * Industrie

  *   
Home

  *   
Strom

  *   
Erdgas

  *   
Kundenservice

  *   
Ökomobilität

  *   
Dezentrale Energieerzeugung

  *   
Smart Ap...
---
* Accueil
  * News
  * A propos
  * Agenda
  * Equipe
  * Contact

Inscription à la Newsletter

News

  * Plus d'efforts demandés pour les objectifs de développement durable - 27/09/2018 08h00 Le Secretaire generale de l'ONU, Antonio Guteress a indique que la realisation des Objectifs de...
  * Deux navettes électriques autonomes à Luxembourg-Ville - 24/09/2018 08h00 La capitale luxembourgeoise s'est dotee de deux navettes electriques autonomes qui relient l'ascenseur Plaffenthal au...
  * Banqu..."
63,62,32,63_angel_agrandir_2019 markeasy_selfmadewebsite 2019,"angel, agrandir, 2019 markeasy, selfmadewebsite 2019, powered selfmadewebsite, selfmadewebsite, markeasy, photo agrandir, livre, agrandir photo","Home notre restaurant Nos plats Notre carte Nos plats du jour Livre d'or
Newsletter Réservations Qui sommes-nous ? Web Angel

Web Angel

Powered by Selfmadewebsite (C)2019 Markeasy.lu
---
Accueil Présentation Notre établissement Notre carte Bistrot Menu du jour
Suggestions Réservations Newsletter Livre d'or Qui sommes-nous ? Web Angel

###### Web Angel

Powered by Selfmadewebsite (C)2019 Markeasy.lu
---
Restaurant Contact Notre Carte Réservations Livre d'Or Newsletter Web Angel

Web Angel

Powered by Selfmadewebsite (C)2019 Markeasy.lu"
64,60,26,64_bnp paribas_bnp_paribas_dhl,"bnp paribas, bnp, paribas, dhl, express, banking, bgl bnp, invest, bgl, private banking","* English
  * Français
  * BNP Paribas weltweit
  * Online-Banking
    * Zugang zum Web Banking für Kunden von BGL BNP Paribas
Zugang zu Web Banking

    * Zugang zum Web Banking für Kunden von BNP Paribas Wealth Management
Zugang zu BNP Paribas Wealth Management

    * Zugang zum Kundenbereich von BGL BNP Paribas Direct Invest
Zugang zu BGL BNP Paribas Direct Invest

    * The single point of entry to BNP Paribas Fixed Income's global web services
Zugang zu Global Markets

    * Access your wor...
---
* English
  * Français
  * BNP Paribas weltweit
  * Online-Banking
    * Zugang zum Web Banking für Kunden von BGL BNP Paribas
Zugang zu Web Banking

    * Zugang zum Web Banking für Kunden von BNP Paribas Wealth Management
Zugang zu BNP Paribas Wealth Management

    * Zugang zum Kundenbereich von BGL BNP Paribas Direct Invest
Zugang zu BGL BNP Paribas Direct Invest

    * The single point of entry to BNP Paribas Fixed Income's global web services
Zugang zu Global Markets

    * Access your wor...
---
* English
  * Français
  * BNP Paribas weltweit
  * Online-Banking
    * Zugang zum Web Banking für Kunden von BGL BNP Paribas
Zugang zu Web Banking

    * Zugang zum Web Banking für Kunden von BNP Paribas Wealth Management
Zugang zu BNP Paribas Wealth Management

    * Zugang zum Kundenbereich von BGL BNP Paribas Direct Invest
Zugang zu BGL BNP Paribas Direct Invest

    * The single point of entry to BNP Paribas Fixed Income's global web services
Zugang zu Global Markets

    * Access your wor..."
65,58,17,65_pharmacie_garde_08h00_352 43,"pharmacie, garde, 08h00, 352 43, 18 30, 94, 30, 43, 08, membre","* Espace membre 
  * Flux RSS 
  * Contact 

  * Accueil
  * A propos 
    * À propos du SPL
    * Mot du président
    * Rôle du pharmacien
    * Devenir pharmacien
    * Liens utiles
    * Contact
  * Service de garde 
    * Garde du jour
    * Garde à venir
  * Pharmacies
  * Agenda
  * Actualités
  * Offre d'emploi

Service de garde Urgences (112)

  *   * Pharmacies
  * > 
  * Pharmacie Welschbillig

Informations Plan Horaires

# Pharmacie Welschbillig  Fermé

12, rue de l'Alzette  
L-4010 ...
---
* Espace membre 
  * Flux RSS 
  * Contact 

  * Accueil
  * A propos 
    * À propos du SPL
    * Mot du président
    * Rôle du pharmacien
    * Devenir pharmacien
    * Liens utiles
    * Contact
  * Service de garde 
    * Garde du jour
    * Garde à venir
  * Pharmacies
  * Agenda
  * Actualités
  * Offre d'emploi

Service de garde Urgences (112)

  *   * Pharmacies
  * > 
  * Pharmacie Christnacht

Informations Plan Horaires

# Pharmacie Christnacht  Ouvert

145 , Avenue du X Septembre  
L...
---
* Espace membre 
  * Flux RSS 
  * Contact 

  * Accueil
  * A propos 
    * À propos du SPL
    * Mot du président
    * Rôle du pharmacien
    * Devenir pharmacien
    * Liens utiles
    * Contact
  * Service de garde 
    * Garde du jour
    * Garde à venir
  * Pharmacies
  * Agenda
  * Actualités
  * Offre d'emploi

Service de garde Urgences (112)

  *   * Trouver une pharmacie

# Résultat pour: stadtbredimus

Voici les Pharmacies de garde les plus proche.

Rodange Pharmacie Neiens

0 km  
0..."
66,57,49,66_00_plan accueil_00 17_infos pratiques,"00, plan accueil, 00 17, infos pratiques, contact plan, pratiques, 12 00, plan, pratiques heures, 17","* Accueil
  * Presentation
  * Produits & Services
  * Poste ouvert
  * Notre Catalogue
  * Contact

Éclairage Public / Mâts / Installation / Entretien / Conseil

  *   *   * 

# Plan du site

  * Accueil
  * Presentation
  * Produits & Services
  * Poste ouvert
    * Poste ouvert
  * Notre Catalogue
    * Notre Catalogue
  * Contact

> Plan du site
Infos pratiques

##  Nos heures d'ouverture

lun. 08:00 - 12:00 13:00 - 17:00  
mar. 08:00 - 12:00 13:00 - 17:00  
mer. 08:00 - 12:00 13:00 - 17:00 ...
---
* Accueil
  * Presentation
  * Produits & Services
  * Travaux de peinture
  * Contact

  *   *   * 

# Plan du site

  * Accueil
  * Presentation
  * Produits & Services
  * Travaux de peinture
    * Travaux de peinture
  * Contact

> Plan du site
Infos pratiques

##  Nos heures d'ouverture

lun. 08:00 - 12:00 13:00 - 17:00  
mar. 08:00 - 12:00 13:00 - 17:00  
mer. 08:00 - 12:00 13:00 - 17:00  
jeu. 08:00 - 12:00 13:00 - 17:00  
ven. 08:00 - 12:00 13:00 - 17:00  
##  Nous parlons

  * 

##  Inf...
---
* Accueil
  * Presentation
  * Produits & Services
  * Nos gammes
  * Contact

  *   *   * 

# Plan du site

  * Accueil
  * Presentation
  * Produits & Services
  * Nos gammes
    * Nos gammes
  * Contact

> Plan du site
Infos pratiques

##  Nos heures d'ouverture

lun. 08:00 - 12:00 13:00 - 17:00  
mar. 08:00 - 12:00 13:00 - 17:00  
mer. 08:00 - 12:00 13:00 - 17:00  
jeu. 08:00 - 12:00 13:00 - 17:00  
ven. 08:00 - 12:00 13:00 - 17:00  
##  Infos pratiques

  * ###  Cool & Co Sàrl
  * #### 17, ..."
67,57,21,67_cloud_managed_informatique_solutions,"cloud, managed, informatique, solutions, 365, management, fund, backup, support, sécurité","Search for:

  * A propos
  * Références
  * Partenaires
  * Jobs
  * évènements
  * Blog
  * Contactez-nous

Thématiques - Produits & Solutions

  *  
  * Logiciels de gestion
  * Cloud
  * Infogérance
  * e-business
  * Audit et Consultance
  * Outsourcing 
  * Sécurité
  * Produits & Solutions
    * ### Maintenance & Gestion
      * Formule START
      * Formule Alt-R
      * Formule Shift
### ERP

      * Microsoft AX
      * Microsoft Nav
      * Microsoft Dynamics 365
      * Power Partner...
---
Search for:

  * A propos
  * Références
  * Partenaires
  * Jobs
  * évènements
  * Blog
  * Contactez-nous

Thématiques - Produits & Solutions

  *  
  * Logiciels de gestion
  * Cloud
  * Infogérance
  * e-business
  * Audit et Consultance
  * Outsourcing 
  * Sécurité
  * Produits & Solutions
    * ### Maintenance & Gestion
      * Formule START
      * Formule Alt-R
      * Formule Shift
### ERP

      * Microsoft AX
      * Microsoft Nav
      * Microsoft Dynamics 365
      * Power Partner...
---
Search for:

  * A propos
  * Références
  * Partenaires
  * Jobs
  * évènements
  * Blog
  * Contactez-nous

Thématiques - Produits & Solutions

  *  
  * Logiciels de gestion
  * Cloud
  * Infogérance
  * e-business
  * Audit et Consultance
  * Outsourcing 
  * Sécurité
  * Produits & Solutions
    * ### Maintenance & Gestion
      * Formule START
      * Formule Alt-R
      * Formule Shift
### ERP

      * Microsoft AX
      * Microsoft Nav
      * Microsoft Dynamics 365
      * Power Partner..."
68,56,40,68_wordpress_rss_lorem_ipsum,"wordpress, rss, lorem, ipsum, lorem ipsum, dolor sit, comments, dolor, consectetur, amet consectetur","* HOME
  * ABOUT
  * TEAM
  * SERVICES
  * CONTACT
  * Facebook

  * Home
  *   * Tech
  *   * How to choose the best template

# How to choose the best template

  * By Gecko
  * 17\. December 2018

  * App, Design, Graphics, Software
  * Tech

The copy warned the Little Blind Text, that where it came from it would have
been rewritten a thousand times and everything that was left from its origin
would be the word “and” and the Little Blind Text should turn around and
return to its own, safe cou...
---
* HOME
  * ABOUT
  * TEAM
  * SERVICES
  * CONTACT
  * Facebook

  * Home
  *   * Blog
  *   * The whole world is in your pocket

# The whole world is in your pocket

  * By Gecko
  * 17\. December 2018

  * App, Design, Graphics, Software
  * Blog

The copy warned the Little Blind Text, that where it came from it would have
been rewritten a thousand times and everything that was left from its origin
would be the word “and” and the Little Blind Text should turn around and
return to its own, safe...
---
* HOME
  * ABOUT
  * TEAM
  * SERVICES
  * CONTACT
  * Facebook

  * Home
  *   * World
  *   * The whole world is in your pocket

# The whole world is in your pocket

  * By Gecko
  * 17\. December 2018

  * Design, Graphics, Software
  * World

The copy warned the Little Blind Text, that where it came from it would have
been rewritten a thousand times and everything that was left from its origin
would be the word “and” and the Little Blind Text should turn around and
return to its own, safe co..."
69,55,26,69_membres_continuer_conférence_club,"membres, continuer, conférence, club, membre, europe, business, luxembourg, devenir membre, nicolas","## First edition

###### of the

### LUXEMBOURG  
ACCELERATION BOOTCAMP

#### from May 20–23, 2019

##### A total immersion week for mature startups to accelerate their European
development and meet corporates, institutionals and investors.

###### Organized by

### What we offered

  * The Bootcamp in Luxembourg on key acceleration issues takes place before and after the ICT Spring event and offers the following program:
    * #### Monday, May 20
Morning session: Raising funds in Luxembourg, a ...
---
Aller au contenu principal

  *   *   *   * 

  * Email : info@pog.lu
  * Phone :(+352) 661 112 567

  * Login

  * Home
  * POG
    * Présentation
    * Conseil d'administration
    * Sociétés membres
    * Liens utiles
    * Statuts
  * Articles
    * Actualité Sociale
    * Benchmark
    * Conférences
    * What's Up In Luxembourg
    * Humour
  * Events
    * Agenda
    * Nos 3 types d’évènements
  * Presse & PR
  * Membership
    * Devenir membre
    * Modalités d'adhésion
  * Contact

## F...
---
Aller au contenu principal

  *   *   *   * 

  * Email : info@pog.lu
  * Phone :(+352) 661 112 567

  * Login

  * Home
  * POG
    * Présentation
    * Conseil d'administration
    * Sociétés membres
    * Liens utiles
    * Statuts
  * Articles
    * Actualité Sociale
    * Benchmark
    * Conférences
    * What's Up In Luxembourg
    * Humour
  * Events
    * Agenda
    * Nos 3 types d’évènements
  * Presse & PR
  * Membership
    * Devenir membre
    * Modalités d'adhésion
  * Contact

## F..."
70,55,32,70_restaurant_add cart_cart_quick view,"restaurant, add cart, cart, quick view, smart, add, société, quick, libertés pouvez, clients société","Bienvenue chez Jimmy's Restaurant Le restaurant Notre carte Votre avis
Newsletter Contact

Inscrivrez-vous à notre newsletter et soyez les premiers à profiter de nos
offres exceptionnelles.

Nom :  Email :  Recopier le code de sécurité :  
Je m'abonne à la newsletter de ce site et accepte d'être contacté par email  
  
Vous acceptez les conditions suivantes :  Non, je refuseOui, j'accepte

Les informations recueillies sur ce formulaire sont enregistrées dans un
fichier informatisé par la société...
---
Home Ambiance Papaya La Carte Menus du jour Nos inspirations Livre d'or
newsletter Nous situer RESERVER

## Newsletter

Nom :  Email :  Recopier le code de sécurité :  
Je m'abonne à la newsletter de ce site et accepte d'être contacté par email  
  
Vous acceptez les conditions suivantes :  Non, je refuseOui, j'accepte

Les informations recueillies sur ce formulaire sont enregistrées dans un
fichier informatisé par la société 'RESTAURANT PAPAYA' pour la gestion de sa
clientèle.

Elles seront con...
---
Accueil Présentation Ambiance Caravelle Notre carte Plats du jour Réservation
Newsletter Livre d'or Contact

## Votre avis nous interesse ...

### Poster un message

Nom :  Email :  Message :  
Recopier le code de sécurité :  
Vous acceptez les conditions suivantes :  Non, je refuseOui, j'accepte

Les informations recueillies sur ce formulaire sont enregistrées dans un
fichier informatisé par la société 'Restaurant La Caravelle' pour la gestion
de sa clientèle.

Elles seront conservées pendant u..."
71,53,26,71_000_000 000_données_traitement,"000, 000 000, données, traitement, personnelles, traitement données, données personnelles, finalités, confidentialité, politique confidentialité","* Accueil
  * Ventes
  * Locations
  * Contact

RECHERCHE

    
Transaction

     achatlocation
    
neuf

Localité

     - Reisdorf
Type de bien

     - Maison
Budget

     - 100 000 150 000 200 000 250 000 300 000 350 000 400 000 450 000 500 000 550 000 600 000 650 000 700 000 800 000 900 000 1 000 000 1 500 000 2 000 000 3 000 000 4 000 000 5 000 000
à

     - 100 000 150 000 200 000 250 000 300 000 350 000 400 000 450 000 500 000 550 000 600 000 650 000 700 000 800 000 900 000 1 000 000 1 50...
---
* Accueil
  * Ventes
  * Locations
  * Etranger
  * Références
  * Contact

RECHERCHE

    
Transaction

     achatlocation
    
neuf

Localité

     - Longwy (54400) Christnach
Type de bien

     - Local commercial Terrain constructible
Budget

     - 100 000 150 000 200 000 250 000 300 000 350 000 400 000 450 000 500 000 550 000 600 000 650 000 700 000 800 000 900 000 1 000 000 1 500 000 2 000 000 3 000 000 4 000 000 5 000 000
à

     - 100 000 150 000 200 000 250 000 300 000 350 000 400 000 4...
---
* Accueil
  * Ventes
  * Locations
  * Contact

RECHERCHE

    
Transaction

     achatlocation
    
neuf

Localité

     - Knokke-heist (8300) Putignano
Type de bien

     - Maison
Budget

     - 100 000 150 000 200 000 250 000 300 000 350 000 400 000 450 000 500 000 550 000 600 000 650 000 700 000 800 000 900 000 1 000 000 1 500 000 2 000 000 3 000 000 4 000 000 5 000 000
à

     - 100 000 150 000 200 000 250 000 300 000 350 000 400 000 450 000 500 000 550 000 600 000 650 000 700 000 800 000 9..."
72,53,16,72_lager_artikel_lego_gesamt,"lager, artikel, lego, gesamt, scale, cart, warenkorb, f1, add cart, add","Kontakt

Anmelden

Deutsch

  * English
  * Deutsch
  * Français

Suche

Warenkorb 0 Artikel Artikel (Leer)

Keine Artikel

versandkostenfrei  Versand

0,00€ Gesamt

Warenkorb anzeigen

##  Produkt wurde in den Korb gelegt

Menge

Gesamt

##  Sie haben 0 Artikel in Ihrem Warenkorb.  Es gibt 1 Artikel in Ihrem
Warenkorb.

Gesamt Artikel (inkl. MwSt.)

Gesamt Versandkosten (inkl. MwSt.)  versandkostenfrei

Gesamt (inkl. MwSt.)

Einkauf fortsetzen  Zur Kasse gehen

Our webstore uses cookies to offe...
---
Kontakt

Anmelden

Deutsch

  * English
  * Deutsch
  * Français

Suche

Warenkorb 0 Artikel Artikel (Leer)

Keine Artikel

versandkostenfrei  Versand

0,00€ Gesamt

Warenkorb anzeigen

##  Produkt wurde in den Korb gelegt

Menge

Gesamt

##  Sie haben 0 Artikel in Ihrem Warenkorb.  Es gibt 1 Artikel in Ihrem
Warenkorb.

Gesamt Artikel (inkl. MwSt.)

Gesamt Versandkosten (inkl. MwSt.)  versandkostenfrei

Gesamt (inkl. MwSt.)

Einkauf fortsetzen  Zur Kasse gehen

Our webstore uses cookies to offe...
---
Kontakt

Anmelden

Deutsch

  * English
  * Deutsch
  * Français

Suche

Warenkorb 0 Artikel Artikel (Leer)

Keine Artikel

versandkostenfrei  Versand

0,00€ Gesamt

Warenkorb anzeigen

##  Produkt wurde in den Korb gelegt

Menge

Gesamt

##  Sie haben 0 Artikel in Ihrem Warenkorb.  Es gibt 1 Artikel in Ihrem
Warenkorb.

Gesamt Artikel (inkl. MwSt.)

Gesamt Versandkosten (inkl. MwSt.)  versandkostenfrei

Gesamt (inkl. MwSt.)

Einkauf fortsetzen  Zur Kasse gehen

Our webstore uses cookies to offe..."
73,50,18,73_000_données_000 000_traitement,"000, données, 000 000, traitement, personnelles, traitement données, données personnelles, finalités, confidentialité, politique confidentialité","* Accueil
  * Ventes
  * Locations
  * Neuf
  * Estimation
  * Contact

RECHERCHE

    
Transaction

     achatlocation
    
neuf

Localité

     - Esch-sur-alzette Reckange-sur-mess Tetange
Type de bien

     - Appartement Maison
Budget

     - 100 000 150 000 200 000 250 000 300 000 350 000 400 000 450 000 500 000 550 000 600 000 650 000 700 000 800 000 900 000 1 000 000 1 500 000 2 000 000 3 000 000 4 000 000 5 000 000
à

     - 100 000 150 000 200 000 250 000 300 000 350 000 400 000 450 000 ...
---
* Accueil
  * Ventes
  * Locations
  * Neuf
  * Etranger
  * Estimation
  * Notre équipe
  * Contact
  * Calculez votre crédit

    
Transaction

     achatlocation
    
neuf

Localité

     - Baslieux (54620) \- Centre-ville \- Dommeldange Esch-sur-alzette Leudelange Luxembourg
Type de bien

     - Appartement Maison
Budget

     - 100 000 150 000 200 000 250 000 300 000 350 000 400 000 450 000 500 000 550 000 600 000 650 000 700 000 800 000 900 000 1 000 000 1 500 000 2 000 000 3 000 000 4 000...
---
* Accueil
  * Ventes
  * Locations
  * Neuf
  * Etranger
  * Estimation
  * Notre équipe
  * Contact
  * Calculez votre crédit

    
Transaction

     achatlocation
    
neuf

Localité

     - Baslieux (54620) \- Centre-ville \- Dommeldange Esch-sur-alzette Leudelange Luxembourg
Type de bien

     - Appartement Maison
Budget

     - 100 000 150 000 200 000 250 000 300 000 350 000 400 000 450 000 500 000 550 000 600 000 650 000 700 000 800 000 900 000 1 000 000 1 500 000 2 000 000 3 000 000 4 000..."
74,48,13,74_scouten_beaver_wëllefcher_explorer,"scouten, beaver, wëllefcher, explorer, guiden, rover, programm, joer, calendrier, soirée","Springe zum Inhalt

Menü und Widgets

  * HoGa FNEL Scouten & Guiden
    * Kontakt
  * Beaver 6 – 8 Joer
    * Beaver News
    * Programm
    * Verspriechen & Gesetz
  * Wëllefcher 8 – 11 Joer
    * Wëllefcher News
    * Programm
    * Verspriechen & Gesetz
    * Dem Wëllefchen sein Rucksack
  * Scouten 11 - 15 Joer
    * Scouts News
    * Programm
    * Verspriechen & Gesetz
  * Explorer 15 – 18 Joer
    * Explorer News
    * Programm
    * Verspriechen & Charte
  * Rover 19 – 26 Joer
    * Rov...
---
Springe zum Inhalt

Menü und Widgets

  * HoGa FNEL Scouten & Guiden
    * Kontakt
  * Beaver 6 – 8 Joer
    * Beaver News
    * Programm
    * Verspriechen & Gesetz
  * Wëllefcher 8 – 11 Joer
    * Wëllefcher News
    * Programm
    * Verspriechen & Gesetz
    * Dem Wëllefchen sein Rucksack
  * Scouten 11 - 15 Joer
    * Scouts News
    * Programm
    * Verspriechen & Gesetz
  * Explorer 15 – 18 Joer
    * Explorer News
    * Programm
    * Verspriechen & Charte
  * Rover 19 – 26 Joer
    * Rov...
---
Springe zum Inhalt

Menü und Widgets

  * HoGa FNEL Scouten & Guiden
    * Kontakt
  * Beaver 6 – 8 Joer
    * Beaver News
    * Programm
    * Verspriechen & Gesetz
  * Wëllefcher 8 – 11 Joer
    * Wëllefcher News
    * Programm
    * Verspriechen & Gesetz
    * Dem Wëllefchen sein Rucksack
  * Scouten 11 - 15 Joer
    * Scouts News
    * Programm
    * Verspriechen & Gesetz
  * Explorer 15 – 18 Joer
    * Explorer News
    * Programm
    * Verspriechen & Charte
  * Rover 19 – 26 Joer
    * Rov..."
75,48,14,75_vélos_vélo_subaru_aeg,"vélos, vélo, subaru, aeg, linge, hesper, accessoires, révision, lave, promotions","* * * *
  * Vélos 
  * Pour le cycliste 
  * Pour le vélo 
  * Atelier 
  * Compétences & services 
  * Promotions 

  *   *     * Notre gamme
      * Vélos de course
      * Vélos urbains
      * VTT - Trekking
      * Vélos enfants
      * Vélos électriques
      * E-mobility
    * Nos marques
    * Nos équipements
      * Casques
      * Vêtements
      * Chaussures
      * Lunettes
      * Diététique
      * Sécurité
    * Nos marques
    * Accessoires
      * Porte-vélos
      * Porte-bébés...
---
* * * *
  * Vélos 
  * Pour le cycliste 
  * Pour le vélo 
  * Atelier 
  * Compétences & services 
  * Promotions 

  *   *     * Notre gamme
      * Vélos de course
      * Vélos urbains
      * VTT - Trekking
      * Vélos enfants
      * Vélos électriques
      * E-mobility
    * Nos marques
    * Nos équipements
      * Casques
      * Vêtements
      * Chaussures
      * Lunettes
      * Diététique
      * Sécurité
    * Nos marques
    * Accessoires
      * Porte-vélos
      * Porte-bébés...
---
* * * *
  * Vélos 
  * Pour le cycliste 
  * Pour le vélo 
  * Atelier 
  * Compétences & services 
  * Promotions 

  *   *     * Notre gamme
      * Vélos de course
      * Vélos urbains
      * VTT - Trekking
      * Vélos enfants
      * Vélos électriques
      * E-mobility
    * Nos marques
    * Nos équipements
      * Casques
      * Vêtements
      * Chaussures
      * Lunettes
      * Diététique
      * Sécurité
    * Nos marques
    * Accessoires
      * Porte-vélos
      * Porte-bébés..."
76,48,19,76_rénovation_08 00_17 00_renovation,"rénovation, 08 00, 17 00, renovation, 30 17, 00, produit, 13 30, 17, 11 45","Afin de fournir une fonctionnalité complète, ce site Web nécessite votre
consentement explicite pour stocker des cookies de navigateur. Si vous
n'autorisez pas les cookies, vous ne pourrez peut-être pas utiliser certaines
fonctionnalités du site Web, notamment les suivantes: contenu personnalisé,
changement de culture. Il est recommandé d'autoriser tous les cookies.

#  GROS-OEUVRE - CONSTRUCTION CLÉ EN MAIN - RÉNOVATION

  * Accueil
  * Presentation
  * Nos realisations
    * Constructions
    ...
---
Afin de fournir une fonctionnalité complète, ce site Web nécessite votre
consentement explicite pour stocker des cookies de navigateur. Si vous
n'autorisez pas les cookies, vous ne pourrez peut-être pas utiliser certaines
fonctionnalités du site Web, notamment les suivantes: contenu personnalisé,
changement de culture. Il est recommandé d'autoriser tous les cookies.

GROS-OEUVRE - CONSTRUCTION CLÉ EN MAIN - RÉNOVATION

  * Accueil
  * Presentation
  * Nos realisations
    * Constructions
    * R...
---
Afin de fournir une fonctionnalité complète, ce site Web nécessite votre
consentement explicite pour stocker des cookies de navigateur. Si vous
n'autorisez pas les cookies, vous ne pourrez peut-être pas utiliser certaines
fonctionnalités du site Web, notamment les suivantes: contenu personnalisé,
changement de culture. Il est recommandé d'autoriser tous les cookies.

GROS-OEUVRE - CONSTRUCTION CLÉ EN MAIN - RÉNOVATION

  * Accueil
  * Presentation
  * Nos realisations
    * Constructions
    * R..."
77,45,20,77_dentaire_dr_praxis_médico,"dentaire, dr, praxis, médico, patienten, chirurgie, behandlung, 08 00, appointment, pétange","* Nos centres
    * Esch-sur-Alzette
    * Pétange
  * Nos praticiens
    * Dr Jean-Yves GEORGE
    * Dr Pierre KELLER
    * Dr Léa ROCCHI
    * Dr Chris COSTA
    * Dr Valérie MAURICE
    * Dr Olivier SEURET
    * Dr Pierre GALL
    * L’Equipe Dentaire
  * Nos spécialités
    * Chirurgie Orale :Reconstruction OsseuseExtraction des dents de sagesse
    * Implantologie Dentaire
    * Mise en Charge Immédiate
    * Parodontologie :Soins des GencivesChirurgie Plastique Parodontale
    * Dentisterie...
---
* Nos centres
    * Esch-sur-Alzette
    * Pétange
  * Nos praticiens
    * Dr Jean-Yves GEORGE
    * Dr Pierre KELLER
    * Dr Léa ROCCHI
    * Dr Chris COSTA
    * Dr Valérie MAURICE
    * Dr Olivier SEURET
    * Dr Pierre GALL
    * L’Equipe Dentaire
  * Nos spécialités
    * Chirurgie Orale :Reconstruction OsseuseExtraction des dents de sagesse
    * Implantologie Dentaire
    * Mise en Charge Immédiate
    * Parodontologie :Soins des GencivesChirurgie Plastique Parodontale
    * Dentisterie...
---
* Nos centres
    * Esch-sur-Alzette
    * Pétange
  * Nos praticiens
    * Dr Jean-Yves GEORGE
    * Dr Pierre KELLER
    * Dr Léa ROCCHI
    * Dr Chris COSTA
    * Dr Valérie MAURICE
    * Dr Olivier SEURET
    * Dr Pierre GALL
    * L’Equipe Dentaire
  * Nos spécialités
    * Chirurgie Orale :Reconstruction OsseuseExtraction des dents de sagesse
    * Implantologie Dentaire
    * Mise en Charge Immédiate
    * Parodontologie :Soins des GencivesChirurgie Plastique Parodontale
    * Dentisterie..."
78,45,11,78_izeg_wäiss izeg_blo wäiss_blo,"izeg, wäiss izeg, blo wäiss, blo, wäiss, fc blo, fc, diddeleng, login, network","#  F.C. Blo-Wäiss Izeg

Login

F.C. Blo-Wäiss Izeg is a member of

Sign in with your email:

You need to login to activate your account.

Login

Forgot your password?

Facebook  Twitter  The website of F.C. Blo-Wäiss Izeg is a part of the
Sport50-Network. This means that you can easily browse all the websites within
the network without having to register and login every time.

  * Home 
  * CLUB 
    * Back
    * COMITE 
    * JUGENDKOMMISSIOUN 
    * GESCHICHT 
    * WIKIPEDIA 
  * SENIORS 
   ...
---
#  F.C. Blo-Wäiss Izeg

Login

F.C. Blo-Wäiss Izeg is a member of

Sign in with your email:

You need to login to activate your account.

Login

Forgot your password?

Facebook  Twitter  The website of F.C. Blo-Wäiss Izeg is a part of the
Sport50-Network. This means that you can easily browse all the websites within
the network without having to register and login every time.

  * Home 
  * CLUB 
    * Back
    * COMITE 
    * JUGENDKOMMISSIOUN 
    * GESCHICHT 
    * WIKIPEDIA 
  * SENIORS 
   ...
---
#  F.C. Blo-Wäiss Izeg

Login

F.C. Blo-Wäiss Izeg is a member of

Sign in with your email:

You need to login to activate your account.

Login

Forgot your password?

Facebook  Twitter  The website of F.C. Blo-Wäiss Izeg is a part of the
Sport50-Network. This means that you can easily browse all the websites within
the network without having to register and login every time.

  * Home 
  * CLUB 
    * Back
    * COMITE 
    * JUGENDKOMMISSIOUN 
    * GESCHICHT 
    * WIKIPEDIA 
  * SENIORS 
   ..."
79,45,20,79_fondation_donation_sainte_foundation,"fondation, donation, sainte, foundation, hamilius, jean, unterstützung, dons, read, faire","*   *   * 

  * FAIRE UN DON
  * CONTACT

  * A propos
    * La Fondation Sainte-Irmine
    * Rapport annuel 2018
    * Comment faire un don
      * Virement bancaire
      * Cartes de crédit
      * DIGICASH
    * Dons libres
    * Déductibilité fiscale
    * Mentions légales
  * Nos projets
    * Pastorale
      * Retransmission des messes dominicales et de l’Octave
      * Réseau mondial de la prière du Pape
      * Développement du centre spirituel du Cents
    * Pastorale des jeunes
      *...
---
*   *   * 

  * FAIRE UN DON
  * CONTACT

  * A propos
    * La Fondation Sainte-Irmine
    * Rapport annuel 2018
    * Comment faire un don
      * Virement bancaire
      * Cartes de crédit
      * DIGICASH
    * Dons libres
    * Déductibilité fiscale
    * Mentions légales
  * Nos projets
    * Pastorale
      * Retransmission des messes dominicales et de l’Octave
      * Réseau mondial de la prière du Pape
      * Développement du centre spirituel du Cents
    * Pastorale des jeunes
      *...
---
*   *   * 

  * FAIRE UN DON
  * CONTACT

  * A propos
    * La Fondation Sainte-Irmine
    * Rapport annuel 2018
    * Comment faire un don
      * Virement bancaire
      * Cartes de crédit
      * DIGICASH
    * Dons libres
    * Déductibilité fiscale
    * Mentions légales
  * Nos projets
    * Pastorale
      * Retransmission des messes dominicales et de l’Octave
      * Réseau mondial de la prière du Pape
      * Développement du centre spirituel du Cents
    * Pastorale des jeunes
      *..."
80,45,21,80_fitness_trainer_sport_cardio,"fitness, trainer, sport, cardio, training, collectifs, cours, mois, fit, 19 30","Toggle Navigation

  * Le Club
  * Activités
  * Team
  * Photos
  * Planning
  * Formules
  * IFBBL
  * Contact
  * Blog
  * Corporate

  * Votre corps n'est pas Low cost ... 
Testez-nous!

  *   * 120 machines de musculationet 50 appareils de cardio-training. 
Un plateau  
haut de gamme

  * Proposés chaque mois 
Plus de 280  
cours collectifs

COURS COLLECTIFS

#### Cours de dance, renforcements musculaires, Brazilian Jiu Jitsu, ...

Nos activités

CARDIO & MUSCULATION

#### Un plateau haut d...
---
* Accueil
  * Perte de poids
    * Le sport et la perte de poids
  * Faire du sport
    * Comment garder la forme pendant la grossesse et après la cinquantaine ?
    * Le sport comme outils pour garder la forme
  * Fitness et bien-être
    * Comment le fitness vous apporte les clés du bien-être
    * Fitness et bien-être
  * Les bienfaits du sport
    * Les bienfaits du sport chez les femmes
    * Les bienfaits du sport pour la gente féminine
  * Des exercices
    * L'exercice, un gage de bien-ê...
---
Skip to content

Loading...

  * ## CLASSES
### To be the Number One train like Number Two!

  * HOME
  * FACILITIES
  * CLASSES
  * EVENTS
  * CONTACT

Classeswebmaster2019-07-18T09:17:26+00:00

## CARDIO | MUSCULAR | ZEN
Inspire and be inspired. Have fun in groups. Gain energy and motivation from
great instructors and others with similar interest.

We offer a wide range of great group activities. Whether your preference is
muscular training, zen, dance, martial art or cardio workout you will f..."
81,45,20,81_acquisition_bâtiments_fusion_42,"acquisition, bâtiments, fusion, 42, administratifs, maisons, génie, savoir, construction, 352 42","*   * A propos 
  * Merkur 
  * Contact 

Trier par secteurs d'activités

Commerce et autres activités commerciales non spécialement dénommées (99)
Sociétés de participations financières (13) Industrie, PMI et PME (99)
Banques, caisses rurales et autres activités financières (99) Assurances (99)
Hôtellerie, restauration et cafetiers (37)

Commerce et autres activités commerciales non spécialement dénommées (99)
Sociétés de participations financières (13) Industrie, PMI et PME (99)
Banques, caiss...
---
#

  * Vente & Location
  * Entreprise
    * À propos
    * Ressources & compétences
    * Historique
    * Nos filiales et partenaires
    * Notre concept de qualité
  * Métiers & Références
    * Génie civil
    * Bâtiments résidentiels
    * Industries & commerces
    * Bâtiments publics
    * Bâtiments administratifs
  * Offres immobilier neuf
    * Nos appartements
    * Nos maisons
    * Futurs projets
  * Immobilier Commercial
    * Bureaux & Commerces
    * Zones artisanales et industrie...
---
#

  * Vente & Location
  * Entreprise
    * À propos
    * Ressources & compétences
    * Historique
    * Nos filiales et partenaires
    * Notre concept de qualité
  * Métiers & Références
    * Génie civil
    * Bâtiments résidentiels
    * Industries & commerces
    * Bâtiments publics
    * Bâtiments administratifs
  * Offres immobilier neuf
    * Nos appartements
    * Nos maisons
    * Futurs projets
  * Immobilier Commercial
    * Bureaux & Commerces
    * Zones artisanales et industrie..."
82,45,12,82_000_000 000_données_traitement,"000, 000 000, données, traitement, personnelles, traitement données, données personnelles, finalités, confidentialité, politique confidentialité","* Accueil
  * Ventes
  * Locations
  * Contact

RECHERCHE

    
Transaction

     achatlocation
    
neuf

Localité

     - Dudelange Esch-sur-alzette Niederkorn Schouweiler Soleuvre
Type de bien

     - Appartement Maison
Budget

     - 100 000 150 000 200 000 250 000 300 000 350 000 400 000 450 000 500 000 550 000 600 000 650 000 700 000 800 000 900 000 1 000 000 1 500 000 2 000 000 3 000 000 4 000 000 5 000 000
à

     - 100 000 150 000 200 000 250 000 300 000 350 000 400 000 450 000 500 000 ...
---
* Accueil
  * Ventes
  * Locations
  * Contact

RECHERCHE

    
Transaction

     achatlocation
    
neuf

Localité

     - Dudelange Esch-sur-alzette Niederkorn Schouweiler Soleuvre
Type de bien

     - Appartement Maison
Budget

     - 100 000 150 000 200 000 250 000 300 000 350 000 400 000 450 000 500 000 550 000 600 000 650 000 700 000 800 000 900 000 1 000 000 1 500 000 2 000 000 3 000 000 4 000 000 5 000 000
à

     - 100 000 150 000 200 000 250 000 300 000 350 000 400 000 450 000 500 000 ...
---
* Accueil
  * Ventes
  * Locations
  * Contact

RECHERCHE

    
Transaction

     achatlocation
    
neuf

Localité

     - Beaufort Berbourg Grevenmacher Mondorf-les-bains Wasserbillig Barcelos Figueira da foz Figuira da foz
Type de bien

     - Appartement Local commercial Maison
Budget

     - 100 000 150 000 200 000 250 000 300 000 350 000 400 000 450 000 500 000 550 000 600 000 650 000 700 000 800 000 900 000 1 000 000 1 500 000 2 000 000 3 000 000 4 000 000 5 000 000
à

     - 100 000 150 ..."
83,45,13,83_iles_paix_action_monde,"iles, paix, action, monde, burkina faso, faso, burkina, march, february, togo","*   *   * 

  * Espace Presse

Search for:

Faire un don

# Iles de Paix

##

# Main menu

Skip to content

  * Sur le terrain
  * Qui sommes-nous ?
  * Ressources pédagogiques
  * Nous soutenir
  * Actualités
  * Contact

  * Zones d'action
    * L'ouganda
    * Le Bénin
    * Le Burkina Faso
    * Le Pérou
    * La Tanzanie
    * Zones Autonomes
  * Notre action
    * Alimentation
    * Infrastructures
    * Politique
  * Nos partenaires de terrain
    * Partenaires en Ouganda
    * Partenaire...
---
*   *   * 

  * Espace Presse

Search for:

Faire un don

# Iles de Paix

##

# Main menu

Skip to content

  * Sur le terrain
  * Qui sommes-nous ?
  * Ressources pédagogiques
  * Nous soutenir
  * Actualités
  * Contact

  * Zones d'action
    * L'ouganda
    * Le Bénin
    * Le Burkina Faso
    * Le Pérou
    * La Tanzanie
    * Zones Autonomes
  * Notre action
    * Alimentation
    * Infrastructures
    * Politique
  * Nos partenaires de terrain
    * Partenaires en Ouganda
    * Partenaire...
---
*   *   * 

  * Espace Presse

Search for:

Faire un don

# Iles de Paix

##

# Main menu

Skip to content

  * Sur le terrain
  * Qui sommes-nous ?
  * Ressources pédagogiques
  * Nous soutenir
  * Actualités
  * Contact

  * Zones d'action
    * L'ouganda
    * Le Bénin
    * Le Burkina Faso
    * Le Pérou
    * La Tanzanie
    * Zones Autonomes
  * Notre action
    * Alimentation
    * Infrastructures
    * Politique
  * Nos partenaires de terrain
    * Partenaires en Ouganda
    * Partenaire..."
84,44,16,84_lalux_sales lentz_lentz_sales,"lalux, sales lentz, lentz, sales, anfrage, voyages, savoir savoir, fahrer, travel, savoir","Sales Lentz

Sales Lentz

Karriere Kontakt Prospekte

Sales-Lentz Group

  * Executive Lane 
  * Flibco.com 
  * Voyages Léonard 
  * Travel Pro AmEx 
  * We love to travel 

DE

  * FR 
  * EN 
  * DE 
  * LU 

Sales Lentz

  * Privatpersonen
  * Gruppen
  * Schulen
  * Unternehmen
  * Gemeinden

### Jedem sein Fortbewegungsmittel.

Wählen Sie das am besten auf Ihre Bedürfnisse zugeschnittene Mittel

  * Hotels
  * Kontakt
  * Unsere Busflotte
  * Angebote und Sonderangebote
  * Wer sind wir?
 ...
---
Sales Lentz

Sales Lentz

Karriere Kontakt Prospekte

Sales-Lentz Group

  * Executive Lane 
  * Flibco.com 
  * Voyages Léonard 
  * Travel Pro AmEx 
  * We love to travel 

DE

  * FR 
  * EN 
  * DE 
  * LU 

Sales Lentz

  * Privatpersonen
  * Gruppen
  * Schulen
  * Unternehmen
  * Gemeinden

### Jedem sein Fortbewegungsmittel.

Wählen Sie das am besten auf Ihre Bedürfnisse zugeschnittene Mittel

  * Hotels
  * Kontakt
  * Unsere Busflotte
  * Angebote und Sonderangebote
  * Wer sind wir?
 ...
---
Sales Lentz

Sales Lentz

Karriere Kontakt Prospekte

Sales-Lentz Group

  * Executive Lane 
  * Flibco.com 
  * Voyages Léonard 
  * Travel Pro AmEx 
  * We love to travel 

DE

  * FR 
  * EN 
  * DE 
  * LU 

Sales Lentz

  * Privatpersonen
  * Gruppen
  * Schulen
  * Unternehmen
  * Gemeinden

### Jedem sein Fortbewegungsmittel.

Wählen Sie das am besten auf Ihre Bedürfnisse zugeschnittene Mittel

  * Hotels
  * Kontakt
  * Unsere Busflotte
  * Angebote und Sonderangebote
  * Wer sind wir?
 ..."
85,44,16,85_mass_fotos_formation_permanente,"mass, fotos, formation, permanente, journées, community, department, préparation, présentation, archive","En consultant ce site, vous acceptez l'utilisation de témoins pour améliorer
votre expérience et réaliser des statistiques d'audience. En savoir plus. ok  
  * Présentation . About
    * Présentation . Presentation
    * Rapports annuels
    * Activités . Activities
      * Archive . Past events
    * Liens . Links
  * Organisation . Organisation
    * Department of Religion, Communication, Education
      * Course on Biblical Pastoral Ministry
      * Twenty-first century religion – European an...
---
En consultant ce site, vous acceptez l'utilisation de témoins pour améliorer
votre expérience et réaliser des statistiques d'audience. En savoir plus. ok  
  * Présentation . About
    * Présentation . Presentation
    * Rapports annuels
    * Activités . Activities
      * Archive . Past events
    * Liens . Links
  * Organisation . Organisation
    * Department of Religion, Communication, Education
      * Course on Biblical Pastoral Ministry
      * Twenty-first century religion – European an...
---
En consultant ce site, vous acceptez l'utilisation de témoins pour améliorer
votre expérience et réaliser des statistiques d'audience. En savoir plus. ok  
  * Présentation . About
    * Présentation . Presentation
    * Rapports annuels
    * Activités . Activities
      * Archive . Past events
    * Liens . Links
  * Organisation . Organisation
    * Department of Religion, Communication, Education
      * Course on Biblical Pastoral Ministry
      * Twenty-first century religion – European an..."
86,42,42,86_domain_dns_44 11_hosting,"domain, dns, 44 11, hosting, 44, zone, 42, 11 fax, colocation, names","# Web Server's Default Page

* * *
## If you see this page it means:

  1. the DNS zone for this domain is has not been configured yet or
  2. hosting for this domain is not configured or
  3. no content has been uploaded yet or 
  4. this domain might be available for sale

## You can do the following:

  1. Log into your account at DNS-Stock to manage the DNS zone
  2. Order your hosting and upload contents

* * *
## Hosted by Visual Online S.A.

  * B.P. 2534
  * L-1025 Luxembourg
  * Télépho...
---
# Web Server's Default Page

* * *
## If you see this page it means:

  1. the DNS zone for this domain is has not been configured yet or
  2. hosting for this domain is not configured or
  3. no content has been uploaded yet or 
  4. this domain might be available for sale

## You can do the following:

  1. Log into your account at DNS-Stock to manage the DNS zone
  2. Order your hosting and upload contents

* * *
## Hosted by Visual Online S.A.

  * B.P. 2534
  * L-1025 Luxembourg
  * Télépho...
---
# Web Server's Default Page

* * *
## If you see this page it means:

  1. the DNS zone for this domain is has not been configured yet or
  2. hosting for this domain is not configured or
  3. no content has been uploaded yet or 
  4. this domain might be available for sale

## You can do the following:

  1. Log into your account at DNS-Stock to manage the DNS zone
  2. Order your hosting and upload contents

* * *
## Hosted by Visual Online S.A.

  * B.P. 2534
  * L-1025 Luxembourg
  * Télépho..."
87,42,10,87_pikes_senior_senior 2016_login,"pikes, senior, senior 2016, login, network, sport50, sport50 network, fédération luxembourgeoise, musel, walk","#  Cercle Equestre de Luxembourg

Login

Cercle Equestre de Luxembourg is a member of

Sign in with your email:

You need to login to activate your account.

Login

Forgot your password?

Facebook  Twitter  The website of Cercle Equestre de Luxembourg is a part of
the Sport50-Network. This means that you can easily browse all the websites
within the network without having to register and login every time.

  * HOME 
  * NEWS 
  * KALENNER 
  * CLUB 
    * Back
    * COMITE 
    * STATUS 
    * A...
---
#  Cercle Equestre de Luxembourg

Login

Cercle Equestre de Luxembourg is a member of

Sign in with your email:

You need to login to activate your account.

Login

Forgot your password?

Facebook  Twitter  The website of Cercle Equestre de Luxembourg is a part of
the Sport50-Network. This means that you can easily browse all the websites
within the network without having to register and login every time.

  * HOME 
  * NEWS 
  * KALENNER 
  * CLUB 
    * Back
    * COMITE 
    * STATUS 
    * A...
---
#  Cavaliers Réunis Luxembourgeois

Login

Cavaliers Réunis Luxembourgeois is a member of

Sign in with your email:

You need to login to activate your account.

Login

Forgot your password?

Facebook  Twitter  The website of Cavaliers Réunis Luxembourgeois is a part of
the Sport50-Network. This means that you can easily browse all the websites
within the network without having to register and login every time.

  * Home 
  * Verein 
    * Back
    * Kontakt 
    * Geschichte Verein 
    * CRL S..."
88,42,27,88_tapis_ut_dolore_tempor,"tapis, ut, dolore, tempor, dolor, magna, katalog, katalog katalog, nulla, created","* About
  * Branding
  * Linkedin
  * Events
  * Client Area
  * Price list
  * Contact Us
  * Find us

Tw Fb Pin

#  BlinkBlink Studio

Home  /  Art   /  Have no fear of art

Art / Contemporary art / Design / Lifestyle

###  Have no fear of art

Lorem ipsum dolor sit amet, consectetur adipiscing elit, sed do eiusmod tempor
incididunt ut labore et dolore magna aliqua. Ut enim ad inim veniam, quis
nostrud exercitation ullamco laboris nisi ut aliquip ex ea commodo consequat.
Duis aute irure dolor ...
---
* About
  * Branding
  * Linkedin
  * Events
  * Client Area
  * Price list
  * Contact Us
  * Find us

Tw Fb Pin

#  BlinkBlink Studio

Home  /  Art   /  Look at unusual things

####  “Ipsum dolor sit amet, consectetur adipis elit, sed do eiusmod tempor
incididunt...”

Curtis Dosh

Lorem ipsum dolor sit amet, consectetur adipiscing elit, sed do eiusmod tempor
incididunt ut labore et dolore magna aliqua. Ut enim ad inim veniam, quis
nostrud exercitation ullamco laboris nisi ut aliquip ex ea comm...
---
* About
  * Branding
  * Linkedin
  * Events
  * Client Area
  * Price list
  * Contact Us
  * Find us

Tw Fb Pin

#  BlinkBlink Studio

Home  /  Art   /  Good design is honest

Art / Contemporary art / Design / Lifestyle

###  Good design is honest

Lorem ipsum dolor sit amet, consectetur adipiscing elit, sed do eiusmod tempor
incididunt ut labore et dolore magna aliqua. Ut enim ad inim veniam, quis
nostrud exercitation ullamco laboris nisi ut aliquip ex ea commodo consequat.
Duis aute irure do..."
89,42,10,89_ps_auswahl_cookies zulassen_zulassen,"ps, auswahl, cookies zulassen, zulassen, katalog, treffen, agb datenschutz, 26 72, datenschutz, datenschutz impressum","* Home
  * Unternehmen
    * Team
    * Partner & Hersteller
  * Projektentwicklung
    * Unsere Projekte
  * Portfolio
    * Betriebseinrichtungen
    * Büroeinrichtungen
    * Schulmöbel & Lehrmittel
    * Objekteinrichtungen
    * Raummodule
    * Planung und Konzeption
  * Kontakt
    * Ansprechpartner
    * Katalog
    * AGB
    * Datenschutz
  * Impressum
  * Katalog
  *   *   * 

  * Home
  * Unternehmen
    * Team
    * Partner & Hersteller
  * Projektentwicklung
    * Unsere Projekte
  ...
---
* Home
  * Unternehmen
    * Team
    * Partner & Hersteller
  * Projektentwicklung
    * Unsere Projekte
  * Portfolio
    * Betriebseinrichtungen
    * Büroeinrichtungen
    * Schulmöbel & Lehrmittel
    * Objekteinrichtungen
    * Raummodule
    * Planung und Konzeption
  * Kontakt
    * Ansprechpartner
    * Katalog
    * AGB
    * Datenschutz
  * Impressum
  * Katalog
  *   *   * 

  * Home
  * Unternehmen
    * Team
    * Partner & Hersteller
  * Projektentwicklung
    * Unsere Projekte
  ...
---
* Home
  * Unternehmen
    * Team
    * Partner & Hersteller
  * Projektentwicklung
    * Unsere Projekte
  * Portfolio
    * Betriebseinrichtungen
    * Büroeinrichtungen
    * Schulmöbel & Lehrmittel
    * Objekteinrichtungen
    * Raummodule
    * Planung und Konzeption
  * Kontakt
    * Ansprechpartner
    * Katalog
    * AGB
    * Datenschutz
  * Impressum
  * Katalog
  *   *   * 

  * Home
  * Unternehmen
    * Team
    * Partner & Hersteller
  * Projektentwicklung
    * Unsere Projekte
  ..."
90,42,42,90_changé nom_momentanément indisponible_recherchez supprimée_introuvable recherchez,"changé nom, momentanément indisponible, recherchez supprimée, introuvable recherchez, supprimée changé, nom momentanément, indisponible revenir, demandée introuvable, supprimée, momentanément","Afin de fournir une fonctionnalité complète, ce site Web nécessite votre
consentement explicite pour stocker des cookies de navigateur. Si vous
n'autorisez pas les cookies, vous ne pourrez peut-être pas utiliser certaines
fonctionnalités du site Web, notamment les suivantes: contenu personnalisé,
changement de culture. Il est recommandé d'autoriser tous les cookies.

  * Accueil
  * Presentation
  * Produits & Services
  * Nos tatouages
  * Contact

>

La page que vous avez demandée est introuva...
---
Afin de fournir une fonctionnalité complète, ce site Web nécessite votre
consentement explicite pour stocker des cookies de navigateur. Si vous
n'autorisez pas les cookies, vous ne pourrez peut-être pas utiliser certaines
fonctionnalités du site Web, notamment les suivantes: contenu personnalisé,
changement de culture. Il est recommandé d'autoriser tous les cookies.

  * Accueil
  * Presentation
  * Produits & Services
  * Nos Soins
  * Contact

>

La page que vous avez demandée est introuvable....
---
Afin de fournir une fonctionnalité complète, ce site Web nécessite votre
consentement explicite pour stocker des cookies de navigateur. Si vous
n'autorisez pas les cookies, vous ne pourrez peut-être pas utiliser certaines
fonctionnalités du site Web, notamment les suivantes: contenu personnalisé,
changement de culture. Il est recommandé d'autoriser tous les cookies.

  * Accueil
  * Presentation
  * Produits & Services
  * Nos soins
  * Contact

>

La page que vous avez demandée est introuvable...."
91,40,21,91_wow_wishlist_blog_event,"wow, wishlist, blog, event, posted, card, 10h, party, leave, set","Jaine Drake - Basement Studio

Blog, gallery and online shop

Skip to content

  * Home
  * Online Shop
  * Basement Sixty Five on Etsy
  * Inspiration
    * Altered art and canvases
    * Journal pages
    * Mini books and journals
    * Videos
  * Contact Us

<- WOW Embossing Powders and Honey Bee Stamps blog hop

WOW And Catherine Pooler Blog Hop ->

# Pretty In Pink Baby Card

Posted on 11/06/2018 by blogmanager | 2 Comments
Happy Monday from a very stormy and wet Luxembourg. I hope the weat...
---
#  Jaine Drake - Basement Studio

Blog, gallery and online shop

Skip to content

  * Home
  * Online Shop
  * Basement Sixty Five on Etsy
  * Inspiration
    * Altered art and canvases
    * Journal pages
    * Mini books and journals
    * Videos
  * Contact Us

<- Older posts

## Summer Dandelions

Posted on 05/07/2019 by blogmanager | Leave a comment
What could say summer more than a dandelion just waiting to explode into the
warm air? I think that is probably one of the reasons why I love t...
---
#  Jaine Drake - Basement Studio

Blog, gallery and online shop

Skip to content

  * Home
  * Online Shop
  * Basement Sixty Five on Etsy
  * Inspiration
    * Altered art and canvases
    * Journal pages
    * Mini books and journals
    * Videos
  * Contact Us

<- Older posts

Newer posts ->

## Autumn Term From The Studio

Posted on 01/09/2018 by blogmanager | 2 Comments
I love Autumn especially living here in a country blanketed by forest. When
the leaves turn it's magical.

We do tend to g..."
92,40,12,92_creos_cbd_industrie_cannabis,"creos, cbd, industrie, cannabis, lieferanten, anschluss, rh, indoor, strom, cookies","# Creos Luxembourg

  * Blog
  * Presse
  * Kontakt
  * Downloads

  * Fr
  * De

Menu

C

  * Privatkunden
    *       * ## Strom
      * Anschluss
      * Lieferanten
      * Sicherheitstipps
    *       * ## Erdgas
      * Anschluss
      * Lieferanten
      * Sicherheitstipps
    *       * ## Dienstleistungen
      * Verbrauchsdaten
      * Ortung & Markierung
      * Ausästen
    * E-MOBILITY
    * FAQ
  * Gewerbekunden
    *       * ## Strom
      * Anschluss
      * Lieferanten
      * Wi...
---
# Creos Luxembourg

  * Blog
  * Presse
  * Kontakt
  * Downloads

  * Fr
  * De

Menu

C

  * Privatkunden
    *       * ## Strom
      * Anschluss
      * Lieferanten
      * Sicherheitstipps
    *       * ## Erdgas
      * Anschluss
      * Lieferanten
      * Sicherheitstipps
    *       * ## Dienstleistungen
      * Verbrauchsdaten
      * Ortung & Markierung
      * Ausästen
    * E-MOBILITY
    * FAQ
  * Gewerbekunden
    *       * ## Strom
      * Anschluss
      * Lieferanten
      * Wi...
---
# Creos Luxembourg

  * Blog
  * Presse
  * Kontakt
  * Downloads

  * Fr
  * De

Menu

C

  * Privatkunden
    *       * ## Strom
      * Anschluss
      * Lieferanten
      * Sicherheitstipps
    *       * ## Erdgas
      * Anschluss
      * Lieferanten
      * Sicherheitstipps
    *       * ## Dienstleistungen
      * Verbrauchsdaten
      * Ortung & Markierung
      * Ausästen
    * E-MOBILITY
    * FAQ
  * Gewerbekunden
    *       * ## Strom
      * Anschluss
      * Lieferanten
      * Wi..."
93,39,12,93_sofitex_talent_recruitment_fort expérience,"sofitex, talent, recruitment, fort expérience, réseau international, 30 ans, ressources humaines, intérim, humaines, bewerbung","* Direkt zur Navigation springen
  * Direkt zum Inhalt springen

Sofitex Luxembourg

  * Stellenangebote
  * Lebenslauf einreichen
  * Arbeitegeber

  * Agenturen
  * Wer sind wir?

FrançaisEnglishDeutschPortuguês

# Stellenangebote Leiharbeit und Zeitarbeit, befristet/unbefristet : finden
Sie Ihren zukünftigen Job

Verfeinern Sie Ihre Suche

Keywords

TätigkeitsbereichAlle TätigkeitsbereicheBanken und BuchhaltungHoch- und
TiefbauHandel und GroßhandelHotel- und GaststättengewerbeIndustrieIT und
...
---
* Direkt zur Navigation springen
  * Direkt zum Inhalt springen

Sofitex Luxembourg

  * Stellenangebote
  * Lebenslauf einreichen
  * Arbeitegeber

  * Agenturen
  * Wer sind wir?

FrançaisEnglishDeutschPortuguês

# Stellenangebote Leiharbeit und Zeitarbeit, befristet/unbefristet : finden
Sie Ihren zukünftigen Job

Verfeinern Sie Ihre Suche

Keywords

TätigkeitsbereichAlle TätigkeitsbereicheBanken und BuchhaltungHoch- und
TiefbauHandel und GroßhandelHotel- und GaststättengewerbeIndustrieIT und
...
---
* Go directly to navigation
  * Go directly to content

Sofitex Talent Recruitment Luxembourg

  * Job offers
  * Submit your resume
  * Recruiters

  * Our agencies
  * Who are we?

EnglishFrançais

# Job offers specialized in recruiting and delegating experts : Finance -
Office - IT

Refine your search

Keywords

Activity sectorsAll sectors of activityCommercial / SalesAccounting / Finance
& Banking / InsuranceProject managementIT and TechnologyAdministrative
ServicesCustomer Services

Search
..."
94,39,13,94_argenta_fund_17 07_investment,"argenta, fund, 17 07, investment, funds, global, asset, 07 2019, asset management, etf","Investor type Private Investor Intermediary Institutional

English

Select country Australia Austria Belgium Denmark Finland France Germany Hong
Kong Ireland Italy Luxembourg Middle East Netherlands Norway Portugal
Singapore Spain Sweden Switzerland U.S. UK

  * Global Home
  * Media Centre
  * Contact us

  * Home
  *   * Investment Themes
    * The UN Sustainable Development Goals & Our Themes
    * Responsible Investments
    * Behavioural Finance
    * Columbia Threadneedle Proprietary Respo...
---
﻿

Argenta logo

  * Home
  * Wie zijn we
    * Aam
    * Team
    * Bescherming van de beleggers
  * Onze fondsen
  * Nieuws
    * Actua
    * Blog
  * Contact
  * Nl
    * Français
    * Nederlands

# Onze fondsen

Wat uw beleggingshorizon, -profiel en -doelen ook zijn, bij ons vindt u vast
de fondsen die u zoekt. Argenta Asset Management SA biedt u uitsluitend
gereguleerde beleggingsfondsen (icbe’s) , met een Europees paspoort,
onderworpen aan Richtlijn 2009/65 / EG van 13 juli 2009.

## Fond...
---
﻿

Argenta logo

  * Home
  * Wie zijn we
    * Aam
    * Team
    * Bescherming van de beleggers
  * Onze fondsen
  * Nieuws
    * Actua
    * Blog
  * Contact
  * Nl
    * Français
    * Nederlands

# Onze fondsen

Wat uw beleggingshorizon, -profiel en -doelen ook zijn, bij ons vindt u vast
de fondsen die u zoekt. Argenta Asset Management SA biedt u uitsluitend
gereguleerde beleggingsfondsen (icbe’s) , met een Europees paspoort,
onderworpen aan Richtlijn 2009/65 / EG van 13 juli 2009.

## Fond..."
95,39,16,95_modelprice_retail_vat modelprice_di,"modelprice, retail, vat modelprice, di, 2019 07, vat, crédit, 22 11, nissan, assurance","* Passer au contenu principal 

{""370z-coupe"":{""Retail"":{""modelPrice"":""31900.83""},""Updated_On"":""2019.07.22.11.31.39"",""modelCode"":""370ZZ34L"",""Retail
with
VAT"":{""modelPrice"":""37952""}},""e-nv200-van"":{""Retail"":{""modelPrice"":""32620""},""Updated_On"":""2019.07.22.11.31.39"",""modelCode"":""ENV200ME0A"",""Retail
with
VAT"":{""modelPrice"":""39470""}},""nv400"":{""Retail"":{""modelPrice"":""25190""},""VAT
Only"":{""modelPrice"":""5226.9""},""Updated_On"":""2019.07.22.11.31.39"",""modelCode"":""NV400X62B"",""Retail
with VAT"":{""modelPrice"":""2...
---
* Passer au contenu principal 

{""370z-coupe"":{""Retail"":{""modelPrice"":""31900.83""},""Updated_On"":""2019.07.22.11.34.51"",""modelCode"":""370ZZ34L"",""Retail
with
VAT"":{""modelPrice"":""37952""}},""e-nv200-van"":{""Retail"":{""modelPrice"":""32620""},""Updated_On"":""2019.07.22.11.34.51"",""modelCode"":""ENV200ME0A"",""Retail
with
VAT"":{""modelPrice"":""39470""}},""nv400"":{""Retail"":{""modelPrice"":""25190""},""VAT
Only"":{""modelPrice"":""5226.9""},""Updated_On"":""2019.07.22.11.34.51"",""modelCode"":""NV400X62B"",""Retail
with VAT"":{""modelPrice"":""2...
---
* Passer au contenu principal 

{""370z-coupe"":{""Retail"":{""modelPrice"":""31900.83""},""Updated_On"":""2019.07.22.11.34.16"",""modelCode"":""370ZZ34L"",""Retail
with
VAT"":{""modelPrice"":""37952""}},""e-nv200-van"":{""Retail"":{""modelPrice"":""32620""},""Updated_On"":""2019.07.22.11.34.16"",""modelCode"":""ENV200ME0A"",""Retail
with
VAT"":{""modelPrice"":""39470""}},""nv400"":{""Retail"":{""modelPrice"":""25190""},""VAT
Only"":{""modelPrice"":""5226.9""},""Updated_On"":""2019.07.22.11.34.16"",""modelCode"":""NV400X62B"",""Retail
with VAT"":{""modelPrice"":""2..."
96,39,9,96_fleurs_mariage_30_08 30,"fleurs, mariage, 30, 08 30, voir produit, produit, 09 30, 14 00, amenagement, 00","Afin de fournir une fonctionnalité complète, ce site Web nécessite votre
consentement explicite pour stocker des cookies de navigateur. Si vous
n'autorisez pas les cookies, vous ne pourrez peut-être pas utiliser certaines
fonctionnalités du site Web, notamment les suivantes: contenu personnalisé,
changement de culture. Il est recommandé d'autoriser tous les cookies.

  * Accueil
  * Presentation
  * Produits & Services
  * Notre catalogue
    * Bouquets
    * Arrangement de fleurs
    * Plantes ...
---
Afin de fournir une fonctionnalité complète, ce site Web nécessite votre
consentement explicite pour stocker des cookies de navigateur. Si vous
n'autorisez pas les cookies, vous ne pourrez peut-être pas utiliser certaines
fonctionnalités du site Web, notamment les suivantes: contenu personnalisé,
changement de culture. Il est recommandé d'autoriser tous les cookies.

  * Accueil
  * Presentation
  * Produits & Services
  * Notre catalogue
    * Bouquets
    * Arrangement de fleurs
    * Plantes ...
---
Afin de fournir une fonctionnalité complète, ce site Web nécessite votre
consentement explicite pour stocker des cookies de navigateur. Si vous
n'autorisez pas les cookies, vous ne pourrez peut-être pas utiliser certaines
fonctionnalités du site Web, notamment les suivantes: contenu personnalisé,
changement de culture. Il est recommandé d'autoriser tous les cookies.

  * Accueil
  * Presentation
  * Produits & Services
  * Notre catalogue
    * Bouquets
    * Arrangement de fleurs
    * Plantes ..."
97,38,4,97_transports_beruf_quai_offene,"transports, beruf, quai, offene, familie, déchets, bech, moselle, inhalte, ansprechpartner","* Sablière Hein
  * Transports Hein
  * Hein Déchets

  *   *   *   * 

  *   *   *   * 

  * News
  * Unternehmen
    * Geschichte
  * Produkte
    * Preisliste
  * Dienstleistungen
  * Deponie
  * Beton-Tanken
  * Öffnungszeiten
  * Ansprechpartner
  * Anfahrt
  * Downloadcenter
  * Wir suchen
    * Bewerbung
    * Familie & Beruf
    * Offene Stellen
    * Charte de Médiation
  * Impressum

* * *
* * *
## Wir suchen!

* * *
* * *
* * *
### Hein Group

* * *
  
Wir, die HEIN Group, beschäftige...
---
* Sablière Hein
  * Transports Hein
  * Hein Déchets

  *   *   * 

  *   *   * 

  * Unternehmen
    * Geschichte
  * Recycling
  * Containerpark
  * Container/Behälter
  * Öffnungszeiten
  * Ansprechpartner
  * Anfahrt
  * Downloadcenter
  * Wir suchen
    * Bewerbung
    * Familie & Beruf
    * Offene Stellen
    * Charte de Médiation
  * Impressum

* * *
* * *
## Wir suchen!

* * *
* * *
* * *
### Hein Group

* * *
  
Wir, die HEIN Group, beschäftigen insgesamt 205 Mitarbeiter und
Mitarbeite...
---
* Sablière Hein
  * Transports Hein
  * Hein Déchets

  *   *   * 

  *   *   * 

  * Unternehmen
    * Geschichte
  * Recycling
  * Containerpark
  * Container/Behälter
  * Öffnungszeiten
  * Ansprechpartner
  * Anfahrt
  * Downloadcenter
  * Wir suchen
    * Bewerbung
    * Familie & Beruf
    * Offene Stellen
    * Charte de Médiation
  * Impressum

* * *
* * *
## Anfahrt  

* * *
* * *

  
  

                
  1, quai de la Moselle B.P. 74 Tél.:(+352)26662-1 info(at)heingroup.lu  
  L-5405..."
98,38,14,98_judo_club_ultra_entraînements,"judo, club, ultra, entraînements, mëllerdall, trail, 2012, saison, horaires, championnats","# Judo Club Ettelbruck

## Club de Judo et Jujitsu affilié à la FLAM

Menu Aller au contenu

  * Le Club
    * Comité
    * Historique du club
    * Le Dojo
    * Horaires des entraînements
  * Judo
    * Jigoro Kano – le fondateur du Judo
    * Horaires des entraînements
    * Le Dojo
    * Les moniteurs
    * Judo – saison 2018/2019
    * Judo – saison 2017/2018
    * Judo – saison 2016/2017
    * Judo – saison 2015/2016
  * Ju-Jitsu
    * Horaires des entraînements
    * Le Dojo
    * Les mon...
---
# Judo Club Ettelbruck

## Club de Judo et Jujitsu affilié à la FLAM

Menu Aller au contenu

  * Le Club
    * Comité
    * Historique du club
    * Le Dojo
    * Horaires des entraînements
  * Judo
    * Jigoro Kano – le fondateur du Judo
    * Horaires des entraînements
    * Le Dojo
    * Les moniteurs
    * Judo – saison 2018/2019
    * Judo – saison 2017/2018
    * Judo – saison 2016/2017
    * Judo – saison 2015/2016
  * Ju-Jitsu
    * Horaires des entraînements
    * Le Dojo
    * Les mon...
---
# Judo Club Ettelbruck

## Club de Judo et Jujitsu affilié à la FLAM

Menu Aller au contenu

  * Le Club
    * Comité
    * Historique du club
    * Le Dojo
    * Horaires des entraînements
  * Judo
    * Jigoro Kano – le fondateur du Judo
    * Horaires des entraînements
    * Le Dojo
    * Les moniteurs
    * Judo – saison 2018/2019
    * Judo – saison 2017/2018
    * Judo – saison 2016/2017
    * Judo – saison 2015/2016
  * Ju-Jitsu
    * Horaires des entraînements
    * Le Dojo
    * Les mon..."
99,38,24,99_transport_entrez_obligatoire_voyages,"transport, entrez, obligatoire, voyages, 24h, express, 24h 24, chauffeur, ligne, taxi","* Accueil
  * Presentation
  * Nous proposons
  * Nos Services
  * Contact

  *   *   * 

## Qui sommes-nous ?

Ponctualite, rapidite, efficacite et professionnalisme

Taxi et Ambulances EUROLUX a ete creee en 2005, nous disposons des ambulances
equipees pour le transport couche, VSL pour le transport assis et de Taxi.

Dans le respect des normes d'hygiene et de securite en vigueur, nous vous
garantissons un service de qualite a chaque intervention.

Soucieux de votre bien-etre, nous vous transp...
---
* Accueil
  * Presentation
  * Nous proposons
  * Nos Services
  * Contact

  *   *   * 

# Nous proposons

### Nos activités

  * Transport routier
  * Ambulance

### Nos produits et services

  * Transport international
  * Taxi
  * Transport de malade
  * Transport de malade assis
  * Transport de personnes

### Nous vous proposons

  * Ambulance
  * Transports nationaux
  * Transports en ambulances
  * Transferts hospitaliers
  * Prise en charge
  * Taxi Kayl
  * Taxi Tétange
  * Taxi chaise...
---
La solution pour vos  
Transports / Livraisons / Déménagements  
alliant réactivité, flexibilité et professionnalisme

APPELEZ-NOUS 24H/24

\+ 352 26 48 20 99

ACCUEIL

SOCIÉTÉ

  * GALERIE

SERVICES

  * LIVRAISON EXPRESS
  * DÉMÉNAGEMENT
  * MONTE CHARGE / LIFT
  * INSTALLATION TECHNIQUE

RÉFÉRENCES

CONTACT

  * FORMULAIRE DEVIS

LIVRAISON EXPRESS

La livraison Express est un service qui vous permet de transporter votre
envoi/colis directement après votre appel si c'est urgent ou de programme..."
100,37,21,100_php_warning_var_valid,"php, warning, var, valid, result, pdf, xml, function, rendu, invitation","Warning: mysql_fetch_array(): supplied argument is not a valid MySQL result
resource in /var/www/web33/html/_lib/functions_site.php on line 105  
  
Warning: mysql_fetch_assoc(): supplied argument is not a valid MySQL result
resource in /var/www/web33/html/_lib/design.php on line 17  
  
Warning: mysql_fetch_assoc(): supplied argument is not a valid MySQL result
resource in /var/www/web33/html/_lib/design.php on line 39  
  
Warning: array_keys() [function.array-keys]: The first argument should ...
---
Warning: mysql_fetch_array(): supplied argument is not a valid MySQL result
resource in /var/www/web33/html/_lib/functions_site.php on line 105  
  
Warning: mysql_fetch_assoc(): supplied argument is not a valid MySQL result
resource in /var/www/web33/html/_lib/design.php on line 17  
  
Warning: mysql_fetch_assoc(): supplied argument is not a valid MySQL result
resource in /var/www/web33/html/_lib/design.php on line 39  
  
Warning: mysql_fetch_assoc(): supplied argument is not a valid MySQL re...
---
Warning: mysql_fetch_array(): supplied argument is not a valid MySQL result
resource in /var/www/web33/html/_lib/functions_site.php on line 105  
  
Warning: mysql_fetch_assoc(): supplied argument is not a valid MySQL result
resource in /var/www/web33/html/_lib/design.php on line 17  
  
Warning: mysql_fetch_assoc(): supplied argument is not a valid MySQL result
resource in /var/www/web33/html/_lib/design.php on line 39  
  
Warning: array_keys() [function.array-keys]: The first argument should ..."
101,37,15,101_office_extensions_savoir_àr,"office, extensions, savoir, àr, meeting, institute, vat, charlotte, news, city","* Home
  * Community
    * About us
    * Our members
    * The Office News
    * The Office Events
  * Our Locations
    * The Office ""Charlotte""
    * The Office ""City""
  * Pricing
  * Meeting rooms
  * Contact us

Menu

  * Home
  * Community
    * About us
    * Our members
    * The Office News
    * The Office Events
  * Our Locations
    * The Office ""Charlotte""
    * The Office ""City""
  * Pricing
  * Meeting rooms
  * Contact us

Facebook Instagram Linkedin

# About us

We believe that a...
---
* Home
  * Community
    * About us
    * Our members
    * The Office News
    * The Office Events
  * Our Locations
    * The Office ""Charlotte""
    * The Office ""City""
  * Pricing
  * Meeting rooms
  * Contact us

Menu

  * Home
  * Community
    * About us
    * Our members
    * The Office News
    * The Office Events
  * Our Locations
    * The Office ""Charlotte""
    * The Office ""City""
  * Pricing
  * Meeting rooms
  * Contact us

Facebook Instagram Linkedin

# Our full prices

## Coworki...
---
* Home
  * Community
    * About us
    * Our members
    * The Office News
    * The Office Events
  * Our Locations
    * The Office ""Charlotte""
    * The Office ""City""
  * Pricing
  * Meeting rooms
  * Contact us

Menu

  * Home
  * Community
    * About us
    * Our members
    * The Office News
    * The Office Events
  * Our Locations
    * The Office ""Charlotte""
    * The Office ""City""
  * Pricing
  * Meeting rooms
  * Contact us

Space to work

# Coworking spaces & Offices

Imagine if  
..."
102,37,10,102_2018 2019_2017 2018_summit_2016 2017,"2018 2019, 2017 2018, summit, 2016 2017, summit 2019, 2017, 2018, 2016, 2019, senior","#

# FC Tricolore Gasperich

Skip navigation

  * Home
  * News
  * Info
  * Kontakt
  * Sponsoren
  * Matchcenter
  * Equipen
  * Jugend
  * Multimedia
  * Links

  Skip navigation Home  News  Info  – Geschicht  Kontakt  Sponsoren
Matchcenter  – Aktuell Matcher  – Resultater & Tabellen  – Planning Tricolore
Equipen  – Trainingsplang Terrain  – Senior 1  –– Senior 1 2019-2020  –––
Programm 1.Equip 2019/2020  –– Senior 1 2018-2019  ––– Programm 1.Equip
2018/2019  ––– Mätcher Senior 1 2018/2019  –...
---
#

# FC Tricolore Gasperich

Skip navigation

  * Home
  * News
  * Info
  * Kontakt
  * Sponsoren
  * Matchcenter
  * Equipen
  * Jugend
  * Multimedia
  * Links

  Skip navigation Home  News  Info  – Geschicht  Kontakt  Sponsoren
Matchcenter  – Aktuell Matcher  – Resultater & Tabellen  – Planning Tricolore
Equipen  – Trainingsplang Terrain  – Senior 1  –– Senior 1 2019-2020  –––
Programm 1.Equip 2019/2020  –– Senior 1 2018-2019  ––– Programm 1.Equip
2018/2019  ––– Mätcher Senior 1 2018/2019  –...
---
#

# FC Tricolore Gasperich

Skip navigation

  * Home
  * News
  * Info
  * Kontakt
  * Sponsoren
  * Matchcenter
  * Equipen
  * Jugend
  * Multimedia
  * Links

  Skip navigation Home  News  Info  – Geschicht  Kontakt  Sponsoren
Matchcenter  – Aktuell Matcher  – Resultater & Tabellen  – Planning Tricolore
Equipen  – Trainingsplang Terrain  – Senior 1  –– Senior 1 2019-2020  –––
Programm 1.Equip 2019/2020  –– Senior 1 2018-2019  ––– Programm 1.Equip
2018/2019  ––– Mätcher Senior 1 2018/2019  –..."
103,37,4,103_iee_automobilindustrie_gebäudemanagement_sicherheit,"iee, automobilindustrie, gebäudemanagement, sicherheit, sensing, mli, gesundheit, technologie, 3d, nachhaltiger","###

‹ › ×

###

‹ › ×

###

‹ › ×

  * Über uns 
    * Das Unternehmen 
    * Ein nachhaltiger Ansatz 
    * Innovation 
  * Anwendungsbereiche 
    * Automobilindustrie 
    * Gebäudemanagement & -sicherheit 
    * Eingabegeräte 
    * Sport & Gesundheit 
  * Produkte 
    * Automobilindustrie 
    * Gebäudemanagement & -sicherheit 
    * Eingabegeräte 
    * Sport & Gesundheit 
  * Technologien 
    * Kapazitive Technologie 
    * Elektromagnetische Sensorik 
    * Force Sensing Resistor 
   ...
---
###

‹ › ×

###

‹ › ×

###

‹ › ×

  * Über uns 
    * Das Unternehmen 
    * Ein nachhaltiger Ansatz 
    * Innovation 
  * Anwendungsbereiche 
    * Automobilindustrie 
    * Gebäudemanagement & -sicherheit 
    * Eingabegeräte 
    * Sport & Gesundheit 
  * Produkte 
    * Automobilindustrie 
    * Gebäudemanagement & -sicherheit 
    * Eingabegeräte 
    * Sport & Gesundheit 
  * Technologien 
    * Kapazitive Technologie 
    * Elektromagnetische Sensorik 
    * Force Sensing Resistor 
   ...
---
###

‹ › ×

###

‹ › ×

###

‹ › ×

  * Über uns 
    * Das Unternehmen 
    * Ein nachhaltiger Ansatz 
    * Innovation 
  * Anwendungsbereiche 
    * Automobilindustrie 
    * Gebäudemanagement & -sicherheit 
    * Eingabegeräte 
    * Sport & Gesundheit 
  * Produkte 
    * Automobilindustrie 
    * Gebäudemanagement & -sicherheit 
    * Eingabegeräte 
    * Sport & Gesundheit 
  * Technologien 
    * Kapazitive Technologie 
    * Elektromagnetische Sensorik 
    * Force Sensing Resistor 
   ..."
104,36,36,104_00_legales mentions_legales_mentions,"00, legales mentions, legales, mentions, légales nom, nom raison, code nace, raison sociale, 08 00, mentions legales","Afin de fournir une fonctionnalité complète, ce site Web nécessite votre
consentement explicite pour stocker des cookies de navigateur. Si vous
n'autorisez pas les cookies, vous ne pourrez peut-être pas utiliser certaines
fonctionnalités du site Web, notamment les suivantes: contenu personnalisé,
changement de culture. Il est recommandé d'autoriser tous les cookies.

Echangez, partagez

  *   *   * 

  * Accueil
  * Presentation
  * Produits & Services
  * Soins capillaires
  * Contact

> Mentio...
---
Afin de fournir une fonctionnalité complète, ce site Web nécessite votre
consentement explicite pour stocker des cookies de navigateur. Si vous
n'autorisez pas les cookies, vous ne pourrez peut-être pas utiliser certaines
fonctionnalités du site Web, notamment les suivantes: contenu personnalisé,
changement de culture. Il est recommandé d'autoriser tous les cookies.

Echangez, partagez

  *   *   * 

  * Accueil
  * Presentation
  * Produits & Services
  * Realisations
  * Contact

> Mentions le...
---
Afin de fournir une fonctionnalité complète, ce site Web nécessite votre
consentement explicite pour stocker des cookies de navigateur. Si vous
n'autorisez pas les cookies, vous ne pourrez peut-être pas utiliser certaines
fonctionnalités du site Web, notamment les suivantes: contenu personnalisé,
changement de culture. Il est recommandé d'autoriser tous les cookies.

Réflexologue - Pédicure médicale diplomée

  * Accueil
  * Presentation
  * Produits & Services
  * Nos soins 
    * Reflexologie ..."
105,36,12,105_sitemap_senior_contern_login,"sitemap, senior, contern, login, network, dialogue, dames, https, sport50 network, sport50","#  Union Mertert Wasserbillig

Login

Union Mertert Wasserbillig is a member of

Sign in with your email:

You need to login to activate your account.

Login

Forgot your password?

Facebook  Twitter  The website of Union Mertert Wasserbillig is a part of the
Sport50-Network. This means that you can easily browse all the websites within
the network without having to register and login every time.

  * Home 
  * Ekippen 
    * Back
    * Seniors 
      * Back
      * 1.Ekipp 
        * Back
     ...
---
#  AB Contern

Login

AB Contern is a member of

Sign in with your email:

You need to login to activate your account.

Login

Forgot your password?

Facebook  Twitter  The website of AB Contern is a part of the Sport50-Network.
This means that you can easily browse all the websites within the network
without having to register and login every time.

  * Home 
  * News 
  * Senior Men 
    * Back
    * Results Men A 
    * News - Next Games 
    * Senior Men B 
    * Results Men B 
  * Senior Wo...
---
#  Union Mertert Wasserbillig

Login

Union Mertert Wasserbillig is a member of

Sign in with your email:

You need to login to activate your account.

Login

Forgot your password?

Facebook  Twitter  The website of Union Mertert Wasserbillig is a part of the
Sport50-Network. This means that you can easily browse all the websites within
the network without having to register and login every time.

  * Home 
  * Ekippen 
    * Back
    * Seniors 
      * Back
      * 1.Ekipp 
        * Back
     ..."
106,36,32,106_iphone_écran_samsung_écran iphone,"iphone, écran, samsung, écran iphone, réparation, ipad, batterie, vitre, huawei, caméra","Contenu en pleine largeur

621 410 435 / 26 11 93 32[email protected]N-234 Route d'arlon , 8010 Strassen
, Luxembourg

  * Français
  * English (Anglais)

FacebookTwitterGoogle+

Search: Search

Menu

Pc Express Luxembourg

Réparation Rapide Smartphone Tablet et Ordinateur

  * Accueil
  * iPhone
    * Réparation iPhone Xs et Xr
      * Écran iPhone Xr
      * Écran moins cher iPhone Xr
      * Écran iPhone Xs
      * Écran iPhone Xs Max
    * Réparation iPhone X
      * Écran iPhone X
      * È...
---
Contenu en pleine largeur

621 410 435 / 26 11 93 32[email protected]N-234 Route d'arlon , 8010 Strassen
, Luxembourg

  * Français
  * English (Anglais)

FacebookTwitterGoogle+

Search: Search

Menu

Pc Express Luxembourg

Réparation Rapide Smartphone Tablet et Ordinateur

  * Accueil
  * iPhone
    * Réparation iPhone Xs et Xr
      * Écran iPhone Xr
      * Écran moins cher iPhone Xr
      * Écran iPhone Xs
      * Écran iPhone Xs Max
    * Réparation iPhone X
      * Écran iPhone X
      * È...
---
Contenu en pleine largeur

621 410 435 / 26 11 93 32[email protected]N-234 Route d'arlon , 8010 Strassen
, Luxembourg

  * Français
  * English (Anglais)

FacebookTwitterGoogle+

Search: Search

Menu

Pc Express Luxembourg

Réparation Rapide Smartphone Tablet et Ordinateur

  * Accueil
  * iPhone
    * Réparation iPhone Xs et Xr
      * Écran iPhone Xr
      * Écran moins cher iPhone Xr
      * Écran iPhone Xs
      * Écran iPhone Xs Max
    * Réparation iPhone X
      * Écran iPhone X
      * È..."
107,36,9,107_mep_meditation_dubai_china,"mep, meditation, dubai, china, summer, expo, november 2014, assembly, posted, june","### Menu

  * About us
    * About MEP
    * LAML MEP Teachers
      * Odile Linden
  * Calendar
  * Contact
  * Fotos
    * EU Parliament in Brussels
    * MEP 2011 in Skopje, Republic of Macedonia
    * MEP 2012 in Madrid, Spain
    * MEP 2013 in Vilnius, Lithuania
    * MEP 2014 in Luxembourg
      * 10th November 2014: Opening Ceremony
        * Presentation of the delegations
        * Reception
      * 12th November 2014: Committee Meetings and Lobbying in the Schengen Lycée in Perl, Germa...
---
### Menu

  * About us
    * About MEP
    * LAML MEP Teachers
      * Odile Linden
  * Calendar
  * Contact
  * Fotos
    * EU Parliament in Brussels
    * MEP 2011 in Skopje, Republic of Macedonia
    * MEP 2012 in Madrid, Spain
    * MEP 2013 in Vilnius, Lithuania
    * MEP 2014 in Luxembourg
      * 10th November 2014: Opening Ceremony
        * Presentation of the delegations
        * Reception
      * 12th November 2014: Committee Meetings and Lobbying in the Schengen Lycée in Perl, Germa...
---
### Menu

  * About us
    * About MEP
    * LAML MEP Teachers
      * Odile Linden
  * Calendar
  * Contact
  * Fotos
    * EU Parliament in Brussels
    * MEP 2011 in Skopje, Republic of Macedonia
    * MEP 2012 in Madrid, Spain
    * MEP 2013 in Vilnius, Lithuania
    * MEP 2014 in Luxembourg
      * 10th November 2014: Opening Ceremony
        * Presentation of the delegations
        * Reception
      * 12th November 2014: Committee Meetings and Lobbying in the Schengen Lycée in Perl, Germa..."
108,35,11,108_kontaktlinsen_pasteur_laser_chirurgie,"kontaktlinsen, pasteur, laser, chirurgie, lunettes, optique, lentilles, médical, marken, oeil","Digitale Services

Fielmann bietet Ihnen eine Vielzahl digitaler Services:

Brillenauftragsstatus

ZUM FIELMANN-ACCOUNT

Kontaktlinsen online bestellen

Kontaktlinsen nachbestellen

  * Brillen
    * Übersicht
    * Brillen
    * Fielmann-Collection
      * Kassentarif
      * Damenbrillen
      * Herrenbrillen
      * Kinderbrillen
      * Markenbrillen
        * Markenbrillen
        * Markenbrillen
        * Ray-Ban
        * Armani
        * Gucci
    * Einstärkenbrillen
      * Fernbrillen
...
---
Digitale Services

Fielmann bietet Ihnen eine Vielzahl digitaler Services:

Brillenauftragsstatus

ZUM FIELMANN-ACCOUNT

Kontaktlinsen online bestellen

Kontaktlinsen nachbestellen

  * Brillen
    * Übersicht
    * Brillen
    * Fielmann-Collection
      * Kassentarif
      * Damenbrillen
      * Herrenbrillen
      * Kinderbrillen
      * Markenbrillen
        * Markenbrillen
        * Markenbrillen
        * Ray-Ban
        * Armani
        * Gucci
    * Einstärkenbrillen
      * Fernbrillen
...
---
Digitale Services

Fielmann bietet Ihnen eine Vielzahl digitaler Services:

Brillenauftragsstatus

ZUM FIELMANN-ACCOUNT

Kontaktlinsen online bestellen

Kontaktlinsen nachbestellen

  * Brillen
    * Übersicht
    * Brillen
    * Fielmann-Collection
      * Kassentarif
      * Damenbrillen
      * Herrenbrillen
      * Kinderbrillen
      * Markenbrillen
        * Markenbrillen
        * Markenbrillen
        * Ray-Ban
        * Armani
        * Gucci
    * Einstärkenbrillen
      * Fernbrillen
..."
109,35,17,109_cgfp_jours_formations_formation,"cgfp, jours, formations, formation, weiterlesen, examen, customer, data, training, customer service","* Accueil
  * Filières
  * Actualités
  * Offres d'emploi
  * Contact

  * Accueil
  * Filières
  * Actualités
  * Offres d'emploi
  * Contact

# Toutes les formations OXiane

Accueil » Formations

### Voici la liste complète de toutes nos formations informatique, choisissez
la filière pour filtrer cette liste.

  * Show All
  * Architecture
  * Business Intelligence
  * Data
  * Développement
  * Factory
  * Front / Mobile
  * Java
  * Méthodes
  * Soft Skills
  * Utilisateur

#### ISTQB Niveau...
---
* Accueil
  * Filières
  * Actualités
  * Offres d'emploi
  * Contact

  * Accueil
  * Filières
  * Actualités
  * Offres d'emploi
  * Contact

# Toutes les formations OXiane

Accueil » Formations

### Voici la liste complète de toutes nos formations informatique, choisissez
la filière pour filtrer cette liste.

  * Show All
  * Architecture
  * Business Intelligence
  * Data
  * Développement
  * Factory
  * Front / Mobile
  * Java
  * Méthodes
  * Soft Skills
  * Utilisateur

#### ISTQB Niveau...
---
Menu

  * L'AEE se présente
  * Actualités et archives
    * Nouvelles 2019
    * Archives
  * Devenir membre de l'AEE
  * Définition
  * Régime
  * Stage
  * Formation générale
  * Droits et devoirs
  * Durée de travail
  * Travailleurs handicapés
  * Mobilité
  * Changement de carrière
  * Congés
  * Discipline
  * Cessation des fonctions
  * Contacter l'AEE
  * Plan du site
    * Recrutement
      * Conditions de recrutement
      * Procédure de recrutement
      * Postes vacants
      * Conn..."
110,35,13,110_sud_europe_créative_download,"sud, europe, créative, download, creative, string, media, culture, projets, programme","* Home
  * Europe Créative
    * Le programme Europe Créative
    * Europe Créative au Luxembourg
    * Success Stories
    * Publications
  * Culture
    * Actualités
    * Projets de coopération
    * Projets de traduction et de promotion littéraire
    * Soutien aux réseaux européens
    * Plates-formes européennes
    * Europe créative – Soutien à l’intégration de réfugiés
    * Appels en cours & résultats
    * Recherche de partenariats
    * Liens utiles
    * Newsletter
  * MEDIA
    * Ac...
---
* Home
  * Europe Créative
    * Le programme Europe Créative
    * Europe Créative au Luxembourg
    * Success Stories
    * Publications
  * Culture
    * Actualités
    * Projets de coopération
    * Projets de traduction et de promotion littéraire
    * Soutien aux réseaux européens
    * Plates-formes européennes
    * Europe créative – Soutien à l’intégration de réfugiés
    * Appels en cours & résultats
    * Recherche de partenariats
    * Liens utiles
    * Newsletter
  * MEDIA
    * Ac...
---
* Home
  * Europe Créative
    * Le programme Europe Créative
    * Europe Créative au Luxembourg
    * Success Stories
    * Publications
  * Culture
    * Actualités
    * Projets de coopération
    * Projets de traduction et de promotion littéraire
    * Soutien aux réseaux européens
    * Plates-formes européennes
    * Europe créative – Soutien à l’intégration de réfugiés
    * Appels en cours & résultats
    * Recherche de partenariats
    * Liens utiles
    * Newsletter
  * MEDIA
    * Ac..."
111,34,10,111_commune_kopstal_hobscheid_eischen,"commune, kopstal, hobscheid, eischen, garnich, communal, photos, agenda, maison relais, communale","* Adresses utiles
  * Annuaire
  * Agenda
  * Plan

A A A

Search

Recherche pour :

  * fr

Commune Kopstal Maison Relais

Facebook Google+

  * Kopstal
    * Découvrir la commune
    * Historique
    * La commune en chiffres
    * La commune en photos
  * Politique
    * Le collège échevinal
    * Le conseil communal
    * Les commissions consultatives
    * Elections / Référendum
  * Administration
    * Accueil
    * Bureau de la population et État civil
    * Secrétariat communal
    * Rece...
---
* Adresses utiles
  * Annuaire
  * Agenda
  * Plan

A A A

Search

Recherche pour :

  * fr

Commune Kopstal Maison Relais

Facebook Google+

  * Kopstal
    * Découvrir la commune
    * Historique
    * La commune en chiffres
    * La commune en photos
  * Politique
    * Le collège échevinal
    * Le conseil communal
    * Les commissions consultatives
    * Elections / Référendum
  * Administration
    * Accueil
    * Bureau de la population et État civil
    * Secrétariat communal
    * Rece...
---
* Adresses utiles
  * Annuaire
  * Agenda
  * Plan

A A A

Search

Recherche pour :

  * fr

Commune Kopstal Maison Relais

Facebook Google+

  * Kopstal
    * Découvrir la commune
    * Historique
    * La commune en chiffres
    * La commune en photos
  * Politique
    * Le collège échevinal
    * Le conseil communal
    * Les commissions consultatives
    * Elections / Référendum
  * Administration
    * Accueil
    * Bureau de la population et État civil
    * Secrétariat communal
    * Rece..."
112,34,8,112_fc_login_network_sport50 network,"fc, login, network, sport50 network, sport50, una, senior, lorentzweiler, 03, match","#  FC Una Strassen

Login

FC Una Strassen is a member of

Sign in with your email:

You need to login to activate your account.

Login

Forgot your password?

Facebook  Twitter  The website of FC Una Strassen is a part of the
Sport50-Network. This means that you can easily browse all the websites within
the network without having to register and login every time.

  * Home 
  * Club 
    *     * Veräinsgeschicht 
    * Valeurs du FC UNA 
    * Equipes 
    * Terrains 
    * JOIN US! 
    * Comi...
---
#  FC Luna Uewerkuer

Login

FC Luna Uewerkuer is a member of

Sign in with your email:

You need to login to activate your account.

Login

Forgot your password?

Facebook  Twitter  The website of FC Luna Uewerkuer is a part of the
Sport50-Network. This means that you can easily browse all the websites within
the network without having to register and login every time.

  * Home 
    * Back
    * Multimedia 
      * Back
      * Galerie 
      * Videoen 
  * 1\. Ekipp 
    * Back
    * Kader 
 ...
---
#  FC Luna Uewerkuer

Login

FC Luna Uewerkuer is a member of

Sign in with your email:

You need to login to activate your account.

Login

Forgot your password?

Facebook  Twitter  The website of FC Luna Uewerkuer is a part of the
Sport50-Network. This means that you can easily browse all the websites within
the network without having to register and login every time.

  * Home 
    * Back
    * Multimedia 
      * Back
      * Galerie 
      * Videoen 
  * 1\. Ekipp 
    * Back
    * Kader 
 ..."
113,33,30,113_00_18 00_00 18_accueil presentation,"00, 18 00, 00 18, accueil presentation, 18, 00 12, presentation, 08 00, 12 00, plan","* Accueil
  * Presentation
  * Contact

# Plan du site

  * Accueil
  * Presentation
  * Contact

Echangez, partagez

  *   *   *   *  

fr_FR

##  Infos pratiques

  * ###  F.H. Gestion S.à.r.l
  * #### 14, Op Kräizfelder
#### 9142 Burden (Bierden)

#### Luxembourg

  * +352 20 60 05 13 10
  * +352 691 11 54 32
  * 

##  Nos heures d'ouverture

lun. 08:00 - 12:00 13:00 - 18:00  
mar. 08:00 - 12:00 13:00 - 18:00  
mer. 08:00 - 12:00 13:00 - 18:00  
jeu. 08:00 - 12:00 13:00 - 18:00  
ven. 08:00 -...
---
* Accueil
  * Presentation
  * Nous vous proposons
  * Nos services
  * Contact

# Plan du site

  * Accueil
  * Presentation
  * Nous vous proposons
  * Nos services
    * Nos services
  * Contact

Echangez, partagez

  *   *   *   *  

fr_FR

##  Infos pratiques

  * ###  S.T.M Lux SA
  * #### 3, Rue du Fossé
#### 4123 Esch-sur-Alzette (Esch-Uelzecht)

#### Luxembourg

  * +352 26 37 88 97
  *   * 

##  Nos heures d'ouverture

lun. 08:00 - 12:00 13:00 - 18:00  
mar. 08:00 - 12:00 13:00 - 18:00...
---
* Accueil
  * Presentation
  * Produits & Services
  * Contact

# Plan du site

  * Accueil
  * Presentation
  * Produits & Services
  * Contact

Echangez, partagez

  *   *   *   *  

fr_FR

##  Infos pratiques

  * ###  Nettoyage Portela
  * #### 20, Hierheck
#### 7640 Christnach (Chrëschtnech)

#### Luxembourg

  * +352 621 509 037
  *   * 

##  Nos heures d'ouverture

lun. 08:00 - 18:00  
mar. 08:00 - 18:00  
mer. 08:00 - 18:00  
jeu. 08:00 - 18:00  
ven. 08:00 - 18:00  
sam. 08:00 - 18:00  ..."
114,33,11,114_yoga_pilates_practice_class,"yoga, pilates, practice, class, 00 info, body, schedule, classes, sat, students","*   * schedule
  * events
  * yoga styles
  * locations
  * teachers
  * center info
  * articles

log in

# Yoga La Source

  * Welcome
  * New to yoga?

# A radiant life of happiness and peace

×Our Summer term starts this week. Check out the schedule and register now.

> It is with joy that I follow how the river from your Source grows stronger
> and stronger, and am forever grateful for having drunk from it. I wish you
> playful and beautiful currents ahead. - K.S. 1/9/16
## Hatha Yoga and T...
---
* Home
  * About
    * The Studio
  * Classes & Timetable
    * Timetable
  * Instructors
  * Prices
  * Contact

Classes & Timetable  mgtadmin 2017-06-22T09:28:28+00:00

# Classes

View Time Table

## Yoga, Barre & Pilates at House of Yoga Luxembourg

House of Yoga offers a wide choice of Yoga styles, Barre and Pilates classes,
providing something for people of every ability and preference, from beginners
through to advanced practitioners. Never been to a class at House of Yoga?
Explore the tim...
---
* Home
  * About
    * The Studio
  * Classes & Timetable
    * Timetable
  * Instructors
  * Prices
  * Contact

Instructors  mgtadmin 2016-11-08T17:05:43+00:00

# Instructors

## Alina Biberi

Alina's Yoga journey started in 2009 as a way to reduce stress and back pain
from working long hours at the computer. She has been practicing meditation
and different forms of Hatha and Ashtanga Yoga since then. Alina did her 200H
Sivananda Yoga teacher training in Austria.

Positive thinker, emphatic an..."
115,33,25,115_robots_spammeurs_spammeurs devez_robots spammeurs,"robots, spammeurs, spammeurs devez, robots spammeurs, protégée robots, devez activer, protégée, activer javascript, devez, javascript visualiser","* Accueil
  * Galerie Photos
  * Contact

# T.E.V. SARL

  

95, Grand-Rue  
L-3313 BERGEM

GSM : +352 621 210 898

Cette adresse e-mail est protégée contre les robots spammeurs. Vous devez
activer le JavaScript pour la visualiser.

TVA/LU 24276865

RC. A38697  
  

Formulaire de contact:  

Email:  
Sujet:  
Message:  
  
                                     

     
> JavaScript doit être activé pour utliser les cartes Google.  
> Il semble que JavaScript soit désactivé ou non supporté sur votr...
---
* Accueil
  * Galerie Photos
  * Contact

  *   *   *   *   *   *   *   *   *   *   *   *   *   *   *   *   *   *   *   *   *   *   *   *   *   *   *   *   *   *   *   *   *   *   *   *   *   *   *   *   *   *   *   *   *   *   *   *   *   * 

T.E.V. SARL - 95, Grand-Rue, L-3313 BERGEM - Tél.:+352 621 210 898 - e-mail:
Cette adresse e-mail est protégée contre les robots spammeurs. Vous devez
activer le JavaScript pour la visualiser.

2013 ©Copyright - Made by www.web-crea.lu
---
* Accueil
  * Expertises
    * Humidité
    * Isolation thermique
    * Isolation acoustique
  * Contacts
  * Partenaires

#  Contacts

### E&T s.a.

2-4, rue J.P. Kirchen

L-4744 Pétange

Tél. 26 50 05 60

Fax: 23 65 26 20

Cette adresse e-mail est protégée contre les robots spammeurs. Vous devez
activer le JavaScript pour la visualiser.

### E&T; s.a.

2-4, rue J.P. Kirchen

L-4744 Pétange

Tél. 26 50 05 60

Fax: 23 65 26 20

Cette adresse e-mail est protégée contre les robots spammeurs. Vous ..."
116,32,9,116_directions_active_bulletin_inde,"directions, active, bulletin, inde, centre formation, psf, rapport, formation, remise, comprendre","* 2, rue Louis XIV / L-1948 Luxembourg / Luxembourg
  * (+352) 25 27 03
  * psflux@pt.lu

  * 

#

FAIRE UN DON

  * Home
  * Qui sommes-nous?
    * Accord-cadre
    * Conseil d’Administration
    * FAQ
    * Liens utiles
    * Politique de confidentialité (version 14.01.2019)
  * Nos actions
    * Bénin (Bembèrèkè)
    * Cap Vert (São Miguel)
    * Inde (Indore)
    * Inde (Paderu)
    * Inde (programme Prasoon)
    * Inde (programme Anandi)
    * Inde (Tamil Nadu)
    * Sénégal (Toubacouta et ...
---
* 2, rue Louis XIV / L-1948 Luxembourg / Luxembourg
  * (+352) 25 27 03
  * psflux@pt.lu

  * 

#

FAIRE UN DON

  * Home
  * Qui sommes-nous?
    * Accord-cadre
    * Conseil d’Administration
    * FAQ
    * Liens utiles
    * Politique de confidentialité (version 14.01.2019)
  * Nos actions
    * Bénin (Bembèrèkè)
    * Cap Vert (São Miguel)
    * Inde (Indore)
    * Inde (Paderu)
    * Inde (programme Prasoon)
    * Inde (programme Anandi)
    * Inde (Tamil Nadu)
    * Sénégal (Toubacouta et ...
---
* 2, rue Louis XIV / L-1948 Luxembourg / Luxembourg
  * (+352) 25 27 03
  * psflux@pt.lu

  * 

#

FAIRE UN DON

  * Home
  * Qui sommes-nous?
    * Accord-cadre
    * Conseil d’Administration
    * FAQ
    * Liens utiles
    * Politique de confidentialité (version 14.01.2019)
  * Nos actions
    * Bénin (Bembèrèkè)
    * Cap Vert (São Miguel)
    * Inde (Indore)
    * Inde (Paderu)
    * Inde (programme Prasoon)
    * Inde (programme Anandi)
    * Inde (Tamil Nadu)
    * Sénégal (Toubacouta et ..."
117,32,3,117_socks_caves martin_martin_caves,"socks, caves martin, martin, caves, 352 23, communication a3com, modération, 2019 agence, a3com, 23 69","

shopping_basket 0

Menu

Home

À propos

Visites

Nos produits

Actualités

Contact

Désolé, vous n'avez pas l'âge légale pour entrer sur le site internet des
Caves St Martin.

Pour accéder au site Internet des Caves St Martin, vous devez impérativement
avoir l'âge légal autorisé dans votre pays.  
Les Caves St Martin plaident pour une consommation responsable  
dans la convivialité et avec modération.

Avez-vous plus de 18 ans ?

Non

Oui

#  Contact

Caves St Martin Remich SA  
53, rte de S...
---


shopping_basket 0

Menu

Home

À propos

Visites

Nos produits

Actualités

Contact

Désolé, vous n'avez pas l'âge légale pour entrer sur le site internet des
Caves St Martin.

Pour accéder au site Internet des Caves St Martin, vous devez impérativement
avoir l'âge légal autorisé dans votre pays.  
Les Caves St Martin plaident pour une consommation responsable  
dans la convivialité et avec modération.

Avez-vous plus de 18 ans ?

Non

Oui

« Retour aux actus

Ce blog n'est pas disponible

CA...
---


shopping_basket 0

Menu

Home

À propos

Visites

Nos produits

Actualités

Contact

Désolé, vous n'avez pas l'âge légale pour entrer sur le site internet des
Caves St Martin.

Pour accéder au site Internet des Caves St Martin, vous devez impérativement
avoir l'âge légal autorisé dans votre pays.  
Les Caves St Martin plaident pour une consommation responsable  
dans la convivialité et avec modération.

Avez-vous plus de 18 ans ?

Non

Oui

« Retour aux actus

Ce blog n'est pas disponible

CA..."
118,32,8,118_zimmer_hotel_erfahren_wellness,"zimmer, hotel, erfahren, wellness, buchen, bildergalerie, bel, echternach, repos, praktische informationen","### Navigation

Romantik Hotel Bel-Air Sport & Wellness

DE

DE  EN  FR  NL

+352 72 93 83

Jetzt buchen

Home

### Main Menu

  * Home
  * Zimmer
  * Kulinarisches
  * Wellness
  * Arrangements

Toggle navigation

  * Veranstaltungen
  * Kontakt

Return to Content

Romantik Hotel Bel-Air Sport & Wellness

# Zimmer

Previous Next

#### Junior Suite

Auf 34 m², mit einem separaten Wohnzimmer und einem großen Badezimmer, bieten
die Junior Suiten den Gästen Platz zum Ausspannen und Entspannen. Sie ...
---
### Navigation

Hotel Brimer

DE

DE  EN  FR  NL

+352 26 87 87 1

Jetzt buchen

Home

### Main Menu

  * Home
  * Zimmer
  * Restaurant
  * Arrangements
  * Wellness

Toggle navigation

  * Attraktionen
  * Bildergalerie
  * Kontaktieren Sie uns
  * Über uns
  * Praktische Informationen

Return to Content

Hotel Brimer

# Zimmer

# Zimmer

### Vallée Mullerthal Suite

Mehr erfahren

### Suite Vallée Sûre

Mehr erfahren

### Familien Zimmer

Mehr erfahren

### Wellness Suite

Mehr erfahren

### ...
---
### Navigation

# Romantik Hotel Bel-Air Sport & Wellness

DE

DE  EN  FR  NL

+352 72 93 83

Jetzt buchen

Home

### Main Menu

  * Home
  * Zimmer
  * Kulinarisches
  * Wellness
  * Arrangements

Toggle navigation

  * Veranstaltungen
  * Kontakt

Return to Content

# Romantik Hotel Bel-Air Sport & Wellness

  1.   2.   3.   4.   5. 

# Willkommen im Hotel Bel-Air

Eine Oase des Friedens, der Ruhe und der Entspannung

# Willkommen im Hotel Bel-Air

Eine Oase des Friedens, der Ruhe und der Ents..."
119,32,17,119_assurance_easyprotect_lalux_auto,"assurance, easyprotect, lalux, auto, assurances, habitation, dépliant, sinistre, civile, accident","* 

Menu

  * Accueil
  * Particuliers
    * easyPROTECT
    * Assurance Auto
    * Assurance Habitation
    * Assurances de construction
    * Santé et Loisirs
    * Épargne et Prévoyance
  * Professionnels
    * easyPROTECT Pro
    * APROBAT
    * lalux-Staff Protect
  * Devis
    * Demande de devis pour une assurance auto
    * Demande de devis pour une assurance habitation
    * Demande de devis Assurance – Vie
  * Contact

# Assurance Auto

  * easyPROTECT
  * Assurance Auto
  * Assurance H...
---
﻿

MENU Toggle

  * ACCUEIL
  * EQUIPE
  * PRODUITS 
    * Lalux Particuliers
    *     * Lalux Professionnels
    *     * AUTRES
  * TÉLÉCHARGEMENT
  * CONTACTS

﻿

# Lalux Particuliers

* * *
  *   * easyPROTECT  

Votre contrat tout en un  
  
easyPROTECT regroupe dans un seul contrat toutes vos principales assurances.
Vous avez un aperçu clair et précis de vos couvertures d'assurances, que ce
soit pour votre habitation, votre responsabilité civile ou vos voitures
privées. En tant que solutio...
---
* 

Menu

  * Accueil
  * Particuliers
    * easyPROTECT
    * Assurance Auto
    * Assurance Habitation
    * Assurances de construction
    * Santé et Loisirs
    * Épargne et Prévoyance
  * Professionnels
    * easyPROTECT Pro
    * APROBAT
    * lalux-Staff Protect
  * Devis
    * Demande de devis pour une assurance auto
    * Demande de devis pour une assurance habitation
    * Demande de devis Assurance – Vie
  * Contact

# easyPROTECT

  * easyPROTECT
  * Assurance Auto
  * Assurance Habi..."
120,30,20,120_rallye_steichen_edward steichen_edward,"rallye, steichen, edward steichen, edward, luxembourg, award, hotel, langue, voiture, user","* Accueil
  * Les Meilleurs Conseils pour Faire du Rallye au Luxembourg
    * L'Histoire du Rallye au Luxembourg
    * Le Rallye au Luxembourg Mettra vos Capacités à l'Épreuve
  * Le Rallye au Luxembourg
  * À propos de nous

###  Faire du Powerslide avec votre Voiture de Rallye

Le powerslide avec une voiture de rallye est une glisse sous accélération.
C'est une des techniques de base du drift qui signifie littéralement dérapage.
Il s’agit pour le pilote d’un véhicule de Lire la suite

April 30...
---
* Accueil
  * Les Meilleurs Conseils pour Faire du Rallye au Luxembourg
    * L'Histoire du Rallye au Luxembourg
    * Le Rallye au Luxembourg Mettra vos Capacités à l'Épreuve
  * Le Rallye au Luxembourg
  * À propos de nous

May 1, 2016   Rallye

## Pourquoi Vous Devriez Profiter du Rallye au Luxembourg

Au Luxembourg, le rallye n’est pas une activité uniquement réservée aux
professionnels et aux grandes écuries. Certes, il existe un nombre important
de règlements et de normes à respecter pour ...
---
# Edward Steichen Award Luxembourg

Award Ceremony Introduction Edward Steichen Award Luxembourg Laureates Edward
Steichen Award Edward Steichen Luxembourg Resident in NYC Laureates Luxembourg
Resident in NYC Our Partners Gallery Press Review Contact

We thank all our partners and sponsors for the support during the last years:
L'Ambassade des Etats-Unis au Luxembourg, ArcelorMittal, Arendt & Medernach,
Banque de Luxemoburg, Centre National de lAudiovisuel (CNA), The Leir
Charitable Foundation, ..."
121,30,14,121_signal_07 2019_wort_07,"signal, 07 2019, wort, 07, kontakt facebook, aktuelles, sport, angebote, min, kultur","DE

  * Home
  * Rubriken
  * Anzeigen
  * Login

Familienanzeigen Anzeigenmarkt

  * Immo
wortimmo.lu

  * Job
jobfinder.lu

  * Themenwelten
themenwelten.wort.lu

  * MyStuff
mystuff.lu

  * Anzeigenannahme
Guichet

  * Geburten
  * Hochzeiten
  * Todesanzeigen 
  * Anzeigenannahme
Guichet

  * Gedenken
gedenken.lu

Profil

  * Profil
  * E-Paper
  * Newsletter
  * Abonnement
  * Logout

Rubriken Info-Service

  * Verkehr
  * Notdienste
  * Börse
  * Gewinnspiele
  * Kino
  * Agenda
  * TV-Pro...
---
DE

  * Home
  * Rubriken
  * Anzeigen
  * Login

Familienanzeigen Anzeigenmarkt

  * Immo
wortimmo.lu

  * Job
jobfinder.lu

  * Themenwelten
themenwelten.wort.lu

  * MyStuff
mystuff.lu

  * Anzeigenannahme
Guichet

  * Geburten
  * Hochzeiten
  * Todesanzeigen 
  * Anzeigenannahme
Guichet

  * Gedenken
gedenken.lu

Profil

  * Profil
  * E-Paper
  * Newsletter
  * Abonnement
  * Logout

Rubriken Info-Service

  * Verkehr
  * Notdienste
  * Börse
  * Gewinnspiele
  * Kino
  * Agenda
  * TV-Pro...
---
fr de

  * Jobs 
  * Personalvertreter 
  * Mitglied werden 
  * Mediathek 
  * Links 
  * Impressum 
  * Kontakt 
  * Datenschutzbestimmungen 

  * Accueil 
  * Landesverband 
  * Eisenbahnen 
  * Öffentlicher Dienst 
  * Pensionierte 
  * Frauen/Jugend 
  * Facebook 

  * Accueil 
    * Aktuelles 
  * Landesverband 
    * Landesverband 
      * Aktuelles 
        * 2019 
        * 2018 
        * 2017 
        * 2016 
        * 2015 
        * 2014 
        * 2013 
        * 2012 
        * 20..."
