topic_id,page_count,website_count,name,top_words,representative_docs
-1,12930,2260,-1_luxembourg_contact_cookies_352,outliers,""
0,637,435,0_352_message_transport_telefon,"352, message, transport, telefon, email, 352 26, téléphone, fax, adresse, mail","* Accueil
  * Cabaret
  * Restaurant
  * Bar
  * Galerie
  * Actualités
  * Contact

# Contact

Nom

Prénom

N° Téléphone

Email

Message

Confidentialité Confidentialité En soumettant ce formulaire, j'accepte que les
informations saisies dans ce formulaire soient utilisées pour permettre de me
recontacter ou dans le cadre de la relation commerciale qui découle de cette
demande.

ENVOYER

w

#### Email

Voir l'adresse email



#### Adresse

61 A Grand Rue  
L-8510 – Redange sur Attert



#### ...
---
* Accueil
  * Épicerie
  * Nos cartes
  * Galerie
  * Actualités
  * Contact

# Contact

## ENVOYEZ-NOUS UN MESSAGE

Nom

Prénom

N° Téléphone

Email

Message

Confidentialité Confidentialité En soumettant ce formulaire, j'accepte que les
informations saisies dans ce formulaire soient utilisées pour permettre de me
recontacter ou dans le cadre de la relation commerciale qui découle de cette
demande.

Envoyer

w

#### Email

Voir l'adresse email



#### Téléphone

Voir le numéro



#### Adresse...
---
Devis gratuit en 15 minutes !Allons-y

Voir le numéro

  * À propos de nous
  * Prestations
  * Recrutement
  * Contact

  * Suivre
  * Suivre
  * Suivre

See phone number

  * À propos de nous
  * Prestations
  * Recrutement
  * Contact

  * Suivre
  * Suivre
  * Suivre

## Adresse

43 / 45 Op Zaemer,  
L-4959 Bascharage

## Contact

Voir le numéro

## Horaires

Lundi - Vendredi  
08:00 – 18:00

## Réseaux sociaux

  * Suivre
  * Suivre
  * Suivre

# Contact

Nom

Prénom

Email

N° Téléphone

M..."
1,553,249,1_tab navigate_navigate menu_menu items_tab,"tab navigate, navigate menu, menu items, tab, items, press zoom, navigate, zoom, contact tab, press","top of page

  * Start
  * WeThink
  * Projects
    * WeBags
    * WeLed
    * WeBrush
    * WeDog
  * Contact
  * More

Use tab to navigate through the menu items.

  * 

## WeDog

Copyright (C) WeThink Sarl-S 2017

bottom of page
---
top of page

  * Accueil
  * Projets
  * Job
  * Contact
  * More

Use tab to navigate through the menu items.

(C) 2022 by Philippi

  * 

bottom of page
---
top of page

  * back soon
  * More

Use tab to navigate through the menu items.

  *   *   * 

# Unsere Website wird gewartet

bottom of page"
2,551,222,2_véhicule_audi_véhicules_essence,"véhicule, audi, véhicules, essence, automatique, diesel, mercedes, auto, 900, voitures","* Occasions
  * Nos Services
    * Entretiens / Réparations
    * Carrosserie
    * Pneus
    * Immatriculation
  * Vous vendez
  * Contact

  * Voiture
  * Moto
  * Utilitaire
  * Pneus & Jantes

  

  * (1)
  * Alfa-Romeo (2)
  * Alpina (1)
  * Audi (10)
  * BMW (11)
  * Citroën (1)
  * Fiat (1)
  * Ford (3)
  * Jaguar (1)
  * Land-Rover (3)
  * Mercedes (8)
  * MINI (2)
  * Nissan (1)
  * Porsche (5)
  * Renault (1)
  * Toyota (1)
  * Volvo (4)
  * VW (7)

Sélectionner la marque (1) Alfa-Rome...
---
* Occasions
  * Nos Services
    * Entretiens / Réparations
    * Carrosserie
    * Pneus
    * Immatriculation
  * Vous vendez
  * Contact

  * Voiture
  * Moto
  * Utilitaire
  * Pneus & Jantes

  

  * (1)
  * Alfa-Romeo (2)
  * Alpina (1)
  * Audi (10)
  * BMW (11)
  * Citroën (1)
  * Fiat (1)
  * Ford (3)
  * Jaguar (1)
  * Land-Rover (3)
  * Mercedes (8)
  * MINI (2)
  * Nissan (1)
  * Porsche (5)
  * Renault (1)
  * Toyota (1)
  * Volvo (4)
  * VW (7)

Sélectionner la marque (1) Alfa-Rome...
---
* 113, Route de Longwy|L-4994 Schouweiler

  * (+352) 584 384
  * garage@pereira.lu

  *   *   *   * 

  * Notre stock
  * Historique
  * Proposez votre véhicule
  * Contact
  * Découvrez Dylan 
  * Découvrez Cindy 

# Notre stock

Audi

Mercedes

BMW

Volkswagen

Porsche

+

Tout afficher

Marque Abarth Alfa Romeo Aston Martin Audi Bentley BMW Borgward Cadillac
Chevrolet Chrysler DS Automobiles Ferrari Fiat Ford Honda Hyundai Jaguar Jeep
Kia Lamborghini Lancia Land-Rover Maserati McLaren Merced..."
3,332,131,3_concert_theater_music_musek,"concert, theater, music, musek, musik, projekt, band, concerts, jazz, harmonie","#

##

  * Aktuelles
  * Verein
    * Comité
    * Musikalische Leitung
    * Präsidenten und Sekretäre
    * Sänger
    * Theaterequipe
  * Kontakte
  * Audio CD
  * Foto-Galerien
    * Theater 2023
    * 125 Joar Gedenkfeier vun der Chorale Municipale Sängerbond Museldall Waasserbëlleg den 18 a 19 Juni 2022
    * Theater 2020
    * Theater 2018
    * 120 Feier vun der Chorale Municipale Sängerbond Museldall Waasserbëllig
    * Theater 2017
    * Theater 2016
    * Theater 2015
    * 80 Jo’er F...
---
* Programm
  * Ariston

  * fr
  * de
  * en

Eine Vorstellungen? Ein Autor? Ein Genre?

  * Programm
  * Agenda
  * Praktische Infos
  * Sie sind …

  * Magazin
  * Das Escher Theater
  * Pro Bereich
  * Ausstellungen
  * Ariston

Abonniere unsere Newsletter

Menu

Schließen

Startseite > Programm

# Programm

  * Theater 
  * Tanz 
  * Musik 
  * Junges Publikum 
  * Zirkus 
  * Mit euch 

Filter zurücksetzen Agenda Archive

## Jun 2023

Theater

###  Pas un pour me dire merci

Jean Bürlesk Re...
---
* Home
  * Festival 2022
  * Présentation
  * CD
  * Agenda
  * Photos
  * Vidéos
  * Contact
  * Sponsors

  * Home
  * Festival 2022
  * Présentation
  * CD
  * Agenda
  * Photos
  * Vidéos
  * Contact
  * Sponsors

Ensemble musical Divertimento

2023

26.12.2023 17:00  Eglise St. Sébastien, Gonderange  Concert de Noël  
15.12.2023 20:00  Stuedtheater, Grevenmacher  Concert de Noël  
03.09.2023 11:00  Place Bleiche, Larochette  Concert  
15.08.2023 15:30  CIPA Beim Klouschter, Howald

Concert ..."
4,331,197,4_digital_marketing_seo_design,"digital, marketing, seo, design, stratégie, référencement, campagnes, entreprise, branding, communication","* Brand Studies
  * 15 ans
  * Battlesphere
  * About us
  * Jobs
  * Contact
  *     *     *     *     *     * 

Menu

  *   *   * 

# We develop Strategies

NOOSPHERE Brand Strategy est un bureau de conseil en marketing & communication
360°, où stratégie et créativité élèvent votre entreprise au rang de marque

Branding

Notre mission principale : définir et comprendre votre ADN. Pour y arriver,
nous identifions vos cibles et décryptons leurs principaux intérêts afin de
faire de cette analyse ...
---
×

(+352) 24 69 56 1 support

  * e-connect 
    * A propos 
Notre vision et mission

  * services 
    * Création de sites internet 
Besoin d'un nouveau site web ? Vous êtes au bon endroit

    * Search Engine Advertising 
Concevoir et mener des campagnes Google Ads pour booster vos conversions

    * Search Engine Optimisation 
Pour que vous soyez en tête des résultats de recherche sur Google

    * Social Media Marketing 
Utilisez les réseaux sociaux pour booster votre business

    * Stratég...
---
(+352) 24 69 56 1 support

  * e-connect 
    * A propos 
Notre vision et mission

  * services 
    * Création de sites internet 
Besoin d'un nouveau site web ? Vous êtes au bon endroit

    * Search Engine Advertising 
Concevoir et mener des campagnes Google Ads pour booster vos conversions

    * Search Engine Optimisation 
Pour que vous soyez en tête des résultats de recherche sur Google

    * Social Media Marketing 
Utilisez les réseaux sociaux pour booster votre business

    * Stratégie ..."
5,201,118,5_m2_chambres_surface_m²,"m2, chambres, surface, m², sqm, appartement, langlais, 000, sold, bedrooms","* Accueil
  * Ventes
    * Toutes les ventes
    * Maisons
    * Appartements
    * Commerce
    * Bureaux
    * Terrains
  * Locations
    * Toutes les locations
    * Maisons
    * Appartements
    * Bureaux
  * Programmes neufs
  * Contact

RECHERCHE

    
Transaction

     achatlocation
    
neuf

Localité

     - \- Bonnevoie \- Gasperich Bascharage Differdange Dudelange Esch-sur-alzette Gonderange Kayl Luxembourg Niederkorn Oberkorn
Type de bien

     - Appartement Maison Terrain construct...
---
* Accueil
  * Ventes
    * Toutes les ventes
    * Maisons
    * Appartements
    * Bureaux
    * Terrains
    * Immeuble de rapport
  * Locations
    * Toutes les locations
    * Maisons
    * Appartements
    * Bureaux
    * Fonds de commerce
  * Neuf
  * Estimation
  * Contact

##  NEW KEYS VOTRE AGENCE  
IMMOBILIÈRE AU LUXEMBOURG

RECHERCHE

    
Transaction

     achatlocation
    
neuf

Localité

     - \- Bonnevoie \- Gasperich \- Merl Beaufort Bettembourg Differdange Esch-sur-alzette Ett...
---
* Accueil
  * Ventes
    * Toutes les ventes
    * Maisons
    * Appartements
    * Commerce
    * Bureaux
    * Terrains
  * Locations
    * Toutes les locations
    * Maisons
    * Appartements
    * Bureaux
  * Programmes neufs
  * Contact

RECHERCHE

    
Transaction

     achatlocation
    
neuf

Localité

     - \- Bonnevoie \- Gasperich Bascharage Differdange Dudelange Esch-sur-alzette Gonderange Kayl Luxembourg Niederkorn Oberkorn
Type de bien

     - Appartement Maison Terrain construct..."
6,168,76,6_toggle navigation_toggle_outdoor_uploads 2018,"toggle navigation, toggle, outdoor, uploads 2018, développement durable, jpg https, partager, admin, content uploads, uploads","Toggle navigation

  * Home
  * L'île
    * Nos Missions
    * Le Conseil d'Administration
    * Nos Amis
  * nos clowns
    * Les Clowns
  * nous soutenir
    * Financièrement par un don
    * Activement par le bénévolat
    * Sur le terrain, par une action
    * On parle de nous
  * presse
    * Kit presse pour télécharger
  * Contact

https://www.ileauxclowns.lu/admin/wp-
content/uploads/2018/05/1_Kannerklinik_8592-1440x1080.jpg

https://www.ileauxclowns.lu/admin/wp-
content/uploads/2018/05/2...
---
Toggle navigation

  * Home
  * L'île
    * Nos Missions
    * Le Conseil d'Administration
    * Nos Amis
  * nos clowns
    * Les Clowns
  * nous soutenir
    * Financièrement par un don
    * Activement par le bénévolat
    * Sur le terrain, par une action
    * On parle de nous
  * presse
    * Kit presse pour télécharger
  * Contact

https://www.ileauxclowns.lu/admin/wp-
content/uploads/2018/05/1_Kannerklinik_8592-1440x1080.jpg

https://www.ileauxclowns.lu/admin/wp-
content/uploads/2018/05/2...
---
Toggle navigation

  * Home
  * L'île
    * Nos Missions
    * Le Conseil d'Administration
    * Nos Amis
  * nos clowns
    * Les Clowns
  * nous soutenir
    * Financièrement par un don
    * Activement par le bénévolat
    * Sur le terrain, par une action
    * On parle de nous
  * presse
    * Kit presse pour télécharger
  * Contact

https://www.ileauxclowns.lu/admin/wp-
content/uploads/2018/05/1_Kannerklinik_8592-1440x1080.jpg

https://www.ileauxclowns.lu/admin/wp-
content/uploads/2018/05/2..."
7,168,144,7_postuler_inhalte_seiten_jardinage,"postuler, inhalte, seiten, jardinage, law, 00352, plantes, email, 352, luxembourg phone","DE | FR
# Impressum

MeBoLux S.à r.l.  
1, route du Vin  
6688 Mertert, Luxembourg  
Telefon: (+352) 26 740 250  
Email: info@mebolux.lu  
Vertretungsberechtigter: Michael Bonn  
Stammkapital: 35.000 €  
R.C.S. Luxembourg: B 163015  
IBLC Nr.: LU24920909

Angaben zur Berufshaftpflichtversicherung  
Name und Sitz des Versicherers der mebolux S.à r.l.:  
La Luxembourgeoise  
Société Anonyme d’Assurances  
9, rue Jean Fischbach  
3372 Leudelange, Luxembourg

Verantwortlich für den Inhalt nach §55 A...
---
DE | FR
# Impressum

MeBoLux S.à r.l.  
1, route du Vin  
6688 Mertert, Luxembourg  
Telefon: (+352) 26 740 250  
Email: info@mebolux.lu  
Vertretungsberechtigter: Michael Bonn  
Stammkapital: 35.000 €  
R.C.S. Luxembourg: B 163015  
IBLC Nr.: LU24920909

Angaben zur Berufshaftpflichtversicherung  
Name und Sitz des Versicherers der mebolux S.à r.l.:  
La Luxembourgeoise  
Société Anonyme d’Assurances  
9, rue Jean Fischbach  
3372 Leudelange, Luxembourg

Verantwortlich für den Inhalt nach §55 A...
---
DE | FR
# Impressum

MeBoLux S.à r.l.  
1, route du Vin  
6688 Mertert, Luxembourg  
Telefon: (+352) 26 740 250  
Email: info@mebolux.lu  
Vertretungsberechtigter: Michael Bonn  
Stammkapital: 35.000 €  
R.C.S. Luxembourg: B 163015  
IBLC Nr.: LU24920909

Angaben zur Berufshaftpflichtversicherung  
Name und Sitz des Versicherers der mebolux S.à r.l.:  
La Luxembourgeoise  
Société Anonyme d’Assurances  
9, rue Jean Fischbach  
3372 Leudelange, Luxembourg

Verantwortlich für den Inhalt nach §55 A..."
8,166,102,8_immobilier_availability_estate_real estate,"immobilier, availability, estate, real estate, 00 m2, real, bathrooms, immo, immobilière, 000","﻿         FR |  EN
  * Ventes
    * Toutes les ventes
    * Appartements
    * Maisons
    * Terrains
    * Bureaux
    * Commerces
  * Locations
    * Toutes les locations
    * Appartements
    * Maisons
    * Bureaux
    * Commerces
  * Neuf
    * Tous les biens neufs
    * Appartements
    * Maisons
  * Estimation
  * Assurance
  * Syndic
  * Contact

Homesell Immo S.à.r l

Votre agence immobilière à Luxembourg

Toute l'équipe est

à votre écoute dans la réalisation de vos projets

RECHERCHE...
---
﻿         FR |  EN
  * Ventes
    * Toutes les ventes
    * Appartements
    * Maisons
    * Terrains
    * Bureaux
    * Commerces
  * Locations
    * Toutes les locations
    * Appartements
    * Maisons
    * Bureaux
    * Commerces
  * Neuf
    * Tous les biens neufs
    * Appartements
    * Maisons
  * Estimation
  * Assurance
  * Syndic
  * Contact

Homesell Immo S.à.r l

Votre agence immobilière à Luxembourg

Toute l'équipe est

à votre écoute dans la réalisation de vos projets

RECHERCHE...
---
# Bureau immobilier au Luxembourg et à l‘International

﻿     Fr   En

  * Accueil
  * Ventes
    *   * Locations
  * International
    *   * À propos
    * Le Luxembourg
    * Services
    * Qui sommes-nous ?
  * Nos réalisations
    * Vendus
    * Loués
  * Contact
  * Estimation

  *   *   *   *   * 

RECHERCHE

    
Transaction

     achatlocation
    
neuf

Localité

     - \- Belair \- Gasperich \- Kirchberg \- Merl Luxembourg Strassen Nancy (54000)
Type de bien

     - Appartement Maison
..."
9,150,95,9_rénovation_peinture_construction_façades,"rénovation, peinture, construction, façades, renovation, façade, travaux, sols, sol, défaut description","(+352) 691 951 238 Jbluxe2@gmail.com

  * À propos
  * Nos différents services
    * Rénovation et installation de sols
    * Rénovatoin de murs
    * Rénovation de plafonds
  * Contactez-nous
  * 

Select Page

# Votre partenaire de référence dans les travaux de rénovation d'appartements

Giacomantonio & Bala met à votre profit toute son expertise dans les domaines
des revêtements muraux et de sols, peinture intérieure et extérieure et
mobilier sur mesure.

Demander un devis

## Qui sommes-nous...
---
Close

Skip to content

  * +352 621 225 461
  * info@vrc.lu

  * Accueil
  * Présentation
  * Nos services
  * Nos réalisations
  * Contact

Travaux de construction ou de rénovation

Façades

Isolation

Plafonnages

Revêtement de sol intérieur ou extérieur

Carrelages

Pierres naturelles

Terrasses

## Qui sommes-nous ?

Travaux de construction ou de rénovation - Façades - Isolation - Plafonnages -
Revêtement de sol intérieur ou extérieur - Carrelages - Pierres naturelles -
Terrasses - VRC Carr...
---
Skip to content

  * +352 621 225 461
  * info@vrc.lu

  * Accueil
  * Présentation
  * Nos services
  * Nos réalisations
  * Contact

# Nos services

Accueil » Nos services

## Construction & rénovation

Aménager son extérieur, que ce soit lors de la conception de votre habitation
ou par désir d’adapter au mieux votre espace, est une action absolument
bénéfique pour votre cadre de vie

## Façades

Que ce soit dans le cadre d’une rénovation ou d’une nouvelle construction, les
revêtements de faça..."
10,146,122,10_peinture_toiture_construction_travaux,"peinture, toiture, construction, travaux, etancheite, façade, tuile, zinguerie, charpente, facade","+352 691 470 424 setla-freres@hotmail.com

  * Accueil
  * Services
    * Rénovation et ravalement
    * Peintures intérieures
    * Peintures et enduits décoratifs
    * Revêtements mureaux
    * Revêtements de sols
    * Travaux extérieurs
    * Peinture industrielle
  * Nos réalisations
  * Notre processus
  * Contact
  *     * 

Sélectionner une page

Peintre et décorateur au Luxembourg

# SETLA FRERES : Entreprise générale de peinture et décoration au Luxembourg

## Une meilleure valorisati...
---
* Accueil
  * Nos prestations
  * Nos réalisations
  * Contact

+352 621 967 578 Faîtes appel à nos services

# Toiture - Ferblanterie - Charpente

### entreprise ternus

## qui sommes-nous ?

L'Entreprise TERNUS situee dans le quartier de la Gare a Luxembourg est
specialisee dans le domaine de la Toiture, la Ferblanterie et la Charpente.
Nous nous occupons de l'entretien et de la reparation de vos toitures.

La qualite de notre travail et notre savoir-faire artisanal proviennent de nos
nombreus...
---
* Accueil
  * Nos prestations
  * Nos réalisations
  * Contact

+352 621 967 578 Faîtes appel à nos services

# Toiture - Ferblanterie - Charpente

### entreprise ternus

## qui sommes-nous ?

L'Entreprise TERNUS situee dans le quartier de la Gare a Luxembourg est
specialisee dans le domaine de la Toiture, la Ferblanterie et la Charpente.
Nous nous occupons de l'entretien et de la reparation de vos toitures.

La qualite de notre travail et notre savoir-faire artisanal proviennent de nos
nombreus..."
11,120,74,11_cookies_google_expiration_cookie,"cookies, google, expiration, cookie, analytics, cookies cookies, types cookies, default description, acl, description","* Accueil

Menu

  * Accueil

## politique de confidentialité

POLITIQUE DE CONFIDENTIALITÉ / CONDITIONS D'UTILISATION

  

La présente politique en matière de cookies explique ce que sont les cookies
et comment nous les utilisons, les types de cookies que nous utilisons, c'est-
à-dire les informations que nous recueillons à l'aide des cookies et comment
ces informations sont utilisées, et comment contrôler les préférences en
matière de cookies. Pour plus d'informations sur la manière dont nous
...
---
Politique de confidentialité

  

POLITIQUE DE CONFIDENTIALITÉ / CONDITIONS D'UTILISATION  

La présente politique en matière de cookies explique ce que sont les cookies
et comment nous les utilisons, les types de cookies que nous utilisons, c'est-
à-dire les informations que nous recueillons à l'aide des cookies et comment
ces informations sont utilisées, et comment contrôler les préférences en
matière de cookies. Pour plus d'informations sur la manière dont nous
utilisons, stockons et sécuriso...
---
* Accueil
  * Prestations
  * Contact

Select Page

### À propos de cette politique en matière de cookies

La présente politique en matière de cookies explique ce que sont les cookies
et la façon dont nous les utilisons, les types de cookies que nous utilisons,
c'est-à-dire les informations que nous recueillons à l'aide des cookies et la
manière dont sont utilisés ces informations, et comment contrôler les
préférences en matière de cookies. Pour plus d'informations sur la manière
dont nous utili..."
12,115,33,12_search esc_hit enter_esc close_close,"search esc, hit enter, esc close, close, enter search, hit, esc, close search, close menu, camping","Skip to main content

Hit enter to search or ESC to close

Close Search

Menu

  * Home
  * About us
  * Services
  * Our work
  * The team
  * Clients
  * Contact
  * phone email

# RBC - NY Party

  * ### Previous ProjectLuxembourg Filmpräis 2018 
  * ### Next ProjectLuxInnovation - Fit4Start 

Share Tweet Share Pin

Copyright © 2020 emotion Event Management.  
All rights reserved.

1 Rue de la vallée

L-7411 Ansembourg

Luxembourg

RCS : B92120 VAT : LU1955 7037

+352 24 69 78 -1

  * Instagr...
---
Skip to main content

Hit enter to search or ESC to close

Close Search

Menu

  * Notre approche
  * Nos prestations
  * Notre équipe
  * Contact

Tag

# Art

Food for thought

###  Deep down in the water

Gaming

###  10 Tips for what to do downtown

### Courage is not the absence of fear, but rather the judgment that something
else is more important than fear

Ambrose Redmoon

Music

###  Be My Guest Concert

Accueil  
Nos prestations  

Mentions légales  
Politique de confidentialité  
Cooki...
---
Skip to main content

Hit enter to search or ESC to close

Close Search

Menu

  * Notre approche
  * Nos prestations
  * Notre équipe
  * Contact

Tag

# Cars

Food for thought

###  Deep down in the water

Gaming

###  10 Tips for what to do downtown

Accueil  
Nos prestations  

Mentions légales  
Politique de confidentialité  
Cookies

Digitalised by

Close Menu

  * Notre approche
  * Nos prestations
  * Notre équipe
  * Contact"
13,113,81,13_tomate_mozzarella_tomate mozzarella_pizza,"tomate, mozzarella, tomate mozzarella, pizza, pizzas, pâtes, 50, 90, jambon, achat immédiat","* Accueil
  * Livraison
  * Notre Carte
  * Contact
  * Avis

COMMANDER EN LIGNE

# Bienvenue chez

# Diff K'Fé

La Brasserie Diff K'Fé vous offre un service rapide et une ambiance conviviale
dans un décor chaleureux. Sur place, à emporter ou à la livraison, nous vous
proposons un large choix de spécialités italiennes.

Notre Carte

* * *
## SALADES

* * *  
PETITE SALADE4,50€  
salade, carottes, olives, oignons, tomate  
SALADE CALABRESE11,90€  
pommes de terres, olives, thon, tomate  
SALADE C...
---
* Accueil
  * Livraison
  * Notre Carte
  * Photos
  * Contact
  * Avis
  * Facebook

# Bienvenue chez

# Da Toto

Notre restaurant Da Toto à petange,

vous propose une carte variée et des plats composés à base d’ingrédients
frais.

Venez découvrir notre cuisine italienne dans un cadre conviviale et une
ambiance chaleureuse.

Notre Carte

* * *
## SALADES

* * *  
CAPRESE12,50€  
tomate et mozzarella  
CHÈVRE15,50€  
salade mixte, toast au fromage de chèvre, noix  
DE POULET14,50€  
salade mixte...
---
* Accueil
  * Livraison
  * Notre Carte
  * Contact
  * Avis

COMMANDER EN LIGNE

# Bienvenue chez Ci-Siamo

Notre restaurant italien Ci-Siamo au centre ville, vous propose une carte
variée et des plats composés à base d’ingrédients frais.

Venez découvrir notre cuisine italienne aux couleurs et saveur de la Puglia,
dans un cadre conviviale et une ambiance chaleureuse.

Notre Carte

* * *
## SALADES

* * *  
SALADE CI SIAMO19,90€  
salade mixte, toast au chèvre, scampis, fleurs de courgettes, ja..."
14,111,61,14_fotos_chronik_sprooch_eis,"fotos, chronik, sprooch, eis, joer, nummer, anzeigen, aktivitéiten, saint, vum","Direkt zum Inhalt wechseln

Suchen

mierscher-pompjeeen.lu

séier, kompetent an zouverléisseg

Menü

  * Willkommen
  * Aktuelles
    * Das Buch
  * Wir über uns
    * Der Vorstand
    * Die Mitglieder
    * Mitgliedskarten
    * Carte de membre
    * Fuhrpark
    * Unsere Philosophie
  * Chronik
    * Chronik (1967)
    * Broschüre 1967
      * Mitglieder 1967
      * A ma cité
      * Mersch – ein Idyll im Herzen des Landes
      * MERSCH, un centre de ralliement et de rayonnement
      * Groß...
---
Direkt zum Inhalt wechseln

Suchen

mierscher-pompjeeen.lu

séier, kompetent an zouverléisseg

Menü

  * Willkommen
  * Aktuelles
    * Das Buch
  * Wir über uns
    * Der Vorstand
    * Die Mitglieder
    * Mitgliedskarten
    * Carte de membre
    * Fuhrpark
    * Unsere Philosophie
  * Chronik
    * Chronik (1967)
    * Broschüre 1967
      * Mitglieder 1967
      * A ma cité
      * Mersch – ein Idyll im Herzen des Landes
      * MERSCH, un centre de ralliement et de rayonnement
      * Groß...
---
Direkt zum Inhalt wechseln

Suchen

mierscher-pompjeeen.lu

séier, kompetent an zouverléisseg

Menü

  * Willkommen
  * Aktuelles
    * Das Buch
  * Wir über uns
    * Der Vorstand
    * Die Mitglieder
    * Mitgliedskarten
    * Carte de membre
    * Fuhrpark
    * Unsere Philosophie
  * Chronik
    * Chronik (1967)
    * Broschüre 1967
      * Mitglieder 1967
      * A ma cité
      * Mersch – ein Idyll im Herzen des Landes
      * MERSCH, un centre de ralliement et de rayonnement
      * Groß..."
15,104,33,15_camping_campingplatz_naturpark_reservierung,"camping, campingplatz, naturpark, reservierung, preise, scout, aktivitäten, wandern, umgebung, camp","Zum Inhalt springen

Camping Gaalgebierg

Telefon: +352 54 10 69

Öffnungszeiten: 08:00 - 12:00 & 13:00 - 21:00

E-Mail: info@gaalgebierg.lu

JETZT BUCHEN

  * Startseite
  * Stellplätze & Mieten
  * Aktivitäten
  * Neuigkeiten
  * Galerie
  * Über Uns
  * Kontakt
  * Deutsch
    * Français
    * English
    * Nederlands

Suche nach: Suche

Telefon: +352 54 10 69

Öffnungszeiten: 08:00 - 12:00 & 13:00 - 21:00

E-Mail: info@gaalgebierg.lu

JETZT BUCHEN

## Herzlich Willkommen auf dem Campingplatz...
---
Zum Inhalt springen

Camping Gaalgebierg

Telefon: +352 54 10 69

Öffnungszeiten: 08:00 - 12:00 & 13:00 - 21:00

E-Mail: info@gaalgebierg.lu

JETZT BUCHEN

  * Startseite
  * Stellplätze & Mieten
  * Aktivitäten
  * Neuigkeiten
  * Galerie
  * Über Uns
  * Kontakt
  * Deutsch
    * Français
    * English
    * Nederlands

Suche nach: Suche

Telefon: +352 54 10 69

Öffnungszeiten: 08:00 - 12:00 & 13:00 - 21:00

E-Mail: info@gaalgebierg.lu

JETZT BUCHEN

## Herzlich Willkommen auf dem Campingplatz...
---
Zum Inhalt springen

Camping Gaalgebierg

Telefon: +352 54 10 69

Öffnungszeiten: 08:00 - 12:00 & 13:00 - 21:00

E-Mail: info@gaalgebierg.lu

JETZT BUCHEN

  * Startseite
  * Stellplätze & Mieten
  * Aktivitäten
  * Neuigkeiten
  * Galerie
  * Über Uns
  * Kontakt
  * Deutsch
    * Français
    * English
    * Nederlands

Suche nach: Suche

Telefon: +352 54 10 69

Öffnungszeiten: 08:00 - 12:00 & 13:00 - 21:00

E-Mail: info@gaalgebierg.lu

JETZT BUCHEN

Über Uns

# Über Uns

##

## Infos über uns..."
16,102,50,16_00 eur_restaurant_cuisine_tab navigate,"00 eur, restaurant, cuisine, tab navigate, navigate menu, menu items, cafe, donnees, tab, items","top of page

Réserver une table

Notre carte

  * Qui sommes nous ?
  * Témoignages
  * Galerie
  * Contactez-nous
  * More...

Use tab to navigate through the menu items.

# De la viande grillee toute l'annee dans votre restaurant Beef Grill !

histoire

## Votre restaurant Beef Grill vous deroule son tapis rouge !

Si vous recherchez un restaurant qui sert des viandes grillees toute l'annee,
ne cherchez pas plus loin que le Beef Grill !

Notre chef et son equipe perfectionnent l'art de la vian...
---
top of page

# Le Cedre

  * La Carte
  * Menu du Jour
  * Evènements
  * Contact & Accès
  * More...

Use tab to navigate through the menu items.

Désolé, les commandes en ligne sont actuellement fermées. Nous ne prenons pas
de commandes pour le moment. Veuillez vérifier plus tard.

Pour réserver une table

  * Cuisine Libanaise - Entrées Froides
  * Cuisine Libanaise - Entrées Chaudes
  * Cuisine Libanaise - Les Grillades
  * Cuisine Libanaise - Les Menus
  * Cuisine Européenne - Les Viandes
 ...
---
top of page

RÉSERVEZ VOTRE TABLE

  * Accueil
  * Le Restaurant
  * Nos Cartes
  * Nos Menus du Jour
  * Les Banquets
  * Jobcontact
  * Actualités
  * Contact
  * More

Use tab to navigate through the menu items.

  * 

1 r. Lucien Wercollier | L-8156 Bridel
+352 33 87 34 1

info@bridelerstuff.lu

Heures d'ouvertures de la cuisine :

Mardi au Samedi : 11h45 - 14h00 | 17h45 - 22h00
Dimanche : 11h45 - 14h00 | 17h45 - 21h30

Nous sommes a votre service

du mardi au dimanche, midi et soir,

sauf l..."
17,98,39,17_résultats_sports_stroossen_c3,"résultats, sports, stroossen, c3, document, tir, racing, pdf, schëffleng, fédération luxembourgeoise","* Téléchargements
  * Liens utiles
  * Contact

Fédération luxembourgeoise de tir aux armes sportives

  * Home
  * Résultats
  * Calendrier
  * RIAC
  * RWBC
  * Sur Nous
  * Sociétés
  * Galeries
  * Menu Menu

  *   *   *   *   *   * 

PreviousNext

123456

## Bienvenu au site de la FLTAS

Vous trouvez ici toutes les informations en relation avec le tir sportif au
Luxembourg.

Restez à jour

## Actualités

  

### Jeeërschéissen 2023

08/05/2023

https://www.fltas.lu/wp-content/uploads/2019/0...
---
* Téléchargements
  * Liens utiles
  * Contact

Fédération luxembourgeoise de tir aux armes sportives

  * Home
  * Résultats
  * Calendrier
  * RIAC
  * RWBC
  * Sur Nous
  * Sociétés
  * Galeries
  * Menu Menu

##  Championnat Interne et Tir de Clôture 2022

15/09/2022/in Compétitions /by Tom

Read more

https://www.fltas.lu/wp-content/uploads/2019/01/trophy_actualites.png 500 500
Tom https://www.fltas.lu/wp-content/uploads/2019/01/Logo_FLTAS_2-300x100.png
Tom2022-09-15 20:31:272022-09-15 20:3...
---
* Téléchargements
  * Liens utiles
  * Contact

Fédération luxembourgeoise de tir aux armes sportives

  * Home
  * Résultats
  * Calendrier
  * RIAC
  * RWBC
  * Sur Nous
  * Sociétés
  * Galeries
  * Menu Menu

##  US M14 Contest & Tir au sanglier courant

28/03/2023/in Compétitions /by Tom

Read more

https://www.fltas.lu/wp-content/uploads/2019/01/trophy_actualites.png 500 500
Tom https://www.fltas.lu/wp-content/uploads/2019/01/Logo_FLTAS_2-300x100.png
Tom2023-03-28 19:50:372023-04-17 10:43:..."
18,97,44,18_komfort_javascript_balkon_activer javascript,"komfort, javascript, balkon, activer javascript, mains, weiterlesen, javascript browser, vianden, fonctionner, correctement","Bitte aktivieren Sie Javascript, damit diese Website korrekt funktionieren
kann.

Jetzt buchen

  * EN
  * DE
  * FR
  * NL

DE

  * EN
  * DE
  * FR
  * NL

  * 55 Grand-rue L-9410 Vianden
  * Tel: (+352) 83 41 55

Jetzt buchen

Menu

  * Home
  * Geschichte
  * Unsere Zimmer
    * Alle
    * Doppelzimmer Komfort
    * Doppelzimmer Komfort - Balkon, Gartenblick
    * Suite Komfort - Balkon, Gartenblick
    * Dreibettzimmer Komfort
    * Familienzimmer Komfort
    * Familienzimmer Komfort - Balk...
---
Bitte aktivieren Sie Javascript, damit diese Website korrekt funktionieren
kann.

Jetzt buchen

  * EN
  * DE
  * FR
  * NL

DE

  * EN
  * DE
  * FR
  * NL

  * 55 Grand-rue L-9410 Vianden
  * Tel: (+352) 83 41 55

Jetzt buchen

Menu

  * Home
  * Geschichte
  * Unsere Zimmer
    * Alle
    * Doppelzimmer Komfort
    * Doppelzimmer Komfort - Balkon, Gartenblick
    * Suite Komfort - Balkon, Gartenblick
    * Dreibettzimmer Komfort
    * Familienzimmer Komfort
    * Familienzimmer Komfort - Balk...
---
Bitte aktivieren Sie Javascript, damit diese Website korrekt funktionieren
kann.

Jetzt buchen

  * EN
  * DE
  * FR
  * NL

DE

  * EN
  * DE
  * FR
  * NL

  * 55 Grand-rue L-9410 Vianden
  * Tel: (+352) 83 41 55

Jetzt buchen

Menu

  * Home
  * Geschichte
  * Unsere Zimmer
    * Alle
    * Doppelzimmer Komfort
    * Doppelzimmer Komfort - Balkon, Gartenblick
    * Suite Komfort - Balkon, Gartenblick
    * Dreibettzimmer Komfort
    * Familienzimmer Komfort
    * Familienzimmer Komfort - Balk..."
19,93,48,19_sushi_restaurant_plats_asiatique,"sushi, restaurant, plats, asiatique, livraison, livraison gratuite, 14h30, ramen, sashimi, chinois","* # Restaurant Mr Wok
  *     * Boutique
    * À propos de
    * Où nous trouver
    * Contactez-nous
  * 26 19 67 08
Obtenir des orientations

Heures d'ouverture

    * 

# Restaurant Mr Wok

##

Les saveurs d'Asie a votre table!

Commandez en ligne

26 19 67 08

  * 

Catégories

  * sushi
  * Potages
  * Entrées
  * Menus
  * Menus
  * Riz
  * Nouilles
  * Boeuf
  * Canard
  * Poulet
  * Poissons
  * California
  * Chirashi
  * Maki
  * Sashimi
  * Soja
  * Soya
  * Spécial
  * Spring
  * Tat...
---
Accueil

Commande en ligne

A propos de nous

Contactez-nous

Notre carte complète

Menu

#  Restaurant Golden Bambou

Cuisine japonaise et asiatique PROMOTION: Remise automatique de 5% pour toutes
commandes supérieures à 50€

Commandez en ligne

##  Notre carte

Spécial roll

Sushi

Plateaux de sushi

Bowls

Bambou

Sashimi (8pcs)

Chirashi (16pcs)

Potages

Entrées

Salade

Grillades

Poulet

Teppan

Soupes Udon

Canard

Boeuf

Fruits de mer

Riz et nouilles

Spécialités thaï

Noodles sautées ...
---
* # Restaurant Mr Wok
  *     * Boutique
    * À propos de
    * Où nous trouver
    * Contactez-nous
  * 26 19 67 08
Obtenir des orientations

Heures d'ouverture

    * 

# Restaurant Mr Wok

##

Les saveurs d'Asie a votre table!

Commandez en ligne

26 19 67 08

  * 

Catégories

# S4

S4

13.90 €

1 salade choux, 5 sushi saumon, 2 sushi thon, 2 sushi daurade, 1 sushi
crevette

En stock

Quantité :

1

Ajouter au Panier

Détails du produit

Enregistrer ce produit pour plus tard

Favori

  * Mo..."
20,92,49,20_béton_jardin_jardins_clôtures,"béton, jardin, jardins, clôtures, maçonnerie, entretien, gazon, brise, aménagement, abattage","Skip to content

## Créateur de paysages Jardinage et aménagements d'espaces verts.

  * Accueil
  * Présentation
  * Services
    * Petite maçonnerie paysagère
    * Aménagement de jardin
    * Entretien des jardins
    * Etangs biologiques
    * Déneigement
  * Réalisations
  * Contact

## Présentation

L'entreprise JARDINS EN FLEURS MOUTINHO S.àr.l. a été fondée en 1995 par
Monsieur José Moutinho qui a acquis de l'expérience en travaillant dans une
entreprise de jardinage pendant 20 ans. Avec...
---
Skip to content

## Créateur de paysages Jardinage et aménagements d'espaces verts.

  * Accueil
  * Présentation
  * Services
    * Petite maçonnerie paysagère
    * Aménagement de jardin
    * Entretien des jardins
    * Etangs biologiques
    * Déneigement
  * Réalisations
  * Contact

Petite maçonnerie paysagère

Chemins d’accès ou terrasse, confiez la création et la réalisation de vos
maçonneries extérieures à un professionnel du jardin, votre paysagiste.

En savoir plus

Aménagement de jar...
---
Skip to content

## Créateur de paysages Jardinage et aménagements d'espaces verts.

  * Accueil
  * Présentation
  * Services
    * Petite maçonnerie paysagère
    * Aménagement de jardin
    * Entretien des jardins
    * Etangs biologiques
    * Déneigement
  * Réalisations
  * Contact

Petite maçonnerie paysagère

Chemins d’accès ou terrasse, confiez la création et la réalisation de vos
maçonneries extérieures à un professionnel du jardin, votre paysagiste.

En savoir plus

Aménagement de jar..."
21,92,48,21_architecture_architectes_architecte_maison unifamiliale,"architecture, architectes, architecte, maison unifamiliale, unifamiliale, projets, bureau, life, urbanisme, architect","

  * Projets
    * Urbain
    * Public
    * Logement
    * Travail
    * Rénovation
  * Atelier
    * Activités
    * Energiepass / CPE
    * Principes
    * Biographie
    * Confidentialité
    * Contact

RM est un atelier d'architecture créé par Manuel Rocas. Selon l'atelier RM,
l'architecture est avant tout un acte moral. L’architecte est à la fois homme
de culture générale et homme d’art apte à répondre aux exigences de la société
et à formuler des réponses adéquates à ses besoins. L'arch...
---
* Home
  * À Propos
  * Portfolio
  * Actualités
  * Contact

  * fr
  * en

  * Home
  * À Propos
  * Portfolio
  * Actualités
  * Contact

  * fr
  * en

#  À Propos

#  Notre Équipe

#  Romain Hoffmann Architectes & Urbanistes

Notre bureau a été fondé en 1978 par Romain Hoffmann. Au cours des années,
nous avons acquis et développé nos expériences et compétences lors de la
réalisation de différents types de projets - nouvelles constructions,
transformations et rénovations de bâtiments d'habit...
---
Architecture

  * Profil 
  * Projets en cours
  * Espaces publics
  * Projets privés
  * Projets publics
  * Projets internationaux
  * Partenaires 
  * Contact 
  * Architecture d'intérieur 

## acc architectes - architecture

depuis 2003: association momentanee entre MEdesign et l'architecte Romain
Thiltges

###

## 2009

fondation du bureau d'architecture et d'architecture d'interieur ACC
architectes sarl.

effectif: 3 collaborateurs dont 2 associes (architecte et architecte
d'interieur) et ..."
22,89,48,22_caritas_operational_großregion_membres,"caritas, operational, großregion, membres, luxembourgeoise, société luxembourgeoise, impact, sociale, day, association","FrançaisEnglishDeutsch

  * News
    * Aktuelles
    * Augenzeugenberichte
    * Meinung & Debatte
    * Operational Research
    * Fokus
    * Pressemitteilungen
  * In Luxemburg
  * Operational research
    * LuxOR
    * Aktuelles
    * Projects
    * Publications
    * Training
    * OR Day 2021
  * Mitarbeiten
    * Für MSF im Ausland arbeiten
    * Gesuchte Berufsgruppen
    * Sich in Luxemburg engagieren
    * FAQ

  * Unterstutzen
    * Spenden
    * Testaments-Spenden
    * I Support MSF...
---
Français

  * News
    * Aktuelles
    * Augenzeugenberichte
    * Meinung & Debatte
    * Operational Research
    * Fokus
    * Pressemitteilungen
  * In Luxemburg
  * Operational research
    * LuxOR
    * Aktuelles
    * Projects
    * Publications
    * Training
    * OR Day 2021
  * Mitarbeiten
    * Für MSF im Ausland arbeiten
    * Gesuchte Berufsgruppen
    * Sich in Luxemburg engagieren
    * FAQ

  * Unterstutzen
    * Spenden
    * Testaments-Spenden
    * I Support MSF!
    * Gedenk...
---
FrançaisEnglishDeutsch

  * News
    * Aktuelles
    * Augenzeugenberichte
    * Meinung & Debatte
    * Operational Research
    * Fokus
    * Pressemitteilungen
  * In Luxemburg
  * Operational research
    * LuxOR
    * Aktuelles
    * Projects
    * Publications
    * Training
    * OR Day 2021
  * Mitarbeiten
    * Für MSF im Ausland arbeiten
    * Gesuchte Berufsgruppen
    * Sich in Luxemburg engagieren
    * FAQ

  * Unterstutzen
    * Spenden
    * Testaments-Spenden
    * I Support MSF..."
23,87,40,23_chauffage_ventilation_installations_climatisation,"chauffage, ventilation, installations, climatisation, sanitaires, gas, sanitaire, chaleur, eau, renouvelables","+352 26 37 17 37 technopol@technopol.lu

  * Accueil
  * Chauffage
  * Climatisation et refrigeration
  * Sanitaires
  * Installations electriques
  * Énergies renouvelables
  * Contact

Select Page

# Chauffage

Installation, entretien et reparation des systemes de chauffage, de
ventilation, de climatisation et tous les dispositifs sanitaires

En savoir plus

# Climatisation et Refrigeration

Installation, entretien et reparation des systemes de chauffage, de
ventilation, de climatisation et to...
---
* L'entreprise
    * Notre activité
    * Notre histoire
    * Nos labels
    * Carrière
  * Nos engagements
    * Responsabilité Sociétale de l’Entreprise
    * Philanthropie
    * Engagements de la direction générale
  * Nos installations
    * Chauffage
    * Energies renouvelables
    * Installations sanitaires
    * Ventilation et climatisation
    * Installations électriques
    * Installations professionnelles
    * Pompes à chaleur haute température
  * Entretien
  * Remake
  * Réalisati...
---
Aller au contenu

  * À propos de nous
    * Articles et Conseils
  * Services
    * Chauffage
    * Sanitaire
    * Climatisation
    * Éco-énergies
    * Salle de bain
      * Buanderie
    * Ventilation
  * Rénovation
  * Entretien
  * Wellness
    * Baignoires hydromassage
    * Cabines multifonctions
    * Hammam
    * Sauna
    * Sauna+Hammam
    * Spa
  * Réalisations
  * Contact

Menu

  * À propos de nous
    * Articles et Conseils
  * Services
    * Chauffage
    * Sanitaire
    * Clim..."
24,84,36,24_volets_vermietung_verkauf_voir voir,"volets, vermietung, verkauf, voir voir, facebook, apimo, design apimo, google, disable, enable disable","+352 28 99 53 69 info@winfox.lu

  * Facebook

  * Facebook

  * Gamme
    * Fenêtres PVC/ALU
    * Fenêtres en bois
    * Portes intérieures et extérieures
      * Porte extérieure
      * Porte intérieure
      * Porte d’appartement
    * Pergolas Bioclimatiques
    * Porte blindée anti-effraction
    * Portes de garage sectionnelles
    * Volets et moustiquaires
  * Pose
  * Services
    * Réparation menuiseries
    * Réparation de portes
    * Réparation volets
    * Réparation portes de gar...
---
+352 28 99 53 69 info@winfox.lu

  * Facebook

  * Facebook

  * Gamme
    * Fenêtres PVC/ALU
    * Fenêtres en bois
    * Portes intérieures et extérieures
      * Porte extérieure
      * Porte intérieure
      * Porte d’appartement
    * Pergolas Bioclimatiques
    * Porte blindée anti-effraction
    * Portes de garage sectionnelles
    * Volets et moustiquaires
  * Pose
  * Services
    * Réparation menuiseries
    * Réparation de portes
    * Réparation volets
    * Réparation portes de gar...
---
+352 28 99 53 69 info@winfox.lu

  * Facebook

  * Facebook

  * Gamme
    * Fenêtres PVC/ALU
    * Fenêtres en bois
    * Portes intérieures et extérieures
      * Porte extérieure
      * Porte intérieure
      * Porte d’appartement
    * Pergolas Bioclimatiques
    * Porte blindée anti-effraction
    * Portes de garage sectionnelles
    * Volets et moustiquaires
  * Pose
  * Services
    * Réparation menuiseries
    * Réparation de portes
    * Réparation volets
    * Réparation portes de gar..."
25,83,39,25_fund_litigation_investissement_letters,"fund, litigation, investissement, letters, funds, fonds, investment, partners, capital, esg","* Home
  * About us
    * Our story
    * Our DNA
    * Awards
  * Expertise
    *       * PRACTICE AREAS
      * 01\. Investment management
        *           * KEY COMPETENCIES
          * Private equity - Fund structuring
          * Venture capital funds
          * Real estate - Fund structuring
          * Hedge funds
          * Crypto funds
          * Private debt funds
          * Infrastructure funds
          * Sustainable finance and ESG funds
          * Regulatory and compliance
...
---
* Home
  * About us
    * Our story
    * Our DNA
    * Awards
  * Expertise
    *       * PRACTICE AREAS
      * 01\. Investment management
        *           * KEY COMPETENCIES
          * Private equity - Fund structuring
          * Venture capital funds
          * Real estate - Fund structuring
          * Hedge funds
          * Crypto funds
          * Private debt funds
          * Infrastructure funds
          * Sustainable finance and ESG funds
          * Regulatory and compliance
...
---
* Home
  * About us
    * Our story
    * Our DNA
    * Awards
  * Expertise
    *       * PRACTICE AREAS
      * 01\. Investment management
        *           * KEY COMPETENCIES
          * Private equity - Fund structuring
          * Venture capital funds
          * Real estate - Fund structuring
          * Hedge funds
          * Crypto funds
          * Private debt funds
          * Infrastructure funds
          * Sustainable finance and ESG funds
          * Regulatory and compliance
..."
26,81,39,26_vins_wines_domaine_crémants,"vins, wines, domaine, crémants, dégustation, vin, beer, caves, champagne, pinot","Skip to content

## Receive our promotions!

Subscribe to receive our promotions, our latest wines and all our news.

Subscribe

Wines

All our wines

White wines

Red wines

Rosé wines

The specialties

  * Organic wines
  * CHARTA Luxembourg
  * Domaine & Tradition
  * Late harvest wines

Crémants

All the crémants

Crémants blancs

Rosé Crémants

Tasting boxes

""Winegrowers"" theme boxes

""Grape varieties"" theme boxes

""Terroirs"" theme boxes

Promotions

Our winegrowers

Benoit & Claude Viticu...
---
Aller au contenu principal

Caves Vinel

Bienvenue sur notre nouveau site

Menu

  * Actualités
  * Xavier Copel Wines - en primeur 2020
  * Liste des Prix 2023
  * Accueil
  * Online-Shopping
  * Le Bloc Cellier ®
  * Contact

Publié le 25 mars 2023 par fn

# Impressions de Prowein 2023

Ferraton Père & Fils Rhône - Un de nos partenaires les plus anciens. Des vins
dont la diversité est principalement marquée par les terroirs extraordinaires
dont chaque vin provient. Finesse, voilà la principale...
---
Aller au contenu

## Recevez nos promotions!

Abonnez-vous pour recevoir nos promotions, nos derniers vins et toutes nos
actualités.

S'inscrire

Vins

Tous nos vins

Vins blancs

Vins rouges

Vins rosés

Les spécialités

  * Vins Biologiques
  * CHARTA Luxembourg
  * Domaine & Tradition
  * Vendanges tardives

Crémants

Tous les crémants

Crémants blancs

Crémants rosés

Coffrets dégustations

Coffrets thème ""Vignerons""

Coffrets thème ""Cépages""

Coffrets thème ""Terroirs""

Promotions

Nos vigne..."
27,76,51,27_wordpress_writing_delete_edit,"wordpress, writing, delete, edit, bonjour, post, comments, sollicitudin, uncategorized, start","# Nappilla

  * Sample Page

  * ## Hello world!
Welcome to WordPress. This is your first post. Edit or delete it, then start
writing!

mars 16, 2022

Nappilla

Fièrement propulsé par WordPress
---
Skip to content

# admin

## Hello world!

1 Comment / Uncategorized / By  admin

Welcome to WordPress. This is your first post. Edit or delete it, then start
writing!
---
Investeringen van de toekomst

  * Sample Page

# Hello world!

Welcome to WordPress. This is your first post. Edit or delete it, then start
writing!

* * *
Geplaatst

december 20, 2022

in

Uncategorized

door

admin

Tags:

## Reacties

### Eén reactie op ""Hello world!""

  1. A WordPress Commenter
december 20, 2022

Hi, this is a comment.  
To get started with moderating, editing, and deleting comments, please visit
the Comments screen in the dashboard.  
Commenter avatars come from Gravatar.
..."
28,75,29,28_yoga_massage_reiki_massages,"yoga, massage, reiki, massages, relaxation, meditation, treatments, cadeau, thai, practice","Yoga Shala

  * Yoga
  * Reiki
  * Psych-K
  * Contact

DeEn

Menu

  * Yoga
  * Reiki
  * Psych-K
  * Contact
  * DeEn

Yoga

mental and physical exercises

Reiki

universal life energy

Psych-K

communication of consciousness

Breathwork

the more freely and consciously you breathe, the more you live

Yoga

mental and physical exercises

Reiki

universal life energy

Psych-K

communication of consciousness

Breathwork

the more freely and consciously you breathe, the more you live

###

###

#...
---
* Home
  * About
  * Services
  * Blog
  * Yoga
  * Coaching
  * Tantra
  * Contact
  * English
English Français Deutsch Lëtzebuergesch Português

  *   *   *   *   *   * 
+352 621 349 791

Healing Hands

Passion - Dedication - Love

  * Home
  * About
  * Services
  * Blog
  * Yoga
  * Coaching
  * Tantra
  * Contact
  * English
English Français Deutsch Lëtzebuergesch Português

Home > 2016

# 2016

## Benefits from regular Massage

November 14, 2016silvio

Peer-reviewed medical research has sh...
---
* Home
  * About
  * Services
  * Blog
  * Yoga
  * Coaching
  * Tantra
  * Contact
  * English
English Français Deutsch Lëtzebuergesch Português

  *   *   *   *   *   * 
+352 621 349 791

# Healing Hands

Passion - Dedication - Love

  * Home
  * About
  * Services
  * Blog
  * Yoga
  * Coaching
  * Tantra
  * Contact
  * English
English Français Deutsch Lëtzebuergesch Português

Amazing skillful bodywork

We love to give.

Read More

LOMI LOMI NUI

The queen of all massages

Read More

Reiki ..."
29,74,47,29_jpeg_height_file_image,"jpeg, height, file, image, jpg, tab navigate, navigate menu, menu items, items, tab","top of page

  * ACCUEIL
  * QUI SUIS-JE ?
  * NUTRITION ET MICRONUTRITION
  * LES PLUS ET OUTILS D’AMINVITAL
  * ARTICLES PUBLIÉS
  * RECETTES
  * CONTACTEZ-NOUS
  * 

Use tab to navigate through the menu items.

## ARTICLES PUBLIÉS

Cliquez sur l'image pour avoir l'article au complet !

## CONTACT

Phone

Mail

Location

+352 691 351 974

​

​

info@aminvital.lu

​

​

18B Hierheck

Christnach L-7640

Luxembourg

  *   *   *   * 

bottom of page
---
top of page

  * Accueil
  * Réalisations
  * Contact
  * More

Use tab to navigate through the menu items.

# Site en maintenance

secretariat@batideco.lu

6, Rue du Bois

L-4795 Linger

Luxembourg

(+352) 26 65 04 45 |

(+352) 621  142 915

  *   * 

bottom of page
---
* Home
  * Über
  * Projekte
  * Kontakt
  * Deutsch
    * Français

Press enter to begin your search

#gallery-1 { margin: auto; } #gallery-1 .gallery-item { float: left; margin-
top: 10px; text-align: center; width: 33%; } #gallery-1 img { border: 2px
solid #cfcfcf; } #gallery-1 .gallery-caption { margin-left: 0; } /* see
gallery_shortcode() in wp-includes/media.php */ /* <![CDATA[ */ var wpcf7 =
{""apiSettings"":{""root"":""http:\/\/pro-e.lu\/wp-json\/contact-
form-7\/v1"",""namespace"":""contact-form..."
30,74,49,30_crèche_enfants_enfant_foyer,"crèche, enfants, enfant, foyer, activités, parents, foyer jour, pédagogique, jeux, projet pédagogique","﻿

  * Accueil
  * Nos Structures
    * Crèche à Foetz 
    * Crèche à Bascharage 
    * Crèche à Bettembourg 
    * Crèche à Pontpierre 
    * Crèche à Florange 
  * Nos actualités
  * Contact
  * 

## Crèche Bidibul

## à Pontpierre

### Notre Crèche

Bidibul by Léa et Léo a repris la toute première structure anciennement crèche
Patatina située au 96 Rue d'Europe, 4390 Pontpierre, Luxembourg. Une crèche
située dans un environnement qui apporte aux enfants une atmosphère
rassurante, sécurisée, ...
---
﻿

  * Accueil
  * Nos Structures
    * Crèche à Foetz 
    * Crèche à Bascharage 
    * Crèche à Bettembourg 
    * Crèche à Pontpierre 
    * Crèche à Florange 
  * Nos actualités
  * Contact
  * 

## Crèche Bidibul

## à Foetz

### Notre Crèche

L'établissement se trouve dans une maison en bois moderne, dotée d'un jardin
et d'une grande terasse, ce qui permet de sortir régulièrement les enfants et
de leur proposer des jeux au grand air, ce qui est indispensable et bénéfique
à leur bien-être.
...
---
﻿

  * Accueil
  * Nos Structures
    * Crèche à Foetz 
    * Crèche à Bascharage 
    * Crèche à Bettembourg 
    * Crèche à Pontpierre 
    * Crèche à Florange 
  * Nos actualités
  * Contact
  * 

## Crèche Bidibul

## à Bascharage

### Notre Crèche

La crèche Bidibul est située à Bascharage dans un endroit calme où la maison
est en retrait face aux champs. La crèche est aménagée dans une maison
familiale en pierre avec un grand jardin où les enfants ont la possibilité de
jouer et d’évoluer à..."
31,69,45,31_food_delivery_restaurant_bar,"food, delivery, restaurant, bar, midi, spécialités, luxembourg ville, brasserie, appeler, plats","* Accueil
  * Restaurant
    * Le menu
    * Les formules du midi
  * Bar
  * Privatisation
  * Actualités
  * Galerie

Nous contacter

# Actualités

### Bar restaurant à Luxembourg Ville

Vous êtes en quête d’un lieu convivial où partager un bon repas ? Prenez place
à l’une des tables d’Origine, notre bar restaurant à Luxembourg Ville.
Savourez ce moment en compagnie de notre équipe...

Lire la suite

### Venez vous régaler dans notre restaurant traditionnel à Luxembourg !

Parfois on a juste e...
---
* Galerie
  * Actualités
  * Menu
  * Contact

•

Brasserie du Cents

Cuisine familiale

Réserver

# Votre brasserie à Luxembourg

Venez savourer un bon repas dans votre brasserie à Luxembourg ! La Brasserie
du Cents vous fait partager son amour de la bonne cuisine ! Entrée dans une
ambiance chaleureuse et familiale et laissez-vous servir. Ici, c’est comme à
la maison, mais en mieux (la vaisselle, ce n’est pas vous qui la faites).
N’hésitez pas à venir vous retrouver en famille, entre amis, en a...
---
* Accueil
  * Restaurant
    * Le menu
    * Les formules du midi
  * Bar
  * Privatisation
  * Actualités
  * Galerie

Nous contacter

À 5 min de la gare

# Origine, votre restaurant à Luxembourg Ville

Vous recherchez un restaurant à Luxembourg Ville à l’ambiance accueillante et
chaleureuse ?  
Notre restaurant Origine vous accueille en semaine et le week-end !  
En choisissant Origine pour vos repas ou pour vos pauses, vous pourrez ainsi
profiter de notre carte variée, composée de produits de..."
32,69,28,32_emploi_offres emploi_recrutement_recruitment,"emploi, offres emploi, recrutement, recruitment, offres, rh, select, candidature, candidats, candidates","## Menu FR

  * Accueil
  * Candidats
    * Offres d'emploi
    * Le travail temporaire
    * Missions & contrats
    * Droits et devoirs
    * Infos pratiques
    * Lancement d'alerte
    * Données Personnelles
    * Télécharger form. consentement
    * Postuler en ligne
  * Entreprises
    * Pourquoi Synergie ?
    * Recourir au travail temporaire
    * Contrats de gestion – Payrolling
    * Pré-recrutement
    * Demande de personnel
  * Synergie
    * Synergie recrute pour Synergie
    * Visi...
---
## Menu FR

  * Accueil
  * Candidats
    * Offres d'emploi
    * Le travail temporaire
    * Missions & contrats
    * Droits et devoirs
    * Infos pratiques
    * Lancement d'alerte
    * Données Personnelles
    * Télécharger form. consentement
    * Postuler en ligne
  * Entreprises
    * Pourquoi Synergie ?
    * Recourir au travail temporaire
    * Contrats de gestion – Payrolling
    * Pré-recrutement
    * Demande de personnel
  * Synergie
    * Synergie recrute pour Synergie
    * Visi...
---
## Menu FR

  * Accueil
  * Candidats
    * Offres d'emploi
    * Le travail temporaire
    * Missions & contrats
    * Droits et devoirs
    * Infos pratiques
    * Lancement d'alerte
    * Données Personnelles
    * Télécharger form. consentement
    * Postuler en ligne
  * Entreprises
    * Pourquoi Synergie ?
    * Recourir au travail temporaire
    * Contrats de gestion – Payrolling
    * Pré-recrutement
    * Demande de personnel
  * Synergie
    * Synergie recrute pour Synergie
    * Visi..."
33,67,25,33_fondation_array_logement_26 48,"fondation, array, logement, 26 48, tél 26, president, stiftung, violence, rise, dons","* Contact

Faire un don Faire un don

# Soutenez notre fondation en faisant une donation?Les dons sont déductibles
de l'impôt sur le revenu. Pour être déductible en tant que dépenses spéciales,
le total annuel des libéralités doit être égal ou supérieur à 120 €.

Vous pouvez soutenir l'action de la Fondation pour l'Accès au Logement, et
notamment son service d'Agence Immobilière Sociale.

Les dons sont déductibles de l'impôt sur le revenu. Pour être déductible en
tant que dépenses spéciales, le ...
---
* Contact

Faire un don Faire un don

# Soutenez notre fondation en faisant une donation?Les dons sont déductibles
de l'impôt sur le revenu. Pour être déductible en tant que dépenses spéciales,
le total annuel des libéralités doit être égal ou supérieur à 120 €.

Vous pouvez soutenir l'action de la Fondation pour l'Accès au Logement, et
notamment son service d'Agence Immobilière Sociale.

Les dons sont déductibles de l'impôt sur le revenu. Pour être déductible en
tant que dépenses spéciales, le ...
---
* Contact

Faire un don Faire un don

# Soutenez notre fondation en faisant une donation?Les dons sont déductibles
de l'impôt sur le revenu. Pour être déductible en tant que dépenses spéciales,
le total annuel des libéralités doit être égal ou supérieur à 120 €.

Vous pouvez soutenir l'action de la Fondation pour l'Accès au Logement, et
notamment son service d'Agence Immobilière Sociale.

Les dons sont déductibles de l'impôt sur le revenu. Pour être déductible en
tant que dépenses spéciales, le ..."
34,66,27,34_fc_zeréck_trainer_minimes,"fc, zeréck, trainer, minimes, canach, jugend, current, ent, poussins, jeunesse","#  F.C. Blo-Wäiss Izeg

Umellen

  * Home 
  * CLUB 
    * Zeréck
    * COMITE 
    * STADE ALBERT KONGS 
    * GESCHICHT 
      * Zeréck
      * FUTTBALL ZU IZEG VIRUN 1941 
        * Zeréck
        * FC EXCELSIOR 
        * AN DEN 30ER JOREN 
      * FC BLO-WÄISS IZEG 
        * Zeréck
        * DÉI ÉISCHT 25 JOER 
        * VUN 1966 BIS 1991 
        * VUN 1991 BIS 2001 
        * VUN 2001 BIS 2011 
        * 2011 BIS HAUT 
    * VERÄINSCHRONIK 
      * Zeréck
      * DIVISIOUNSZOUGEHÉIREGKEE...
---
#  FC Kielen

Umellen

  * Home 
    * Zeréck
    * News 
    * Manifestatiounen 
  * Club 
    * Zeréck
    * Wéi ginn ech Member? 
    * Comité FC Kielen 
    * Historique 
    * Stadion A. Berchem 
    * Supporterclub 
    * Wopen Logo 
  * 1\. & 2\. Equipe 
    * Zeréck
    * 1.Ekipp - Kader 
    * 2\. Ekipp 
    * Tabell (vun-bis) 
    * Resultater(vun-bis) 
  * Jugend 
    * Zeréck
    * Infos-Traininger-Inscriptioun 
    * Jugendkommissioun 
    * U19 - Junioren 
    * U17 - Cadeten 
    ...
---
#  F.C. Blo-Wäiss Izeg

Umellen

  * Home 
  * CLUB 
    * Zeréck
    * COMITE 
    * STADE ALBERT KONGS 
    * GESCHICHT 
      * Zeréck
      * FUTTBALL ZU IZEG VIRUN 1941 
        * Zeréck
        * FC EXCELSIOR 
        * AN DEN 30ER JOREN 
      * FC BLO-WÄISS IZEG 
        * Zeréck
        * DÉI ÉISCHT 25 JOER 
        * VUN 1966 BIS 1991 
        * VUN 1991 BIS 2001 
        * VUN 2001 BIS 2011 
        * 2011 BIS HAUT 
    * VERÄINSCHRONIK 
      * Zeréck
      * DIVISIOUNSZOUGEHÉIREGKEE..."
35,65,21,35_malawi_mhz_ste_version,"malawi, mhz, ste, version, gabriel, champions, händler, recommend, update, stellenangebote","Fondation Ste Zithe

  * Home
  * Über uns
  * Organisationen
    * Kongregation der Tertiar-Karmelitinnen
    * Carmelite Sisters Malawi
    * Fondation Ste Zithe
    * St. Gabriel’s Hospital
    * Eng oppen Hand fir Malawi
    * Zikomo – Hilfe für Malawi
    * ZithaSenior S.A.
    * ZithaMobil und ZithaFoyers
    * ZithaAktiv
    * ZithaKiné
    * ZithaRésidences
    * ZithaUnit
  * Projekte
  * Downloads
  * Jobs
  * Kontakt
  * Deutsch
    * Lëtzebuergesch
    * Français
    * English

Menü
...
---
Fondation Ste Zithe

  * Home
  * Über uns
  * Organisationen
    * Kongregation der Tertiar-Karmelitinnen
    * Carmelite Sisters Malawi
    * Fondation Ste Zithe
    * St. Gabriel’s Hospital
    * Eng oppen Hand fir Malawi
    * Zikomo – Hilfe für Malawi
    * ZithaSenior S.A.
    * ZithaMobil und ZithaFoyers
    * ZithaAktiv
    * ZithaKiné
    * ZithaRésidences
    * ZithaUnit
  * Projekte
  * Downloads
  * Jobs
  * Kontakt
  * Deutsch
    * Lëtzebuergesch
    * Français
    * English

Menü
...
---
Fondation Ste Zithe

  * Home
  * Über uns
  * Organisationen
    * Kongregation der Tertiar-Karmelitinnen
    * Carmelite Sisters Malawi
    * Fondation Ste Zithe
    * St. Gabriel’s Hospital
    * Eng oppen Hand fir Malawi
    * Zikomo – Hilfe für Malawi
    * ZithaSenior S.A.
    * ZithaMobil und ZithaFoyers
    * ZithaAktiv
    * ZithaKiné
    * ZithaRésidences
    * ZithaUnit
  * Projekte
  * Downloads
  * Jobs
  * Kontakt
  * Deutsch
    * Lëtzebuergesch
    * Français
    * English

Menü
..."
36,63,49,36_press zoom_property_zoom_immobilier,"press zoom, property, zoom, immobilier, press, estimation, gestion, rental, real, properties","* About Us
  * Landlords
  * Corporate Rentals
  * Contact

# Rent your property

We carefully select every rental property and design our places to the
tenant's needs and requirements. Quality and beauty for the eye are vital
aspects Arca wants to ensure in every property.

Contact us

## Why work with us

Let Arca introduce you to leading property management.

Rental Guarantee

When you work with Arca, we will pay your monthly rent. Your guaranteed rental
income begins as soon as we have onboa...
---
top of page

FR

LU

EN

Services

Projects

Trust Group

Contact

## SERVICES

###### SURVEYS

We offer all types of building expertise.

​

\- Moisture expertise

\- Crack Expertise

\- Damage surveys of all kinds

Estimate Expertise Fixed price on request

  *   *   * 

###### REAL ESTATE VALUATION

You want to sell your real estate but you don't know what the real value is or
you have received an offer and you want to make sure that the amount is fair.
Contact us and we will help you sell or...
---
top of page

FR

LU

EN

Services

Projets

Trust Group

Contact

## SERVICES

###### EXPERTISES

Nous vous proposons tous genres d'expertises en batiment :​

​

\- Expertises d'humidite

\- Expertises de fissures

\- Expertises dommages tous genres​

Devis Expertise Prix forfaitaire sur demande

  *   *   * 

###### ESTIMATION IMMOBILIÈRE

Vous desirez vendre votre objet immobilier mais vous ne savez pas quel est la
valeur reelle ou vous avez reçu une offre et vous voulez vous assurer que le
mo..."
37,63,42,37_richard_password_cafe_crew,"richard, password, cafe, crew, legumes, lait, youth, username, committee, produit","Menu

Username:  
Password:  
  
Sign-up  
Forgot login details

Due to an upgrade of the website on 2018-09-06 you must reset your password.
The easiest way is to click the 'forgot login details' link above and enter
your email address.  
  * Home
  * The Club
    * NWTC 50th Anniversary Celebration
      * NWTC 50th details of event
        * Payment
        * Menu
        * When, where and how
        *       * 50th Anniversary evening entertainment
      * Share your NWTC memories
      *   ...
---
*   *   *   * 

Menu

Username:  
Password:  
  
Sign-up  
Forgot login details

Due to an upgrade of the website on 2018-09-06 you must reset your password.
The easiest way is to click the 'forgot login details' link above and enter
your email address.  
  * Home
  * The Club
    * NWTC 50th Anniversary Celebration
      * NWTC 50th details of event
        * Payment
        * Menu
        * When, where and how
        *       * 50th Anniversary evening entertainment
      * Share your NWTC mem...
---
Menu

Username:  
Password:  
  
Sign-up  
Forgot login details

Due to an upgrade of the website on 2018-09-06 you must reset your password.
The easiest way is to click the 'forgot login details' link above and enter
your email address.  
  * Home
  * The Club
    * NWTC 50th Anniversary Celebration
      * NWTC 50th details of event
        * Payment
        * Menu
        * When, where and how
        *       * 50th Anniversary evening entertainment
      * Share your NWTC memories
      *   ..."
38,62,20,38_licence_rating_fokus_training,"licence, rating, fokus, training, instrument, produkte, air, cercle, weiterlesen, ticket","Skip to content

  * Welcome to LFTA
  * Flight Academy
  * Training Courses
    * The Road to Become a Pilot at LFTA
    * PPL(A) – Private Pilot Licence
    * Night VFR
    * CPL(A) – Commercial Pilot Licence
    * MEP – Multi-Engine-Piston Rating
    * IR – Instrument Rating
    * CBIR – Competency Based Instrument Rating
    * ATPL(A) – Air Transport Pilot Licence
    * MCC – Multi Crew Co-Operation
    * FI – Flight Instructor
    * PBN - Performance Based navigation Course
    * Modular Tr...
---
Skip to content

  * Welcome to LFTA
  * Flight Academy
  * Training Courses
    * The Road to Become a Pilot at LFTA
    * PPL(A) – Private Pilot Licence
    * Night VFR
    * CPL(A) – Commercial Pilot Licence
    * MEP – Multi-Engine-Piston Rating
    * IR – Instrument Rating
    * CBIR – Competency Based Instrument Rating
    * ATPL(A) – Air Transport Pilot Licence
    * MCC – Multi Crew Co-Operation
    * FI – Flight Instructor
    * PBN - Performance Based navigation Course
    * Modular Tr...
---
Skip to content

  * Welcome to LFTA
  * Flight Academy
  * Training Courses
    * The Road to Become a Pilot at LFTA
    * PPL(A) – Private Pilot Licence
    * Night VFR
    * CPL(A) – Commercial Pilot Licence
    * MEP – Multi-Engine-Piston Rating
    * IR – Instrument Rating
    * CBIR – Competency Based Instrument Rating
    * ATPL(A) – Air Transport Pilot Licence
    * MCC – Multi Crew Co-Operation
    * FI – Flight Instructor
    * PBN - Performance Based navigation Course
    * Modular Tr..."
39,62,24,39_1000_match_fc_ligue,"1000, match, fc, ligue, revenir, zäit, kalenner, série, senior, 1200","###

FC Déifferdeng 03

FCD03

#### Se connecter

HOME

ABO&TICKETS

FAN ZONE

SPONSORS

KALENNER

CLUB

1\. EKIPP

ACADEMY

DAMES

FUTSAL

VETERANEN

MEDIA

CONTACT

Revenir au calendrier

FC Differdange 03 1 (Senior M)

## 2 : 2

UN Kaerjeng 97 1 (Senior M)

Détails

Feuille de match

Titulaires

Médias

Date

23/10/2022

Heure

15h00

Ligue

BGL Ligue undefined M

Jour de match

10

Lieu

Stade Municipal de la Ville de Differdange

###

FC Déifferdeng 03

* * *
Politique de confidentialité

P...
---
###

FC Déifferdeng 03

FCD03

#### Se connecter

HOME

ABO&TICKETS

FAN ZONE

SPONSORS

KALENNER

CLUB

1\. EKIPP

ACADEMY

DAMES

FUTSAL

VETERANEN

MEDIA

CONTACT

Revenir au calendrier

FC Differdange 03 1 (Senior M)

## 6 : 0

Etzella Ettelbruck (Senior M)

Détails

Feuille de match

Titulaires

Médias

Date

26/02/2023

Heure

16h00

Ligue

BGL Ligue undefined M

Jour de match

18

Lieu

Stade Municipal de la Ville de Differdange

###

FC Déifferdeng 03

* * *
Politique de confidentialité
...
---
TOURNOI INTERSCOLAIRE DU LML 24.02.2023  
Rangliste:  Stand nach der 7. Runde  
Rang Teilnehmer TWZ At Schule S R V Punkte Buchh PktSum  
1 Brittner Laurent 1208 LCE 7 0 0 7.0 32.5 28.0  
2 Zaccaria Noa 1634 LCE 6 1 0 6.5 27.5 26.0  
3 Sivashankar Samyu 1434 w EIDE 6 0 1 6.0 34.5 27.0  
4 Margaryan Samvel 1224 AL 6 0 1 6.0 34.0 25.0  
5 Plard Axel 1203 EIDE 5 1 1 5.5 33.0 24.0  
6 Jomaa Amr 1000 LTC 5 1 1 5.5 31.5 23.5  
7 Senthilkumar Puny 1211 LML 5 1 1 5.5 30.5 24.5  
8 Tatavarthi Jaagru 1200..."
40,61,29,40_avocats_droit_avocat_championnat,"avocats, droit, avocat, championnat, cour, actes, indiquer, archives, poser, cabinet","Aller au contenu

ERAS Avocats Luxembourg

+352 27 86 46 80Prendre RDV en ligne

ERAS Avocats Luxembourg

Avocats au Luxembourg

  * Accueil
  * Prestations
    * Droit civil
    * Droit de la construction
    * Droit immobilier
    * Litiges transfrontaliers
    * Recouvrement de créances
    * Conseil juridique
  * Tarifs
  * Actualités
  * A propos
    * Maître ZINE
    * L’étude d’avocat Eras Luxembourg
  * Contact
    * Coordonnées
    * Prise de rendez-vous en ligne

  * Accueil
  * Presta...
---
Aller au contenu

ERAS Avocats Luxembourg

+352 27 86 46 80Prendre RDV en ligne

ERAS Avocats Luxembourg

Avocats au Luxembourg

  * Accueil
  * Prestations
    * Droit civil
    * Droit de la construction
    * Droit immobilier
    * Litiges transfrontaliers
    * Recouvrement de créances
    * Conseil juridique
  * Tarifs
  * Actualités
  * A propos
    * Maître ZINE
    * L’étude d’avocat Eras Luxembourg
  * Contact
    * Coordonnées
    * Prise de rendez-vous en ligne

  * Accueil
  * Presta...
---
Aller au contenu

ERAS Avocats Luxembourg

+352 27 86 46 80Prendre RDV en ligne

ERAS Avocats Luxembourg

Avocats au Luxembourg

  * Accueil
  * Prestations
    * Droit civil
    * Droit de la construction
    * Droit immobilier
    * Litiges transfrontaliers
    * Recouvrement de créances
    * Conseil juridique
  * Tarifs
  * Actualités
  * A propos
    * Maître ZINE
    * L’étude d’avocat Eras Luxembourg
  * Contact
    * Coordonnées
    * Prise de rendez-vous en ligne

  * Accueil
  * Presta..."
41,56,16,41_referenzen_luxembourg mentions_design service_service luxembourg,"referenzen, luxembourg mentions, design service, service luxembourg, 352 30, aktuelles, aktuelles kontakt, gruppe, kontakt 352, jobs kontakt","* DE
  * FR
  * Jobs
  * Kontakt
  * .
  * .

  * Home
  * Das Unternehmen
  * Tätigkeitsfelder
  * Referenzen
  * Aktuelles
  * .+352 30 57 99 - 1

  * Home
  * Das Unternehmen
  * Tätigkeitsfelder
  * Referenzen
  * Jobs
  * Aktuelles
  * Kontakt
  * .+352 30 57 99 - 1
  * ..
  * DE
    * FR

  * Home
  * Das Unternehmen
  * Tätigkeitsfelder
  * Referenzen
  * Jobs
  * Aktuelles
  * Kontakt
  * .+352 30 57 99 - 1
  * ..
  * DE
    * FR

# Aktuelles

Membre du groupe

Mitglied der Gruppe

### G...
---
* DE
  * FR
  * Jobs
  * Kontakt
  * .
  * .

  * Home
  * Das Unternehmen
  * Tätigkeitsfelder
  * Referenzen
  * Aktuelles
  * .+352 30 57 99 - 1

  * Home
  * Das Unternehmen
  * Tätigkeitsfelder
  * Referenzen
  * Jobs
  * Aktuelles
  * Kontakt
  * .+352 30 57 99 - 1
  * ..
  * DE
    * FR

  * Home
  * Das Unternehmen
  * Tätigkeitsfelder
  * Referenzen
  * Jobs
  * Aktuelles
  * Kontakt
  * .+352 30 57 99 - 1
  * ..
  * DE
    * FR

# Aktuelles

Membre du groupe

Mitglied der Gruppe

### G...
---
* DE
  * FR
  * Jobs
  * Kontakt
  * .
  * .

  * Home
  * Das Unternehmen
  * Tätigkeitsfelder
  * Referenzen
  * Aktuelles
  * .+352 30 57 99 1

  * Home
  * Das Unternehmen
  * Tätigkeitsfelder
  * Referenzen
  * Jobs
  * Aktuelles
  * Kontakt
  * .+352 30 57 99 1
  * ..
  * DE
    * FR

  * Home
  * Das Unternehmen
  * Tätigkeitsfelder
  * Referenzen
  * Jobs
  * Aktuelles
  * Kontakt
  * .+352 30 57 99 1
  * ..
  * DE
    * FR

# Aktuelles

Membre du groupe

Mitglied der Gruppe

### Interal..."
42,55,27,42_französische_finanzielle_version_foyer,"französische, finanzielle, version, foyer, juni, informationen, termine, passwort, mensuel, public","Zum Inhalt springen

Martin-Luther-Haus 35, av. Gaston Diderich L-1420 Luxembourg

Rufen Sie uns an  
Tel.:+352 452341

Martin-Luther-Haus 35, av. Gaston Diderich L-1420 Luxembourg

Download Gemeindebrief

  * Über Uns
  * Kindergottesdienst
  * Kinder & Familie
  * Mitglied werden
  * Termine
  * Digitale Angebote
  * Kontakt

  * Über Uns
  * Kindergottesdienst
  * Kinder & Familie
  * Mitglied werden
  * Termine
  * Digitale Angebote
  * Kontakt

Evangelische gemeinde

Herzlich Willkommen

##...
---
Zum Inhalt springen

Martin-Luther-Haus 35, av. Gaston Diderich L-1420 Luxembourg

Rufen Sie uns an  
Tel.:+352 452341

Martin-Luther-Haus 35, av. Gaston Diderich L-1420 Luxembourg

Download Gemeindebrief

  * Über Uns
  * Kindergottesdienst
  * Kinder & Familie
  * Mitglied werden
  * Termine
  * Digitale Angebote
  * Kontakt

  * Über Uns
  * Kindergottesdienst
  * Kinder & Familie
  * Mitglied werden
  * Termine
  * Digitale Angebote
  * Kontakt

### Gemeindemitglied werden

Mitglied unserer ...
---
Nach Inhalt suchen... Nach Inhalt suchen...

Nach Inhalt suchen... Nach Inhalt suchen...

de

  * en
  * fr

Menü

  * Die Gruppe
    *       * Präsentation
      * Unsere Geschichte
      * Unsere Werte
      * Unsere Tätigkeiten
      * CSR
      * Governance
      * Finanzielle Informationen
      * Innovation
  * Karriere
    *       * Beitritt zur Gruppe
      * Unsere Stellenangebote
      * Das Leben bei Foyer
      * Ein Praktikum absolvieren
      * Arbeiten in Luxemburg
      * Werden ..."
43,55,39,43_tomates_sauce_mozzarella_salade,"tomates, sauce, mozzarella, salade, add, poulet, ail, jambon, frites, champignons","Skip to content

Menu

  * Home
  * About
  * Gallery
  * Reviews
  * Contact Us
  * Reservation
  * Order Online

## Gluten/Glute🌾

## Poisson/Fish🐟

## Lait/Milk🥛

## Noix/Nuts🥜

## Oeuf/Eggs🍳

## Gluten/Glute🌾

## Poisson/Fish🐟

## Oeuf/Eggs🍳

## Noix/Nuts🥜

## Lait/Milk🥛

  * Uncategorized 1
  * AAGAMAN SPECIAL MENU 8
  * BEEF DISHES/PLATS AU BOEUF 7
  * BIRYANI RICE 5
  * CHICKEN DISHES/PLATS AU POULET 15
  * DRINKS 13
  * LAMB DISHES/PLATS D'AGNEAU 11
  * NAAN/PAIN 11
  * PLATS TANDOORI 9
...
---
* Accueil
  * Menu du jour
  * Suggestions du moment
  * A la carte
  * Suggestions de Gibier
  * Galerie
  * Contact
  * Boissons
  * Saint-Valentin 2023
  * Les Asperges

Select Page

A la carte

Durant le confinement, tous nos plats sont à emporter (selon disponibilité)

Vous pouvez passer votre commande par téléphone au +352 92 03 64

Pour les commandes du repas de midi, veuillez passer votre commande avant
11h00 du matin

Entrées

La Salade Paysanne (Jambon d’Ardennes, Lardons, Oeuf au Plat...
---


Skip to content

MENUMENU

  * Menu
  * Contact



#  TAKE AWAY & DELIVERY MENUS - TEL: +352 26 64 96 11

##  Commandez

en ligne sur

❈

##  Panzerottis

Tous les vendredis

❈

##  Salades

Faites votre choix

Salade Gourmande 19,50EUR

###### (Salade mixte, saumon fumé, scampis frits, crème balsamique)

Salade Colomb 17,00 EUR

###### (Salade mixte, jambon de parme, tomates, mozzarella, légumes sous
huile)

Bufala & Parma 19,90 EUR

###### (Jambon de parme, bufala avec piadina)

Salade de ..."
44,54,22,44_265_herunterladen_travail_44,"265, herunterladen, travail, 44, fax, contrat, michael, français deutsch, développement, optimisation","Accéder au contenu

Français

  * English

Recherche d'offres

Favoris, 0 Offres sauvegardées 0  Favoris

Mon compte

Recherche d'offres

Favoris, 0 Offres sauvegardées 0  Favoris

Mon compte

#### Main navigation

  * Accueil
  * Candidats
    * Vous cherchez un emploi ?
      * Parcourir nos offres
      * Envoyez votre CV
      * Trouvez un emploi avec Mypage
      * Rejoignez PageGroup
      * Join our Shared Services Centre in Barcelona
      * Join our Shared Services Centre in Istanbul
  ...
---
Home

mehr \+

  * Aktuelles
  * Infothek
  * Ausschreibungen
  * Jobs

Français \+  Deutsch \+  English \+

  * Français
  * Deutsch
  * English

FRDEEN

  * •Profil
    * Wer wir sind
    * Struktur
    * Unsere Werte
    * Unternehmensführung
    * Partner
  * •Know-how
    * Ganzheitliche Standortentwicklung
    * Analyse und Planung
    * Erschließung
    * Produktentwicklung
    * Standortmarketing
    * Qualitätssicherung
  * •Projekte
    * Projekte
    * Belval
    * Esch-Schifflingen
 ...
---
Home

mehr \+

  * Aktuelles
  * Infothek
  * Ausschreibungen
  * Jobs

Français \+  Deutsch \+  English \+

  * Français
  * Deutsch
  * English

FRDEEN

  * •Profil
    * Wer wir sind
    * Struktur
    * Unsere Werte
    * Unternehmensführung
    * Partner
  * •Know-how
    * Ganzheitliche Standortentwicklung
    * Analyse und Planung
    * Erschließung
    * Produktentwicklung
    * Standortmarketing
    * Qualitätssicherung
  * •Projekte
    * Projekte
    * Belval
    * Esch-Schifflingen
 ..."
45,54,52,45_mentions legales_legales_legales politique_politique protection,"mentions legales, legales, legales politique, politique protection, registre commerce, protection donnees, registre, donnees, mentions, raison","top of page

  * Nos produits
  * À propos de nous
  * Nos réalisations
  * Contactez-nous
  * Plus

Use tab to navigate through the menu items.

### Mentions legales

Nace : Commerce de gros non specialise (46900)

N° Registre du commerce : B202637

N° TVA international : LU28184773

Capital : 12 500 €

Date de fondation : 12/2015

Mentions legales

Politique de protection des donnees

(C) 2022 LZR Sarl |

All rights reserved

bottom of page
---
top of page

  * Accueil
  * À propos
  * Services
  * Galerie
  * Contact
  * Plus

Use tab to navigate through the menu items.

  * 

## Mentions legales

  * Raison sociale : Entreprise de Construction Lemos Sarl
  * Nace : Construction de batiments residentiels et non residentiels (41200)
  * N° Registre du commerce : B54989
  * N° TVA international : LU16717028
  * Nombre d'employes : 21 - 50
  * Date de fondation : 06/1996

Mentions legales

Politique de protection des donnees

(C) 2023 Le...
---
top of page

SALON TERESA

  * ACCUEIL
  * À PROPOS
  * PRESTATIONS
  * Produits YBERA
  * CONTACT
  * More

Use tab to navigate through the menu items.

Accueil > Mentions legales

#### ​

Raison sociale : Salon Teresa Sarl

Nace : Coiffure (96021)

N° Registre du commerce : B72991

N° TVA international : LU18171566

Nombre d'employes : 7

Date de fondation : 12/1999

# Mentions legales

Mentions legales

Politique de protection des donnees

(C) 2022 Salon Teresa | All rights reserved
bottom of..."
46,53,25,46_fiscalité_comptabilité_fiscale_funktion,"fiscalité, comptabilité, fiscale, funktion, tax, fiduciaire, fiscales, accounting, salaires, comptable","Skip to content

  * Accueil
  * L’équipe
  * Personne morale
    * Comptabilité
    * Fiscalité
    * Salaires
    * Constitution
  * Personne physique
    * Déclaration fiscale Lux
    * Déclaration fiscale Belge
    * Optimisation fiscale
    * Produit d’assurance foyer
    * Produit d’épargne-logement
  * Contact
  * Actualité
  * 

Rechercher sur ce site

Menu Fermer

  * Accueil
  * L’équipe
  * Personne morale
    * Comptabilité
    * Fiscalité
    * Salaires
    * Constitution
  * Person...
---
Skip to content

  * Accueil
  * L’équipe
  * Personne morale
    * Comptabilité
    * Fiscalité
    * Salaires
    * Constitution
  * Personne physique
    * Déclaration fiscale Lux
    * Déclaration fiscale Belge
    * Optimisation fiscale
    * Produit d’assurance foyer
    * Produit d’épargne-logement
  * Contact
  * Actualité
  * 

Rechercher sur ce site

Menu Fermer

  * Accueil
  * L’équipe
  * Personne morale
    * Comptabilité
    * Fiscalité
    * Salaires
    * Constitution
  * Person...
---
Skip to content

  * Accueil
  * L’équipe
  * Personne morale
    * Comptabilité
    * Fiscalité
    * Salaires
    * Constitution
  * Personne physique
    * Déclaration fiscale Lux
    * Déclaration fiscale Belge
    * Optimisation fiscale
    * Produit d’assurance foyer
    * Produit d’épargne-logement
  * Contact
  * Actualité
  * 

Rechercher sur ce site

Menu Fermer

  * Accueil
  * L’équipe
  * Personne morale
    * Comptabilité
    * Fiscalité
    * Salaires
    * Constitution
  * Person..."
47,53,29,47_credit_crédit_traitement_000 000,"credit, crédit, traitement, 000 000, 000, traitement données, prêt, données, var, données personnelles","﻿FR | EN
  * Accueil
  * Ventes
  * Locations
  * Neuf
  * Biens d'exception
  * Contact
  * Calculez votre crédit

AETOS Immobilière s.a.  
15, rue de l'Alzette  
L-4011 Esch-sur-Alzette

Tél.   +352 57 30 30  
         +352 621 47 74 13  
Fax : +352 57 30 35  
aetosinvest@pt.lu

Ouvert tous les jours de 9h00  
à 12h00 et de 13h00 à 19h00  
Et à tout autre moment  
sur rendez-vous

RECHERCHE

    
Transaction

     achatlocation
    
neuf

Localité

     - Houffalize (6660) Pergola (region marc...
---
* Accueil
  * Ventes
  * Locations
  * Neuf
  * Etranger
  * Estimation
  * Notre équipe
  * Contact
  * Calculez votre crédit

    
Transaction

     achatlocation
    
neuf

Localité

     - \- Beggen \- Belair \- Bonnevoie \- Centre-ville \- Cents Erpeldange Hesperange Leudelange Luxembourg Mamer Schifflange Wemperhardt
Type de bien

     - Appartement Local commercial Terrain constructible
Budget

     - 100 000 150 000 200 000 250 000 300 000 350 000 400 000 450 000 500 000 550 000 600 000 ...
---
﻿FR | EN
  * Accueil
  * Ventes
  * Locations
  * Neuf
  * Biens d'exception
  * Contact
  * Calculez votre crédit

AETOS Immobilière s.a.  
15, rue de l'Alzette  
L-4011 Esch-sur-Alzette

Tél.   +352 57 30 30  
         +352 621 47 74 13  
Fax : +352 57 30 35  
aetosinvest@pt.lu

Ouvert tous les jours de 9h00  
à 12h00 et de 13h00 à 19h00  
Et à tout autre moment  
sur rendez-vous

RECHERCHE

    
Transaction

     achatlocation
    
neuf

Localité

     - Houffalize (6660) Pergola (region marc..."
48,53,39,48_chicken_viewadd cart_quick viewadd_viewadd,"chicken, viewadd cart, quick viewadd, viewadd, unavailable, tomato, sauce, cart, quick, 50 quick","*   * 

#

  * 0
  * 

  * Login

  * About us
  * Reservation
  * Gallery
  * News & Events
  * Contact
  * ONLINE ORDER

  * 0
  * 

  * LOGIN

  * About us
  * Reservation
  * Gallery
  * News & Events
  * Contact
  * ONLINE ORDER

x

#### Holiday Break

Dear valued Guests,  
  
Our restaurant will be closed from 1st May to 9th May 2023. We will be back at
your service regularly from 10th May again. See you very soon! Thank you for
your understanding and support.  

  
  
🙏🙏 Restaurant khanak...
---
Close

Login

## Check if we deliver to you

Check

Please enter your address.>

# ORDERS ARE AVAILABLE BETWEEN 17.30 AND 21.30. WEEKENDS DELIVERY CAN TAKE UP
TO 1H30.

  * Drinks
  * Starters
  * Essentials
  * Salads
  * Burgers
  * Pizzas
  * Pasta
  * Desserts
  * Wine

Menu

  * Drinks
  * Starters
  * Essentials
  * Salads
  * Burgers
  * Pizzas
  * Pasta
  * Desserts
  * Wine

## Drinks

Show all

  * Sale!
## Battin 50cl

Luxembourg

Unavailable ~~6,00 €~~ 3,00€ Quick ViewAdd to cart

  ...
---
Close

Login

## Your favourite food for pick-up at Schräinerei. For deliveries, please
visit wedely.com

WE ARE OPEN 7/7. PICKUP IS AVAILABLE FROM 12.00 TO 14.00 & FROM 18.00 TO
21.45. (SUNDAYS ONLY AT DINNER).

WE ARE OPEN 7/7. PICKUP IS AVAILABLE FROM 12.00 TO 14.00 & FROM 18.00 TO
21.45. (SUNDAYS ONLY AT DINNER)

WE ARE OPEN 7/7. PICKUP IS AVAILABLE FROM 12.00 TO 14.00 & FROM 18.00 TO
21.45. (SUNDAYS ONLY AT DINNER).

WE ARE OPEN 7/7. PICKUP IS AVAILABLE FROM 12.00 TO 14.00 & FROM 18.00 TO
2..."
49,53,36,49_enfant_crèche_enfants_parents,"enfant, crèche, enfants, parents, pédagogie, âge, pédagogique, repas, crèches, activités","FIXE : +352 26 37 51 47 | GSM : +352 671 107 569 info(@)crechebeimpetzi.lu
Search for:

  * Accueil
  * Projet pédagogique
  * Charte
  * Galerie
  * Accès parents
  * Contact

  * Bienvenue à la crèche 
BEIM PETZI!

L'endroit parfait pour

confier vos enfants

  * Nos objectifs 
ont pour but

de fournir un environnement complet de stimulant pour la croissance et le
développement global de l'enfant

  * L'éducation 
En s'amusant

Par le jeu, les enfants apprennent sur ​​eux-mêmes , leur environn...
---
Aller au contenu

+352 26 74 73 89

Pré-inscriptions

  * Présentation
  * Environnement
  * Groupes
  * Équipe
  * Pédagogie
  * Alimentation
  * Galerie
  * Contact

## Crèche à Wormeldange et Altrier

# Little Kids Garden

Pré-inscriptions

Découvrir

### Présentation

#### Un lieu d'épanouissement pour votre enfant

Bienvenue au centre d’accueil pour enfants Little Kids Garden à Wormeldange,
un lieu où votre enfant pourra toujours jouer de façon autonome, expérimenter
avec l’environnement, a...
---
Aller au contenu

+352 26 74 73 89

Pré-inscriptions

  * Présentation
  * Environnement
  * Groupes
  * Équipe
  * Pédagogie
  * Alimentation
  * Galerie
  * Contact

## Crèche à Wormeldange et Altrier

# Little Kids Garden

Pré-inscriptions

Découvrir

### Présentation

#### Un lieu d'épanouissement pour votre enfant

Bienvenue au centre d’accueil pour enfants Little Kids Garden à Wormeldange,
un lieu où votre enfant pourra toujours jouer de façon autonome, expérimenter
avec l’environnement, a..."
50,52,5,50_q8_smiles_connectors_accessories,"q8, smiles, connectors, accessories, blues, station, modules, thermal, besoin aide, service clients","* Particulier
  * Professionnel

  * Jobs
  * Login
    * Q8 smiles

Q8

  * Besoin d'aide?
  * Carwash
  * Chercher une station-service

Menu

  * Besoin d'aide?
  * Carwash
  * Chercher une station-service

  * Jobs
  * Login
    * Q8 smiles

  * Particulier
  * Professionnel

Fil d'Ariane

  1. Accueil
  2. Service clients Q8
  3. Q8 Liberty Card
  4. Bloquer 

#  Bloquer

### Ma Q8 Liberty Card est perdue ou volée? Que dois-je faire?

Lire la suite

### J'ai introduit à trois reprises un mau...
---
* Particulier
  * Professionnel

  * Jobs
  * Login
    * Q8 smiles

Q8

  * Besoin d'aide?
  * Carwash
  * Chercher une station-service

Menu

  * Besoin d'aide?
  * Carwash
  * Chercher une station-service

  * Jobs
  * Login
    * Q8 smiles

  * Particulier
  * Professionnel

Fil d'Ariane

  1. Accueil
  2. Q8 smiles: comment ça marche ? 

### Comment s'inscrire à Q8 smiles ?

### Comment demander une carte Q8 smiles?

### Comment lier une carte après inscription?

### Comment échanger vos Sm...
---
* Particulier
  * Professionnel

  * Jobs
  * Login
    * Q8 smiles

Q8

  * Besoin d'aide?
  * Carwash
  * Chercher une station-service

Menu

  * Besoin d'aide?
  * Carwash
  * Chercher une station-service

  * Jobs
  * Login
    * Q8 smiles

  * Particulier
  * Professionnel

Fil d'Ariane

  1. Accueil
  2. Déclaration de cookies www.Q8.lu 

#  Déclaration de cookies www.Q8.lu

Is the cookiedeclaration not visible for you? This can be caused by (ad)
blocker extensions enabled in your browser...."
51,52,20,51_cadres_natation_championnat_résultats,"cadres, natation, championnat, résultats, compétitions, water, clubs, club, calendrier, stage","# Federation 1

RGPD

  * Accueil
    * Actualités 
    * Boutique 
  * Résultats
    * Résultats des compétitions 
    * Yearbooks 
  * Calendrier
    * Calendrier 
  * Elites
    * Cadres FLTRI 
    * Cadres COSL 
    * Cadres LPC 
    * Section des Sportifs d'Elite de l'Armée 
  * Jeunes
    * Label Youth for Triathlon 
    * Talent Day 
    * Sportlycée 
    * Summer & Winter Camp 
    * Centre de formation 
  * Fédération
    * Demande de licence 
    * Conseil d'administration 
    * Emplo...
---
# Banner 7 1

Contact

  * Accueil
    * Actualités 
    * Boutique 
  * Résultats
    * Résultats des compétitions 
    * Yearbooks 
  * Calendrier
    * Calendrier 
  * Elites
    * Cadres FLTRI 
    * Cadres COSL 
    * Cadres LPC 
    * Section des Sportifs d'Elite de l'Armée 
  * Jeunes
    * Label Youth for Triathlon 
    * Talent Day 
    * Sportlycée 
    * Summer & Winter Camp 
    * Centre de formation 
  * Fédération
    * Demande de licence 
    * Conseil d'administration 
    * Empl...
---
# Banner 3 1

Accueil

  * Accueil
    * Actualités 
    * Boutique 
  * Résultats
    * Résultats des compétitions 
    * Yearbooks 
  * Calendrier
    * Calendrier 
  * Elites
    * Cadres FLTRI 
    * Cadres COSL 
    * Cadres LPC 
    * Section des Sportifs d'Elite de l'Armée 
  * Jeunes
    * Label Youth for Triathlon 
    * Talent Day 
    * Sportlycée 
    * Summer & Winter Camp 
    * Centre de formation 
  * Fédération
    * Demande de licence 
    * Conseil d'administration 
    * Empl..."
52,51,29,52_referenz_95_konto_plaque,"referenz, 95, konto, plaque, grand prix, solid, aktivieren, internationales, aktivieren deaktivieren, deaktivieren","Langue: Français - Cette page est actuellement en construction  Idioma:
Portugues - Esta página está em construção

  * SOLID
  * SOLID Beton
  * SOLID Bau
  * Leistungen
    * Wohnungsbau
    * Schlüsselfertigbau
    * Industrie- und Gewerbebau
    * Tiefbau
    * Außenanlagen
    * Öffentliche Projekte
    * Beton und Recycling
    * Immobilien
  * Jobs
  * Kontakt
    * Team
    * Geschichte
  * Intern
  * Menü Menü

  * Facebook
  * Instagram

# SOFICO S.A.

### Standort:

27, rue de la Gare...
---
Langue: Français - Cette page est actuellement en construction  Idioma:
Portugues - Esta página está em construção

  * SOLID
  * SOLID Beton
  * SOLID Bau
  * Leistungen
    * Wohnungsbau
    * Schlüsselfertigbau
    * Industrie- und Gewerbebau
    * Tiefbau
    * Außenanlagen
    * Öffentliche Projekte
    * Beton und Recycling
    * Immobilien
  * Jobs
  * Kontakt
    * Team
    * Geschichte
  * Intern
  * Menü Menü

  * Facebook
  * Instagram

# SOLID Bau

### Kontakt:

Tel: +49 - 6501 9391 ...
---
* Home
  * Schuhmarken
  * Modelle

  * Über uns
  * Kontakt
  * News

  * DE
  * FR

### Kategorie

Herren, Frauen, Kinder, etc Herren Damen Made in Italy Kinder Pantoffel
Handtaschen, Regenschirme, Gürtel Trekking Socken

### Farbe

  *   *   *   *   *   *   *   *   *   * 

### Saison

Sommer

Winter

  * Referenz: 28865007 
99.90 €

  * Referenz: 10034001 
175,00 €  

  * Referenz: 10107002 
119,00 €  

  * Referenz: 10131013 
135.00 €  

  * Referenz: 10133009 
230.00 €  

  * Referenz: 1013..."
53,50,9,53_echternach_communal_communales_citoyens,"echternach, communal, communales, citoyens, pag, infrastructures, pap, communale, bicherbus, pacte","* Commune
    * Politique
      * Bourgmestre
      * Collège échevinal
      * Conseil communal
      * Commissions consultatives
      * Élections communales
      * Syndicats intercommunaux et organismes régionaux
    * Administration
      * Accueil
      * Bureau de la population
      * État civil & Service de la nationalité luxembourgeoise
      * Recette communale
      * Secrétariat communal
      * Service culturel
      * Service circulation
      * Service des Forêts et Espaces Verts...
---
* Commune
    * Politique
      * Bourgmestre
      * Collège échevinal
      * Conseil communal
      * Commissions consultatives
      * Élections communales
      * Syndicats intercommunaux et organismes régionaux
    * Administration
      * Accueil
      * Bureau de la population
      * État civil & Service de la nationalité luxembourgeoise
      * Recette communale
      * Secrétariat communal
      * Service culturel
      * Service circulation
      * Service des Forêts et Espaces Verts...
---
* Commune
    * Politique
      * Bourgmestre
      * Collège échevinal
      * Conseil communal
      * Commissions consultatives
      * Élections communales
      * Syndicats intercommunaux et organismes régionaux
    * Administration
      * Accueil
      * Bureau de la population
      * État civil & Service de la nationalité luxembourgeoise
      * Recette communale
      * Secrétariat communal
      * Service culturel
      * Service circulation
      * Service des Forêts et Espaces Verts..."
54,50,24,54_dog_dogs_chiens_chien,"dog, dogs, chiens, chien, hund, animal, hunde, walk, animaux, care","top of page

  * Home
  * Book a Dog Sitter
  * Pricing
  * FAQs
  * For Dog Sitters
  * Dog Sitter Login
  * About Us
  * Media Coverage
  * Gallery
  * Contact
  * More

Use tab to navigate through the menu items.

  *   * 

Hello! Thank you for your interest in booking with us.

​

At DogStays we allow only experienced dog sitters to join our network and they
care for your dog like you would at home. Our pricing is structured keeping
this in mind but we have tried to keep it simple. The price...
---
top of page

  * Home
  * Book a Dog Sitter
  * Pricing
  * FAQs
  * For Dog Sitters
  * Dog Sitter Login
  * About Us
  * Media Coverage
  * Gallery
  * Contact
  * More

Use tab to navigate through the menu items.

  *   * 

# WELCOME TO DOGSTAYS

At DogStays we help dog parents like you find the right dog sitter for your
dog. Based on the details you share with us we connect you to a suitable dog
sitter from our network. You can book care for your dog in your own home or a
dog sitter's home. ...
---
* HOME
  * SALON & TEAM
  * SERVICES
  * MY DOG TO THE HAIRDRESSER
  * FOOD & ACCESSORIES
  * GALERIE
  * CONTACT
    * IMPRINT
    * PRIVACY POLICY
  *     *     *     * 

  * HOME
  * SALON & TEAM
  * SERVICES
  * MY DOG TO THE HAIRDRESSER
  * FOOD & ACCESSORIES
  * GALERIE
  * CONTACT
    * IMPRINT
    * PRIVACY POLICY
  *     *     *     * 

Home US - The Dog Company SARL – Dog-cat hairdressing salon

Hundesalon. Hundefutter und Hundezubehör. Wellness für Hunde. Gratis
Parkplatz.

profession..."
55,50,18,55_produkter_méi_cigr_informatiounen,"produkter, méi, cigr, informatiounen, main menu, aktivieren deaktivieren, deaktivieren, klicken, webseite, aktivieren","Wiessel zum Inhalt

Sich fir:

Sich

Dutch

Dutch English German French Italian Spanish Greek Swedish Norwegian Danish
Finnish Luxembourgish Czech Irish Polish

  * Iwwer PremTech
  * Produiten
  * Solutions
  * Systemer
  * Carrière
  * Actueel
  * Kontakt

  * Mir Connect
  * Geschicht
  * Plaze

  * Versiegelung
  * associéieren
  * propper
  * Hänn
  * Ze schützen
  * schmieren
  * Tools
  * Fënsteren

    * 2-K Sigel
      * DrainSeal
      * Multi Repair
      * Liquid Plug
      * All Pro...
---
Wiessel zum Inhalt

Sich fir:

Sich

Dutch

Dutch English German French Italian Spanish Greek Swedish Norwegian Danish
Finnish Luxembourgish Czech Irish Polish

  * Iwwer PremTech
  * Produiten
  * Solutions
  * Systemer
  * Carrière
  * Actueel
  * Kontakt

  * Mir Connect
  * Geschicht
  * Plaze

  * Versiegelung
  * associéieren
  * propper
  * Hänn
  * Ze schützen
  * schmieren
  * Tools
  * Fënsteren

    * 2-K Sigel
      * DrainSeal
      * Multi Repair
      * Liquid Plug
      * All Pro...
---
Wiessel zum Inhalt

Sich fir:

Sich

Dutch

Dutch English German French Italian Spanish Greek Swedish Norwegian Danish
Finnish Luxembourgish Czech Irish Polish

  * Iwwer PremTech
  * Produiten
  * Solutions
  * Systemer
  * Carrière
  * Actueel
  * Kontakt

  * Mir Connect
  * Geschicht
  * Plaze

  * Versiegelung
  * associéieren
  * propper
  * Hänn
  * Ze schützen
  * schmieren
  * Tools
  * Fënsteren

    * 2-K Sigel
      * DrainSeal
      * Multi Repair
      * Liquid Plug
      * All Pro..."
56,50,13,56_bcl_lycée_scolaire_sepas,"bcl, lycée, scolaire, sepas, technicien, classe, orientation, offre scolaire, scolaires, inscriptions","*   *   *   *   * 

  * Le lycée
    * Présentation
    * Direction
    * Services
      * Enseignement
      * Orientation
      * SePAS
      * Service socio-éducatif
      * ESEB
      * Administration
      * Service Technique
    * Départements
    * Comités
    * Règlements
    * Anciens
  * Offre scolaire
    * Types d'enseignement
    * ES Classique
    * ES Général
    * Voie de préparation
    * Professionnel
    * BTS
    * Cours du soir
  * Inscriptions
  * Activités
    * Activités ...
---
# Lycée Josy Barthel Mamer

  *   *   *   *   * 

  * Le lycée
    * Présentation
    * Direction
    * Services
      * Enseignement
      * Orientation
      * SePAS
      * Service socio-éducatif
      * ESEB
      * Administration
      * Service Technique
    * Départements
    * Comités
    * Règlements
    * Anciens
  * Offre scolaire
    * Types d'enseignement
    * ES Classique
    * ES Général
    * Voie de préparation
    * Professionnel
    * BTS
    * Cours du soir
  * Inscriptions
...
---
# Lycée Josy Barthel Mamer

  *   *   *   *   * 

  * Le lycée
    * Présentation
    * Direction
    * Services
      * Enseignement
      * Orientation
      * SePAS
      * Service socio-éducatif
      * ESEB
      * Administration
      * Service Technique
    * Départements
    * Comités
    * Règlements
    * Anciens
  * Offre scolaire
    * Types d'enseignement
    * ES Classique
    * ES Général
    * Voie de préparation
    * Professionnel
    * BTS
    * Cours du soir
  * Inscriptions
..."
57,49,21,57_nepal_ukraine_fnel_spenden,"nepal, ukraine, fnel, spenden, burkina faso, burkina, faso, intranet, kinder, bildung","* Search...
  * About us
    * Vision and mission 
    * Strategy 
    * Board of directors and team 
    * Contact us 
    *   * News 
  * In Nepal
    * Current projects 
    * Past projects 
    *   * In Luxembourg
    * Education for sustainable development 
    *   * Help us 
  * 

  * fr
  * en
  * 

en

  * fr

  * fr
  * en
  * 

en

  * fr

  *   *   *   * 

  * About us
    * Vision and mission
    * Strategy
    * Board of directors and team
    * Contact us
  * News
  * In Nepal
    ...
---
* Search...
  * About us
    * Vision and mission 
    * Strategy 
    * Board of directors and team 
    * Contact us 
    *   * News 
  * In Nepal
    * Current projects 
    * Past projects 
    *   * In Luxembourg
    * Education for sustainable development 
    *   * Help us 
  * 

  * fr
  * en
  * 

en

  * fr

  * fr
  * en
  * 

en

  * fr

  *   *   *   * 

  * About us
    * Vision and mission
    * Strategy
    * Board of directors and team
    * Contact us
  * News
  * In Nepal
    ...
---
* Home
  * Qui sommes-nous
    * Notre équipe
  * Nos actions
  * Actualités
  * Publications
  * Contact

Votre Soutien

  * Home
  * Qui sommes-nous
    * Notre équipe
  * Nos actions
    * Nepal
    * Sénégal (Toubacouta et Karang)
    * Burkina Faso (Pabré et Dapélogo)
    * Bénin (Bembèrèkè)
  * Actualités
  * Publications
  * Contact

Votre Soutien

  * ##  Remise chèque Monnerech Hëlleft 
en savoir plus

  * ##  Action Ukraine - Reportage RTL du 26.8.2022 
en savoir plus

  * ##  Nepal 
S..."
58,49,17,58_2021 2022_2018 2019_2020 2021_2022 2023,"2021 2022, 2018 2019, 2020 2021, 2022 2023, 2017 2018, 2019 2020, fahrräder, 2016 2017, elektro, 2017","#

# FC Tricolore Gasperich

Skip navigation

  * Home
  * Informationen
  * Kontakt
  * News
  * Matchcenter
  * Jugend
  * Equipen
  * Fotoen
  * Sponsoren
  * Links

  Skip navigation Home  Informationen  – Geschicht  Kontakt  News  Matchcenter
– Aktuell Matcher  – Resultater & Tabellen  – Planning Tricolore  Jugend
Equipen  – Trainingsplang Terrain  – Senior 1  –– Senior 1 2022-2023  –––
Programm 1.Equip 2022/2023  ––– Mätcher Senior 1 2022/2023  ––– Daten Senior 1
2022/2023  –––– Diogo Cris...
---
#

# FC Tricolore Gasperich

Skip navigation

  * Home
  * Informationen
  * Kontakt
  * News
  * Matchcenter
  * Jugend
  * Equipen
  * Fotoen
  * Sponsoren
  * Links

  Skip navigation Home  Informationen  – Geschicht  Kontakt  News  Matchcenter
– Aktuell Matcher  – Resultater & Tabellen  – Planning Tricolore  Jugend
Equipen  – Trainingsplang Terrain  – Senior 1  –– Senior 1 2022-2023  –––
Programm 1.Equip 2022/2023  ––– Mätcher Senior 1 2022/2023  ––– Daten Senior 1
2022/2023  –––– Diogo Cris...
---
#

# FC Tricolore Gasperich

Skip navigation

  * Home
  * Informationen
  * Kontakt
  * News
  * Matchcenter
  * Jugend
  * Equipen
  * Fotoen
  * Sponsoren
  * Links

  Skip navigation Home  Informationen  – Geschicht  Kontakt  News  Matchcenter
– Aktuell Matcher  – Resultater & Tabellen  – Planning Tricolore  Jugend
Equipen  – Trainingsplang Terrain  – Senior 1  –– Senior 1 2022-2023  –––
Programm 1.Equip 2022/2023  ––– Mätcher Senior 1 2022/2023  ––– Daten Senior 1
2022/2023  –––– Diogo Cris..."
59,49,7,59_ltps_remise diplômes_élèves_diplômes,"ltps, remise diplômes, élèves, diplômes, lycée, cellule, comité, enseignants, scolaire, sepas","Skip to content

  * Profil
    * Offre scolaire
    * Encadrement
    * Cadre historique
    * Se mettre au vert
  * Pratique
    * Inscription
    * Horaire
    * Plan du lycée
    * Bibliothèques
    * Le restaurant scolaire
    * Transport
    * Appui et étude
    * Subsides
    * Règlement intérieur
    * Vacances
  * Acteurs
    * La direction
    * Le secrétariat
    * Les enseignants
      * Les enseignants
      * Comité de la conférence
    * Les services
      * SePAS
      * Léierwie...
---
Skip to content

  * Profil
    * Offre scolaire
    * Encadrement
    * Cadre historique
    * Se mettre au vert
  * Pratique
    * Inscription
    * Horaire
    * Plan du lycée
    * Bibliothèques
    * Le restaurant scolaire
    * Transport
    * Appui et étude
    * Subsides
    * Règlement intérieur
    * Vacances
  * Acteurs
    * La direction
    * Le secrétariat
    * Les enseignants
      * Les enseignants
      * Comité de la conférence
    * Les services
      * SePAS
      * Léierwie...
---
Skip to content

  * Profil
    * Offre scolaire
    * Encadrement
    * Cadre historique
    * Se mettre au vert
  * Pratique
    * Inscription
    * Horaire
    * Plan du lycée
    * Bibliothèques
    * Le restaurant scolaire
    * Transport
    * Appui et étude
    * Subsides
    * Règlement intérieur
    * Vacances
  * Acteurs
    * La direction
    * Le secrétariat
    * Les enseignants
      * Les enseignants
      * Comité de la conférence
    * Les services
      * SePAS
      * Léierwie..."
60,49,20,60_https post_dr_cgfp_post,"https post, dr, cgfp, post, particuliers, https, président, conferences, js, société luxembourgeoise","* Accueil
  * CGFP Syndicat 
    * CGFP Syndicat
    * Comité fédéral
    * Comité exécutif
    * Bureau exécutif
    * Conférence des Comités
    * Congrès fédéral
    * Comité à l'égalité des chances
    * Palmarès syndical
  * A propos 
    * A propos
    * Historique
    * Programme
    * Fonction Publique
    * Composition
    * Liens utiles
  * Actualités
  * Medias 
    * Journal
    * fp - compact
    * Revue de Presse
    * Dossiers
    * Documents / Archives
  * Contact

VIDEOS

  * Ac...
---
* Accueil
  * CGFP Syndicat 
    * CGFP Syndicat
    * Comité fédéral
    * Comité exécutif
    * Bureau exécutif
    * Conférence des Comités
    * Congrès fédéral
    * Comité à l'égalité des chances
    * Palmarès syndical
  * A propos 
    * A propos
    * Historique
    * Programme
    * Fonction Publique
    * Composition
    * Liens utiles
  * Actualités
  * Medias 
    * Journal
    * fp - compact
    * Revue de Presse
    * Dossiers
    * Documents / Archives
  * Contact

VIDEOS

  * Ac...
---
https://www.post.lu/de/particuliers https://www.post.lu/de/business
https://www.post.lu/de/informations-importantes
https://www.post.lu/de/particuliers/sitemap
https://www.post.lu/de/particuliers/promos
https://www.post.lu/de/particuliers/support
https://www.post.lu/de/particuliers/tele
https://www.post.lu/de/particuliers/mypost
https://www.post.lu/de/particuliers/finance/eboo
https://www.post.lu/de/particuliers/finance/les-packs-eboo
https://www.post.lu/de/particuliers/finance/ihub
https://www...."
61,49,20,61_blé_jouets_salade_security,"blé, jouets, salade, security, frites, démarche, default, purus, instagram, facebook instagram","Aller au contenu

0,00€ Panier

Facebook Instagram Pinterest Envelope

  * Accueil
  * À propos
  * Abonnement et prix
  * Les marques
  * E-shop

Menu

  * Accueil
  * À propos
  * Abonnement et prix
  * Les marques
  * E-shop

Précédent

Suivant

## Recevez chaque mois une boîte comprenant 3 jouets surprise en location via
un abonnement de 25€/mois livraison A/R incluse partout en Europe.

# Le concept

KidsBox c’est une location de jouets de qualité, responsables, éducatifs,
innovants et cert...
---
* NEWS
  * MENU & SUGGESTIONS
  * CARTE
  * RESERVATION

  * Facebook
  * Instagram

BRASSERIE

LUNDI - SAMEDI 12H00 - 14H00 & 18H30 - 00H00  
CUISINE OUVERTE 12H00 - 14H00 & 18H30 - 22H00

SUGGESTIONS

RESERVATION

BRASSERIE

LUNDI - SAMEDI 12H00 - 14H00 & 18H30 - 00H00  
CUISINE OUVERTE 12H00 - 14H00 & 18H30 - 22H00

SUGGESTIONS

RESERVATION

## ACTUALITÉS

### 11.06 - Mammendag

Actualités

https://www.k116.lu/wp-content/uploads/UploadImgViaFTP/Mammendag_01-min-
scaled.jpg 2560 2041 Oliver Ga...
---
* NEWS
  * MENU & SUGGESTIONS
  * CARTE
  * RESERVATION

  * Facebook
  * Instagram

BRASSERIE

LUNDI - SAMEDI 12H00 - 14H00 & 18H30 - 00H00  
CUISINE OUVERTE 12H00 - 14H00 & 18H30 - 22H00

SUGGESTIONS

RESERVATION

BRASSERIE

LUNDI - SAMEDI 12H00 - 14H00 & 18H30 - 00H00  
CUISINE OUVERTE 12H00 - 14H00 & 18H30 - 22H00

SUGGESTIONS

RESERVATION

## ACTUALITÉS

### 11.06 - Mammendag

Actualités

https://www.k116.lu/wp-content/uploads/UploadImgViaFTP/Mammendag_01-min-
scaled.jpg 2560 2041 Oliver Ga..."
62,48,24,62_8211_ginn_luxemburger wort_lesen,"8211, ginn, luxemburger wort, lesen, magazin, wort, tageblatt, agricole, vum, luxemburger","Montag, 05 June 2023

  * CISLAC
    * Aufgaben
    * First Responder
    * Jugend
    * Asazzenter
    * Historique
  * News
  * Fuhrpark
    * Löschfahrzeuge
    * Gerätewagen
    * Andere Fahrzeuge
  * Sécherheet
    * Rauchmelder
  * Interaktiv
    * Links
    * Links INTERN
  * Kontakt
  * Sichen

  * '
'

## CISLAC

### Mer ginn vir Eech duerch d'Feier!

  * '
'

## First Responder

### Séier a kompetent Hëllef vir d'Leit aus der Stauséigemeng & Ëmgéigend

  * '
'

## Technesch Hëllef-Lees...
---
# << Energie mat Verstand >>

## Keng Wandmillen viru Bierden!

Menü Zum Inhalt springen

  * ASBL
    * Comité
    * Member ginn!
      * Firwat Member ginn?
    * Kontakt
      * Impressum
  * Aktuelles
    * News
    * Milan-Monitoring 2022
  * Wandenergie
    * Schall & Infraschall
    * Schattenwurf
    * Recycling
    * Naturschutz
    * Immo-Wäertverloscht
    * Landschaftsbild
    * Aner Geforen
    * Dokumenter
  * Energiewend
  * Dokumenter & Politik
  * Press
  * Literatur
  * Interne...
---
Zum Hauptinhalt springen

## CIGL Differdange

  * DE
  * FR
  * LB

Menü

  * Startseite
  * Über Uns
  * Aktivitäten
  * Publikationen
  * Weiterbildungen
  * Kontakte

  * Proximité &#8211; Presseartikel im Diffmag 04/23
  * Lessentiel 26. März Okkasiounsbuttik Atelier
  * RTL Interview iwwert de Vëlosbuttik
  * RTL &#8211; Reportage iwwert de Vëlosbuttik: RTL &#8211; RTL Reporter Upcycling: Occasiouns Vëloen beim CIGL zu Déifferdeng
  * Okkasiounsbuttik Einweihung in Differdingen
  * Diffmag..."
63,48,25,63_artistes_art_expositions_thérapie,"artistes, art, expositions, thérapie, artistique, contemporain, gallery, expo, chats, 109","Aller au contenu

  * Home
  * Expositions
  * Artistes
  * Contact

Menu

  * Home
  * Expositions
  * Artistes
  * Contact

## Nos

# Artistes

### Richard Caldicott

#### Exposé

### Luuk de Haan

#### Exposé

### Sebastiaan Knot

#### Exposé

### Niko Luoma

#### Exposé

### Liz Nielsen

#### Exposé

### Hanno Otten

#### Exposé

### Yves Ullens

#### Exposé / sous contrat

### Bruno Desplanques

#### Récurrent

### Christian Neuman

#### Récurrent

### Claire Fanjul

#### Récurrent

### Sam...
---
*   *   * 

  * Artists
    * Alexandre Elenga
    * Alhassane Konté
    * Emile Youmbi
    * Emile Youmbi
    * Dganit Blechner
    * Emmanuel Aziseh
    * François Felten
    * Françoise Abraham
    * Herve Youmbi
    * Koné Zié
    * Lieu Nguyen Huong Duong
    * Michael Waizman
    * Ngo Van Sac
  * E-Exhibition
  * Art Rental
    * paintings
  * About us
  * News
    * Press Release
    * Press
    * Blog
    * Curatorial
  * Contact

Magazine, News

## CASINO 2OOO et Ruth Gallery unis pour...
---
Aller au contenu

  * Home
  * Expositions
  * Artistes
  * Contact

Menu

  * Home
  * Expositions
  * Artistes
  * Contact

The Borders Découvrir  EXPO EN COURS DU 11/05 AU 17/06 Mardi | 14h00 - 18:00  
Du mercredi au samedi | 10h30 - 18:00 Le nouveau mouvement artistique The Borders a été rêvé par le photographe abstrait belge Yves ULLENS. L’idée est de retrouver l’élan d’un courant artistique, d’un partage philosophe et technique entre artistes autour d’un thème central qui a pour base la ph..."
64,47,21,64_000 000_000_traitement_traitement données,"000 000, 000, traitement, traitement données, 250, 000 500, finalités, données, données personnelles, 500 000","* Accueil
  * Ventes
  * Locations
  * Contact

RECHERCHE

    
Transaction

     achatlocation
    
neuf

Localité

     - \- Gare Altwies Bettembourg Dalheim Differdange Dudelange Esch-sur-alzette Godbrange Huncherange Junglinster Lallange Luxembourg Mondorf-les-bains Moutfort Munsbach Oberkorn Petange Pontpierre Schifflange
Type de bien

     - Appartement Maison
Budget

     - 100 000 150 000 200 000 250 000 300 000 350 000 400 000 450 000 500 000 550 000 600 000 650 000 700 000 800 000 900 ...
---
* Accueil
  * Ventes
  * Locations
  * Etranger
  * Références
  * Contact

RECHERCHE

    
Transaction

     achatlocation
    
neuf

Localité

     - Longwy (54400) \- Weimerskirch Luxembourg
Type de bien

     - Local commercial Maison
Budget

     - 100 000 150 000 200 000 250 000 300 000 350 000 400 000 450 000 500 000 550 000 600 000 650 000 700 000 800 000 900 000 1 000 000 1 500 000 2 000 000 3 000 000 4 000 000 5 000 000
à

     - 100 000 150 000 200 000 250 000 300 000 350 000 400 000 ...
---
* Accueil
  * Ventes
  * Locations
  * Contact

RECHERCHE

    
Transaction

     achatlocation
    
neuf

Localité

     - \- Centre-ville Luxembourg
Type de bien

     - Appartement
Budget

     - 100 000 150 000 200 000 250 000 300 000 350 000 400 000 450 000 500 000 550 000 600 000 650 000 700 000 800 000 900 000 1 000 000 1 500 000 2 000 000 3 000 000 4 000 000 5 000 000
à

     - 100 000 150 000 200 000 250 000 300 000 350 000 400 000 450 000 500 000 550 000 600 000 650 000 700 000 800 000..."
65,47,20,65_lentilles_lunettes_optique_verres,"lentilles, lunettes, optique, verres, update, institut, kontaktlinsen, weis, vue, vision","* Nos services
  * Nos marques
  * Nos produits
    * Eyecare Cosmetics
    * Types de verres
    * Lentilles de contact
    * Departement Oakley
    * Departement Energetix
  * Nos offres
  * Contact
    * L'equipe Bereloptik
  * Social
    *     *     *   *     * 

Selectionner une page

  *     * 

# Votre opticien expert  
au Luxembourg

### OPTICIENS PROFESSIONNELS À BERELDANGE

Une equipe experimentee et dynamique, notre equipe vous offre les meilleurs
services d'optique, de contactologie ...
---
* A propos
  * Lunetterie
  * Contactologie
  * Optometrie
  * Contact

# Optique Mondorf :  
Votre opticien à Mondorf-les-Bains

* * *
C’est dans un cadre agréable, à quelques pas des thermes, que nous vous
accueillons dans notre centre d'optique. Depuis 1990, Optique Mondorf, votre
opticien à Mondorf-les-Bains vous offre un service complet et personnalisé
pour améliorer votre vue.

Vente de lunettes toute marques

Examen de la vue

Adaptation des lentilles de contact

Réparation des montures

...
---
(+352) 32 87 63 info@optique-schaefers.lu

  * Verres
  * Lunettes de vue
  * Lunettes de soleil
  * Lentilles de contact
  * Contact
  * 

Select Page

# Optique Schaefers  
Votre specialiste a Mersch

# Bienvenue !

Un examen de vue precis, des verres de qualite et un choix varie de montures.
Plus de raison pour ne pas voir clair !

Demander des infos

# OPTIQUE SCHAEFERS

## Presentation de l'Optique

Toujours a l'affut des dernieres tendances et technologies, Optique Schaefers
vous propose u..."
66,47,25,66_band_builder_wix_habitat,"band, builder, wix, habitat, tab navigate, navigate menu, menu items, proudly, tab, create","top of page

This site was designed with the

.com

website builder. Create your website today.Start Now

  * HOME
  * ABOUT
  * CDs
  * SHEET MUSIC
    * Concert Band
    * Big Band
  * CONCERTS
  * GALLERY
  * CONTACT
  * More

Use tab to navigate through the menu items.

Subscribe to the ONJL Newsletter

Subscribe Now

#### LATEST RELEASES

(C) 2016 by Orchestre National de Jazz a.s.b.l. Proudly created with Wix.com

  *   *   * 

bottom of page
---
top of page

This site was designed with the

.com

website builder. Create your website today.Start Now

  * HOME
  * ABOUT
  * CDs
  * SHEET MUSIC
    * Concert Band
    * Big Band
  * CONCERTS
  * GALLERY
  * CONTACT
  * More

Use tab to navigate through the menu items.

## Morgane Ji &  
Orchestre National de Jazz Luxembourg  
  
PHOTOS

## (C) Morgane Ji

## (C) Festival International Echternach

## (C) Morgane Ji

## (C) Morgane Ji

## (C) Morgane Ji

(C) 2016 by Orchestre National de Jazz...
---
top of page

This site was designed with the

.com

website builder. Create your website today.Start Now

  * HOME
  * ABOUT
  * CDs
  * SHEET MUSIC
    * Concert Band
    * Big Band
  * CONCERTS
  * GALLERY
  * CONTACT
  * More

Use tab to navigate through the menu items.

## MUSIC

(C) 2016 by Orchestre National de Jazz a.s.b.l. Proudly created with Wix.com

  *   *   * 

bottom of page"
67,46,14,67_sports_tertiaire_energies_intelligent,"sports, tertiaire, energies, intelligent, fondation, zentrum, engagements, prevention, courant, emploi","* Qui sommes-nous ?
###  Qui sommes-nous ?

    * City Electric
    * Notre équipe
    * Nos valeurs
    * Nos engagements
    * VINCI Energies
  * Vos besoins
###  Vos besoins

    * Borne de recharge à domicile
    * Liaisons souterraines & Fibre optique
    * Bornes de rechargement & Radars
    * Signalisation & Vidéoprotection
    * Éclairage public intelligent
    * Postes moyenne tension
    * Compteurs intelligents
    * Tertiaire
  * Nos compétences
###  Nos compétences

    * Ingénierie...
---
* Qui sommes-nous ?
###  Qui sommes-nous ?

    * City Electric
    * Notre équipe
    * Nos valeurs
    * Nos engagements
    * VINCI Energies
  * Vos besoins
###  Vos besoins

    * Borne de recharge à domicile
    * Liaisons souterraines & Fibre optique
    * Bornes de rechargement & Radars
    * Signalisation & Vidéoprotection
    * Éclairage public intelligent
    * Postes moyenne tension
    * Compteurs intelligents
    * Tertiaire
  * Nos compétences
###  Nos compétences

    * Ingénierie...
---
* Qui sommes-nous ?
###  Qui sommes-nous ?

    * City Electric
    * Notre équipe
    * Nos valeurs
    * Nos engagements
    * VINCI Energies
  * Vos besoins
###  Vos besoins

    * Borne de recharge à domicile
    * Liaisons souterraines & Fibre optique
    * Bornes de rechargement & Radars
    * Signalisation & Vidéoprotection
    * Éclairage public intelligent
    * Postes moyenne tension
    * Compteurs intelligents
    * Tertiaire
  * Nos compétences
###  Nos compétences

    * Ingénierie..."
68,45,12,68_logistics_board_events_poland,"logistics, board, events, poland, annual, business, key, series, green, china","* HOME
  * ABOUT US
    * About Us
    * Board
    * Team
    * Experts
    * Partners
  * MEMBERS
    * Private Members
    * Corporate Members
    * Applications
  * EVENTS
    * Flagship Events
      * Entrepreneurial Woman Project (EWP)
      * LPCC Monthly Meetups
      * The Spring Business Lunch
      * The Summer Business Party
      * The Luxembourg-Poland Business Conference
    * Upcoming events
    * Past events
  * MEDIA CENTER
    * LPCC News
    * Newsletters
    * Photo galleries...
---
* HOME
  * ABOUT US
    * About Us
    * Board
    * Team
    * Experts
    * Partners
  * MEMBERS
    * Private Members
    * Corporate Members
    * Applications
  * EVENTS
    * Flagship Events
      * Entrepreneurial Woman Project (EWP)
      * LPCC Monthly Meetups
      * The Spring Business Lunch
      * The Summer Business Party
      * The Luxembourg-Poland Business Conference
    * Upcoming events
    * Past events
  * MEDIA CENTER
    * LPCC News
    * Newsletters
    * Photo galleries...
---
* HOME
  * ABOUT US
    * About Us
    * Board
    * Team
    * Experts
    * Partners
  * MEMBERS
    * Private Members
    * Corporate Members
    * Applications
  * EVENTS
    * Flagship Events
      * Entrepreneurial Woman Project (EWP)
      * LPCC Monthly Meetups
      * The Spring Business Lunch
      * The Summer Business Party
      * The Luxembourg-Poland Business Conference
    * Upcoming events
    * Past events
  * MEDIA CENTER
    * LPCC News
    * Newsletters
    * Photo galleries..."
69,45,15,69_personal training_training_fitness_betreuung,"personal training, training, fitness, betreuung, coach, personal, coaching, 100, intensive, nutrition","Dein Profi  
in Sachen  
Personal Training

  * Training
  * Standorte
    * Leudelange
    * Junglinster
    * Trier
    * Capellen
  * Philosophie
  * Karriere
  * Kontakt
  * Franchise

## Re-Start your Health

RE-Starte jetzt mit Deinem persönlichen Luxfit Health Coach in ein fitteres
und gesünderes Leben.

Da du Luxfit bereits kennst, möchten wir Dir Deinen Re-Start so angenehm wie
möglich machen, und Dir ein besonderes Angebot unterbreiten:

Starte bis zum 01.05.2022 im Luxfit Deiner Wahl ...
---
Dein Profi  
in Sachen  
Personal Training

  * Training
  * Standorte
    * Leudelange
    * Junglinster
    * Trier
    * Capellen
  * Philosophie
  * Karriere
  * Kontakt
  * Franchise

## Re-Start your Health

RE-Starte jetzt mit Deinem persönlichen Luxfit Health Coach in ein fitteres
und gesünderes Leben.

Da du Luxfit bereits kennst, möchten wir Dir Deinen Re-Start so angenehm wie
möglich machen, und Dir ein besonderes Angebot unterbreiten:

Starte bis zum 01.05.2022 im Luxfit Deiner Wahl ...
---
Dein Profi  
in Sachen  
Personal Training

  * Training
  * Standorte
    * Leudelange
    * Junglinster
    * Trier
    * Capellen
  * Philosophie
  * Karriere
  * Kontakt
  * Franchise

## Jetzt sichern & starten

Mit unserem maßgeschneiderten Luxfit Personal Training Konzept helfen wir dir,
dich gesund, attraktiv und voller Energie zu fühlen - und das ganz ohne
zeitaufreibendes Training oder strenge Diäten.

Entdecke jetzt die Vorteile von Luxfit und erreiche deine Fitnessziele
schneller als..."
70,45,26,70_ell_bank_calendrier_dames,"ell, bank, calendrier, dames, banking, investments, entrées, advisory, abonner, filles","Ce site utilise des cookies qui peuvent être utilisés pour analyser les
visites sur ce site internet. En acceptant ce message, vous vous déclarez
d'accord sur le fait que ce site utilise ces cookies.

Plus d'infos (RGPD)

OK

Info

  * Sporting Club Ell, Luxembourg
  * +352 621 141 406
  * secretariat@scell.lu

  * Facebook
  * Instagram
  * RSS-Feed

#

## Sporting Club Ell

Aller au contenu

  * Accueil 
  * News 
    * Actualités du SC Ell 
    * Newsletter 
      * s'abonner 
      * se désa...
---
Ce site utilise des cookies qui peuvent être utilisés pour analyser les
visites sur ce site internet. En acceptant ce message, vous vous déclarez
d'accord sur le fait que ce site utilise ces cookies.

Plus d'infos (RGPD)

OK

Info

  * Sporting Club Ell, Luxembourg
  * +352 621 141 406
  * secretariat@scell.lu

  * Facebook
  * Instagram
  * RSS-Feed

#

## Sporting Club Ell

Aller au contenu

  * Accueil 
  * News 
    * Actualités du SC Ell 
    * Newsletter 
      * s'abonner 
      * se désa...
---
Ce site utilise des cookies qui peuvent être utilisés pour analyser les
visites sur ce site internet. En acceptant ce message, vous vous déclarez
d'accord sur le fait que ce site utilise ces cookies.

Plus d'infos (RGPD)

OK

Info

  * Sporting Club Ell, Luxembourg
  * +352 621 141 406
  * secretariat@scell.lu

  * Facebook
  * Instagram
  * RSS-Feed

#

## Sporting Club Ell

Aller au contenu

  * Accueil 
  * News 
    * Actualités du SC Ell 
    * Newsletter 
      * s'abonner 
      * se désa..."
71,45,26,71_memberen_kunde_eis_islands,"memberen, kunde, eis, islands, dokumenter, kunden, sas, eisen, strom, client","* Jugendstäerken.lu
  * Den DLJ
    * Eisen C.A.
    * Eis Ekipp
    * Eis Memberen
    * Eis Missiounen
    * Eis Dokumenter
  * Ënnerstëtzung
    * Personalmanagement
    * Comptabilitéit
    * Kollektivvertrag CCT-SAS
    * Législatioun & Reglementatioun

Jugendstäerken.lu  
Den DLJ  
    Eisen C.A.  
    Eis Ekipp  
    Eis Memberen  
    Eis Missiounen  
    Eis Dokumenter  
Ënnerstëtzung  
    Personalmanagement  
    Comptabilitéit  
    Kollektivvertrag CCT-SAS  
    Législatioun & Regle...
---
* Jugendstäerken.lu
  * Den DLJ
    * Eisen C.A.
    * Eis Ekipp
    * Eis Memberen
    * Eis Missiounen
    * Eis Dokumenter
  * Ënnerstëtzung
    * Personalmanagement
    * Comptabilitéit
    * Kollektivvertrag CCT-SAS
    * Législatioun & Reglementatioun

Jugendstäerken.lu  
Den DLJ  
    Eisen C.A.  
    Eis Ekipp  
    Eis Memberen  
    Eis Missiounen  
    Eis Dokumenter  
Ënnerstëtzung  
    Personalmanagement  
    Comptabilitéit  
    Kollektivvertrag CCT-SAS  
    Législatioun & Regle...
---
* Jugendstäerken.lu
  * Den DLJ
    * Eisen C.A.
    * Eis Ekipp
    * Eis Memberen
    * Eis Missiounen
    * Eis Dokumenter
  * Ënnerstëtzung
    * Personalmanagement
    * Comptabilitéit
    * Kollektivvertrag CCT-SAS
    * Législatioun & Reglementatioun

Jugendstäerken.lu  
Den DLJ  
    Eisen C.A.  
    Eis Ekipp  
    Eis Memberen  
    Eis Missiounen  
    Eis Dokumenter  
Ënnerstëtzung  
    Personalmanagement  
    Comptabilitéit  
    Kollektivvertrag CCT-SAS  
    Législatioun & Regle..."
72,45,22,72_verre_parfums_demande devis_portes,"verre, parfums, demande devis, portes, objets, cloisons, cuisines, garde corps, douche, dalles","Menu

  * Home
  * À propos
  * Activités
    * Miroirs
    * Parois de douche
    * Garde-corps
    * PORTES EN VERRE
    * Revêtements muraux
    * DALLES EN VERRE
    * CLOISONS EN VERRE
    * Encadrement
    * OBJETS EN VERRE
    * Réparation de vitres
  * Atelier
  * Réseaux sociaux
  * Contact
  * 

Langues

  * Français

  *   *   *   * 
info@vitralux.lu

(+352) 49 42 52 1

Sélectionner une page

  * Home
  * À propos
  * Activités
    * Miroirs
    * Parois de douche
    * Garde-corps
  ...
---
Menu

  * Home
  * À propos
  * Activités
    * Miroirs
    * Parois de douche
    * Garde-corps
    * PORTES EN VERRE
    * Revêtements muraux
    * DALLES EN VERRE
    * CLOISONS EN VERRE
    * Encadrement
    * OBJETS EN VERRE
    * Réparation de vitres
  * Atelier
  * Réseaux sociaux
  * Contact
  * 

Langues

  * Français

  *   *   *   * 
info@vitralux.lu

(+352) 49 42 52 1

Sélectionner une page

  * Home
  * À propos
  * Activités
    * Miroirs
    * Parois de douche
    * Garde-corps
  ...
---
Menu

  * Home
  * À propos
  * Activités
    * Miroirs
    * Parois de douche
    * Garde-corps
    * PORTES EN VERRE
    * Revêtements muraux
    * DALLES EN VERRE
    * CLOISONS EN VERRE
    * Encadrement
    * OBJETS EN VERRE
    * Réparation de vitres
  * Atelier
  * Réseaux sociaux
  * Contact
  * 

Langues

  * Français

  *   *   *   * 
info@vitralux.lu

(+352) 49 42 52 1

Sélectionner une page

  * Home
  * À propos
  * Activités
    * Miroirs
    * Parois de douche
    * Garde-corps
  ..."
73,45,26,73_coiffure_salon_starting_cheveux,"coiffure, salon, starting, cheveux, coupe, hair, maquillage, select, àpd, femmes","Aller au contenu

  * +352 54 66 52
  * info@coiffurefantaisie.lu
  * 33-39 r. Basse L-3813 Schifflange Luxembourg 

  * Accueil
  * Notre Salon
  * Coiffure
    * Femmes
    * Hommes
    * Enfants
  * Maquillage
  * Contact

Menu

  * Accueil
  * Notre Salon
  * Coiffure
    * Femmes
    * Hommes
    * Enfants
  * Maquillage
  * Contact

FACEBOOK

  *   * 

+ 0
Clients servis

+ 0
Années d'expérience

+ 0
Coiffeurs

0 %

Clients satisfaits

#### Notre expertise à votre service

# Savoir-Faire  ...
---
Aller au contenu

  * Accueil
  * Le Salon
  * Nos prestations
  * Galerie
  * Contact

Menu

  * Accueil
  * Le Salon
  * Nos prestations
  * Galerie
  * Contact

Prendre RDV >>

### Coiffure . Esthétique. Barbier . Accessoires

# FirstHair By Sabrina

Entrez dans notre univers de la coiffure pour hommes, femmes et enfants. Nous
vous offrons un service personnalisé et une ambiance conviviale pour vous
détendre et prendre soin de vous.

### NOS PRESTATIONS

## Exprimez votre style unique

### Co...
---
Aller au contenu

  * +352 54 66 52
  * info@coiffurefantaisie.lu
  * 33-39 r. Basse L-3813 Schifflange Luxembourg 

  * Accueil
  * Notre Salon
  * Coiffure
    * Femmes
    * Hommes
    * Enfants
  * Maquillage
  * Contact

Menu

  * Accueil
  * Notre Salon
  * Coiffure
    * Femmes
    * Hommes
    * Enfants
  * Maquillage
  * Contact

FACEBOOK

À propos de

# Notre Salon

#### La confiance commence avec une bonne coupe de cheveux

## COIFFURE FANTAISIE

##

##

#### Sur Nous

## Depuis 2002
..."
74,44,10,74_minett_ost_cart quick_fenster,"minett, ost, cart quick, fenster, sort, shirts, 00 add, quick view, 150, unisex","Skip to content

# D.G ELECTRO

Fourniture et accessoire électrique

  * BUY THEME
  * Home
  * Home 2
  * Shop
  * Men
  * Women
    * Accessories
  * About
  * 

'  Search for:

# D.G ELECTRO

Fourniture et accessoire électrique

  * BUY THEME
  * Home
  * Home 2
  * Shop
  * Men
  * Women
    * Accessories
  * About
  * 

'  Search for:

  * Top Categories 
    * Accessories
    * Men
    * Women

All Categories Accessories (7)Men (14)Women (17)

0

0.00€

  * 

##  DNK Black Shoes

150.00€

...
---
Skip to content

# D.G ELECTRO

Fourniture et accessoire électrique

  * BUY THEME
  * Home
  * Home 2
  * Shop
  * Men
  * Women
    * Accessories
  * About
  * 

'  Search for:

# D.G ELECTRO

Fourniture et accessoire électrique

  * BUY THEME
  * Home
  * Home 2
  * Shop
  * Men
  * Women
    * Accessories
  * About
  * 

'  Search for:

  * Top Categories 
    * Accessories
    * Men
    * Women

All Categories Accessories (7)Men (14)Women (17)

0

0.00€

  * 

##  DNK Black Shoes

150.00€

...
---
Skip to content

# D.G ELECTRO

Fourniture et accessoire électrique

  * BUY THEME
  * Home
  * Home 2
  * Shop
  * Men
  * Women
    * Accessories
  * About
  * 

'  Search for:

# D.G ELECTRO

Fourniture et accessoire électrique

  * BUY THEME
  * Home
  * Home 2
  * Shop
  * Men
  * Women
    * Accessories
  * About
  * 

'  Search for:

  * Top Categories 
    * Accessories
    * Men
    * Women

All Categories Accessories (7)Men (14)Women (17)

0

0.00€

  * 

##  DNK Black Shoes

150.00€

..."
75,44,26,75_restaurant_chef_sauce tomate_carte,"restaurant, chef, sauce tomate, carte, saveurs, lions, défaut description, 22h, 19h, pizza","+352 26 47 87 50 info@le-sud.lu

  * LE RESTAURANT
    * LE CHEF
    * BAR/TERRASSE
  * LA CARTE
    * MENUS
    * MENUS VÉGAN
    * MENU ENFANT
    * LA CARTE DES VINS
  * SUNDAY LUNCH
  * FÊTE DES MÈRES
  * RÉSERVEZ
    * TABLE
    * ÉVÈNEMENT
  * COMMANDEZ
  * CONTACT

Sélectionner une page

## NOTRE CHEF CUISINIER

## Cyril SOLBES

#### Chef de cuisine au restaurant Le Sud depuis 2020.

Originaire de Versailles, Chef Cyril rejoint les cuisines du restaurant Le Sud
en mars 2020, après un parc...
---
+352 26 47 87 50 info@le-sud.lu

  * LE RESTAURANT
    * LE CHEF
    * BAR/TERRASSE
  * LA CARTE
    * MENUS
    * MENUS VÉGAN
    * MENU ENFANT
    * LA CARTE DES VINS
  * SUNDAY LUNCH
  * FÊTE DES MÈRES
  * RÉSERVEZ
    * TABLE
    * ÉVÈNEMENT
  * COMMANDEZ
  * CONTACT

Sélectionner une page

MENU DÉCOUVERTE

MENUS VEGAN

MENU DÉGUSTATION

MENU GOURMAND

MENU LUNCH

SUNDAY LUNCH

#### OUVERTURE

DÉJEUNER • De 12h à 13h45  
Du mardi au vendredi et le dimanche

DÎNER • De 19h à 22h  
Du mardi au...
---
+352 26 47 87 50 info@le-sud.lu

  * LE RESTAURANT
    * LE CHEF
    * BAR/TERRASSE
  * LA CARTE
    * MENUS
    * MENUS VÉGAN
    * MENU ENFANT
    * LA CARTE DES VINS
  * SUNDAY LUNCH
  * FÊTE DES MÈRES
  * RÉSERVEZ
    * TABLE
    * ÉVÈNEMENT
  * COMMANDEZ
  * CONTACT

Sélectionner une page

#### OUVERTURE

DÉJEUNER • De 12h à 13h45  
Du mardi au vendredi et le dimanche

DÎNER • De 19h à 22h  
Du mardi au samedi

BAR – TERRASSE  
Du mardi au samedi de 17h à 01h  
Le dimanche de 14h à 18h (sau..."
76,44,41,76_ovhcloud_hébergement_dédié_liberté,"ovhcloud, hébergement, dédié, liberté, solution, domaine, serveur, espace client, cloud, boutique ligne","# Félicitations !

Votre domaine zanzen.lu a bien été créé chez OVHcloud.

  

  

Accédez à votre Webmail OVHcloud

Configurez votre domaine  
depuis votre Espace Client Web

Consultez la liste des  
questions fréquemment posées

  
  

  

Vous pouvez dès à présent lui associer un hébergement,  
en choisissant la solution la plus adaptée à vos besoins :

  

## Hébergement Web

Une solution économique  
pour héberger vos projets Web :  
site Internet, boutique en ligne,  
landing page...

  
 ...
---
# Félicitations !

Votre domaine websolutions.lu a bien été créé chez OVHcloud.

  

  

Accédez à votre Webmail OVHcloud

Configurez votre domaine  
depuis votre Espace Client Web

Consultez la liste des  
questions fréquemment posées

  
  

  

Vous pouvez dès à présent lui associer un hébergement,  
en choisissant la solution la plus adaptée à vos besoins :

  

## Hébergement Web

Une solution économique  
pour héberger vos projets Web :  
site Internet, boutique en ligne,  
landing page......
---
# Félicitations !

Votre domaine etsi.lu a bien été créé chez OVHcloud.

  

  

Accédez à votre Webmail OVHcloud

Configurez votre domaine  
depuis votre Espace Client Web

Consultez la liste des  
questions fréquemment posées

  
  

  

Vous pouvez dès à présent lui associer un hébergement,  
en choisissant la solution la plus adaptée à vos besoins :

  

## Hébergement Web

Une solution économique  
pour héberger vos projets Web :  
site Internet, boutique en ligne,  
landing page...

  
  
..."
77,43,13,77_anzeigen_republik_united_5g,"anzeigen, republik, united, 5g, écrit, republic, canada, zubehör, portugal, czech","cart 0

  * de  Sprache
    * Sprache auswählen Deutsch English Francais
Währung auswählen EUR USD

Lieferland Afghanistan Ägypten Albanien Algerien Amerikanisch-Samoa
Amerikanische Jungferninseln Andorra Angola Anguilla Antarktika Antigua und
Barbuda Äquatorialguinea Argentinien Armenien Aruba Aserbaidschan Äthiopien
Australien Bahamas Bahrain Bangladesch Barbados Belarus (Weißrussland) Belgien
Belize Benin Bermuda Bhutan Bolivien (Plurinationaler Staat) Bonaire, Sint
Eustatius und Saba Bosnien...
---
cart 0

  * de  Sprache
    * Sprache auswählen Deutsch English Francais
Währung auswählen EUR USD

Lieferland Afghanistan Ägypten Albanien Algerien Amerikanisch-Samoa
Amerikanische Jungferninseln Andorra Angola Anguilla Antarktika Antigua und
Barbuda Äquatorialguinea Argentinien Armenien Aruba Aserbaidschan Äthiopien
Australien Bahamas Bahrain Bangladesch Barbados Belarus (Weißrussland) Belgien
Belize Benin Bermuda Bhutan Bolivien (Plurinationaler Staat) Bonaire, Sint
Eustatius und Saba Bosnien...
---
cart 0

  * de  Sprache
    * Sprache auswählen Deutsch English Francais
Währung auswählen EUR USD

Lieferland Afghanistan Ägypten Albanien Algerien Amerikanisch-Samoa
Amerikanische Jungferninseln Andorra Angola Anguilla Antarktika Antigua und
Barbuda Äquatorialguinea Argentinien Armenien Aruba Aserbaidschan Äthiopien
Australien Bahamas Bahrain Bangladesch Barbados Belarus (Weißrussland) Belgien
Belize Benin Bermuda Bhutan Bolivien (Plurinationaler Staat) Bonaire, Sint
Eustatius und Saba Bosnien..."
78,42,15,78_00 m²_appartement_000_surface,"00 m², appartement, 000, surface, m², ettelbruck, garage parking, consult, résidence, cabine","7 jours / 7   à votre disposition

+352 26 81 37 37

  * Accueil
  * Vente
  * Location
  * Notre entreprise
  * Contact
  * Gérance

L'agence qui bouge !...

  *   *   *   * 

Vente Location

Type de bien AppartementBureauD?p?tImmeubleImmeuble de rapportLocal
commercialMaisonMaison de ma?treParkingTerrain ? b?tir

Ville
ArlonBissenEttelbruckHoesdorfHoltzLarochetteMartelangeMerschNiederkornP?tangeRumelangeSonlez

  * Ettelbruck - Appartement  
Surface: 114.00 m²   635 000 €  
Ref: 497922  
  

S...
---
7 jours / 7   à votre disposition

+352 26 81 37 37

  * Accueil
  * Vente
  * Location
  * Notre entreprise
  * Contact
  * Gérance

L'agence qui bouge !...

  *   *   *   * 

Vente Location

Type de bien AppartementBureauD?p?tImmeubleImmeuble de rapportLocal
commercialMaisonMaison de ma?treParkingTerrain ? b?tir

Ville
ArlonBissenEttelbruckHoesdorfHoltzLarochetteMartelangeMerschNiederkornP?tangeRumelangeSonlez

  * Sonlez - Immeuble de rapport  
Surface: 700.00 m²   3 100 000 €  
Ref: 497918  ...
---
7 jours / 7   à votre disposition

+352 26 81 37 37

  * Accueil
  * Vente
  * Location
  * Notre entreprise
  * Contact
  * Gérance

L'agence qui bouge !...

  *   *   *   * 

Vente Location

Type de bien AppartementBureauD?p?tImmeubleImmeuble de rapportLocal
commercialMaisonMaison de ma?treParkingTerrain ? b?tir

Ville
ArlonBissenEttelbruckHoesdorfHoltzLarochetteMartelangeMerschNiederkornP?tangeRumelangeSonlez

  * Ettelbruck - D?p?t  
Surface: 260.00 m²   1 980 €  
Ref: 497977  
  

Dépot à l..."
79,42,20,79_read news_lire suite_read_matériel,"read news, lire suite, read, matériel, dr, médical, belgium, suite, lire, santé","* Accueil
  * Notre équipe
  * Stomie
  * Incontinence
  * Autres
  * Contact

# Notre matériel pour tous vos soins au Luxembourg

  * Home
  * Notre matériel pour tous vos soins au Luxembourg

## Notre gamme pour tous vos autres soins au Luxembourg

Dans notre entreprise spécialisée dans la vente de matériel médical , nous
pensons à tous les soins dont vous avez besoin au quotidien. Dans notre
catégorie “autres soins”, retrouvez un large choix de matériel médical adapté
à vos besoins.

### Soin...
---
Welcome to SPIE Luxembourg

www.spie.com

Luxembourg - en

  * Luxembourg - FR

  * 

High contrast

  * About
  * Markets
  * Building systems & Services
  * References
  * CSR
  * Careers
  * News
  * Contact

# News

  * All
  * Filter by markets
  * Filter by divisions

SMART CITY E-FFICIENT BUILDINGS ENERGIES INDUSTRY SERVICES

INDUSTRY BUILDING SYSTEMS & SERVICES INFRASTRUCTURE & SERVICES ICS

Filter by markets

SMART CITY E-FFICIENT BUILDINGS ENERGIES INDUSTRY SERVICES

All the news

## A...
---
Welcome to SPIE Luxembourg

www.spie.com

Luxembourg - en

  * Luxembourg - FR

  * 

High contrast

  * About
  * Markets
  * Building systems & Services
  * References
  * CSR
  * Careers
  * News
  * Contact

# News

  * All
  * Filter by markets
  * Filter by divisions

SMART CITY E-FFICIENT BUILDINGS ENERGIES INDUSTRY SERVICES

INDUSTRY BUILDING SYSTEMS & SERVICES INFRASTRUCTURE & SERVICES ICS

Filter by markets

SMART CITY E-FFICIENT BUILDINGS ENERGIES INDUSTRY SERVICES

All the news

## A..."
80,42,17,80_jugendhaus_sonntag_sea_berdorf,"jugendhaus, sonntag, sea, berdorf, gesetzt, dienstag, french, anfrage, benutzers cookies, cookie gdpr","* DE
  * EN
  * FR

MUSÉE D‘HISTOIRE[S] DIEKIRCH  
KULTURHAUS

  * Willkommen
  * Museum
    * Präsentation
    * Sammlung
    * Räume
  * Workshops
    * Präsentation
    * Privatpersonen
    * Virtuelle Workshops
    * Einschreibung in einem Workshop
  * Kulturhaus
    * Präsentation
    * Ausstellungen
  * Archiv
    * Ausstellungen
    * Workshops
  * Kontakt

  *   * 

# Ausstellungen

Archiv > Workshops

08 Jun

## GREIFE ZU DEN STERNEN!

08/06/2021 Musée d‘Histoire[s] Diekirch

Der Himmel...
---
* DE
  * EN
  * FR

MUSÉE D‘HISTOIRE[S] DIEKIRCH  
KULTURHAUS

  * Willkommen
  * Museum
    * Präsentation
    * Sammlung
    * Räume
  * Workshops
    * Präsentation
    * Privatpersonen
    * Virtuelle Workshops
    * Einschreibung in einem Workshop
  * Kulturhaus
    * Präsentation
    * Ausstellungen
  * Archiv
    * Ausstellungen
    * Workshops
  * Kontakt

  *   * 

# Ausstellung „Ons zerschloen Dierfer""

Kulturhaus > Expositions > Ausstellung „Ons zerschloen Dierfer""

16 Oct

## Details...
---
* DE
  * EN
  * FR

# Musée d'Histoire[s] Diekirch

Kulturhaus

## Ausstellung ""All about jeans""

Ausstellung vom SNJ, vom 09. Juni bis 02. Juli 2023

+

# Musée d'Histoire[s] Diekirch

Kulturhaus

## Entdecken Sie das Museum!

Mitten im historischen Teil Diekirchs enthüllt das MH[s]D die Geheimnisse
einer oft verkannten Vergangenheit und deren Nachklang in unserem
Alltagsleben. Erkunden Sie auf spannende Weise die historischen Funde und
Arbeitsweisen des Archäologen, die Nachforschungen des His..."
81,41,7,81_kinésithérapie_therapie_choc_ondes,"kinésithérapie, therapie, choc, ondes, manuelle, dry, rééducation, model, umschalten, medizinische","* Home
  * Über uns
  * Kinésithérapie
    * Manuelle Therapie
    * McKenzie
    * Kiefergelenkstherapie
    * Lymphdrainage und komplexe Entstauungstherapie (Ödemtherapie)
    * Sportkinésithérapie
    * Bobath (Erwachsenen)
    * Myofasziale Triggerpunkttherapie
    * Dry needling
    * Fascial Distortion Model nach Stephen Typaldos
    * Fango
    * Elektrotherapie
    * Ultraschalltherapie
    * Stosswelle/Ondes de choc
    * Kinesio Taping
    * Spiegeltherapie und Mentales Training
    * ...
---
* Home
  * Über uns
  * Kinésithérapie
    * Manuelle Therapie
    * McKenzie
    * Kiefergelenkstherapie
    * Lymphdrainage und komplexe Entstauungstherapie (Ödemtherapie)
    * Sportkinésithérapie
    * Bobath (Erwachsenen)
    * Myofasziale Triggerpunkttherapie
    * Dry needling
    * Fascial Distortion Model nach Stephen Typaldos
    * Fango
    * Elektrotherapie
    * Ultraschalltherapie
    * Stosswelle/Ondes de choc
    * Kinesio Taping
    * Spiegeltherapie und Mentales Training
    * ...
---
* Home
  * Über uns
  * Kinésithérapie
    * Manuelle Therapie
    * McKenzie
    * Kiefergelenkstherapie
    * Lymphdrainage und komplexe Entstauungstherapie (Ödemtherapie)
    * Sportkinésithérapie
    * Bobath (Erwachsenen)
    * Myofasziale Triggerpunkttherapie
    * Dry needling
    * Fascial Distortion Model nach Stephen Typaldos
    * Fango
    * Elektrotherapie
    * Ultraschalltherapie
    * Stosswelle/Ondes de choc
    * Kinesio Taping
    * Spiegeltherapie und Mentales Training
    * ..."
82,41,12,82_editus_aime_aimez_neo,"editus, aime, aimez, neo, marketing, digitale, power, etudes, apps, création","top of page

  * Nos solutions
    * Visibilité et e-réputation
    * Création de site
    * Création de site e-commerce
    * Réseaux sociaux
    * Création de contenus
    * Publicité digitale
    * Etudes géomarketing
  * Par secteurs
    * Restaurateurs
    * Commerçants
    * Professionnels de santé
    * TPE / Auto-entreprise
    * Instituts de beauté
    * Professions réglementées
  * Notre équipe
    * Qui sommes-nous
    * Nous recrutons
  * Nos marques
    * One
    * Neo
    * Editus....
---
top of page

  * Nos solutions
    * Visibilité et e-réputation
    * Création de site
    * Création de site e-commerce
    * Réseaux sociaux
    * Création de contenus
    * Publicité digitale
    * Etudes géomarketing
  * Par secteurs
    * Restaurateurs
    * Commerçants
    * Professionnels de santé
    * TPE / Auto-entreprise
    * Instituts de beauté
    * Professions réglementées
  * Notre équipe
    * Qui sommes-nous
    * Nous recrutons
  * Nos marques
    * One
    * Neo
    * Editus....
---
top of page

  * Nos solutions
    * Visibilité et e-réputation
    * Création de site
    * Création de site e-commerce
    * Réseaux sociaux
    * Création de contenus
    * Publicité digitale
    * Etudes géomarketing
  * Par secteurs
    * Restaurateurs
    * Commerçants
    * Professionnels de santé
    * TPE / Auto-entreprise
    * Instituts de beauté
    * Professions réglementées
  * Notre équipe
    * Qui sommes-nous
    * Nous recrutons
  * Nos marques
    * One
    * Neo
    * Editus...."
83,41,30,83_réf_catégorie_passe_module,"réf, catégorie, passe, module, password, vente, france, maison, pièces, détails","* Modèles  
de maison

  * Annonces  
Terrain + Maison

  * Tradilux  
Rénovations

  * Découvrez  
Tradilux

    * La société
    * Recrutement
  * ACHAT  
TERRAIN

  * Contact

×

##### Bienvenue

Email

Mot de passe

Se connecter Connexion...

Mot de passe oublié

Vous êtes nouveau ? Créer son compte

×

##### Créer un compte

Prénom

Nom

Email

Mot de passe

S'inscrire S'enregistrer...

Vous avez déjà un compte? Se connecter

×

##### Mot de passe oublié

Email

Obtenir un nouveau mot de pa...
---
* Accueil
  * Vente
  * Location
  * Estimer mon bien
  * A propos
  * Contact

### Se connecter

Se connecter

Need an account? Register here! Mot de passe oublié?

### Register

Select User Type I agree with terms & conditions

A password will be e-mailed to you

Register

Back to Login

### Réinitialiser le mot de passe

Réinitialiser le mot de passe

Retour à la connexion

  * 

  * 

  * Accueil
  * Vente
  * Location
  * Estimer
  * A propos
  * Contact

Toutes actions

  * Toutes actions
...
---
* Accueil
  * Vente
  * Location
  * Estimer mon bien
  * A propos
  * Contact

### Se connecter

Se connecter

Need an account? Register here! Mot de passe oublié?

### Register

Select User Type I agree with terms & conditions

A password will be e-mailed to you

Register

Back to Login

### Réinitialiser le mot de passe

Réinitialiser le mot de passe

Retour à la connexion

  * 

  * 

  * Accueil
  * Vente
  * Location
  * Estimer
  * A propos
  * Contact

Toutes actions

  * Toutes actions
..."
84,41,16,84_àpd_demander devis_étages_étage,"àpd, demander devis, étages, étage, demander, comparer, ttc, 75, incl, aperçu rapide","* Accueil
    * Qui sommes-nous?
    * Informations livraisons
    * Galeries photos
    * Nos Producteurs
    * News
  * VINOTHÈQUE
VINS

CAVA

EAUX-DE-VIE

LIQUEURS

SHERRY & JEREZ  

BRANDY

RHUM

BIÈRES

GINS

VODKAS

WHISKYS

CIDRES

## Predicador 2019

Acheter en ligne

  * ÉPICERIE FINE
CHARCUTERIE

JAMBONS IBÉRICO

JAMBONS SERRANO

FROMAGES

OLIVES DE TABLE

HULIES D'OLIVES

BISCUITERIE & CONFISERIE

POISSONS EN CONSERVE

LÉGUMES EN CONSERVE

RIZ & LÉGUMES SECS

ÉPICES & CONDIMENTS

VINA...
---
* Accueil
    * Qui sommes-nous?
    * Informations livraisons
    * Galeries photos
    * Nos Producteurs
    * News
  * VINOTHÈQUE
VINS

CAVA

EAUX-DE-VIE

LIQUEURS

SHERRY & JEREZ  

BRANDY

RHUM

BIÈRES

GINS

VODKAS

WHISKYS

CIDRES

## Predicador 2019

Acheter en ligne

  * ÉPICERIE FINE
CHARCUTERIE

JAMBONS IBÉRICO

JAMBONS SERRANO

FROMAGES

OLIVES DE TABLE

HULIES D'OLIVES

BISCUITERIE & CONFISERIE

POISSONS EN CONSERVE

LÉGUMES EN CONSERVE

RIZ & LÉGUMES SECS

ÉPICES & CONDIMENTS

VINA...
---
Traiteur Boulangerie Pâtisserie Confiserie Glace Mon gâteau La maison

  
# MON GÂTEAU

Anniversaire, baptême, corporate events : vos événements méritent le meilleur
! Créez votre gâteau personnalisé pour célébrer une occasion spéciale.

Traiteur Boulangerie Pâtisserie Confiserie Glace Mon gâteau La maison

       
Traiteur  Boulangerie  Pâtisserie  Confiserie  Glace  Mon gâteau  Nos adresses
La maison

# MON GÂTEAU

COMMANDES DE GÂTEAUX

  

Les commandes de gâteaux spéciaux/personnalisés sont ..."
85,40,12,85_porte_card_papier_stations,"porte, card, papier, stations, tableaux, verre, format, cartes, boîtes, impression","

Browser Categories

  * Accessoires de bureau  
    * Agrafes
    * Agrafeuses
    * Agrafeuses (plus que 60fls)
    * Agrafeuses pince
    * Agrafeuses à long bras
    * Agrafeuses éléctriques
    * Arrache-agrafes
    * Attache-lettres
    * Bacs de classement avec tiroirs
    * Bacs à courrier
    * Bouton-lettres
    * Caissettes
    * Cartes de visite
    * Cendriers
    * Chariots
    * Ciseaux bureau
    * Coin-lettres
    * Colle bâton
    * Colle en dérouleurs
    * Colle liquide
 ...
---


Browser Categories

  * Accessoires de bureau  
    * Agrafes
    * Agrafeuses
    * Agrafeuses (plus que 60fls)
    * Agrafeuses pince
    * Agrafeuses à long bras
    * Agrafeuses éléctriques
    * Arrache-agrafes
    * Attache-lettres
    * Bacs de classement avec tiroirs
    * Bacs à courrier
    * Bouton-lettres
    * Caissettes
    * Cartes de visite
    * Cendriers
    * Chariots
    * Ciseaux bureau
    * Coin-lettres
    * Colle bâton
    * Colle en dérouleurs
    * Colle liquide
 ...
---


Browser Categories

  * Accessoires de bureau  
    * Agrafes
    * Agrafeuses
    * Agrafeuses (plus que 60fls)
    * Agrafeuses pince
    * Agrafeuses à long bras
    * Agrafeuses éléctriques
    * Arrache-agrafes
    * Attache-lettres
    * Bacs de classement avec tiroirs
    * Bacs à courrier
    * Bouton-lettres
    * Caissettes
    * Cartes de visite
    * Cendriers
    * Chariots
    * Ciseaux bureau
    * Coin-lettres
    * Colle bâton
    * Colle en dérouleurs
    * Colle liquide
 ..."
86,40,5,86_gales_instagram linkedin_weine_schließen,"gales, instagram linkedin, weine, schließen, default, einloggen, abonnieren, esc, true, warenkorb","Direkt zum Inhalt

Menü schließen

  * Das Haus
  * Die Weine
  * Einloggen
  * 

  * Facebook
  * Instagram
  * LinkedIn

Warenkorb

Warenkorb schließen

Kostenlose Lieferung in Luxemburg

Suche

Seitennavigation

  * Das Haus 

  * Die Weine 

Einloggen  Suche Einkaufswagen

Suchen ""Schließen (Esc)""

Mehr sehen

#  Orca 2020

Normaler Preis €14,04

/

inkl. MwSt.

* * *
Default Title - €14,04 EUR

Menge

− +

In den Warenkorb

[{""id"":37447375782054,""title"":""Default Title"",""option1"":""Default
Ti...
---
Direkt zum Inhalt

Menü schließen

  * Das Haus
  * Die Weine
  * Einloggen
  * 

  * Facebook
  * Instagram
  * LinkedIn

Warenkorb

Warenkorb schließen

Kostenlose Lieferung in Luxemburg

Suche

Seitennavigation

  * Das Haus 

  * Die Weine 

Einloggen  Suche Einkaufswagen

Suchen ""Schließen (Esc)""

Mehr sehen

#  Orca 2020

Normaler Preis €14,04

/

inkl. MwSt.

* * *
Default Title - €14,04 EUR

Menge

− +

In den Warenkorb

[{""id"":37447375782054,""title"":""Default Title"",""option1"":""Default
Ti...
---
Direkt zum Inhalt

Menü schließen

  * Das Haus
  * Die Weine
  * Einloggen
  * 

  * Facebook
  * Instagram
  * LinkedIn

Warenkorb

Warenkorb schließen

Kostenlose Lieferung in Luxemburg

Suche

Seitennavigation

  * Das Haus 

  * Die Weine 

Einloggen  Suche Einkaufswagen

Suchen ""Schließen (Esc)""

Mehr sehen

#  Orca 2020

Normaler Preis €14,04

/

inkl. MwSt.

* * *
Default Title - €14,04 EUR

Menge

− +

In den Warenkorb

[{""id"":37447375782054,""title"":""Default Title"",""option1"":""Default
Ti..."
87,40,13,87_menuiserie_menus_dîner_ferblanterie,"menuiserie, menus, dîner, ferblanterie, couverture, toitures, cadeaux, charpente, colis, isolation thermique","* Accueil
  * Charpente
  * Ferblanterie
  * Couverture
  * Isolation Thermique
  * Entretien toitures
  * … 
    * Accueil
    * Charpente
    * Ferblanterie
    * Couverture
    * Isolation Thermique
    * Entretien toitures

  * Accueil
  * Charpente
  * Ferblanterie
  * Couverture
  * Isolation Thermique
  * Entretien toitures
  * … 
    * Accueil
    * Charpente
    * Ferblanterie
    * Couverture
    * Isolation Thermique
    * Entretien toitures

Contactez-nous

  * Accueil
  * Charpente
...
---
* Accueil
  * Charpente
  * Ferblanterie
  * Couverture
  * Isolation Thermique
  * Entretien toitures
  * … 
    * Accueil
    * Charpente
    * Ferblanterie
    * Couverture
    * Isolation Thermique
    * Entretien toitures

  * Accueil
  * Charpente
  * Ferblanterie
  * Couverture
  * Isolation Thermique
  * Entretien toitures
  * … 
    * Accueil
    * Charpente
    * Ferblanterie
    * Couverture
    * Isolation Thermique
    * Entretien toitures

Contactez-nous

  * Accueil
  * Charpente
...
---
* Accueil
  * Charpente
  * Ferblanterie
  * Couverture
  * Isolation Thermique
  * Entretien toitures
  * … 
    * Accueil
    * Charpente
    * Ferblanterie
    * Couverture
    * Isolation Thermique
    * Entretien toitures

  * Accueil
  * Charpente
  * Ferblanterie
  * Couverture
  * Isolation Thermique
  * Entretien toitures
  * … 
    * Accueil
    * Charpente
    * Ferblanterie
    * Couverture
    * Isolation Thermique
    * Entretien toitures

Contactez-nous

  * Accueil
  * Charpente
..."
88,40,22,88_rencontres_club_minett_union,"rencontres, club, minett, union, européennes, campus, seminar, conference, university, international","*   * Union 
    * Soroptimist International de Luxembourg a.s.b.l. 
  * Clubs 
    * Luxembourg-Doyen 
    * Diekirch 
    * Esch-sur-Alzette 
    * Moselle 
    * Luxembourg-Melusina 
    * Luxembourg-Clairefontaine 
    * Éislek 
    * Echternach 
    * Mosaïk 
    * Minett 
  * Home 
  * A propos 
    * Nos principes 
    * Organisation du SI 
    * Historique 
    * Contact 
  * Fonds Soroptimist 
    * Actualité - Généralités 
    * Projets 

# Menu

  * Luxembourg-Doyen 
  * Diekirch 
  *...
---
*   * Union 
    * Soroptimist International de Luxembourg a.s.b.l. 
  * Clubs 
    * Luxembourg-Doyen 
    * Diekirch 
    * Esch-sur-Alzette 
    * Moselle 
    * Luxembourg-Melusina 
    * Luxembourg-Clairefontaine 
    * Éislek 
    * Echternach 
    * Mosaïk 
    * Minett 
  * Home 
  * A propos 
    * Nos principes 
    * Organisation du SI 
    * Historique 
    * Contact 
  * Fonds Soroptimist 
    * Actualité - Généralités 
    * Projets 

# Menu

  * Luxembourg-Doyen 
  * Diekirch 
  *...
---
Luxembourg Institute for European and International Studies  
Institut d'Etudes Européennes et Internationales du Luxembourg

Home

About

Contact

History

Links

Sitemap

Search

Recent Events

Publications

Past Conferences

Past Lectures

Internships

Summer Courses

Simulations

Media Reports

Conférence-débat

L’Institut d’Etudes Européennes et Internationales du Luxembourg,

Les Amis du Monde Diplomatique Luxembourg,

avec le soutien de neimënster,

invitent à la conférence-débat

„Les pr..."
89,40,17,89_tennis_club_tournois_ecole,"tennis, club, tournois, ecole, abonnements, terrains, sponsors, tarifs, école, court","* Le club
    * Présentation
    * Joueurs
    * Entraîneurs
    * galerie
  * l'école de tennis
  * Tarifs
  * Compétitions
  * Actualités
  * stages
  * Sponsors
  * contact
  * Réserver  
un court

  * 

#  Tennis Club de Schifflange  
Club & école de tennis

Vidéo de présentation

#  Tennis Club de Schifflange  
Club & école de tennis

Vidéo de présentation

## Le club

Première équipe  
Dames 2022

Première équipe  
Hommes 2022

Bienvenue au TC Schifflange !  
  
Nous sommes heureux de vous...
---
* Le club
    * Présentation
    * Joueurs
    * Entraîneurs
    * galerie
  * l'école de tennis
  * Tarifs
  * Compétitions
  * Actualités
  * stages
  * Sponsors
  * contact
  * Réserver  
un court

  * 

#  Tennis Club de Schifflange  
Club & école de tennis

Vidéo de présentation

#  Tennis Club de Schifflange  
Club & école de tennis

Vidéo de présentation

## Le club

Première équipe  
Dames 2022

Première équipe  
Hommes 2022

Bienvenue au TC Schifflange !  
  
Nous sommes heureux de vous...
---
Tennis Club Steinfort

  * Home
  * Club
Son histoire Le comité Les infrastructures

La protection des données

Nous contacter

  * Abonnements
Les abonnements

Location du hall

  * École de tennis
École de tennis

Stages de tennis

  * Compétitions
Nos membres

Interclubs - calendrier

Coupe FLT

Tournois nationaux Tournois internationaux

  * Partenaires
Programmes de sponsoring

Nos sponsors

  * Galerie de photos
  * Liens
  * Se connecter
  * Réservation

  

  1.   2.   3.   4. 

Previous..."
90,39,15,90_pharmacie_renseignement_garde_8h30,"pharmacie, renseignement, garde, 8h30, 352 32, imprint, lion, 12h30, samedi, covid 19","* Accueil
  * Contact
  * Heures d'ouverture / Service de Garde
  * Commandes
  * La Pharmacie Du Cerf
    * Notre équipe
    * Historique de la pharmacie
    * Infos générales
  * Nos Services et offres
    * Cosmétique
    * Phytothérapie / Aromathérapie
    * Bas de contention
    * Homéopathie
    * Articles Bébé
    * Produits orthopédiques

  * Accueil
  * Contact
  * Heures d'ouverture / Service de Garde
  * Commandes
  * La Pharmacie Du Cerf
    * Notre équipe
    * Historique de la phar...
---
* Accueil
  * Contact
  * Heures d'ouverture / Service de Garde
  * Commandes
  * La Pharmacie Du Cerf
    * Notre équipe
    * Historique de la pharmacie
    * Infos générales
  * Nos Services et offres
    * Cosmétique
    * Phytothérapie / Aromathérapie
    * Bas de contention
    * Homéopathie
    * Articles Bébé
    * Produits orthopédiques

  * Accueil
  * Contact
  * Heures d'ouverture / Service de Garde
  * Commandes
  * La Pharmacie Du Cerf
    * Notre équipe
    * Historique de la phar...
---
* Accueil
  * Contact
  * Heures d'ouverture / Service de Garde
  * Commandes
  * La Pharmacie Du Cerf
    * Notre équipe
    * Historique de la pharmacie
    * Infos générales
  * Nos Services et offres
    * Cosmétique
    * Phytothérapie / Aromathérapie
    * Bas de contention
    * Homéopathie
    * Articles Bébé
    * Produits orthopédiques

  * Accueil
  * Contact
  * Heures d'ouverture / Service de Garde
  * Commandes
  * La Pharmacie Du Cerf
    * Notre équipe
    * Historique de la phar..."
91,39,16,91_hotel_nächte_lounge_superior,"hotel, nächte, lounge, superior, 91, seminare, 00 23, 23 00, 61, 352 23","MENU

#

### Luxembourg

##  
Superior

  * Einleitung
  * Hotel
  * Preise & Pauschalen
  * Restaurant
  * Lounge-Bereich
  * Seminare
  * Region
  * Kontakt

FR EN

### Verfügbarkeit überprüfen

#

### Luxembourg

##  
Superior

MENU

  * Einleitung
  * Hotel
  * Preise & Pauschalen
  * Restaurant
  * Lounge-Bereich
  * Seminare
  * Region
  * Kontakt

FR EN

#

### Luxembourg

##  
Superior

Kontaktieren Sie uns

(+352) 23 61 91 91  
reservation@hotel-ecluse.lu

Online-Buchung

  Unsere Verfü...
---
MENU

#

### Luxembourg

##  
Superior

  * Einleitung
  * Hotel
  * Preise & Pauschalen
  * Restaurant
  * Lounge-Bereich
  * Seminare
  * Region
  * Kontakt

FR EN

### Verfügbarkeit überprüfen

#

### Luxembourg

##  
Superior

MENU

  * Einleitung
  * Hotel
  * Preise & Pauschalen
  * Restaurant
  * Lounge-Bereich
  * Seminare
  * Region
  * Kontakt

FR EN

#

### Luxembourg

##  
Superior

Kontaktieren Sie uns

(+352) 23 61 91 91  
reservation@hotel-ecluse.lu

Online-Buchung

  Unsere Verfü...
---
MENU

#

### Luxembourg

##  
Superior

  * Einleitung
  * Hotel
  * Preise & Pauschalen
  * Restaurant
  * Lounge-Bereich
  * Seminare
  * Region
  * Kontakt

FR EN

### Verfügbarkeit überprüfen

#

### Luxembourg

##  
Superior

MENU

  * Einleitung
  * Hotel
  * Preise & Pauschalen
  * Restaurant
  * Lounge-Bereich
  * Seminare
  * Region
  * Kontakt

FR EN

#

### Luxembourg

##  
Superior

Kontaktieren Sie uns

(+352) 23 61 91 91  
reservation@hotel-ecluse.lu

Online-Buchung

  Unsere Verfü..."
92,39,19,92_normaler preis_normaler_verkäufer_ausverkauft,"normaler preis, normaler, verkäufer, ausverkauft, einzelpreis, preis, glass, anzeigen, acl, kategorien","Direkt zum Inhalt

## Zum Warenkorb hinzugefügt

###

Menge:

Warenkorb einsehen ()

Weiter einkaufen

Suchen

Schließen (esc)

Free Shipping within Luxembourg

  * HEIMAT
  * CHRISTMAS
  * Glasobjekte
    * ALLE
    * Schüsseln / Tabletts
    * Carafe-Sets
    * CHAMPAGNER 
    * Becher
    * Alkohol / Wodka.
    * LONG DRINK
    * WHISKEY 
    * Platten
    * WEIN
    * Vasen
  * Keramisch
  * PORZELLAN
  * HOLZ
  * Dekorationen
    * ALLE
    * KERZENHALTER
    * Tischdekoration
    * Kerzen
...
---
Direkt zum Inhalt

## Zum Warenkorb hinzugefügt

###

Menge:

Warenkorb einsehen ()

Weiter einkaufen

Suchen

Schließen (esc)

Free Shipping within Luxembourg

  * HEIMAT
  * CHRISTMAS
  * Glasobjekte
    * ALLE
    * Schüsseln / Tabletts
    * Carafe-Sets
    * CHAMPAGNER 
    * Becher
    * Alkohol / Wodka.
    * LONG DRINK
    * WHISKEY 
    * Platten
    * WEIN
    * Vasen
  * Keramisch
  * PORZELLAN
  * HOLZ
  * Dekorationen
    * ALLE
    * KERZENHALTER
    * Tischdekoration
    * Kerzen
...
---
Direkt zum Inhalt

## Zum Warenkorb hinzugefügt

###

Menge:

Warenkorb einsehen ()

Weiter einkaufen

Suchen

Schließen (esc)

Free Shipping within Luxembourg

  * HEIMAT
  * CHRISTMAS
  * Glasobjekte
    * ALLE
    * Schüsseln / Tabletts
    * Carafe-Sets
    * CHAMPAGNER 
    * Becher
    * Alkohol / Wodka.
    * LONG DRINK
    * WHISKEY 
    * Platten
    * WEIN
    * Vasen
  * Keramisch
  * PORZELLAN
  * HOLZ
  * Dekorationen
    * ALLE
    * KERZENHALTER
    * Tischdekoration
    * Kerzen
..."
93,39,10,93_kordall_dames_beach_clubs,"kordall, dames, beach, clubs, cup, hommes, mobbing, dt, loisir, participants","Menu

  * Accueil
  * Club
    * Le Comité
    * Historique du Club
    * Nos Arbitres
    * Nos Salles
    * Palmarès
    * Nouvelles
  * Equipes
    * DAMES 
      * Dames 1
      * Dames 2
      * Dames 3
    * HOMMES 
      * Hommes 1
    * Scolaires / Minimes
    * Loisir
    * Entrainements
  * Events
    * TOURNOI DE L'AMITIE - 6x6 LOISIR 
      * 6X6 LOISIR - Inscription
      * 6x6 LOISIR - Participants
    * TOURNOI 4x4 BEACH 
      * 4x4 Beach - Inscription
      * 4x4 Beach - Partici...
---
Menu

  * Accueil
  * Club
    * Le Comité
    * Historique du Club
    * Nos Arbitres
    * Nos Salles
    * Palmarès
    * Nouvelles
  * Equipes
    * DAMES 
      * Dames 1
      * Dames 2
      * Dames 3
    * HOMMES 
      * Hommes 1
    * Scolaires / Minimes
    * Loisir
    * Entrainements
  * Events
    * TOURNOI DE L'AMITIE - 6x6 LOISIR 
      * 6X6 LOISIR - Inscription
      * 6x6 LOISIR - Participants
    * TOURNOI 4x4 BEACH 
      * 4x4 Beach - Inscription
      * 4x4 Beach - Partici...
---
Menu

  * Accueil
  * Club
    * Le Comité
    * Historique du Club
    * Nos Arbitres
    * Nos Salles
    * Palmarès
    * Nouvelles
  * Equipes
    * DAMES 
      * Dames 1
      * Dames 2
      * Dames 3
    * HOMMES 
      * Hommes 1
    * Scolaires / Minimes
    * Loisir
    * Entrainements
  * Events
    * TOURNOI DE L'AMITIE - 6x6 LOISIR 
      * 6X6 LOISIR - Inscription
      * 6x6 LOISIR - Participants
    * TOURNOI 4x4 BEACH 
      * 4x4 Beach - Inscription
      * 4x4 Beach - Partici..."
94,39,17,94_dentaire_dr_praxis_xavier,"dentaire, dr, praxis, xavier, chirurgie, cabinet, traitements, médecins, esthétique, 352 31","* de
  * fr

Menu Toggle navigation

  * Acceuil
  * Notre philosophie
  * Nos services
  * Contact

NOUS SOMMES LÀ POUR VOUS

 On vous propose des traitements Médico-Dentaire de qualité supérieure sous
haute protection contre le COVID19

[plus d'informations]

# Sommaire

  *   *   *     * Traitements de la parodontose
    * Prophétique dentaire moderne
    * Médecine dentaire pour enfants
    * Endodontie moderne 
    * Implants
    * Sédation par gaz hilarant 
    * Nettoyage dentaire profess...
---
* Accueil
  * Cabinet
  * Traitements
    * Prévention Dentaire
    * Traitements Conservateurs
    * Implantologie Orale
    * Esthétique dentaire
    * Orthodontie
    * Pédodontie
  * Équipement
  * Contact
    * Informations pratiques
    * Questions fréquentes
  * Français
    * Anglais
    * Espagnol
    * Portugais
    * luxembourgeois
    * Allemand

  * Accueil
  * Cabinet
  * Traitements
    * Prévention Dentaire
    * Traitements Conservateurs
    * Implantologie Orale
    * Esthétiqu...
---
top of page

BAPTISTA DENTAL

GROUP

#          +352 27 91 88 64

  * Accueil
  * Les cliniques
    * Remich
    * Hollerich
  * La Philosophie
  * La Team
  * Dr. Augusto André BAPTISTA
    * Travaux et publications
  * Traitements
    * Occlusodontie
    * Orthodontie
    * Composites Esthétiques
    * Endodontie sous Microscope
    * Inlay/Onlay/Overlay/Veneerlay
    * Facettes Dentaires
    * Prothèses et Couronnes Dentaires
    * Chirurgie Orale
    * Chirurgie Endodontique
    * Chirurgie ..."
95,38,18,95_regular price_regular_default_lettrage,"regular price, regular, default, lettrage, price, cabinet, films, cinéma, slide, shipping","Close menu

  * Home
  * Products
Expand submenu Collapse submenu

    * Furniture
    * Decoration
    * Lighting
    * Kitchen & Barware
    * Mirrors & Wall Art
    * Sold
  * Styles
Expand submenu Collapse submenu

    * Scandinavian Midcentury
    * Industrial Farmhouse
    * Cabinet of Curiosities
    * Bohemian
    * Retro
  * News
  * About us
  *   * Log In
  * Create Account
  * Search
  * About us
  * Terms & Conditions
  * Shipping & Delivery
  * Return Policy
  * Contact us
  * Term...
---
Close menu

  * Home
  * Products
Expand submenu Collapse submenu

    * Furniture
    * Decoration
    * Lighting
    * Kitchen & Barware
    * Mirrors & Wall Art
    * Sold
  * Styles
Expand submenu Collapse submenu

    * Scandinavian Midcentury
    * Industrial Farmhouse
    * Cabinet of Curiosities
    * Bohemian
    * Retro
  * News
  * About us
  *   * Log In
  * Create Account
  * Search
  * About us
  * Terms & Conditions
  * Shipping & Delivery
  * Return Policy
  * Contact us
  * Term...
---
Close menu

  * Home
  * Products
Expand submenu Collapse submenu

    * Furniture
    * Decoration
    * Lighting
    * Kitchen & Barware
    * Mirrors & Wall Art
    * Sold
  * Styles
Expand submenu Collapse submenu

    * Scandinavian Midcentury
    * Industrial Farmhouse
    * Cabinet of Curiosities
    * Bohemian
    * Retro
  * News
  * About us
  *   * Log In
  * Create Account
  * Search
  * About us
  * Terms & Conditions
  * Shipping & Delivery
  * Return Policy
  * Contact us
  * Term..."
96,38,38,96_donnees_donnees personnelles_collectees_caractere,"donnees, donnees personnelles, collectees, caractere, donnees caractere, caractere personnel, personnelles collectees, traitement donnees, personnelles, traitees","top of page

  * ACCUEIL
  * À PROPOS
  * NOS MARQUES
  * CONTACT
  * More

Use tab to navigate through the menu items.

Accueil > Politique de protection des donnees personnelles

##### Politique de protection des donnees personnelles

#### Avant-propos

Best Of (ci-apres denomme « Best Of ») attache une grande importance au
respect de votre vie privee et a conscience de l'importance que vous y
accordez.

Best Of met des lors tout en oeuvre afin que vous puissiez utiliser les
services offerts p...
---
top of page

  * À propos
  * Les traitements
  * Contact
  * Plus

Use tab to navigate through the menu items.

#### Politique de protection des donnees personnelles

###### Avant-propos

Cheryl Brimaire (ci-apres denomme « Cheryl Brimaire ») attache une grande
importance au respect de votre vie privee et a conscience de l'importance que
vous y accordez.

Cheryl Brimaire met des lors tout en oeuvre afin que vous puissiez utiliser
les services offerts par ce site internet en toute confiance, not...
---
top of page

  * ACCUEIL
  * À PROPOS
  * SERVICES
  * CONTACTEZ-NOUS
  * More

Use tab to navigate through the menu items.

Accueil > Politique de protection des donnees personnelles

## Politique de protection des donnees personnelles

##### Avant-propos

Retouche Christina (ci-apres denomme « Retouche Christina ») attache une
grande importance au respect de votre vie privee et a conscience de
l'importance que vous y accordez.

Retouche Christina met des lors tout en oeuvre afin que vous puiss..."
97,38,18,97_23 2023_1m_shopify_2023 08,"23 2023, 1m, shopify, 2023 08, 2023 07, 17, 2023 09, 08, 2023 06, 07 23","# Index of /

 NameLast modifiedSizeDescription  
* * *  
 adressen/ 2018-05-31 05:37  \-  
 backup_data_01.06.23..>2023-06-01 17:29 8.1M  
 backup_data_01.07.23..>2023-07-01 17:35 8.1M  
 backup_data_01.08.23..>2023-08-01 17:17 8.1M  
 backup_data_01.09.23..>2023-09-01 17:34 8.0M  
 backup_data_02.06.23..>2023-06-02 17:28 8.1M  
 backup_data_02.07.23..>2023-07-02 17:40 8.1M  
 backup_data_02.08.23..>2023-08-02 17:50 8.1M  
 backup_data_02.09.23..>2023-09-02 17:50 8.0M  
 backup_data_03.06.23..>...
---
# Index of /

 NameLast modifiedSizeDescription  
* * *  
 wp-content/ 2018-05-30 17:28  \-  
 wp-content_20200928/ 2018-05-30 17:28  \-  
 wp-config.php_20200928 2018-05-30 19:47 3.1K  
 adressen/ 2018-05-31 05:37  \-  
 keiser/ 2018-09-03 16:25  \-  
 konschthaus.lu/ 2020-09-28 01:27  \-  
 wp-settings.php 2023-05-11 10:29  24K  
 wp-load.php 2023-05-11 10:29 3.7K  
 wp-links-opml.php 2023-05-11 10:29 2.4K  
 wp-trackback.php 2023-05-11 10:29 4.8K  
 wp-cron.php 2023-05-11 10:29 5.4K  
 wp-con...
---
# Index of /

 NameLast modifiedSizeDescription  
* * *  
 xmlrpc.php 2023-05-11 10:29 3.2K  
 wp-trackback.php 2023-05-11 10:29 4.8K  
 wp-signup.php 2023-05-11 10:29  34K  
 wp-settings.php 2023-05-11 10:29  24K  
 wp-mail.php 2023-05-11 10:29 8.3K  
 wp-login.php 2023-05-11 10:29  48K  
 wp-load.php 2023-05-11 10:29 3.7K  
 wp-links-opml.php 2023-05-11 10:29 2.4K  
 wp-includes/ 2023-05-11 10:29  \-  
 wp-cron.php 2023-05-11 10:29 5.4K  
 wp-content_20200928/ 2018-05-30 17:28  \-  
 wp-conten..."
98,38,26,98_solaires_chaleur_pompe chaleur_pompe,"solaires, chaleur, pompe chaleur, pompe, panneaux, installation, energie, énergétiques, renouvelables, solaire","* Accueil
  * Solutions Photovoltaïques
    * Installation pour particulier
      * Photovoltaïque sur batterie pour autoconsommation
      * Panneaux solaires en toiture
      * Carport solaire
      * Produire pour consommer ou revendre
    * Installation pour professionnel
      * Centrales photovoltaïques
      * Carports solaires
    * Nettoyage et entretien
      * Nettoyage des panneaux solaires
      * Entretien d'installation solaire
      * Dépannage et entretien onduleur
    * Nos par...
---
* Accueil
  * Solutions Photovoltaïques
    * Installation pour particulier
      * Photovoltaïque sur batterie pour autoconsommation
      * Panneaux solaires en toiture
      * Carport solaire
      * Produire pour consommer ou revendre
    * Installation pour professionnel
      * Centrales photovoltaïques
      * Carports solaires
    * Nettoyage et entretien
      * Nettoyage des panneaux solaires
      * Entretien d'installation solaire
      * Dépannage et entretien onduleur
    * Nos par...
---
* Accueil
  * Solutions Photovoltaïques
    * Installation pour particulier
      * Photovoltaïque sur batterie pour autoconsommation
      * Panneaux solaires en toiture
      * Carport solaire
      * Produire pour consommer ou revendre
    * Installation pour professionnel
      * Centrales photovoltaïques
      * Carports solaires
    * Nettoyage et entretien
      * Nettoyage des panneaux solaires
      * Entretien d'installation solaire
      * Dépannage et entretien onduleur
    * Nos par..."
99,38,12,99_pergola_diagnostic_solaires_énergétique,"pergola, diagnostic, solaires, énergétique, stores, pergolas, menuiserie, förderung, étude, châssis","+352 661 797 089

  * Facebook
  * Linkedin

  * Facebook
  * Linkedin

  * Devis gratuit €

  * Accueil
  * Passeports énergétiques
    * CPE Passeport énergétique existant
    * CPE Passeport énergétique neuf AAA
  * Bureau d’étude énergie
    * Audits énergétiques
    * Conseil énergétique
    * Aides étatiques – Primehouse
    * Caméra thermique – Thermographie
    * Blowerdoor test – test d’étanchéité
    * Ponts thermiques
    * Légionelle
    * Répartiteurs d’énergie
  * Bureau d'étude co...
---
+352 661 797 089

  * Facebook
  * Linkedin

  * Facebook
  * Linkedin

  * Devis gratuit €

  * Accueil
  * Passeports énergétiques
    * CPE Passeport énergétique existant
    * CPE Passeport énergétique neuf AAA
  * Bureau d’étude énergie
    * Audits énergétiques
    * Conseil énergétique
    * Aides étatiques – Primehouse
    * Caméra thermique – Thermographie
    * Blowerdoor test – test d’étanchéité
    * Ponts thermiques
    * Légionelle
    * Répartiteurs d’énergie
  * Bureau d'étude co...
---
+352 661 797 089

  * Facebook
  * Linkedin

  * Facebook
  * Linkedin

  * Devis gratuit €

  * Accueil
  * Passeports énergétiques
    * CPE Passeport énergétique existant
    * CPE Passeport énergétique neuf AAA
  * Bureau d’étude énergie
    * Audits énergétiques
    * Conseil énergétique
    * Aides étatiques – Primehouse
    * Caméra thermique – Thermographie
    * Blowerdoor test – test d’étanchéité
    * Ponts thermiques
    * Légionelle
    * Répartiteurs d’énergie
  * Bureau d'étude co..."
100,38,10,100_camping_camp_chalet_menu toggle,"camping, camp, chalet, menu toggle, dream, mei, toggle, aktivitäten, reservierung, nacht","Top

MENU

  * Home
  * Accomodaties
    * Camping
    * Chalets
    * Tentverhuur
    *   

  * Vakantiehuizen
    * Appartement
    * Black Pearl
    *   

  * Faciliteiten
    * Bistro Beau
    * Zwembad
    * Sanitair
    * Sport en spel
    *   

  * Informatie
    * Omgeving
    * Markten
    * Nieuws
    * Plattegrond
    * Recensies
    * Foto's
    * Onze partners
    * Camping Reglement
    * FAQ's
    *   

  * Reserveren
    * Tarieven
    * Aanbiedingen
    * Online boeken
    * Res...
---
Top

MENU

  * Home
  * Accomodaties
    * Camping
    * Chalets
    * Tentverhuur
    *   

  * Vakantiehuizen
    * Appartement
    * Black Pearl
    *   

  * Faciliteiten
    * Bistro Beau
    * Zwembad
    * Sanitair
    * Sport en spel
    *   

  * Informatie
    * Omgeving
    * Markten
    * Nieuws
    * Plattegrond
    * Recensies
    * Foto's
    * Onze partners
    * Camping Reglement
    * FAQ's
    *   

  * Reserveren
    * Tarieven
    * Aanbiedingen
    * Online boeken
    * Res...
---
Top

MENU

  * Home
  * Accomodaties
    * Camping
    * Chalets
    * Tentverhuur
    *   

  * Vakantiehuizen
    * Appartement
    * Black Pearl
    *   

  * Faciliteiten
    * Bistro Beau
    * Zwembad
    * Sanitair
    * Sport en spel
    *   

  * Informatie
    * Omgeving
    * Markten
    * Nieuws
    * Plattegrond
    * Recensies
    * Foto's
    * Onze partners
    * Camping Reglement
    * FAQ's
    *   

  * Reserveren
    * Tarieven
    * Aanbiedingen
    * Online boeken
    * Res..."
101,37,25,101_agent immobilier_php_agent_warning,"agent immobilier, php, agent, warning, immobilier, class, wp, april 2022, estimation, offset","Deprecated: Array and string offset access syntax with curly braces is
deprecated in /var/www/vhosts/mon-agent-immobilier.lu/httpdocs/wp-
content/plugins/Ultimate_VC_Addons/admin/bsf-core/auto-update/admin-
functions.php on line 11  

  * Accueil
  * Acheter
  * Vendre
  * Estimation
  * Contact

Copyright 2012-

MON AGENT IMMOBILIER  
Luxembourg

8:00 - 20:00

Lundi - Samedi

(+352) 691 698 691

Consultation gratuite

Facebook

Search Menu

  * Accueil
  * Acheter
  * Vendre
  * Estimation
  * ...
---
Deprecated: Array and string offset access syntax with curly braces is
deprecated in /var/www/vhosts/mon-agent-immobilier.lu/httpdocs/wp-
content/plugins/Ultimate_VC_Addons/admin/bsf-core/auto-update/admin-
functions.php on line 11  

  * Accueil
  * Acheter
  * Vendre
  * Estimation
  * Contact

Copyright 2012-

MON AGENT IMMOBILIER  
Luxembourg

8:00 - 20:00

Lundi - Samedi

(+352) 691 698 691

Consultation gratuite

Facebook

Search Menu

  * Accueil
  * Acheter
  * Vendre
  * Estimation
  * ...
---
Deprecated: Array and string offset access syntax with curly braces is
deprecated in /var/www/vhosts/mon-agent-immobilier.lu/httpdocs/wp-
content/plugins/Ultimate_VC_Addons/admin/bsf-core/auto-update/admin-
functions.php on line 11  

  * Accueil
  * Acheter
  * Vendre
  * Estimation
  * Contact

Copyright 2012-

MON AGENT IMMOBILIER  
Luxembourg

8:00 - 20:00

Lundi - Samedi

(+352) 691 698 691

Consultation gratuite

Facebook

Search Menu

  * Accueil
  * Acheter
  * Vendre
  * Estimation
  * ..."
102,37,9,102_mullerthal_mullerthal trail_trail_york,"mullerthal, mullerthal trail, trail, york, 352 72, müllerthal, region müllerthal, region, hotels, voyage","* Folgen Sie uns 
  * Shop 

  * de 
    * fr
    * en
    * nl
  * 

  * Home 
  * Mullerthal Trail 
    * Routen 
Routen 1, 2 & 3

ExtraTouren

ExtraTouren A, B, C & D

Etappenvorschläge

Varianten für die Tourenplanung

Abschnitte

Für die individuelle Tourenplanung

Divers

Veranstaltungen Angebote

Wetter

      * °C
  * Touren 
    * Tourentipps 
Vorschläge für Rundwanderungen

Lokale Wanderwege

Die Region auf lokalen Rundwanderwegen entdecken

Divers

Veranstaltungen Angebote

Wetter

  ...
---
* Folgen Sie uns 
  * Shop 

  * de 
    * fr
    * en
    * nl
  * 

  * Home 
  * Mullerthal Trail 
    * Routen 
Routen 1, 2 & 3

ExtraTouren

ExtraTouren A, B, C & D

Etappenvorschläge

Varianten für die Tourenplanung

Abschnitte

Für die individuelle Tourenplanung

Divers

Veranstaltungen Angebote

Wetter

      * °C
  * Touren 
    * Tourentipps 
Vorschläge für Rundwanderungen

Lokale Wanderwege

Die Region auf lokalen Rundwanderwegen entdecken

Divers

Veranstaltungen Angebote

Wetter

  ...
---
* Folgen Sie uns 
  * Shop 

  * de 
    * fr
    * en
    * nl
  * 

  * Home 
  * Mullerthal Trail 
    * Routen 
Routen 1, 2 & 3

ExtraTouren

ExtraTouren A, B, C & D

Etappenvorschläge

Varianten für die Tourenplanung

Abschnitte

Für die individuelle Tourenplanung

Divers

Veranstaltungen Angebote

Wetter

      * °C
  * Touren 
    * Tourentipps 
Vorschläge für Rundwanderungen

Lokale Wanderwege

Die Region auf lokalen Rundwanderwegen entdecken

Divers

Veranstaltungen Angebote

Wetter

  ..."
103,37,12,103_fenster_haustüren_holz_aluminium,"fenster, haustüren, holz, aluminium, vinyl, poubelles, zubehör, parkett, katalog, nettoyage","* de
  * fr

  * Startseite
  * Kontakt
  * Impressum
  * Datenschutz

  * Renovieren
  * Ausbauen
  * ums Haus
  * über uns
  * Jobs

  * +Renovieren
    * +Fenster
      * Holzfenster
      * Holz-Alu-Fenster
      * Alu-Kunststoff-Fenster
      * Holz-Denkmal-Fenster
      * Aluminiumfensterläden
      * Kunststofffenster
    * +Haustüren
      * Aluminium-Holz-Haustüren
      * Holz-Haustüren
      * Aluminiuim oder Kunststoff Haustüren
      * Aluminium-Kunststoff-Haustüren
    * Innentüren...
---
Direkt zum Inhalt

Menü

## Suchformular

Suche

Suche

  * Startseite 
    * Öffnungszeiten
    * Referenzen
    * Kundenbewertungen
    * Partner
  * Fenster 
    * Kunststoff-Fenster
    * Kunststoff-Aluminium-Fenster
    * Holzfenster
    * Holz-Aluminium-Fenster
    * Denkmalschutzfenster 
      * PaXpur
      * PaXretro
      * PaXretro78
      * PaXsimplex
    * Einbruchschutz 
      * Einbruchschutz Holz-Aluminium Fenster
      * Einbruchschutz Holz-Fenster
      * Einbruchschutz Kunstst...
---
Zum Inhalt springen

  * Startseite
  * Über uns
  * Produkte
    * Haustüren
      * Aluminium Haustüren
      * Holz/Holz-Alu Haustüren
      * PVC Haustüren
    * Fenster
      * Aluminium Fenster
      * Holz/Holz-Alu Fenster
      * PVC Fenster
    * Markisen
      * Kassettenmarkisen
      * Pergolamarkisen
      * Senkrechtmarkisen
      * Wintergartenbeschattungen
    * Terrassenüberdachungen
      * Terassenüberdachungen
    * Garagentore
    * Rolläden/Beschattungen
    * Insektenschut..."
104,37,11,104_mass_kirche_community_gemeinde,"mass, kirche, community, gemeinde, sunday, alzingen, 2019, kinder, rené, april","# International English-Speaking Community of the Parish of Luxembourg Notre
Dame

## Serving the English-Speaking Catholic Community in Luxembourg

# Menu

Skip to content

  * WELCOME!
  * Masses
    * Mass Times
    * Mass Sheets
    * Homilies
    * Mass and Prayer Intentions
    * Children's Liturgy online
  * About Us
    * Our Community
    * Our priest & our mission
    * Pastoral Council
    * History
    * Gallery
    * Safeguarding
    * Contact Us
  * Synod 2021-2023
    * Prague Ass...
---
# International English-Speaking Community of the Parish of Luxembourg Notre
Dame

## Serving the English-Speaking Catholic Community in Luxembourg

# Menu

Skip to content

  * WELCOME!
  * Masses
    * Mass Times
    * Mass Sheets
    * Homilies
    * Mass and Prayer Intentions
    * Children's Liturgy online
  * About Us
    * Our Community
    * Our priest & our mission
    * Pastoral Council
    * History
    * Gallery
    * Safeguarding
    * Contact Us
  * Synod 2021-2023
    * Prague Ass...
---
# International English-Speaking Community of the Parish of Luxembourg Notre
Dame

## Serving the English-Speaking Catholic Community in Luxembourg

# Menu

Skip to content

  * WELCOME!
  * Masses
    * Mass Times
    * Mass Sheets
    * Homilies
    * Mass and Prayer Intentions
    * Children's Liturgy online
  * About Us
    * Our Community
    * Our priest & our mission
    * Pastoral Council
    * History
    * Gallery
    * Safeguarding
    * Contact Us
  * Synod 2021-2023
    * Prague Ass..."
105,36,19,105_baker tilly_tilly_baker_tax,"baker tilly, tilly, baker, tax, payroll, accounting, lecture, california, fiscale, fiscales","* Select language:
  * English

  * English
  * Français

  * Home
  * Accounting and Tax
    * Accounting
    * Tax
    * Payroll
  * Company Formation
    * Setting up a Company in Luxembourg
    * Corporate Structure
    * Management and Administration
    * Liquidation of Companies
  * Business Advisory
    * Investment Planning and Management
    * International Tax Advisory
    * Personal Business Management
  * Contact
  * News

### We provide a range of services to help businesses succee...
---
* Services 
    * Accounting
    * Tax
    * Corporate services
    * Audit & Commissariat aux comptes
    * Payroll & HR
  * Seminaires
  * News
  * Carrieres
  * Qui sommes-nous 
    * Notre histoire
    * Nos valeurs
    * L'equipe
  * Contact
  * International

Language

Fr French

  * Fr French
  * En English

Close

  * Afrique
  * Amerique du Nord
  * Amerique latine
  * Asie-Pacifique
  * L'Europe
  * Moyen-Orient

  * Angola
  * Benin
  * Botswana
  * Cameroon
  * Egypt  ▶
Egypt

    * ...
---
* Services 
    * Accounting
    * Tax
    * Corporate services
    * Audit & Commissariat aux comptes
    * Payroll & HR
  * Seminaires
  * News
  * Carrieres
  * Qui sommes-nous 
    * Notre histoire
    * Nos valeurs
    * L'equipe
  * Contact
  * International

Language

Fr French

  * Fr French
  * En English

Close

  * Afrique
  * Amerique du Nord
  * Amerique latine
  * Asie-Pacifique
  * L'Europe
  * Moyen-Orient

  * Angola
  * Benin
  * Botswana
  * Cameroon
  * Egypt  ▶
Egypt

    * ..."
106,36,11,106_window tab_atoz_window_tax,"window tab, atoz, window, tax, school, tab, george, profile, corporate, corporate services","Skip To Main Content

## Header Utility

Portals

Useful Links

Search

  * My School Portal (Staff & Parent Portal)(opens in new window/tab)

  * Why St George's?
  * Book a tour
  * How to Apply

Search

Clear

Search

  * About Us
    * Our Values
    * Meet the Governors
    * Meet Our SMT Team
    * Term Dates
    * Our History
    * Our Publications
    * Accreditations
  * Campus Overview
    * Virtual Tour
    * Hamilius Building
    * Lentz Building
    * Barthel Building
    * Zinnen B...
---
Skip To Main Content

## Header Utility

Portals

Useful Links

Search

  * My School Portal (Staff & Parent Portal)(opens in new window/tab)

  * Why St George's?
  * Book a tour
  * How to Apply

Search

Clear

Search

  * About Us
    * Our Values
    * Meet the Governors
    * Meet Our SMT Team
    * Term Dates
    * Our History
    * Our Publications
    * Accreditations
  * Campus Overview
    * Virtual Tour
    * Hamilius Building
    * Lentz Building
    * Barthel Building
    * Zinnen B...
---
Skip To Main Content

## Header Utility

Portals

Useful Links

Search

  * My School Portal (Staff & Parent Portal)(opens in new window/tab)

  * Why St George's?
  * Book a tour
  * How to Apply

Search

Clear

Search

  * About Us
    * Our Values
    * Meet the Governors
    * Meet Our SMT Team
    * Term Dates
    * Our History
    * Our Publications
    * Accreditations
  * Campus Overview
    * Virtual Tour
    * Hamilius Building
    * Lentz Building
    * Barthel Building
    * Zinnen B..."
107,36,9,107_mediathek_veranstaltungen_vereinigung_girls,"mediathek, veranstaltungen, vereinigung, girls, women, cours, seminar, juni 2023, anmeldung, intermédiaire","Sich anmelden

  * 

De Fr

  * Senior*innen 
    *     * Mediathek 
    * Shop 
    * Über uns 
    * Kontakt 
    * Sich anmelden 
    * Senior*innen 
    * Ehrenamt 
    * Agenda 
    * Kaart60+
    * geroAKTIV Magazin 
    * Angewandte Forschung 
    * Nützliche Links 
##  Beantragen Sie Ihre Kaart60+

Ich stelle die Anfrage

  * Berufstätige 
    *     * Mediathek 
    * Shop 
    * Über uns 
    * Kontakt 
    * Sich anmelden 
    * Berufstätige 
    * Agenda 
    * Angewandte Forschung 
 ...
---
* De
  * Fr
  * En

#

  * CID
    * Aktuelles
    * Gendergerechte Sprache
      * Leitfaden für inklusive Sprache
    * Pressemitteilungen
    * Presse Artikel
    * TV / Radio
    * Stellungnahmen
    * Publikationen
    * expliCID
      * CID-Infos 1997-2014
    * Jahresbericht 2022
      * Jahresbericht 2021
      * Jahresbericht 2020
    * Veranstaltungskalender
      * Event Archiv
    * Aktiv werden / Newsletter
    * Organigramm
    * Kontakt
  * Bibliothek
    * Ausleihe, Beratung und ...
---
Sich anmelden

  * 

De Fr

  * Senior*innen 
    *     * Mediathek 
    * Shop 
    * Über uns 
    * Kontakt 
    * Sich anmelden 
    * Senior*innen 
    * Ehrenamt 
    * Agenda 
    * Kaart60+
    * geroAKTIV Magazin 
    * Angewandte Forschung 
    * Nützliche Links 
##  Beantragen Sie Ihre Kaart60+

Ich stelle die Anfrage

  * Berufstätige 
    *     * Mediathek 
    * Shop 
    * Über uns 
    * Kontakt 
    * Sich anmelden 
    * Berufstätige 
    * Agenda 
    * Angewandte Forschung 
 ..."
108,36,13,108_requis_passe_match_extensions,"requis, passe, match, extensions, champ, protégé, valide, cash, recaptcha, paix","* Enseignement
  * Presse
  * Mon espace
  * Nous contacter

Se connecter

Panier

Iles de Paix

  * Découvrir
  * S’informer
  * Soutenir
  * Agir

Faire un don Recherche Menu

Fermer

  * Découvrir
    * ADN
    * Activités
    * Impact
    * Équipes
    * Partenariats et alliances
    * Transparence et éthique
    * Actualités
  * Soutenir
    * Faire un don
    * Legs et testament
  * Enseignement
    * Ressources pédagogiques
    * Animations
    * Formations pour (futurs) enseignants
    *...
---
* Enseignement
  * Presse
  * Mon espace
  * Nous contacter

Se connecter

Panier

Iles de Paix

  * Découvrir
  * S’informer
  * Soutenir
  * Agir

Faire un don Recherche Menu

Fermer

  * Découvrir
    * ADN
    * Activités
    * Impact
    * Équipes
    * Partenariats et alliances
    * Transparence et éthique
    * Actualités
  * Soutenir
    * Faire un don
    * Legs et testament
  * Enseignement
    * Ressources pédagogiques
    * Animations
    * Formations pour (futurs) enseignants
    *...
---
* Enseignement
  * Presse
  * Mon espace
  * Nous contacter

Se connecter

Panier

Iles de Paix

  * Découvrir
  * S’informer
  * Soutenir
  * Agir

Faire un don Recherche Menu

Fermer

  * Découvrir
    * ADN
    * Activités
    * Impact
    * Équipes
    * Partenariats et alliances
    * Transparence et éthique
    * Actualités
  * Soutenir
    * Faire un don
    * Legs et testament
  * Enseignement
    * Ressources pédagogiques
    * Animations
    * Formations pour (futurs) enseignants
    *..."
109,36,13,109_booster_promos_accueil produits_marbrerie,"booster, promos, accueil produits, marbrerie, bijoux, déco, vendeur, blog contact, realisations, outdoor","* Accueil
  * Produits
    * Cheminées
    * Poêles de masse
    * Poêles
    * Barbecues & Outdoor
    * Conduits
    * Accessoires
    * Promos
  * Nos réalisations
  * Société
    * La société De Kameinbauer
    * De Kameinbauer Blog
  * Contact

  * Accueil
  * Produits
    * Cheminées
    * Poêles de masse
    * Poêles
    * Barbecues & Outdoor
    * Conduits
    * Accessoires
    * Promos
  * Nos réalisations
  * Société
    * La société De Kameinbauer
    * De Kameinbauer Blog
  * Contact...
---
* Accueil
  * Produits
    * Cheminées
    * Poêles de masse
    * Poêles
    * Barbecues & Outdoor
    * Conduits
    * Accessoires
    * Promos
  * Nos réalisations
  * Société
    * La société De Kameinbauer
    * De Kameinbauer Blog
  * Contact

  * Accueil
  * Produits
    * Cheminées
    * Poêles de masse
    * Poêles
    * Barbecues & Outdoor
    * Conduits
    * Accessoires
    * Promos
  * Nos réalisations
  * Société
    * La société De Kameinbauer
    * De Kameinbauer Blog
  * Contact...
---
* Accueil
  * Produits
    * Cheminées
    * Poêles de masse
    * Poêles
    * Barbecues & Outdoor
    * Conduits
    * Accessoires
    * Promos
  * Nos réalisations
  * Société
    * La société De Kameinbauer
    * De Kameinbauer Blog
  * Contact

  * Accueil
  * Produits
    * Cheminées
    * Poêles de masse
    * Poêles
    * Barbecues & Outdoor
    * Conduits
    * Accessoires
    * Promos
  * Nos réalisations
  * Société
    * La société De Kameinbauer
    * De Kameinbauer Blog
  * Contact..."
110,36,15,110_stellt_recruitment_intérim_talent,"stellt, recruitment, intérim, talent, envoyez, job, emploi, recrutement, candidates, tertiaire","* Firmen 
  * Über uns
  * Bewerber-Tracking-System (ATS) Neu
  * Kontakt
  * Deutsch 
    * English
    * Deutsch
    * Français

Job veröffentlichen

# AUSY

https://www.ausy.be/

  * Ist das Ihre Firma?

  * Startseite
  * Unternehmen durchsuchen
  * AUSY

###  Derzeit keine offene Position

Stellenangebote für AUSY in Luxemburg konnten nicht gefunden werden

  * Company Ort
##### AUSY  
Belgien

### Teilt es!

Interessant? Teilt es!

  *   *   * 

  
  
MNK Group SA  
Rue Maurice 3,  
1204 G...
---
* Firmen 
  * Über uns
  * Bewerber-Tracking-System (ATS) Neu
  * Kontakt
  * Deutsch 
    * English
    * Deutsch
    * Français

Job veröffentlichen

# Atos

atos.net

  * Ist das Ihre Firma?

  * Startseite
  * Unternehmen durchsuchen
  * Atos

###  Derzeit keine offene Position

Stellenangebote für Atos in Luxemburg konnten nicht gefunden werden

  * Company Ort
##### Atos  
Bezons,  
IDF,  
Frankreich

### Teilt es!

Interessant? Teilt es!

  *   *   * 

  
  
MNK Group SA  
Rue Maurice 3, ...
---
* Firmen 
  * Über uns
  * Bewerber-Tracking-System (ATS) Neu
  * Kontakt
  * Deutsch 
    * English
    * Deutsch
    * Français

Job veröffentlichen

# CGI

##

cgiar.org

  * Ist das Ihre Firma?

  * Startseite
  * Unternehmen durchsuchen
  * CGI

###  Derzeit keine offene Position

Stellenangebote für CGI in Luxemburg konnten nicht gefunden werden

  * Company Ort
##### CGI  
Montpellier,  
Frankreich

### Teilt es!

Interessant? Teilt es!

  *   *   * 

  
  
MNK Group SA  
Rue Maurice 3,  ..."
111,36,10,111_pullover_arm_sacs_kontaktlinsen,"pullover, arm, sacs, kontaktlinsen, jaune, outdoor, vorschau, shirts, collier, blusen","Menu

  * Damen 
    * Damen
      * Accessoires
        * Andere
        * Gürtel
        * Handschuhe
        * Handtaschen
        * Mützen
        * Poncho
        * Schals
      * Blazer
      * Blusen
        * Blusen kurz Arm
        * Blusen lang Arm
        * Blusen Top
      * Hosen
      * Hosen kurz
      * Jeans
      * Kleider
        * Overall
        * Robes
      * Mäntel
        * Jacken Outdoor
          * Ärmellose Weste
          * Jeansjacke
          * Vestes outdoor
     ...
---
Menu

  * Damen 
    * Damen
      * Accessoires
        * Andere
        * Gürtel
        * Handschuhe
        * Handtaschen
        * Mützen
        * Poncho
        * Schals
      * Blazer
      * Blusen
        * Blusen kurz Arm
        * Blusen lang Arm
        * Blusen Top
      * Hosen
      * Hosen kurz
      * Jeans
      * Kleider
        * Overall
        * Robes
      * Mäntel
        * Jacken Outdoor
          * Ärmellose Weste
          * Jeansjacke
          * Vestes outdoor
     ...
---
Menu

  * Damen 
    * Damen
      * Accessoires
        * Andere
        * Gürtel
        * Handschuhe
        * Handtaschen
        * Mützen
        * Poncho
        * Schals
      * Blazer
      * Blusen
        * Blusen kurz Arm
        * Blusen lang Arm
        * Blusen Top
      * Hosen
      * Hosen kurz
      * Jeans
      * Kleider
        * Overall
        * Robes
      * Mäntel
        * Jacken Outdoor
          * Ärmellose Weste
          * Jeansjacke
          * Vestes outdoor
     ..."
112,35,17,112_bank_08 30_30 17_17 30,"bank, 08 30, 30 17, 17 30, 00352, advisors, fax 00352, banking, regulation, financial","* ONLINE BANKINGlogin
  * ABOUT US
BPER Luxembourg

    *     * Offices LocationOffices Location
    * ManagementManagement
  * Annual ReportsAnnual Reports
  * Correspondent BanksCorrespondent Banks
  * Advisors
Advisors

    * Legal AdvisorsLegal Advisors
    * Tax AdvisorsTax Advisors
  * AuditorsAuditors
  * News Last events
  * Contact Contact us

#

News of BPER

  1. Home
  2. 

## Bilancio di sostenibilità

Dichiarazione consolidata di carattere non finanziario

Bilancio di Sostenibilita...
---
* ONLINE BANKINGlogin
  * ABOUT US
BPER Luxembourg

    *     * Offices LocationOffices Location
    * ManagementManagement
  * Annual ReportsAnnual Reports
  * Correspondent BanksCorrespondent Banks
  * Advisors
Advisors

    * Legal AdvisorsLegal Advisors
    * Tax AdvisorsTax Advisors
  * AuditorsAuditors
  * News Last events
  * Contact Contact us

#

News of BPER

  1. Home
  2. 

## Banca popolare dell'Emilia Romagna (Europe) international S.A. devienne
BPER Bank Luxembourg S.A.

Changemen...
---
* ONLINE BANKINGlogin
  * ABOUT US
BPER Luxembourg

    *     * Offices LocationOffices Location
    * ManagementManagement
  * Annual ReportsAnnual Reports
  * Correspondent BanksCorrespondent Banks
  * Advisors
Advisors

    * Legal AdvisorsLegal Advisors
    * Tax AdvisorsTax Advisors
  * AuditorsAuditors
  * News Last events
  * Contact Contact us

#

News of BPER

  1. Home
  2. 

## Banca popolare dell'Emilia Romagna (Europe) international S.A. devienne
BPER Bank Luxembourg S.A.

Changemen..."
113,35,13,113_alarme_regel_domotique_digitale,"alarme, regel, domotique, digitale, contrôle accès, secure, systèmes, installations, système, electro","* Alarme
    * Installation clé en main
    * Alarme Maison pour Particulier
    * Alarme Entreprise pour Professionnel
    * Alarme Filaire
    * Alarme Sans Fil
    * Maintenance
  * VideoSurveillance
  * Contrôle d’accès
  * Borne véhicule électrique

+352621171919

Devis

# All Services

HomeAll Services

  * Alarme
    * Installation clé en main
    * Alarme Maison pour Particulier
    * Alarme Entreprise pour Professionnel
    * Alarme Filaire
    * Alarme Sans Fil
    * Maintenance
  * Vi...
---
* Alarme
    * Installation clé en main
    * Alarme Maison pour Particulier
    * Alarme Entreprise pour Professionnel
    * Alarme Filaire
    * Alarme Sans Fil
    * Maintenance
  * VideoSurveillance
  * Contrôle d’accès
  * Borne véhicule électrique

+352621171919

Devis

# Alarme Filaire

HomeAlarme Filaire

  * Alarme
    * Installation clé en main
    * Alarme Maison pour Particulier
    * Alarme Entreprise pour Professionnel
    * Alarme Filaire
    * Alarme Sans Fil
    * Maintenance
  ...
---
* Alarme
    * Installation clé en main
    * Alarme Maison pour Particulier
    * Alarme Entreprise pour Professionnel
    * Alarme Filaire
    * Alarme Sans Fil
    * Maintenance
  * VideoSurveillance
  * Contrôle d’accès
  * Borne véhicule électrique

+352621171919

Devis

# Home

  * Alarme
    * Installation clé en main
    * Alarme Maison pour Particulier
    * Alarme Entreprise pour Professionnel
    * Alarme Filaire
    * Alarme Sans Fil
    * Maintenance
  * VideoSurveillance
  * Contrô..."
114,35,11,114_mobilier_download_wishlist_cms,"mobilier, download, wishlist, cms, 44, stages, élèves, bts, finition, classes","Navigation

  * La société
    * Historique
    * Secteurs d'activité
    * Notre philosophie
    * L'équipe
  * Nos produits
    * Mobilier de bureau
    * Mobilier didactique
      * Produits
      * Mobilier scolaire
    * Mobilier pour la Santé
    * Mobilier design
  * Fournisseurs
  * Références
  * Newsletter
  * Contact

  * La société
    * Historique
    * Secteurs d'activité
    * Notre philosophie
    * L'équipe
  * Nos produits
    * Mobilier de bureau
    * Mobilier didactique
    ...
---
Navigation

  * La société
    * Historique
    * Secteurs d'activité
    * Notre philosophie
    * L'équipe
  * Nos produits
    * Mobilier de bureau
    * Mobilier didactique
      * Produits
      * Mobilier scolaire
    * Mobilier pour la Santé
    * Mobilier design
  * Fournisseurs
  * Références
  * Newsletter
  * Contact

  * La société
    * Historique
    * Secteurs d'activité
    * Notre philosophie
    * L'équipe
  * Nos produits
    * Mobilier de bureau
    * Mobilier didactique
    ...
---
Navigation

  * La société
    * Historique
    * Secteurs d'activité
    * Notre philosophie
    * L'équipe
  * Nos produits
    * Mobilier de bureau
    * Mobilier didactique
      * Produits
      * Mobilier scolaire
    * Mobilier pour la Santé
    * Mobilier design
  * Fournisseurs
  * Références
  * Newsletter
  * Contact

  * La société
    * Historique
    * Secteurs d'activité
    * Notre philosophie
    * L'équipe
  * Nos produits
    * Mobilier de bureau
    * Mobilier didactique
    ..."
115,35,8,115_cannabis_cbd_chirurgie_médecine,"cannabis, cbd, chirurgie, médecine, asbl, tier, behandlung, huiles, culture, médicale","Suivez nos réseaux sociaux

  *   *   * 

  *   * 0

×

  * Accueil
    * Info CBD
    * À propos de nous
    * Contacts
    * Blog
  * Sleep & Relax
  * Bien-être
    * Huiles CBD / CBG / CBN
      * Huiles CBD O'Can
      * Huiles CBG O'Can
      * Huiles CBN O'Can
      * Huiles Essentielles - STRONG
      * Formules O'Can
      * Offres spéciales O'Can
    * Pommades anti douleurs
    * Crèmes Acné, Psoriasis et Eczéma
    * CBD Patches / Night Patches
    * Crèmes universelles
      * Crème...
---
Suivez nos réseaux sociaux

  *   *   * 

  *   * 0

×

  * Accueil
    * Info CBD
    * À propos de nous
    * Contacts
    * Blog
  * Sleep & Relax
  * Bien-être
    * Huiles CBD / CBG / CBN
      * Huiles CBD O'Can
      * Huiles CBG O'Can
      * Huiles CBN O'Can
      * Huiles Essentielles - STRONG
      * Formules O'Can
      * Offres spéciales O'Can
    * Pommades anti douleurs
    * Crèmes Acné, Psoriasis et Eczéma
    * CBD Patches / Night Patches
    * Crèmes universelles
      * Crème...
---
Suivez nos réseaux sociaux

  *   *   * 

  *   * 0

×

  * Accueil
    * Info CBD
    * À propos de nous
    * Contacts
    * Blog
  * Sleep & Relax
  * Bien-être
    * Huiles CBD / CBG / CBN
      * Huiles CBD O'Can
      * Huiles CBG O'Can
      * Huiles CBN O'Can
      * Huiles Essentielles - STRONG
      * Formules O'Can
      * Offres spéciales O'Can
    * Pommades anti douleurs
    * Crèmes Acné, Psoriasis et Eczéma
    * CBD Patches / Night Patches
    * Crèmes universelles
      * Crème..."
116,35,7,116_laser_game_window_bad,"laser, game, window, bad, streff, vins, veranstaltungen, vianden, heizung, juni","Aller au contenu

À partir de 7 ans et minimum 1.20mSur réservation uniquementPas de mélange de
groupes

Facebook page opens in new windowTwitter page opens in new windowInstagram
page opens in new windowYouTube page opens in new window

LASER GAME LUXEMBOURG

Laser Tag

  * ACCUEIL
  * LE JEU
    * LE CONCEPT
    * LES RÈGLES
    * LA PRATIQUE
    * LES ASTUCES
      * LES TYPES DE JOUEURS
      * LES TUTOS
  * NOS PRESTATIONS
    * ANNIV’ ENFANTS
    * ANNIV’ ADULTES
    * ENTREPRISES
    * FU...
---
Aller au contenu

Retour site principalCentre de EttelbruckRéservation Conseillée (+352) 26 813
482

  
lundi 15:06 -- Actuellement ouvert

Facebook page opens in new windowInstagram page opens in new window

LASER GAME ETTELBRUCK

Laser game c'est nous ! LASERTAG

  * ACCUEIL CENTRE
  * PRESTATIONS
    * PARTIES CLASSIQUES
    * ANNIV’ ENFANTS
    * ANNIV’ ADULTES
    * ENTREPRISES
    * FUTURS MARIÉS
    * STRUCTURES JEUNESSES
    * VIP
  * TARIFS
  * HORAIRES
  * CONTACTS
  * MEDIAS

Recherch...
---
Aller au contenu

Retour site principalCentre de HowaldRéservation conseillée(+352) 27 489 490

  
mercredi 20:51 -- Actuellement ouvert

Facebook page opens in new windowInstagram page opens in new window

LASER GAME HOWALD

Laser game c'est nous ! LASERTAG

  * ACCUEIL CENTRE
  * PRESTATIONS
    * PARTIES CLASSIQUES
    * ANNIV’ ENFANTS
    * ANNIV’ ADULTES
    * ENTREPRISES
    * FUTURS MARIÉS
    * STRUCTURES JEUNESSES
    * VIP
  * TARIFS
  * HORAIRES
  * CONTACTS
  * MEDIAS

Recherche :

 ..."
117,35,31,117_data_person_personal_personal data,"data, person, personal, personal data, processing, verarbeitung, données, internetseite, daten, privacy policy","﻿Skip to content

# Privacy & cookies

### Privacy and cookies

At ABHH, we take privacy and confidentiality matters very seriously. We have
prepared this website Privacy Policy (the ""Privacy Policy"") to clearly define
our ongoing commitment to protecting privacy rights and to explain how we
collect, use and disclose personal data when you interact with ABHH in the
context of our website www.abhh.lu.

This Privacy Policy is issued by ABH Holdings S.A. (hereinafter ""ABHH"", ""us""
or ""our""), a publi...
---
* AGENCY
  * WORK
  * CONTACT
  * CAREER
  * FR
  * 

Press enter to begin your search

## Privacy Policy

Shine a light is aware that the protection of personal data is at the heart of
your concerns. This personal data protection policy describes the types of
personal data of people we collect on the website www.shinealight.lu, how we
can use it, to whom we can communicate it and the choices available regarding
our use of data. This Data Protection Policy also describes the measures we
take to ...
---
* Produkte
  * Geschichte
  * Kontakt
  * Home
  * Jobs

  * Produkte
  * Geschichte
  * Kontakt
  * Home
  * Jobs

## Privacy Policy

As of: 06.06.2023

We are very delighted that you have shown interest in our enterprise. Data
protection is of a particularly high priority for the management of us. The
use of the Internet pages of us is possible without any indication of personal
data; however, if a data subject wants to use special enterprise services via
our website, processing of personal da..."
118,35,19,118_ut_ea_labore_elit sed,"ut, ea, labore, elit sed, dolore, tempor, commodo, nisi, magna, bonnevoie","* +352 54 26 54
  * Contact us
  * Find us
  * Like us
  * Follow us

  * HOME
  * ENTREPRISE
    * BONARIA FRÈRES
    * HISTORIQUE
    * VALEURS
    * CERTIFICATIONS
    * AFFILIATIONS
    * ENGAGEMENTS
  * Services
    * BÂTIMENT ET RÉNOVATION
    * TRAVAUX PUBLICS
    * SERVICE D'URGENCE
    * AMÉNAGEMENT EXTÉRIEUR
    * PARCS ET FORÊTS
  * Projets
  * News
  * Jobs
  * Contact

  * FR

Press enter to begin your search

2 décembre 2022

###  Journée Sécurité & Santé au Travail à l'IFSB le 2/1...
---
* +352 54 26 54
  * Contact us
  * Find us
  * Like us
  * Follow us

  * HOME
  * ENTREPRISE
    * BONARIA FRÈRES
    * HISTORIQUE
    * VALEURS
    * CERTIFICATIONS
    * AFFILIATIONS
    * ENGAGEMENTS
  * Services
    * BÂTIMENT ET RÉNOVATION
    * TRAVAUX PUBLICS
    * SERVICE D'URGENCE
    * AMÉNAGEMENT EXTÉRIEUR
    * PARCS ET FORÊTS
  * Projets
  * News
  * Jobs
  * Contact

  * FR

Press enter to begin your search

BÂTIMENT ET RÉNOVATION En savoir plus  Travaux Publics En savoir plus  En...
---
top of page

Book an Appointment

Monday-Friday

07:00 - 19:00

+352 489636

info@therapiezenter.lu

  * Home
    * About us
    * Our receptionists
    * Partners
  * Therapists
    * Physiotherapists
    * Speech Therapists
    * Osteopaths
    * Psychomotrician
  * Therapies
    * Physiotherapies
    * Speech Therapies
    * Psychomotor Therapies
    * Osteopathic Therapies
  * Contact
  * More

Use tab to navigate through the menu items.

# PATHOLOGIES WE TREAT

# Physiological Pathologies

..."
119,35,19,119_bière_javascript_options_brasserie,"bière, javascript, options, brasserie, diekirch, matériel, alcool, location, marques, vaisselle","Javascript est désactivé dans votre navigateur. Pour une meilleure expérience
sur notre site, assurez-vous d’activer JavaScript dans votre navigateur.

Basculer la navigation Location, décoration, mise en scène pour vos réceptions

  * Mobilier
    *       * Chaises 
      * Tables 
      * Chaises hautes, tabourets et bancs 
      * Bars, comptoirs et buffets 
      * Espace Lounge et canapés 
      * Expo, foires et salons 
      * Terrasse et jardin 
  * Nappage
    *       * Nappes et servie...
---
Javascript is not activated.  
You need Javascript to visit this site.

Javascript is not activated.  
You need Javascript to visit this site.

  * NOTRE BRASSERIE
  * MARQUES
  * MARQUES
  * CARRIÈRE
  *   * UN MONDE MEILLEUR
  * MÉDIA
  * CONTACT
    * FAQ

  * MARQUES
  * DIEKIRCH
  * LEFFE
  * HOEGAARDEN
  * CORONA EXTRA
  * TRIPLE KARMELIET
  * KWAK
  * JUPILER
  * BECK'S
  * FRANZISKANER
  * GOOSE
  * STELLA
  * BELLE-VUE
  * GINETTE
  * MOUSEL

  * MARQUES 
  * DIEKIRCH 
  * LEFFE 
  * HO...
---
Javascript is not activated.  
You need Javascript to visit this site.

Javascript is not activated.  
You need Javascript to visit this site.

  * NOTRE BRASSERIE
  * MARQUES
  * MARQUES
  * CARRIÈRE
  *   * UN MONDE MEILLEUR
  * MÉDIA
  * CONTACT
    * FAQ

  * MARQUES
  * DIEKIRCH
  * LEFFE
  * HOEGAARDEN
  * CORONA EXTRA
  * TRIPLE KARMELIET
  * KWAK
  * JUPILER
  * BECK'S
  * FRANZISKANER
  * GOOSE
  * STELLA
  * BELLE-VUE
  * GINETTE
  * MOUSEL

  * FAQ 
  * NOTRE BRASSERIE 
  * AB-INBEV 
..."
120,35,29,120_profile_andreas_49 69_dr,"profile, andreas, 49 69, dr, 49, thomas, 69, mazars, cgfp, assurances","* Home
  * About us
  * Team
  * Methodology
  * Services
  * Luxembourg
  * Contact

#  Services

We take a holistic approach to our clients, with an extensive range of
services to meet your wealth requirements and tailored to your needs

Your personal CFO will be your single point of contact for all your business
requirements

## Discretionary  
asset management

With a Discretionary Mandate you delegate investment decisions to Arena Wealth
Management. Discretionary mandates are comprehensive,...
---
About us  Expertise  Team  Newsroom  Career  Contact

# Hits the mark. Luther.

Luther stands for expertise and dedication. With enthusiasm for our profession
and the matter at hand, we work out precise answers to your questions. We
provide our clients with the best possible solution. Not too much and not too
little – our advice always hits the mark.

We think and advise from a business perspective. We are aware of the
importance of efficient resource management and the significance of planning
...
---
About us  Expertise  Team  Newsroom  Career  Contact

# Hits the mark. Luther.

Leading business law firm Luther was established in Luxembourg in 2010. The
firm’s multilingual professionals advise domestic and international clients
across numerous practice areas, particularly Corporate/M&A, Banking and
Finance, Dispute Resolution, Investment Management, Employment, and Real
Estate. Our clients, ranging from multinational corporations, investment
funds, financial institutions to private equity fi..."
121,34,16,121_coaching_coach_leadership_supervision,"coaching, coach, leadership, supervision, technische speicherung, speicherung, vie, speicherung zugriff, verwalten, coaches","top of page

Business coaching de dirigeant en developpement d'entreprise

  * Accueil
  * Approche
  * Solutions
    * Coaching dirigeant personnalisé
    * Coaching ActionBOOST
    * Coaching ProgressBOOST
    * Coaching SalesBOOST
  * A propos
  * Agenda
  * Blog
  * Contact
  * Plus

Use tab to navigate through the menu items.

  *   * 

Solutions: Bienvenue

# NOS SOLUTIONS  
BUSINESS COACHING

## Coaching - Action \- Performance

## SOLUTIONS

### Business coaching de dirigeants - managers...
---
* Accueil
  * Coaching
    * Coaching
    * Coaching en entreprise
    * Coaching de vie
    * Coaching familial
    * Questions sur le coaching
  * Et plus
    * Et plus
    * Supervision
    * Formation
    * Conseil RH
    * Sites partenaires à Coaching et plus
  * Vos coaches
    * Vos coaches
    * Références
    * Code de la FFC Pro
  * La démarche
    * La démarche
    * Où et comment se passe le coaching ?
    * Coaching par téléphone
    * Les tarifs
  * Contact

Sélectionner une page

...
---
* Accueil
  * Coaching
    * Coaching
    * Coaching en entreprise
    * Coaching de vie
    * Coaching familial
    * Questions sur le coaching
  * Et plus
    * Et plus
    * Supervision
    * Formation
    * Conseil RH
    * Sites partenaires à Coaching et plus
  * Vos coaches
    * Vos coaches
    * Références
    * Code de la FFC Pro
  * La démarche
    * La démarche
    * Où et comment se passe le coaching ?
    * Coaching par téléphone
    * Les tarifs
  * Contact

Sélectionner une page

..."
122,34,25,122_beaute_chaussures_concorde_optique,"beaute, chaussures, concorde, optique, lunettes, jardins, quantity, magasin, crémants, téléphone 352","* Accueil
  * Nos produits
    * Lunettes de vue
    * Lunettes de soleil
    * Lentilles de contact
    * Handmade by Moitzheim
    * Nos coups de coeur
    * Les exclusivités
  * Boutiques
    * Luxembourg-Ville
    * Luxembourg Cloche d’Or
    * Luxembourg Belair
    * Bertrange City Concorde
    * Differdange
  * Services et conseils
    * Nos Offres, services et garanties
    * Nos conseils
  * Actualités
    * Les news
    * OPTIQUE MOITZHEIM x MELODY FUNCK
  * Notre histoire
  * Achat en ...
---
* Accueil
  * Nos produits
    * Lunettes de vue
    * Lunettes de soleil
    * Lentilles de contact
    * Handmade by Moitzheim
    * Nos coups de coeur
    * Les exclusivités
  * Boutiques
    * Luxembourg-Ville
    * Luxembourg Cloche d’Or
    * Luxembourg Belair
    * Bertrange City Concorde
    * Differdange
  * Services et conseils
    * Nos Offres, services et garanties
    * Nos conseils
  * Actualités
    * Les news
    * OPTIQUE MOITZHEIM x MELODY FUNCK
  * Notre histoire
  * Achat en ...
---
* Accueil
  * Nos produits
    * Lunettes de vue
    * Lunettes de soleil
    * Lentilles de contact
    * Handmade by Moitzheim
    * Nos coups de coeur
    * Les exclusivités
  * Boutiques
    * Luxembourg-Ville
    * Luxembourg Cloche d’Or
    * Luxembourg Belair
    * Bertrange City Concorde
    * Differdange
  * Services et conseils
    * Nos Offres, services et garanties
    * Nos conseils
  * Actualités
    * Les news
    * OPTIQUE MOITZHEIM x MELODY FUNCK
  * Notre histoire
  * Achat en ..."
123,34,8,123_judo_sushi_zone_montant,"judo, sushi, zone, montant, club, pièces, roll, base, commande, resultater","Aller au contenu

  * +352 27 39 74 77
  * Nous trouver
  * info@ginkosushi.lu

  * Ginko
  * A propos
  * Commander
  * Atelier sushi
  * Contact
  * Mon compte

Menu

  * Ginko
  * A propos
  * Commander
  * Atelier sushi
  * Contact
  * Mon compte

0,00 € 0 Panier

Facebook Instagram

  * +352 27 39 74 77
  * Nous trouver

Facebook Instagram

  * Ginko
  * A propos
  * Commander
  * Atelier sushi
  * Contact
  * Mon compte

Menu

  * Ginko
  * A propos
  * Commander
  * Atelier sushi
  * Cont...
---
Aller au contenu

  * +352 27 39 74 77
  * Nous trouver
  * info@ginkosushi.lu

  * Ginko
  * A propos
  * Commander
  * Atelier sushi
  * Contact
  * Mon compte

Menu

  * Ginko
  * A propos
  * Commander
  * Atelier sushi
  * Contact
  * Mon compte

0,00 € 0 Panier

Facebook Instagram

  * +352 27 39 74 77
  * Nous trouver

Facebook Instagram

  * Ginko
  * A propos
  * Commander
  * Atelier sushi
  * Contact
  * Mon compte

Menu

  * Ginko
  * A propos
  * Commander
  * Atelier sushi
  * Cont...
---
Aller au contenu

  * +352 27 39 74 77
  * Nous trouver
  * info@ginkosushi.lu

  * Ginko
  * A propos
  * Commander
  * Atelier sushi
  * Contact
  * Mon compte

Menu

  * Ginko
  * A propos
  * Commander
  * Atelier sushi
  * Contact
  * Mon compte

0,00 € 0 Panier

Facebook Instagram

  * +352 27 39 74 77
  * Nous trouver

Facebook Instagram

  * Ginko
  * A propos
  * Commander
  * Atelier sushi
  * Contact
  * Mon compte

Menu

  * Ginko
  * A propos
  * Commander
  * Atelier sushi
  * Cont..."
124,34,15,124_apprentissage_school_schüler_academy,"apprentissage, school, schüler, academy, secondary, soutien, vitae, primary, workshops, health","OTR International School

Where we build our future

Contact Us

Rechercher :

  * Home
    * Our mission and our vision
    * Our History
    * Management team
    * Contact us
    * Job vacancies
  * Admissions
    * Fees Structure
    * School photo gallery
  * Preschool
    * Our preschool approach
    * PreSchool Program
    * A typical day
    * Afterschool Workshops Preschool Year 1
    * Afterschool Workshops Preschool Year 2 & 3
    * Afternoon daycare
  * Primary
    * Holistic Approac...
---
OTR International School

Where we build our future

Contact Us

Rechercher :

  * Home
    * Our mission and our vision
    * Our History
    * Management team
    * Contact us
    * Job vacancies
  * Admissions
    * Fees Structure
    * School photo gallery
  * Preschool
    * Our preschool approach
    * PreSchool Program
    * A typical day
    * Afterschool Workshops Preschool Year 1
    * Afterschool Workshops Preschool Year 2 & 3
    * Afternoon daycare
  * Primary
    * Holistic Approac...
---
OTR International School

Where we build our future

Contact Us

Rechercher :

  * Home
    * Our mission and our vision
    * Our History
    * Management team
    * Contact us
    * Job vacancies
  * Admissions
    * Fees Structure
    * School photo gallery
  * Preschool
    * Our preschool approach
    * PreSchool Program
    * A typical day
    * Afterschool Workshops Preschool Year 1
    * Afterschool Workshops Preschool Year 2 & 3
    * Afternoon daycare
  * Primary
    * Holistic Approac..."
125,34,15,125_hesper_boîtes_haff_produzenten,"hesper, boîtes, haff, produzenten, sacs, alimentaires, alimentaire, luxe, printing, obst","Zum Inhalt springen

Pompjeeën Hesper

  * Startsäit
  * Iwwert eis
  * Jugendpompjeeën
  * eis Kasär
  * Fuhrpark
    * Hesper HLF 2.1
    * Hesper LF 2.1
    * Hesper TMF 2.1
    * Hesper MZF 2.1.
    * Hesper DIW 1
    * Hesper DIW 2
    * Hesper KdoW
    * Hesper MTW
    * Hesper RTB
    * Hesper HLF 2.1 (2015-2019)
    * fréier Gefierer
  * Fotoe
  * Kontakt

Pompjeeën Hesper

  * Startsäit
  * Iwwert eis
  * Jugendpompjeeën
  * eis Kasär
  * Fuhrpark
    * Hesper HLF 2.1
    * Hesper LF 2....
---
Zum Inhalt springen

Pompjeeën Hesper

  * Startsäit
  * Iwwert eis
  * Jugendpompjeeën
  * eis Kasär
  * Fuhrpark
    * Hesper HLF 2.1
    * Hesper LF 2.1
    * Hesper TMF 2.1
    * Hesper MZF 2.1.
    * Hesper DIW 1
    * Hesper DIW 2
    * Hesper KdoW
    * Hesper MTW
    * Hesper RTB
    * Hesper HLF 2.1 (2015-2019)
    * fréier Gefierer
  * Fotoe
  * Kontakt

Pompjeeën Hesper

  * Startsäit
  * Iwwert eis
  * Jugendpompjeeën
  * eis Kasär
  * Fuhrpark
    * Hesper HLF 2.1
    * Hesper LF 2....
---
Zum Inhalt springen

Pompjeeën Hesper

  * Startsäit
  * Iwwert eis
  * Jugendpompjeeën
  * eis Kasär
  * Fuhrpark
    * Hesper HLF 2.1
    * Hesper LF 2.1
    * Hesper TMF 2.1
    * Hesper MZF 2.1.
    * Hesper DIW 1
    * Hesper DIW 2
    * Hesper KdoW
    * Hesper MTW
    * Hesper RTB
    * Hesper HLF 2.1 (2015-2019)
    * fréier Gefierer
  * Fotoe
  * Kontakt

Pompjeeën Hesper

  * Startsäit
  * Iwwert eis
  * Jugendpompjeeën
  * eis Kasär
  * Fuhrpark
    * Hesper HLF 2.1
    * Hesper LF 2...."
126,34,6,126_katalog_hersteller_agb datenschutz_konzeption,"katalog, hersteller, agb datenschutz, konzeption, 26 72, planung, agb, datenschutz impressum, medien, ansprechpartner","* Home
  * Unternehmen
    * Team
    * Partner & Hersteller
  * Projektentwicklung
    * Unsere Projekte
  * Portfolio
    * Betriebseinrichtungen
    * Büroeinrichtungen
    * Schulmöbel & Interaktive Medien
    * Objekteinrichtungen
    * Raummodule
    * Planung und Konzeption
  * Kontakt
    * Ansprechpartner
    * Katalog
    * AGB
    * Datenschutz
  * Impressum
  * Katalog
  *   *   * 

  * Home
  * Unternehmen
    * Team
    * Partner & Hersteller
  * Projektentwicklung
    * Unsere Pro...
---
* Home
  * Unternehmen
    * Team
    * Partner & Hersteller
  * Projektentwicklung
    * Unsere Projekte
  * Portfolio
    * Betriebseinrichtungen
    * Büroeinrichtungen
    * Schulmöbel & Interaktive Medien
    * Objekteinrichtungen
    * Raummodule
    * Planung und Konzeption
  * Kontakt
    * Ansprechpartner
    * Katalog
    * AGB
    * Datenschutz
  * Impressum
  * Katalog
  *   *   * 

  * Home
  * Unternehmen
    * Team
    * Partner & Hersteller
  * Projektentwicklung
    * Unsere Pro...
---
* Home
  * Unternehmen
    * Team
    * Partner & Hersteller
  * Projektentwicklung
    * Unsere Projekte
  * Portfolio
    * Betriebseinrichtungen
    * Büroeinrichtungen
    * Schulmöbel & Interaktive Medien
    * Objekteinrichtungen
    * Raummodule
    * Planung und Konzeption
  * Kontakt
    * Ansprechpartner
    * Katalog
    * AGB
    * Datenschutz
  * Impressum
  * Katalog
  *   *   * 

  * Home
  * Unternehmen
    * Team
    * Partner & Hersteller
  * Projektentwicklung
    * Unsere Pro..."
127,33,16,127_juin_2020_2021_mars,"juin, 2020, 2021, mars, covid, thill, covid 19, nouvelles, hoffmann, collections","Aller au contenu

Menu

  * Accueil
  * Galerie
    * 2023
    * 2022
    * 2021
    * 2020
    * 2019
    * 2018
    * 2017
    * 2016
    * 2015
    * 2014
    * 2013
    * 2012
    * 2011
    * 2010
    * 2009
    * 2008
    * Autrefois
  * Princes et princesses
    * Adultes
    * Enfants
    * Bébés
    * Familles
  * Gouvernement
  * Activités
  * Inscription cavalcade
  * Contact
  * Shop

##  Merci dem Groupe Arnold Kontz

##  2019

## Posts navigation

<- Ambiance Carnavalesque

Kannerb...
---
Aller au contenu

Menu

  * Accueil
  * Galerie
    * 2023
    * 2022
    * 2021
    * 2020
    * 2019
    * 2018
    * 2017
    * 2016
    * 2015
    * 2014
    * 2013
    * 2012
    * 2011
    * 2010
    * 2009
    * 2008
    * Autrefois
  * Princes et princesses
    * Adultes
    * Enfants
    * Bébés
    * Familles
  * Gouvernement
  * Activités
  * Inscription cavalcade
  * Contact
  * Shop

##  INFORMATIONS UTILES

##  2019

## Posts navigation

<- Reservatioun Busnavette fir op d’Kapesëtz...
---
Aller au contenu

Menu

  * Accueil
  * Galerie
    * 2023
    * 2022
    * 2021
    * 2020
    * 2019
    * 2018
    * 2017
    * 2016
    * 2015
    * 2014
    * 2013
    * 2012
    * 2011
    * 2010
    * 2009
    * 2008
    * Autrefois
  * Princes et princesses
    * Adultes
    * Enfants
    * Bébés
    * Familles
  * Gouvernement
  * Activités
  * Inscription cavalcade
  * Contact
  * Shop

##  10 Joer KaGePe (2008 – 2018) an de Roland Breyer get Senator

##  2018

## Posts navigation

<- ..."
128,33,2,128_privilège_fahrzeuge_fahrzeuge anzeigen_anzeige,"privilège, fahrzeuge, fahrzeuge anzeigen, anzeige, anzeigen, benzin, 000, mwst ausweisbar, ausweisbar, 000km","Login in Luxauto.lu

Zugang zu Luxauto.lu

  * Anzeigen des Tages
  * nach Marke
  * nach Autohändler
  * Ausführliche Suche
  * Strom / Hybrid 
  * Recherche par véhicule
    * Pkw
    * Motorräder
    * Nutzfahrzeuge
    * Felgen und Reifen
    * Andere Fahrzeuge
  * Recherche par catégorie
    * Pkw
      * 2/3-Türer
      * 4/5-Türer
      * Cabrios
      * Kombis
      * Geländefahrzeug / SUV
    * Motorräder
      * Sportbike
      * Roadster / Touring
      * Custom / Chopper
  * Nach Anz...
---
Login in Luxauto.lu

Zugang zu Luxauto.lu

  * Anzeigen des Tages
  * nach Marke
  * nach Autohändler
  * Ausführliche Suche
  * Strom / Hybrid 
  * Recherche par véhicule
    * Pkw
    * Motorräder
    * Nutzfahrzeuge
    * Felgen und Reifen
    * Andere Fahrzeuge
  * Recherche par catégorie
    * Pkw
      * 2/3-Türer
      * 4/5-Türer
      * Cabrios
      * Kombis
      * Geländefahrzeug / SUV
    * Motorräder
      * Sportbike
      * Roadster / Touring
      * Custom / Chopper
  * Nach Anz...
---
Login in Luxauto.lu

Zugang zu Luxauto.lu

  * Anzeigen des Tages
  * nach Marke
  * nach Autohändler
  * Ausführliche Suche
  * Strom / Hybrid 
  * Recherche par véhicule
    * Pkw
    * Motorräder
    * Nutzfahrzeuge
    * Felgen und Reifen
    * Andere Fahrzeuge
  * Recherche par catégorie
    * Pkw
      * 2/3-Türer
      * 4/5-Türer
      * Cabrios
      * Kombis
      * Geländefahrzeug / SUV
    * Motorräder
      * Sportbike
      * Roadster / Touring
      * Custom / Chopper
  * Nach Anz..."
129,33,10,129_courses_professeur_language_window tab,"courses, professeur, language, window tab, luxembourgish, learning, school, complètement, window, students","* Luxembourg: +352 28 79 27 69 · info@liren.lu
  * Belgium: +32 (0)2 646 27 69 · info@liren.be

  * ENGLISH
FRANÇAIS ENGLISH

### MY PERSONAL SPACE

  * HOME(current)
  * ABOUT 
Our business Language Courses Communication Courses Linguistic audit
Philosophy Trainers Evaluations Pedagogy

  * LANGUAGE COURSES 
Individual Group By phone Immersion courses Virtual class E-learning & blended
learning Course leaflets

  * THEMATIC COURSES
  * BUSINESS COMMUNICATION 
Business written communication Busi...
---
* Homepage
  * Courses
    * Summer Intensive Courses
    * Luxembourgish Language Courses
    * Conversation Courses
    * Spelling courses
    * Nationality courses  
Article 28 of the Law of 8 march 2017

  * About us
    * Board
    * Activities
    * Become a Member
  * Informations
    * CEFR Levels
    * Links
    * Nationality Article 28 of the Law 8 mars 2017
    * Frequently Asked Questions
  * Contact

  * fr
  * en

  * Eng Bréck fir eis Sprooch 
MOIEN asbl

Lëtzebuergeschcoursen  
C...
---
+352 2684 5065

e-learning

  * EN
    * FR
    * LU

  * EN
    * FR
    * LU

  * Trainings
  * Tutoring
  * News
  * About
    * Our guarantee
    * Our clients comments
    * Our business partners
    * Jobs
  * Contact

# Home

MastercraftLanguage Solutions for your Business

  * Trainings
  * Tutoring
  * News
  * About
    * Our guarantee
    * Our clients comments
    * Our business partners
    * Jobs
  * Contact

  * for your Business 
Contact Mastercraft

Language Solutions

  * tailo..."
130,33,12,130_scouten_soirée_scouts_scout,"scouten, soirée, scouts, scout, chalet, fnel, explorer, branchen, calendrier, fotoen","Search this site

Skip to main content

Skip to navigation

CBDM Scouten a Guiden

  * Home
    * Calendrier des activités
      * Calendrier des Beavers
      * Calendrier des Explorers
      * Calendrier des Louveteaux & Beavers
      * Calendrier des Scouts/Guides
    * News
      * soiree-cbdm-2017
      * Soirée CBDM 2015
      * Soirée des Anciens 2017
    * Soirée CBDM 2020
    * Soirée CBDM 2019 Photos
    * Soirée CBDM 2020 Photos
    * Soirée CBDM 2022
    * Soirée CBDM 2022 Photos
   ...
---
Search this site

Skip to main content

Skip to navigation

CBDM Scouten a Guiden

  * Home
    * Calendrier des activités
      * Calendrier des Beavers
      * Calendrier des Explorers
      * Calendrier des Louveteaux & Beavers
      * Calendrier des Scouts/Guides
    * News
      * soiree-cbdm-2017
      * Soirée CBDM 2015
      * Soirée des Anciens 2017
    * Soirée CBDM 2020
    * Soirée CBDM 2019 Photos
    * Soirée CBDM 2020 Photos
    * Soirée CBDM 2022
    * Soirée CBDM 2022 Photos
   ...
---
Search this site

Skip to main content

Skip to navigation

CBDM Scouten a Guiden

  * Home
    * Calendrier des activités
      * Calendrier des Beavers
      * Calendrier des Explorers
      * Calendrier des Louveteaux & Beavers
      * Calendrier des Scouts/Guides
    * News
      * soiree-cbdm-2017
      * Soirée CBDM 2015
      * Soirée des Anciens 2017
    * Soirée CBDM 2020
    * Soirée CBDM 2019 Photos
    * Soirée CBDM 2020 Photos
    * Soirée CBDM 2022
    * Soirée CBDM 2022 Photos
   ..."
131,33,20,131_hair_spa_peinture_clinique,"hair, spa, peinture, clinique, couleurs, institut, peintures, thème, revêtements sol, traitements","Aller au contenu

## REISERBANN

Peinture & Décoration S.àr.l.

  * Accueil
  * L'entreprise
    * Présentation
  * Nos prestations
    * Intérieur
    * Peinture
    * Revêtements de sol
    * Fresques murales
    * Protections murales
    * Extérieur
    * Facades
    * Rideaux et Décoration
    * Atelier tapisserie
    * Atelier couture
  * Demande de devis
  * Informations
    * Où nous trouver
    * Contact
    * Impressum
    * Protection de la vie privée

Menu

  * Accueil
  * L'entrepris...
---
* fr
  * en
  * de

SITE PROFESSIONNEL

Rechercher

Fermer

Aucun article dans le panier.

0,00€ Panier

  * Nos couleurs
    * Par couleur
    * Par thème
  * Inspirations
    * La collection
    * Ornements
    * Tapisseries
    * Revêtements de sol
  * Conseil
    * Consultation Peinture
    * Calculatrice de peinture
    * Conseils et astuces
  * Notre artisanat
    * Notre approche
    * Notre entreprise
    * Notre peinture
    * Nos finitions
    * Nos marques
  * Notre Boutique

Menu

  ...
---
* fr
  * en
  * de

SITE PROFESSIONNEL

Rechercher

Fermer

Aucun article dans le panier.

0,00€ Panier

  * Nos couleurs
    * Par couleur
    * Par thème
  * Inspirations
    * La collection
    * Ornements
    * Tapisseries
    * Revêtements de sol
  * Conseil
    * Consultation Peinture
    * Calculatrice de peinture
    * Conseils et astuces
  * Notre artisanat
    * Notre approche
    * Notre entreprise
    * Notre peinture
    * Nos finitions
    * Nos marques
  * Notre Boutique

Menu

  ..."
132,33,16,132_ostéopathie_kinésithérapie_rééducation_traitements,"ostéopathie, kinésithérapie, rééducation, traitements, therapie, équipe contact, cabinet, behandlungen, chirurgie, 360","Skip to content

  * Accueil
  * Traitements 
    * Ostéopathie pédiatrique
    * Ostéopathie
    * Kinésithérapie
  * Infos pratiques
  * Rendez-Vous
  * L’équipe
  * Contact
  * Liens
  * A propos

# Liens

#### Nos partenaires

#### Nos références

###### Nous contacter

Cabinet de kinésithérapie et ostéopathie  
152 Rue de Soleuvre  
L-4487 Belvaux

TEL: 59 64 06  
FAX: 59 64 06 64  
EMAIL: info@kinebelval.lu

###### Horaires d'ouverture

Lundi-Vendredi : 08h -20h

Samedi uniquement sur RDV
...
---
Skip to content

  * Accueil
  * Traitements 
    * Ostéopathie pédiatrique
    * Ostéopathie
    * Kinésithérapie
  * Infos pratiques
  * Rendez-Vous
  * L’équipe
  * Contact
  * Liens
  * A propos

# Taping

KINE BELVAL

### Taping

###  Kinésiotaping

###  Taping classique

###### Nous contacter

Cabinet de kinésithérapie et ostéopathie  
152 Rue de Soleuvre  
L-4487 Belvaux

TEL: 59 64 06  
FAX: 59 64 06 64  
EMAIL: info@kinebelval.lu

###### Horaires d'ouverture

Lundi-Vendredi : 08h -20h

...
---
* Accueil
  * À propos
  * Ostéopathie
  * Contact
  * … 
    * Accueil
    * À propos
    * Ostéopathie
    * Contact

  * Accueil
  * À propos
  * Ostéopathie
  * Contact
  * … 
    * Accueil
    * À propos
    * Ostéopathie
    * Contact

  * #  
#  

# Ostéopathie

## Qu'est-ce que c'est ?

###

  * ## Qu'est-ce que l'ostéopathie?
####

L'ostéopathie est une approche diagnostique et thérapeutique manuelle basée
sur la qualité de mobilité articulaire et tissulaire, dont le traitement est
excl..."
133,32,22,133_nettoyage_vitres_surfaces_entretien,"nettoyage, vitres, surfaces, entretien, clean, particuliers, professionnels, haute pression, lavage, espaces","Bienvenue

Présentation

Nos Services

Contactez-Nous

# best clean services sàrl

## Nettoyage & Désinfections de Bâtiments

Une structure efficace, un personnel flexible et compétent ont permis à Best
Clean Services de se spécialiser dans le domaine de nettoyage et d’entretien
de bâtiments.

Vous êtes une entreprise, un particulier, société de gérance, administration
Best Clean Services est à votre service pour répondre à vos attentes avec une
équipe de professionnels.

Une demande, une questi...
---
(+352) 28 48 00 55 contact@nettoyageservices.lu

  * Facebook

  * Facebook

  * Accueil
  * Particuliers
  * Professionnels
  * Contact

Sélectionner une page

# Nettoyages Services

## Service aux particuliers

Contactez-nous

### Services de nettoyage destinés aux particuliers

Nettoyage des habitations

Nettoyage des vitres

Nettoyage des sols

Repassage à domicile

Nettoyage de façades

Nettoyage haute pression

Jardins et extérieurs

Déneigement

#### NETTOYAGE DES HABITATIONS

Une maison ...
---
(+352) 28 48 00 55 contact@nettoyageservices.lu

  * Facebook

  * Facebook

  * Accueil
  * Particuliers
  * Professionnels
  * Contact

Sélectionner une page

# Nettoyages Services

## Service aux professionnels

Contactez-nous

### Services de nettoyage destinés aux professionnels.

Nettoyage de bureaux

Nettoyage des vitres

Copropriétés & Syndics

Haute pression

Nettoyage de façades

Nettoyage fin de chantier

Recyclage des déchets

Jardins et extérieurs

Déneigement

Nettoyage des sols

#..."
134,32,12,134_sauna_chaudière_piscine_gaz,"sauna, chaudière, piscine, gaz, collection, marbrerie, pare, museum, pierres, stone","Skip to content

+352 37 85 59 info@crs.lu

  * Présentation
  * Chaudières
    * Chaudière murale à gaz
    * Chaudière à gaz avec boiler intégré
    * Chaudière à gaz au sol
    * Chaudière à mazout
    * Pompe à chaleur air/eau split
  * Energie solaire
  * Chauffage
    * Radiateurs
    * Chauffage au sol
    * Sèche-serviettes
  * Carrelage
  * Rénovation
  * Infos & devis
  * Contact

Menu Fermer

  * Présentation
  * Chaudières
    * Chaudière murale à gaz
    * Chaudière à gaz avec boile...
---
Skip to content

+352 37 85 59 info@crs.lu

  * Présentation
  * Chaudières
    * Chaudière murale à gaz
    * Chaudière à gaz avec boiler intégré
    * Chaudière à gaz au sol
    * Chaudière à mazout
    * Pompe à chaleur air/eau split
  * Energie solaire
  * Chauffage
    * Radiateurs
    * Chauffage au sol
    * Sèche-serviettes
  * Carrelage
  * Rénovation
  * Infos & devis
  * Contact

Menu Fermer

  * Présentation
  * Chaudières
    * Chaudière murale à gaz
    * Chaudière à gaz avec boile...
---
Skip to content

+352 37 85 59 info@crs.lu

  * Présentation
  * Chaudières
    * Chaudière murale à gaz
    * Chaudière à gaz avec boiler intégré
    * Chaudière à gaz au sol
    * Chaudière à mazout
    * Pompe à chaleur air/eau split
  * Energie solaire
  * Chauffage
    * Radiateurs
    * Chauffage au sol
    * Sèche-serviettes
  * Carrelage
  * Rénovation
  * Infos & devis
  * Contact

Menu Fermer

  * Présentation
  * Chaudières
    * Chaudière murale à gaz
    * Chaudière à gaz avec boile..."
135,31,9,135_tab navigate_navigate menu_menu items_tab,"tab navigate, navigate menu, menu items, tab, items, navigate, motor, ausstellung, brouch, federation","top of page

# C.H.N asbl

  *   * 

## (membre de la Federation Luxembourgeoise de Sports Equestres - FLSE)

  * Home
  * Le comité
  * Licences
  * Concours
  * Contact
  * Météo Lux
  * Mehr

Use tab to navigate through the menu items.

Interclub

bottom of page
---
top of page

  * HOME
  * Club
    * Comité FCB
    * Comité JK
    * Infos, Formular, Downloads, ...
  * Partner
  * Jugend
  * Seniors
    * Seniors 1
    * Seniors Reserve
    * Härenequipe
  * Shop
  * Fotos / Videos
    * Camp VfB Stuttgart 2022
  * Mehr

Use tab to navigate through the menu items.

  *   *   * 

Affilie a la Federation Luxembourgeoise de Football depuis 1960

​

Adresse Courrier :

FC Brouch

1, rue de Buschdorf

L-8710 Boevange-Attert  
​

Adress Terrain

Stade Feidt Frer...
---
top of page

  *   * 

  * Accueil
  * Sport
    * CrossLifting
    * Haltérophilie
  * Notre club
  * Calendrier
  * Gallerie
  * Contactez-nous
  * Partenaires
  * Plus

Use tab to navigate through the menu items.

(C) 2020 Luxembourg Warriors

bottom of page"
136,31,11,136_hifi_cinema_film_voir produits,"hifi, cinema, film, voir produits, films, letzshop, audio, disponible, produits, production","Skip to content

1 Place de Paris L-2314 Luxembourg | 00352 49 13 60 | info@audiophile.lu
  * Home / Actualités
  * Cinema
### Haut-Parleurs

voir Produits

### Electroniques

voir Produits

### Images

voir Produits

### Accessoires

voir Produits

Toutes les categories

  * Hifi
### Vinyle

voir Produits

### Electroniques

voir Produits

### Haut Parleurs

voir Produits

### Casques et portables

voir Produits

### Accessoires

voir Produits

Toutes les categories

  * Integration
  * A Propo...
---
Skip to content

1 Place de Paris L-2314 Luxembourg | 00352 49 13 60 | info@audiophile.lu
  * Home
  * Cinema
### Haut-Parleurs

voir Produits

### Electroniques

voir Produits

### Images

voir Produits

### Accessoires

voir Produits

Toutes les categories

  * Hifi
### Vinyle

voir Produits

### Electroniques

voir Produits

### Haut Parleurs

voir Produits

### Casques et portables

voir Produits

### Accessoires

voir Produits

Toutes les categories

  * Integration

  * Actualités
  * A Pr...
---
Skip to content

1 Place de Paris L-2314 Luxembourg | 00352 49 13 60 | info@audiophile.lu
  * Home
  * Cinema
### Haut-Parleurs

voir Produits

### Electroniques

voir Produits

### Images

voir Produits

### Accessoires

voir Produits

Toutes les categories

  * Hifi
### Vinyle

voir Produits

### Electroniques

voir Produits

### Haut Parleurs

voir Produits

### Casques et portables

voir Produits

### Accessoires

voir Produits

Toutes les categories

  * Integration

  * Actualités
  * A Pr..."
137,31,7,137_büros_neo_sammlung_aid,"büros, neo, sammlung, aid, green, contern, campus, standort, csr, produkte","Zum Inhalt wechseln

  *   *   * 

  *   *   * 

  * News
  * Folge uns

Linkedin Facebook

  * Verfügbare Büros
    * Verfügbare Büros
    * Coworking
    * Alouette
    * Bouvreuil
    * Colibri
    * Damier
    * Epervier
  * Dienstleistungen
    * Leben und essen
    * Unsere buros
    * Unser ökologisches Engagement
  * Standort & Zugang
  * CSR
  * CO2 Neutral
  * In Bezug auf

Menü

  * Verfügbare Büros
    * Verfügbare Büros
    * Coworking
    * Alouette
    * Bouvreuil
    * Colibri
  ...
---
Zum Inhalt wechseln

  *   *   * 

  *   *   * 

  * News
  * Folge uns

Linkedin Facebook

  * Verfügbare Büros
    * Verfügbare Büros
    * Coworking
    * Alouette
    * Bouvreuil
    * Colibri
    * Damier
    * Epervier
  * Dienstleistungen
    * Leben und essen
    * Unsere buros
    * Unser ökologisches Engagement
  * Standort & Zugang
  * CSR
  * CO2 Neutral
  * In Bezug auf

Menü

  * Verfügbare Büros
    * Verfügbare Büros
    * Coworking
    * Alouette
    * Bouvreuil
    * Colibri
  ...
---
Zum Inhalt wechseln

  *   *   * 

  *   *   * 

  * News
  * Folge uns

Linkedin Facebook

  * Verfügbare Büros
    * Verfügbare Büros
    * Coworking
    * Alouette
    * Bouvreuil
    * Colibri
    * Damier
    * Epervier
  * Dienstleistungen
    * Leben und essen
    * Unsere buros
    * Unser ökologisches Engagement
  * Standort & Zugang
  * CSR
  * CO2 Neutral
  * In Bezug auf

Menü

  * Verfügbare Büros
    * Verfügbare Büros
    * Coworking
    * Alouette
    * Bouvreuil
    * Colibri
  ..."
138,31,4,138_made4you_impression_klein_textilien,"made4you, impression, klein, textilien, blue, abonnieren unseren, posts, unseren newsletter, produkt, sonstige","* Deutsch
    * Français (Französisch)

  * Home
  * UNSERE LEISTUNGEN
    * Grafikstudio
    * Druckproduktion
    * Textilien & Veredelung
    * Werbetechnik
    * Werbegeschenke
    * Webdesign & Hosting
    * Pokale & Vereinsbedarf
    * Personalisierte Geschenke
    * Made4you Copyshop
    * Betriebsausstattung & Gastronomiebedarf
    * Event & Messebau
  * UNSERE SHOPS & WEBSEITEN
    * Maklerschilder Shop
    * Personalisierte Geschenke SHOP
    * Parfum & Raumduft SHOP
    * Auto Pflege ...
---
* Deutsch
    * Français (Französisch)

  * Home
  * UNSERE LEISTUNGEN
    * Grafikstudio
    * Druckproduktion
    * Textilien & Veredelung
    * Werbetechnik
    * Werbegeschenke
    * Webdesign & Hosting
    * Pokale & Vereinsbedarf
    * Personalisierte Geschenke
    * Made4you Copyshop
    * Betriebsausstattung & Gastronomiebedarf
    * Event & Messebau
  * UNSERE SHOPS & WEBSEITEN
    * Maklerschilder Shop
    * Personalisierte Geschenke SHOP
    * Parfum & Raumduft SHOP
    * Auto Pflege ...
---
* Deutsch
    * Français (Französisch)

  * Home
  * UNSERE LEISTUNGEN
    * Grafikstudio
    * Druckproduktion
    * Textilien & Veredelung
    * Werbetechnik
    * Werbegeschenke
    * Webdesign & Hosting
    * Pokale & Vereinsbedarf
    * Personalisierte Geschenke
    * Made4you Copyshop
    * Betriebsausstattung & Gastronomiebedarf
    * Event & Messebau
  * UNSERE SHOPS & WEBSEITEN
    * Maklerschilder Shop
    * Personalisierte Geschenke SHOP
    * Parfum & Raumduft SHOP
    * Auto Pflege ..."
139,31,29,139_daten_personenbezogenen daten_personenbezogenen_datenverarbeitung,"daten, personenbezogenen daten, personenbezogenen, datenverarbeitung, verarbeitung, einwilligung, verarbeitung personenbezogenen, dsgvo, abs, verlangen","DE | FR
# Datenschutzerklärung

## 1\. Datenschutz auf einen Blick

### Allgemeine Hinweise

Die folgenden Hinweise geben einen einfachen Überblick darüber, was mit Ihren
personenbezogenen Daten passiert, wenn Sie diese Website besuchen.
Personenbezogene Daten sind alle Daten, mit denen Sie persönlich identifiziert
werden können. Ausführliche Informationen zum Thema Datenschutz entnehmen Sie
unserer unter diesem Text aufgeführten Datenschutzerklärung.

### Datenerfassung auf dieser Webseite

Wer...
---
DE | FR
# Datenschutzerklärung

## 1\. Datenschutz auf einen Blick

### Allgemeine Hinweise

Die folgenden Hinweise geben einen einfachen Überblick darüber, was mit Ihren
personenbezogenen Daten passiert, wenn Sie diese Website besuchen.
Personenbezogene Daten sind alle Daten, mit denen Sie persönlich identifiziert
werden können. Ausführliche Informationen zum Thema Datenschutz entnehmen Sie
unserer unter diesem Text aufgeführten Datenschutzerklärung.

### Datenerfassung auf dieser Webseite

Wer...
---
* Kanzlei
  * Leistungen
  * Kontakt

Menü

  * Kanzlei
  * Leistungen
  * Kontakt

  * Kanzlei
  * Leistungen
  * Kontakt

Menü

  * Kanzlei
  * Leistungen
  * Kontakt

# Datenschutzerklärung

## 1\. Datenschutz auf einen Blick

### Allgemeine Hinweise

Die folgenden Hinweise geben einen einfachen Überblick darüber, was mit Ihren
personenbezogenen Daten passiert, wenn Sie diese Website besuchen.
Personenbezogene Daten sind alle Daten, mit denen Sie persönlich identifiziert
werden können. Ausfüh..."
140,31,10,140_vélos_vélo_camping_révision,"vélos, vélo, camping, révision, promotions, gast, atelier, composants, réparation, 18h30","* * * *
  * Vélos 
  * Pour le cycliste 
  * Pour le vélo 
  * Atelier 
  * Compétences & services 
  * Promotions 

  *   *     * Notre gamme
      * Vélos de course
      * Vélos urbains
      * VTT - Trekking
      * Vélos enfants
      * Vélos électriques
      * E-mobility
    * Nos marques
    * Nos équipements
      * Casques
      * Vêtements
      * Chaussures
      * Lunettes
      * Diététique
      * Sécurité
    * Nos marques
    * Accessoires
      * Porte-vélos
      * Porte-bébés...
---
* * * *
  * Vélos 
  * Pour le cycliste 
  * Pour le vélo 
  * Atelier 
  * Compétences & services 
  * Promotions 

  *   *     * Notre gamme
      * Vélos de course
      * Vélos urbains
      * VTT - Trekking
      * Vélos enfants
      * Vélos électriques
      * E-mobility
    * Nos marques
    * Nos équipements
      * Casques
      * Vêtements
      * Chaussures
      * Lunettes
      * Diététique
      * Sécurité
    * Nos marques
    * Accessoires
      * Porte-vélos
      * Porte-bébés...
---
* * * *
  * Vélos 
  * Pour le cycliste 
  * Pour le vélo 
  * Atelier 
  * Compétences & services 
  * Promotions 

  *   *     * Notre gamme
      * Vélos de course
      * Vélos urbains
      * VTT - Trekking
      * Vélos enfants
      * Vélos électriques
      * E-mobility
    * Nos marques
    * Nos équipements
      * Casques
      * Vêtements
      * Chaussures
      * Lunettes
      * Diététique
      * Sécurité
    * Nos marques
    * Accessoires
      * Porte-vélos
      * Porte-bébés..."
141,31,12,141_ajouter_roll_végétarien_sashimi,"ajouter, roll, végétarien, sashimi, heure, entrée, soupe, maki, potage, confirmer","* Accueil
  * À La Carte
À La Carte

  * Réservation
  * Mon Compte

0

fr

  * Fr
  * En

fr

Retour

# --  Futomaki  --

❮ ❯

  * à Emporter 
-
Choisissez votre heure

1 1

L'information principale a été modifiée !  
La date et l'heure peuvent être réinitialisées !  

Confirmer

  * Filtrer : 
▼

Végétarien

▼

Épicé

▼

Autre

  * \- Servis par 8 pièces
  * <-Panier

  * Soupe 
  * Entrée 
  * Salade 
  * Poké bowl 
  * Plat chinois 
  * Plat thaïlandais 
  * Riz sauté 
  * Nouilles sautées 
...
---
* Accueil
  * À La Carte
À La Carte

  * Mon Compte

0

fr

fr

Retour

# --  Chirashi  --

❮ ❯

  * à Emporter 
-
Choisissez votre heure

1 1

L'information principale a été modifiée !  
La date et l'heure peuvent être réinitialisées !  

Confirmer

  * Filtrer : 
▼

Végétarien

▼

Épicé

▼

Autre

  * \- Servis par 16 tranches
  * <-Panier

  * Plateau 
  * Temaki 
  * Sushi 
  * Maki 
  * California 
  * Printemps roll 
  * Soja roll 
  * Saumon roll 
  * Sakura 
  * Deux couleur 
  * Spécial...
---
* Accueil
  * À La Carte
À La Carte

  * Réservation
  * Mon Compte

0

fr

  * Fr
  * En

fr

Retour

# --  Temaki  --

❮ ❯

  * à Emporter 
-
Choisissez votre heure

1 1

L'information principale a été modifiée !  
La date et l'heure peuvent être réinitialisées !  

Confirmer

  * Filtrer : 
▼

Végétarien

▼

Épicé

▼

Autre

  * \- Servis par pièce
  * <-Panier

  * Soupe 
  * Menu de Saint Valentin 
  * Plateau 
  * Entrée 
  * Volaille 
  * Viande 
  * Fruits de mer 
  * Végétarien 
  * Riz..."
142,31,11,142_jeux_dames hommes_english français_praktische,"jeux, dames hommes, english français, praktische, spa, dames, voir, wellness, hommes, praktische informationen","The store will not work correctly in the case when cookies are disabled.

JavaScript seems to be disabled in your browser. For the best experience on
our site, be sure to turn on Javascript in your browser.

Toggle Nav

  * Suche
  * Reservieren
  * Warenkorb 

Suche

Suche

Language

Deutsch

  * English 
  * Français 

  * FITNESS & WOHLBEFINDEN
    * FITNESS & WOHLBEFINDEN
    * Wellness und Thermalbad
      * Wellness und Thermalbad
      * Zugangspreise
      * Gruppenkurse and Aufgüsse
   ...
---
The store will not work correctly in the case when cookies are disabled.

JavaScript seems to be disabled in your browser. For the best experience on
our site, be sure to turn on Javascript in your browser.

Toggle Nav

  * Suche
  * Reservieren
  * Warenkorb 

Suche

Suche

Language

Deutsch

  * English 
  * Français 

  * FITNESS & WOHLBEFINDEN
    * FITNESS & WOHLBEFINDEN
    * Wellness und Thermalbad
      * Wellness und Thermalbad
      * Zugangspreise
      * Gruppenkurse and Aufgüsse
   ...
---
The store will not work correctly in the case when cookies are disabled.

JavaScript seems to be disabled in your browser. For the best experience on
our site, be sure to turn on Javascript in your browser.

Toggle Nav

  * Suche
  * Reservieren
  * Warenkorb 

Suche

Suche

Language

Deutsch

  * English 
  * Français 

  * FITNESS & WOHLBEFINDEN
    * FITNESS & WOHLBEFINDEN
    * Wellness und Thermalbad
      * Wellness und Thermalbad
      * Zugangspreise
      * Gruppenkurse and Aufgüsse
   ..."
143,30,6,143_hautcharage_000_furnished_chambres,"hautcharage, 000, furnished, chambres, 000 000, m2, appartements, column, 00 m2, surface","* Accueil
  * Ventes
    * Toutes les ventes
    * Maisons
    * Appartements
    * Bureaux
    * Commerce
    * Entrepôt
    * Restauration/Hotellerie
    * Terrains
  * Locations
    * Toutes les locations
    * Maisons
    * Appartements
    * Bureaux
    * Commerce
    * Entrepôt
    * Restauration/Hotellerie
  * Neufs
    * Toutes les biens neufs
    * Maisons
    * Appartements
    * Bureaux
    * Résidences
    * Terrains
    * Lotissements
  * Etranger
  * À propos
  * Visites virtuelles...
---
* Accueil
  * Ventes
    * Toutes les ventes
    * Maisons
    * Appartements
    * Bureaux
    * Commerce
    * Entrepôt
    * Restauration/Hotellerie
    * Terrains
  * Locations
    * Toutes les locations
    * Maisons
    * Appartements
    * Bureaux
    * Commerce
    * Entrepôt
    * Restauration/Hotellerie
  * Neufs
    * Toutes les biens neufs
    * Maisons
    * Appartements
    * Bureaux
    * Résidences
    * Terrains
    * Lotissements
  * Etranger
  * À propos
  * Visites virtuelles...
---
* Accueil
  * Ventes
    * Toutes les ventes
    * Maisons
    * Appartements
    * Bureaux
    * Commerce
    * Entrepôt
    * Restauration/Hotellerie
    * Terrains
  * Locations
    * Toutes les locations
    * Maisons
    * Appartements
    * Bureaux
    * Commerce
    * Entrepôt
    * Restauration/Hotellerie
  * Neufs
    * Toutes les biens neufs
    * Maisons
    * Appartements
    * Bureaux
    * Résidences
    * Terrains
    * Lotissements
  * Etranger
  * À propos
  * Visites virtuelles..."
144,30,11,144_fairtrade_projet pédagogique_crèche_steffen,"fairtrade, projet pédagogique, crèche, steffen, pédagogique, foyers, foyer jour, conseils, lëtzebuerg, producteurs","Faites un Don

Aller au contenu

  * Actualités
  * À propos de nous
    * Qui sommes-nous ?
    * L'équipe
    * Historique
  * Activités
    * Sensibilisation
      * Fairtrade Gemeng
      * Nos campagnes
      * Nos actions
      * Nos outils
    * Éducation
      * Fairtrade School
      * Nos workshops
      * Nos outils pédagogiques
    * Développment du marché
      * Nos preneurs de licence
      * Notre accompagnement
      * Productfinder
  * Mouvement Fairtrade
    * Le label Fairtra...
---
Faites un Don

Aller au contenu

  * Actualités
  * À propos de nous
    * Qui sommes-nous ?
    * L'équipe
    * Historique
  * Activités
    * Sensibilisation
      * Fairtrade Gemeng
      * Nos campagnes
      * Nos actions
      * Nos outils
    * Éducation
      * Fairtrade School
      * Nos workshops
      * Nos outils pédagogiques
    * Développment du marché
      * Nos preneurs de licence
      * Notre accompagnement
      * Productfinder
  * Mouvement Fairtrade
    * Le label Fairtra...
---
Faites un Don

Aller au contenu

  * Actualités
  * À propos de nous
    * Qui sommes-nous ?
    * L'équipe
    * Historique
  * Activités
    * Sensibilisation
      * Fairtrade Gemeng
      * Nos campagnes
      * Nos actions
      * Nos outils
    * Éducation
      * Fairtrade School
      * Nos workshops
      * Nos outils pédagogiques
    * Développment du marché
      * Nos preneurs de licence
      * Notre accompagnement
      * Productfinder
  * Mouvement Fairtrade
    * Le label Fairtra..."
145,30,8,145_zeréck_hiver_fc_seniors,"zeréck, hiver, fc, seniors, bio, printemps, u15, walferdange, u13, pupilles","#  FC Atert Bissen

Umellen

  * Home 
  * 75 Anniversaire 
  * Kalenner 
  * Club 
    * Zeréck
    * Historique 
    * Installations 
    * Comité 
    * Planification 
  * Seniors 
    * Zeréck
    * Trainer Staff 
    * 1\. Equipe 
    * 2\. Equipe 
    * Veteranen 
  * Dames 
    * Zeréck
    * Trainer-Staff 
    * Dames 1 
    * Jeunes Filles 
  * Jugend 
    * Zeréck
    * Comité Jeunes 
    * Trainer-Staff 
    * Juniors U19 
    * Cadets U17 
    * Scolaires U15 
    * Minimes U13 
    ...
---
#  FC Atert Bissen

Umellen

  * Home 
  * 75 Anniversaire 
  * Kalenner 
  * Club 
    * Zeréck
    * Historique 
    * Installations 
    * Comité 
    * Planification 
  * Seniors 
    * Zeréck
    * Trainer Staff 
    * 1\. Equipe 
    * 2\. Equipe 
    * Veteranen 
  * Dames 
    * Zeréck
    * Trainer-Staff 
    * Dames 1 
    * Jeunes Filles 
  * Jugend 
    * Zeréck
    * Comité Jeunes 
    * Trainer-Staff 
    * Juniors U19 
    * Cadets U17 
    * Scolaires U15 
    * Minimes U13 
    ...
---
#  Etoile Sportive Schouweiler

Umellen

  * Home 
  * Club 
    * Zeréck
    * Comité 
    * Geschicht 
  * Kalenner 
  * Senior I 
    * Zeréck
    * Resultater & Tabell 
    * Equippenfoto 
    * Goalkeeper 
    * Verteidegung 
    * Mettelfeld 
    * Stuurm 
    * Trainerstaff 
  * Seniors Reserve 
    * Zeréck
    * Resultater & Tabell 
    * Equippenfoto 
    * Trainerstaff 
  * Jugend 
    * Zeréck
    * U13 Minimes 
    * U15 Scolaires 
    * U17 Cadets 
    * U19 Juniors 
  * Sponsoren ..."
146,30,8,146_hotel_zimmer_moulin_vieux,"hotel, zimmer, moulin, vieux, hotel restaurant, repos, inhalte, esch sûre, restaurant, sûre","### Navigation

Hotel Au Vieux Moulin Au Vieux Moulin

DE

DE  EN  FR  NL

+352 72 00 68

Buchen

Home

### Main Menu

  * Home
  * Restaurant
  * Zimmer
  * Arrangements
  * Gutschein
  * Müllerthal
  * Jobs

Toggle navigation

  * EcoLabel Gold
  * Attraktionen
  * Kontakt
  * Über Uns
  * Galerie
  * Praktische Informationen

Return to Content

Hotel Au Vieux Moulin Au Vieux Moulin

# Zimmer

Die Zimmer des Au Vieux Moulin befinden sich in zwei charmanten Gebäuden, dem
Bâtiment Principal und ...
---
### Navigation

Hotel Au Vieux Moulin Au Vieux Moulin

DE

DE  EN  FR  NL

+352 72 00 68

Buchen

Home

### Main Menu

  * Home
  * Restaurant
  * Zimmer
  * Arrangements
  * Gutschein
  * Müllerthal
  * Jobs

Toggle navigation

  * EcoLabel Gold
  * Attraktionen
  * Kontakt
  * Über Uns
  * Galerie
  * Praktische Informationen

Return to Content

Hotel Au Vieux Moulin Au Vieux Moulin

# Rooms 2

# Rooms 2

### Duplex Familienzimmer

Mehr erfahren

### Duplex Zimmer

Mehr erfahren

### Modernes ...
---
### Navigation

# Hotel Au Vieux Moulin

Au Vieux Moulin

DE

DE  EN  FR  NL

+352 72 00 68

Buchen

Home

### Main Menu

  * Home
  * Restaurant
  * Zimmer
  * Arrangements
  * Gutschein
  * Müllerthal
  * Jobs

Toggle navigation

  * EcoLabel Gold
  * Attraktionen
  * Kontakt
  * Über Uns
  * Galerie
  * Praktische Informationen

Return to Content

# Hotel Au Vieux Moulin

Au Vieux Moulin

Das Restaurant ist am Sonntag, 18. Juni, geschlossen.

  1.   2.   3.   4. 

# WILLKOMMEN IM AU VIEUX MOU..."
147,30,9,147_tour_tours_furnished_bike,"tour, tours, furnished, bike, mtb, tickets, hours, city, reise, touring","top of page

  * HOME
  * TOURS
  * BLOG
  * GALLERY
  * More

Use tab to navigate through the menu items.

# DISCOVER OUR GUIDED BIKE TOURS IN LUXEMBOURG

Discover the beauty of Luxembourg's stunning landscapes on a guided mountain
bike tour with Biketours.lu.

Our experienced guides will take you on a thrilling adventure through some of
the most breathtaking natural wonders in the country, including the majestic
Red Rocks and the enchanting Mullerthal.

​

Our tours are perfect for those looki...
---
*   *   * 

  * Startseite
  * Touren
    * “Luxemburg im 2. Weltkrieg”
    * ""Auf den Spuren Ihres Veteranen""
    * Museums-, Gedenkstätten- und Schützenloch-Tour
    * 3 Länder an 1 Tag
    * Westwalltour
    * ""Hürtgenwald""-Tour
    * Luxemburgs Unterwelten
    * Schlösser & die Ardennenoffensive in Luxemburg
    * Luxemburg abseits der großen Touristenbusse
  * VERFÜGBARKEIT
  * F&A
  * Kontakt
  * Gästemeinungen

  * Home
  * Touren

Lassen Sie sich von unseren Tourenvorschlägen inspirieren...
---
Filter results

{{ activeFilterCount }}

  * Clear
  * Search

Search

Search

List view  Map view

  *   *   * 

Filter results

{{ activeFilterCount }}

  * Clear
  * Search

Search

Search for Trips

Order By

Order By

Trip Location

Trip Location

Available today

Available today

Trip Languages

Select Languages

Category

Category

Search

List view  Map view

17 results

  *   *   * +5

#### Luxembourg City Food Tour

#### From 79.00 €

  * 3 hours 
  * 0 
  * max. 28 participants 

Buy ..."
148,30,14,148_actu_levage_engins_air,"actu, levage, engins, air, roulants, dommeldange, juillet, septembre, ponts, euro","Close

Skip to content

  * (+352) 26 55 07 07 
  * info@euro-services.lu

  * Accueil
  * Présentation
  * Nos produits de levage
    * Ponts roulants
    * Les palans
    * Les portiques
    * Les radiocommandes
    * Potences
    * Lignes d’alimentations
  * Nos services
  * Nos réalisations
  * Contact

Menu Fermer

  * Accueil
  * Présentation
  * Nos produits de levage
    * Ponts roulants
    * Les palans
    * Les portiques
    * Les radiocommandes
    * Potences
    * Lignes d’alimentat...
---
Close

Skip to content

  * (+352) 26 55 07 07 
  * info@euro-services.lu

  * Accueil
  * Présentation
  * Nos produits de levage
    * Ponts roulants
    * Les palans
    * Les portiques
    * Les radiocommandes
    * Potences
    * Lignes d’alimentations
  * Nos services
  * Nos réalisations
  * Contact

Menu Fermer

  * Accueil
  * Présentation
  * Nos produits de levage
    * Ponts roulants
    * Les palans
    * Les portiques
    * Les radiocommandes
    * Potences
    * Lignes d’alimentat...
---
Close

Skip to content

  * (+352) 26 55 07 07 
  * info@euro-services.lu

  * Accueil
  * Présentation
  * Nos produits de levage
    * Ponts roulants
    * Les palans
    * Les portiques
    * Les radiocommandes
    * Potences
    * Lignes d’alimentations
  * Nos services
  * Nos réalisations
  * Contact

Menu Fermer

  * Accueil
  * Présentation
  * Nos produits de levage
    * Ponts roulants
    * Les palans
    * Les portiques
    * Les radiocommandes
    * Potences
    * Lignes d’alimentat..."
149,30,1,149_emile weber_emile_weber_voyages emile,"emile weber, emile, weber, voyages emile, ruffbus, reisen, voyages, deutschde, mobilität, gruppen","Voyages Emile Weber

  * Mobilität
    * Mobilität
    * Buslinien
      * AVL
      * RGTR
      * CFL
      * Schulbus
      * Nightlifebus
      * Hop on Hop off
    * Mobilität
      * Busanmietung
      * Minibus und Transporter-Vermietung
      * Taxi
      * Ruffbus
      * Eventbus
      * Adapto
      * empoweringMobility
    * Flotte
      * Prestige Class - Bus
      * First Class - Bus
      * Standard Class - Bus
      * Minibus und Transporter
      * Barrierefreies Reisen
      * ...
---
Voyages Emile Weber

  * Mobilität
    * Mobilität
    * Buslinien
      * AVL
      * RGTR
      * CFL
      * Schulbus
      * Nightlifebus
      * Hop on Hop off
    * Mobilität
      * Busanmietung
      * Minibus und Transporter-Vermietung
      * Taxi
      * Ruffbus
      * Eventbus
      * Adapto
      * empoweringMobility
    * Flotte
      * Prestige Class - Bus
      * First Class - Bus
      * Standard Class - Bus
      * Minibus und Transporter
      * Barrierefreies Reisen
      * ...
---
Voyages Emile Weber

  * Mobilität
    * Mobilität
    * Buslinien
      * AVL
      * RGTR
      * CFL
      * Schulbus
      * Nightlifebus
      * Hop on Hop off
    * Mobilität
      * Busanmietung
      * Minibus und Transporter-Vermietung
      * Taxi
      * Ruffbus
      * Eventbus
      * Adapto
      * empoweringMobility
    * Flotte
      * Prestige Class - Bus
      * First Class - Bus
      * Standard Class - Bus
      * Minibus und Transporter
      * Barrierefreies Reisen
      * ..."
150,30,16,150_chicken_255_indian_lamb,"chicken, 255, indian, lamb, sauce, color, add, curry, agneau, poulet","* Home
  * Menu with Photos
    * Starter
    * Biryani
    * Veg Legumes
    * Lamb Agneau
    * Indian Bread/Pains Indien
    * Chicken/Poulet
    * Fish Poissons
    * Grills/Grillades
    * Mirch/Masala
    * Combo
  * Book a Table
  * Menu
  * Gallery
  * Contact Us
  * +35 226897511

1

  * × Lamb Vindaloo  1 × €17.95

Subtotal: €17.95

View cartCheckout

CALL NOW

  * Home
  * Menu with Photos
    * Starter
    * Biryani
    * Veg Legumes
    * Lamb Agneau
    * Indian Bread/Pains Indien
...
---
* Home
  * Menu with Photos
    * Starter
    * Biryani
    * Veg Legumes
    * Lamb Agneau
    * Indian Bread/Pains Indien
    * Chicken/Poulet
    * Fish Poissons
    * Grills/Grillades
    * Mirch/Masala
    * Combo
  * Book a Table
  * Menu
  * Gallery
  * Contact Us
  * +35 226897511

No products in the cart.

CALL NOW

  * Home
  * Menu with Photos
    * Starter
    * Biryani
    * Veg Legumes
    * Lamb Agneau
    * Indian Bread/Pains Indien
    * Chicken/Poulet
    * Fish Poissons
    * ...
---
* Home
  * Menu with Photos
    * Starter
    * Biryani
    * Veg Legumes
    * Lamb Agneau
    * Indian Bread/Pains Indien
    * Chicken/Poulet
    * Fish Poissons
    * Grills/Grillades
    * Mirch/Masala
    * Combo
  * Book a Table
  * Menu
  * Gallery
  * Contact Us
  * +35 226897511

No products in the cart.

CALL NOW

  * Home
  * Menu with Photos
    * Starter
    * Biryani
    * Veg Legumes
    * Lamb Agneau
    * Indian Bread/Pains Indien
    * Chicken/Poulet
    * Fish Poissons
    * ..."
151,30,11,151_liège_lkw_arbeitsbühnen_brochure,"liège, lkw, arbeitsbühnen, brochure, cbd, lorem ipsum, lorem, ipsum, stores, latin","Toggle navigation

  * Accueil
  * Boutique
    * ARTICLES EN LIEGE
      * SACS EN LIÈGE
      * SAC CABAS EN JONC NATUREL
      * MAROQUINERIE DAME EN LIEGE
      * FASHION MEN EN LIÈGE
      * CEINTURES EN LIÈGE
      * CHAPEAUX EN LIÈGE
      * ACCESSOIRES EN LIÈGE
      * ARTICLES DE BUREAU EN LIÈGE
      * ORIGINALITÉS EN LIÈGE
    * CHAUSSURES VEGAN
      * CHAUSSURES EN LIÈGE
    * BIJOUX
      * COLLECTION BIJOUX OR VEGETAL
      * COLLIERS EN LIÈGE
      * BRACELETS EN LIÈGE
      * BA...
---
Toggle navigation

  * Accueil
  * Boutique
    * ARTICLES EN LIEGE
      * SACS EN LIÈGE
      * SAC CABAS EN JONC NATUREL
      * MAROQUINERIE DAME EN LIEGE
      * FASHION MEN EN LIÈGE
      * CEINTURES EN LIÈGE
      * CHAPEAUX EN LIÈGE
      * ACCESSOIRES EN LIÈGE
      * ARTICLES DE BUREAU EN LIÈGE
      * ORIGINALITÉS EN LIÈGE
    * CHAUSSURES VEGAN
      * CHAUSSURES EN LIÈGE
    * BIJOUX
      * COLLECTION BIJOUX OR VEGETAL
      * COLLIERS EN LIÈGE
      * BRACELETS EN LIÈGE
      * BA...
---
Toggle navigation

  * Accueil
  * Boutique
    * ARTICLES EN LIEGE
      * SACS EN LIÈGE
      * SAC CABAS EN JONC NATUREL
      * MAROQUINERIE DAME EN LIEGE
      * FASHION MEN EN LIÈGE
      * CEINTURES EN LIÈGE
      * CHAPEAUX EN LIÈGE
      * ACCESSOIRES EN LIÈGE
      * ARTICLES DE BUREAU EN LIÈGE
      * ORIGINALITÉS EN LIÈGE
    * CHAUSSURES VEGAN
      * CHAUSSURES EN LIÈGE
    * BIJOUX
      * COLLECTION BIJOUX OR VEGETAL
      * COLLIERS EN LIÈGE
      * BRACELETS EN LIÈGE
      * BA..."
152,30,1,152_zusätze_kauartikel_dog_leckerli,"zusätze, kauartikel, dog, leckerli, versandkostenfrei, wolfsblut, länder, endpreis, 00 endpreis, versandkostenfrei länder","* Onlineshop
    * Barfgold / Barf Carnes Doggi
      * Rind
      * Pferd
      * Geflügel
      * Lamm und Ziege
      * Wild, Ente, Kaninchen
      * Fisch
      * Gemüse
      * Menü's
    * Glacen vun Cold & Dog
    * Trockenbarf Balf
    * Öle und Zusätze
      * DHN Öle
      * DHN Kolloidalsilber
      * DHN Zusätze
      * Pahema Zusätze/Parasitenabwehr
      * Lunderland Zusätze, Seealgenmehl,Flocken, Öle
      * BARFGOLD Zusätze
      * Danuwa Zusätze
      * Paul & Paulina Knochenbrü...
---
* Onlineshop
    * Barfgold / Barf Carnes Doggi
      * Rind
      * Pferd
      * Geflügel
      * Lamm und Ziege
      * Wild, Ente, Kaninchen
      * Fisch
      * Gemüse
      * Menü's
    * Glacen vun Cold & Dog
    * Trockenbarf Balf
    * Öle und Zusätze
      * DHN Öle
      * DHN Kolloidalsilber
      * DHN Zusätze
      * Pahema Zusätze/Parasitenabwehr
      * Lunderland Zusätze, Seealgenmehl,Flocken, Öle
      * BARFGOLD Zusätze
      * Danuwa Zusätze
      * Paul & Paulina Knochenbrü...
---
* Onlineshop
    * Barfgold / Barf Carnes Doggi
      * Rind
      * Pferd
      * Geflügel
      * Lamm und Ziege
      * Wild, Ente, Kaninchen
      * Fisch
      * Gemüse
      * Menü's
    * Glacen vun Cold & Dog
    * Trockenbarf Balf
    * Öle und Zusätze
      * DHN Öle
      * DHN Kolloidalsilber
      * DHN Zusätze
      * Pahema Zusätze/Parasitenabwehr
      * Lunderland Zusätze, Seealgenmehl,Flocken, Öle
      * BARFGOLD Zusätze
      * Danuwa Zusätze
      * Paul & Paulina Knochenbrü..."
153,30,1,153_bmw_autoscout24_voiture occasion_ordre,"bmw, autoscout24, voiture occasion, ordre, voiture, véhicules, audi, recherche, occasion, cars","Passer au contenu principal

Pour cause de maintenance, AutoScout24 est accessible de manière limitée. Cela
concerne quelques fonctions, comme par exemple la prise de contact avec les
vendeurs, la connexion à votre compte ou la gestion de vos véhicules en vente.

Menu

  * Rechercher 
Voitures neuves et d’occasion Motos Camping-cars et Caravanes Camions

  * Vendre 
Voiture d’occasion gratuit

  * Connexion 
  * Mon AutoScout24  Se connecter
Mes annonces préférées Mes recherches sauvegardées Mes...
---
Passer au contenu principal

Pour cause de maintenance, AutoScout24 est accessible de manière limitée. Cela
concerne quelques fonctions, comme par exemple la prise de contact avec les
vendeurs, la connexion à votre compte ou la gestion de vos véhicules en vente.

Menu

  * Rechercher 
Voitures neuves et d’occasion Motos Camping-cars et Caravanes Camions

  * Vendre 
Voiture d’occasion gratuit

  * Connexion 
  * Mon AutoScout24  Se connecter
Mes annonces préférées Mes recherches sauvegardées Mes...
---
Passer au contenu principal

Pour cause de maintenance, AutoScout24 est accessible de manière limitée. Cela
concerne quelques fonctions, comme par exemple la prise de contact avec les
vendeurs, la connexion à votre compte ou la gestion de vos véhicules en vente.

Menu

  * Rechercher 
Voitures neuves et d’occasion Motos Camping-cars et Caravanes Camions

  * Vendre 
Voiture d’occasion gratuit

  * Connexion 
  * Mon AutoScout24  Se connecter
Mes annonces préférées Mes recherches sauvegardées Mes..."
154,29,25,154_signaler abus_abus_signaler_menu fermer,"signaler abus, abus, signaler, menu fermer, fermer accueil, editus, fermer, hotmail, propos, closed","Menu

Fermer

Accueil

Boutique

À propos

Nous contacter

50 11 46michellenyang@qq.com

© 2021 Nom de votre entreprise

Signaler un abus
---
The store is closed for maintenance

Menu

Fermer

Accueil

Shop

À propos

Nous contacter

99 74 74chenglehui666@gmail.com

© 2021 Editus SA

Signaler un abus
---
Menu

Fermer

Accueil

Shop

A propos de nous

Contactez-nous

691 956 253changthairestaurant2017@gmail.com

© 2021 Editus SA

Signaler un abus"
155,29,12,155_lalux_assurance_assurances_civile,"lalux, assurance, assurances, civile, rc, responsabilité, protect, professionnelle, habitation, 352 54","Aller au contenu

  * Accueil
  * ParticuliersDécouvrez nos assurances pour particuliers
    * easyPROTECT
    * Assurance Automobile
    * Assurance Habitation
    * Assurances de construction
    * Santé et Loisirs
    * Épargne et Prévoyance
  * Professionnels
    * easyPROTECT Pro
    * APROBAT
    * lalux-Staff Protect
  * Devis
    * Demande de devis pour une assurance auto
    * Demande de devis pour une assurance habitation
    * Demande de devis Assurance – Vie
  * Immobilière Ferreira
...
---
Aller au contenu

  * Accueil
  * ParticuliersDécouvrez nos assurances pour particuliers
    * easyPROTECT
    * Assurance Automobile
    * Assurance Habitation
    * Assurances de construction
    * Santé et Loisirs
    * Épargne et Prévoyance
  * Professionnels
    * easyPROTECT Pro
    * APROBAT
    * lalux-Staff Protect
  * Devis
    * Demande de devis pour une assurance auto
    * Demande de devis pour une assurance habitation
    * Demande de devis Assurance – Vie
  * Immobilière Ferreira
...
---
* Accueil
  * easyPROTECT
    * easyProtect Habitation
      * Demande de devis d'assurance…
    * easyProtect Assurance Auto
      * Demande de devis d’assurance auto
  * easyPROTECT PRO
  * Santé DKV
  * APROBAT
  * Vie
    * lalux-Life
    * lalux-Pension
    * lalux-Safe Future
  * A notre propos
    * Contact
    * Confidentialité
    * Référencement internet
    * Nous trouver

# Steve CIMOLINO

## Agence Principale

# easyProtect PRO

easyPROTECT PRO est la solution idéale pour votre acti..."
156,29,16,156_terre_bâtiment_risque_énergie,"terre, bâtiment, risque, énergie, air, chaleur, cigl, passer contenu, installations, mise","Passer au contenu

Rechercher:

  * Accueil
  * A propos
    * Notre histoire
    * Notre équipe
    * Nos bureaux
    * Nos outils
    * Glossaire
  * Nos activités
  * Projets
    * Alimentaire
    * Centrales d'Énergie
    * Commerce
    * Datacenter & Télécommunications
    * Éducation
    * Immeuble administratif
    * Industrie
    * Logement
    * Maison de soins
    * Projets particuliers
    * Public
    * Rénovation et mise en conformité
  * Actualités
  * Jobs
  * Contact
  * 

# Jobs...
---
Passer au contenu

Rechercher:

  * Accueil
  * A propos
    * Notre histoire
    * Notre équipe
    * Nos bureaux
    * Nos outils
    * Glossaire
  * Nos activités
  * Projets
    * Alimentaire
    * Centrales d'Énergie
    * Commerce
    * Datacenter & Télécommunications
    * Éducation
    * Immeuble administratif
    * Industrie
    * Logement
    * Maison de soins
    * Projets particuliers
    * Public
    * Rénovation et mise en conformité
  * Actualités
  * Jobs
  * Contact
  * 

Loadin...
---
Passer au contenu

Rechercher:

  * ACCUEIL
  * SERVICES
    * PARATONNERRE
    * MISE A LA TERRE
    * ETUDE DE RISQUE
  * REALISATIONS
  * A PROPOS
    * ARTICLES
    * HISTOIRE
    * ATOUTS
    * DIRECTION
  * JOBS
  * CONTACT
  * MAGASIN
    * PROMO DU MOIS
    * MISE A LA TERRE

Votre spécialiste contre la foudre

Accueiladmin2020-07-22T18:23:52+02:00

## Vous avez un projet ? Contactez notre bureau d'étude.

DEMANDE D'INFORMATION

## GRENSON & FILS LUX

## Spécialiste de la protection cont..."
157,29,9,157_00 16_détection_00 13_08 00,"00 16, détection, 00 13, 08 00, sécurité, 13 00, incendie, 16 00, solutions, 00 12","Skip to main content

  * Connexion ou première inscription
  * Panier [0]
  * Contactez-nous
  * 

  * Produits
  * Solutions 
  * Support 
  * Ingénierie
  * Entreprise
  * Menu

Fermer

* * *

  * Outils sans fil
  * Outils électriques
  * Logiciel
  * Gestion de la poussière et nettoyage
  * Consommables pour outillage
  * Clouage
  * Outils de mesure et systèmes de détection
  * Méthodes de fixation
  * Coupe-feu et protection contre l'incendie
  * Systèmes de supportage
  * Systèmes de mon...
---
Skip to main content

  * Connexion ou première inscription
  * Panier [0]
  * Contactez-nous
  * 

  * Produits
  * Solutions 
  * Support 
  * Ingénierie
  * Entreprise
  * Menu

Fermer

* * *

  * Outils sans fil
  * Outils électriques
  * Logiciel
  * Gestion de la poussière et nettoyage
  * Consommables pour outillage
  * Clouage
  * Outils de mesure et systèmes de détection
  * Méthodes de fixation
  * Coupe-feu et protection contre l'incendie
  * Systèmes de supportage
  * Systèmes de mon...
---
Skip to main content

  * Connexion ou première inscription
  * Panier [0]
  * Contactez-nous
  * 

  * Produits
  * Solutions 
  * Support 
  * Ingénierie
  * Entreprise
  * Menu

Fermer

* * *

  * Outils sans fil
  * Outils électriques
  * Logiciel
  * Gestion de la poussière et nettoyage
  * Consommables pour outillage
  * Clouage
  * Outils de mesure et systèmes de détection
  * Méthodes de fixation
  * Coupe-feu et protection contre l'incendie
  * Systèmes de supportage
  * Systèmes de mon..."
158,29,10,158_incendie_safety_feu_secours,"incendie, safety, feu, secours, prévention, département, signalétique, center, coupe, sécurité","* Presentation
  * Produkte & Dienste
  * Feuerschutz
  * Angebote
  * Sicherheits Training
  * Kontakt
  * Sprache: 
    *  English
    *  Français
    *  Deutsch
    *  Lëtzebuergesch

  * 

# International Fire Center : votre sécurité, notre métier !

## Protection et sécurité : nos produits et services

Chez International Fire Center, nous proposons des produits tenant compte des
dernières technologies en matière de protection et de détection incendie.

De plus, nos services variés respecten...
---
Appelez-nous

+352 20 333 593

Écrivez-nous

info@safety-firepro.lu

Membre de la

Feierschutz ASBL

Facebook Linkedin

  * Accueil
  * Prestations
  * Actualités
  * Contact

Menu

  * Accueil
  * Prestations
  * Actualités
  * Contact

Contactez-nous

## Prestations

###### Safety Fire Pro

## NOS TROIS DEPARTEMENTS

Acteur incontournable sur le marché de la protection incendie, nous
intervenons au Luxembourg et en Europe pour garantir la sécurité de vos
bâtiments.

##### Extincteurs et signal...
---
Appelez-nous

+352 20 333 593

Écrivez-nous

info@safety-firepro.lu

Membre de la

Feierschutz ASBL

Facebook Linkedin

  * Accueil
  * Prestations
  * Actualités
  * Contact

Menu

  * Accueil
  * Prestations
  * Actualités
  * Contact

Contactez-nous

# Votre partenaire

# sécurité

Safety Fire Pro est une société spécialisée dans la protection, la prévention,
la formation incendie et le secours aux personnes. Elle propose ses
prestations pour les organismes étatiques et privés.

En savoir plu..."
159,29,19,159_add cart_mwst_cart_add,"add cart, mwst, cart, add, optionen, sortieren, wählen, 50 add, incl, vat","Zur Navigation springen Zum Inhalt springen

Forschen

Menü

  * FR
  * DE
  * EN
  * Warenkorb
  * Mein Konto
  * info@hanko.lu

  * FR
  * DE
  * EN
  * Warenkorb
  * Mein Konto
  * info@hanko.lu

  * 0,00€ 0-Artikel
  * 

Home / Trodat Printy

# Trodat Printy

Nach Beliebtheit sortieren Nach durchschnittlicher Bewertung sortieren Nach
neuesten sortieren Nach Preis sortieren: niedrig bis hoch Nach Preis
sortieren: hoch bis niedrig

Zeigt 1–20 von 31-Ergebnissen

  * 1
  * 2
  * →

  * ## Troda...
---
Zur Navigation springen Zum Inhalt springen

Forschen

Menü

  * FR
  * DE
  * EN
  * Warenkorb
  * Mein Konto
  * info@hanko.lu

  * FR
  * DE
  * EN
  * Warenkorb
  * Mein Konto
  * info@hanko.lu

  * 0,00€ 0-Artikel
  * 

Home / Stempelkissen

# Stempelkissen

Nach Beliebtheit sortieren Nach durchschnittlicher Bewertung sortieren Nach
neuesten sortieren Nach Preis sortieren: niedrig bis hoch Nach Preis
sortieren: hoch bis niedrig

Alle 11-Ergebnisse werden angezeigt

  * ## Trodat Stempelkiss...
---
Menu

  * Home
  * About Us
  * Gallery
  * Order Online
  * Booking
  * Contact Us
  * 0 items€0.00

  * Home
  * About Us
  * Gallery

#

  * Order Online
  * Booking
  * Contact Us
  * 0 items€0.00

# menu

Showing all 159 results

Sort by popularity Sort by average rating Sort by latest Sort by price: low to
high Sort by price: high to low

  * ## 084\. LUMBINI MIXED GRILL
€25.95 Add to cart

  * ## 083\. ANGARI PRAWN
€23.95 Add to cart

  * ## 081\. LAMB CHOP
€21.95 Add to cart

  * ## 072\..."
160,28,11,160_données_traitement_traitement données_données caractère,"données, traitement, traitement données, données caractère, caractère personnel, caractère, finalités, personnelles, données personnelles, personnel","617, rue de Neudorf - L-2220 Luxembourg-Neudorf | Tél.: +352 24 51 33 79 / +352661199021 | Email: info@mansoimmo.lu
            FR  |  EN  |  DE
  * Accueil
  * Ventes
  * Locations
  * Neufs
  * Contact

## Politique de confidentialité

La présente politique de confidentialité définit et vous informe de la manière
dont Manso Immo utilise et protège les informations que vous nous transmettez,
le cas échéant, lorsque vous utilisez le présent site accessible à partir de
l'URL suivante : http://www...
---
617, rue de Neudorf - L-2220 Luxembourg-Neudorf | Tél.: +352 24 51 33 79 / +352661199021 | Email: info@mansoimmo.lu
            FR  |  EN  |  DE
  * Accueil
  * Ventes
  * Locations
  * Neufs
  * Contact

## Politique de confidentialité

La présente politique de confidentialité définit et vous informe de la manière
dont Manso Immo utilise et protège les informations que vous nous transmettez,
le cas échéant, lorsque vous utilisez le présent site accessible à partir de
l'URL suivante : http://www...
---
617, rue de Neudorf - L-2220 Luxembourg-Neudorf | Tél.: +352 24 51 33 79 / +352661199021 | Email: info@mansoimmo.lu
            FR  |  EN  |  DE
  * Accueil
  * Ventes
  * Locations
  * Neufs
  * Contact

## Politique de confidentialité

La présente politique de confidentialité définit et vous informe de la manière
dont Manso Immo utilise et protège les informations que vous nous transmettez,
le cas échéant, lorsque vous utilisez le présent site accessible à partir de
l'URL suivante : http://www..."
161,28,10,161_prof_zubehor_machine_chariot,"prof, zubehor, machine, chariot, armoire, accessoires, electrique, gaz, chats, chauffe","thilman.lu <\- vous etes ici  
  
Toutes les categories Articles Horeca Articles Electromenager Articles de
cuisine Electronique  Tous les genres  acc. machine a cafe-prof. acc.
refrigerateurs-congelateurs-prof. accessoire four mixte-prof. accessoire pour
copieur accessoire pour nettoyage accessoire pour pizza accessoire pour
vitrine refrigeree-prof. accessoires coupe-legumes-prof. accessoires grill-
prof. accessoires pour patisserie accessoires pour televiseur accessoires
radio amateur accessoi...
---
www.thilman.lu <\- vous etes ici  
  
Toutes les categories Articles Horeca Articles Electromenager Articles de
cuisine Electronique  Tous les genres  acc. machine a cafe-prof. acc.
refrigerateurs-congelateurs-prof. accessoire four mixte-prof. accessoire pour
copieur accessoire pour nettoyage accessoire pour pizza accessoire pour
vitrine refrigeree-prof. accessoires coupe-legumes-prof. accessoires grill-
prof. accessoires pour patisserie accessoires pour televiseur accessoires
radio amateur acce...
---
thilman.lu <\- vous etes ici  
  
Toutes les categories Articles Horeca Articles Electromenager Articles de
cuisine Electronique  Tous les genres  acc. machine a cafe-prof. acc.
refrigerateurs-congelateurs-prof. accessoire four mixte-prof. accessoire pour
copieur accessoire pour nettoyage accessoire pour pizza accessoire pour
vitrine refrigeree-prof. accessoires coupe-legumes-prof. accessoires grill-
prof. accessoires pour patisserie accessoires pour televiseur accessoires
radio amateur accessoi..."
162,28,14,162_lesen_bücher_posted_schmuck,"lesen, bücher, posted, schmuck, report abuse, abuse, march, alte, ergebnisse, verkauf","# A.L.B.S.C.

## Association Luxembourgeoise des Bachelors scientifiques des Communes et des
Syndicats de Communes Association sans but lucratif

### Main menu

Skip to primary content

Skip to secondary content

  * Home
  * Comité
    * Mir iwwer eis
    * Ordres du jour
    * Comitésmemberen
  * Gemengen
  * Fräi Platzen
  * Formatiounen
  * Kontakt
  * Demande d’Adhésion
  * Dokumenter
    * A propos
    * Presse
    * Statuten
    * ALBSC Info
    * Verschiddenes
  * Fotoen

#  Category Arc...
---
Skip to main content

  *   *   * 

  * Home
  * Auktionen
    * Wie kaufen?
  * Ergebnisse
  * Anmeldung
    * Ausloggen

  * Home
  * Auktionen
Auktionen

Luxemburgensia II

4 Juni 2023

Gegenstände, Bücher, Fotografien, Gemälde mit Bezug zum Großherzogtum
Luxemburg. Historische Dokumente und Archive…

Mehr lesen

online Postkarten von Luxemburg

vom 2 bis 14 Juni 2023 Laufende

Eine große Auswahl der schönsten Postkarten von Luxemburg, die in einem sehr
guten Zustand erhalten sind.

Mehr lese...
---
Skip to main content

  *   *   * 

  * Home
  * Auktionen
    * Wie kaufen?
  * Ergebnisse
  * Anmeldung
    * Ausloggen

  * Home
  * Auktionen
Auktionen

Luxemburgensia II

4 Juni 2023

Gegenstände, Bücher, Fotografien, Gemälde mit Bezug zum Großherzogtum
Luxemburg. Historische Dokumente und Archive…

Mehr lesen

online Postkarten von Luxemburg

vom 2 bis 14 Juni 2023 Laufende

Eine große Auswahl der schönsten Postkarten von Luxemburg, die in einem sehr
guten Zustand erhalten sind.

Mehr lese..."
163,28,9,163_pliants_permutateur_permutateur menu_montres,"pliants, permutateur, permutateur menu, montres, knives, fixes, luis, wagner, perles, métal","Aller au contenu

  * accueil
  * atelier
  * contact
  * actualités
  * shop Permutateur de Menu
    * Montres Permutateur de Menu
      * Atlanta
      * Bering
      * Certina
      * Festina
      * Frederique Constant
      * Jaguar
      * Maurice Lacroix
      * Michel Herbelin
      * Rado
      * Raymond Weil
      * Revolo
      * Rodania
    * Bijoux Permutateur de Menu
      * collection Wagner
      * C&C Gioielli
      * Cardillac
      * Cuyvers
      * Decoecho
      * Ernstes De...
---
Aller au contenu

  * accueil
  * atelier
  * contact
  * actualités
  * shop Permutateur de Menu
    * Montres Permutateur de Menu
      * Atlanta
      * Bering
      * Certina
      * Festina
      * Frederique Constant
      * Jaguar
      * Maurice Lacroix
      * Michel Herbelin
      * Rado
      * Raymond Weil
      * Revolo
      * Rodania
    * Bijoux Permutateur de Menu
      * collection Wagner
      * C&C Gioielli
      * Cardillac
      * Cuyvers
      * Decoecho
      * Ernstes De...
---
Aller au contenu

  * accueil
  * atelier
  * contact
  * actualités
  * shop Permutateur de Menu
    * Montres Permutateur de Menu
      * Atlanta
      * Bering
      * Certina
      * Festina
      * Frederique Constant
      * Jaguar
      * Maurice Lacroix
      * Michel Herbelin
      * Rado
      * Raymond Weil
      * Revolo
      * Rodania
    * Bijoux Permutateur de Menu
      * collection Wagner
      * C&C Gioielli
      * Cardillac
      * Cuyvers
      * Decoecho
      * Ernstes De..."
164,28,16,164_000_000 000_immo_surface,"000, 000 000, immo, surface, 000 voir, sanem, voir détail, appartement, chambres, invesco","168, Rue de Niederkorn - L-4991 Sanem | Tél.: +352 621 259 311 | Email: immocamilo@pt.lu
Suivez-nous sur

            FR  |  EN
  * Accueil
  * Ventes
  * Locations
  * Neufs
  * Contact

## Politique de confidentialité

Immo Camilo

Agence immobilière

RECHERCHE

    
Transaction

     achatlocation
    
neuf

Localité

     - \- Bonnevoie \- Gare Bettembourg Differdange Esch-sur-alzette Hesperange Lenningen Luxembourg Petange Sanem
Type de bien

     - Appartement Maison
Budget

     - 100 000...
---
168, Rue de Niederkorn - L-4991 Sanem | Tél.: +352 621 259 311 | Email: immocamilo@pt.lu
Suivez-nous sur

            FR  |  EN
  * Accueil
  * Ventes
  * Locations
  * Neufs
  * Contact

## Politique de confidentialité

Immo Camilo

Agence immobilière

RECHERCHE

    
Transaction

     achatlocation
    
neuf

Localité

     - \- Bonnevoie \- Gare Bettembourg Differdange Esch-sur-alzette Hesperange Lenningen Luxembourg Petange Sanem
Type de bien

     - Appartement Maison
Budget

     - 100 000...
---
168, Rue de Niederkorn - L-4991 Sanem | Tél.: +352 621 259 311 | Email: immocamilo@pt.lu
Suivez-nous sur

            FR  |  EN
  * Accueil
  * Ventes
  * Locations
  * Neufs
  * Contact

## Politique de confidentialité

Immo Camilo

Agence immobilière

RECHERCHE

    
Transaction

     achatlocation
    
neuf

Localité

     - \- Bonnevoie \- Gare Bettembourg Differdange Esch-sur-alzette Hesperange Lenningen Luxembourg Petange Sanem
Type de bien

     - Appartement Maison
Budget

     - 100 000..."
165,28,10,165_détective_détective privé_privé_enquêtes,"détective, détective privé, privé, enquêtes, formation, enquête, intelligence, learning, stage, classement","# Détective Privé Luxembourg

## Agence de Détectives Privés au Luxembourg : Enquêtes Particuliers,
Entreprises, Cabinet d'Avocats. 24/7 Mob LU +352 661 905 905 - FR +33 678 515
468

Rechercher :

#

Aller au contenu principal

  * Accueil
  * Géolocalisation de téléphone
  * Cyber-renseignement
  * Détective privé enquête investigation
    * Process mission détective privé
    * Recherche de nouvelle adresse
    * Recherche propriétaires de biens immobiliers
    * Enquête immobilière
    * Enqu...
---
# Détective Privé Luxembourg

## Agence de Détectives Privés au Luxembourg : Enquêtes Particuliers,
Entreprises, Cabinet d'Avocats. 24/7 Mob LU +352 661 905 905 - FR +33 678 515
468

Rechercher :

#

Aller au contenu principal

  * Accueil
  * Géolocalisation de téléphone
  * Cyber-renseignement
  * Détective privé enquête investigation
    * Process mission détective privé
    * Recherche de nouvelle adresse
    * Recherche propriétaires de biens immobiliers
    * Enquête immobilière
    * Enqu...
---
# Détective Privé Luxembourg

## Agence de Détectives Privés au Luxembourg : Enquêtes Particuliers,
Entreprises, Cabinet d'Avocats. 24/7 Mob LU +352 661 905 905 - FR +33 678 515
468

Rechercher :

#

Aller au contenu principal

  * Accueil
  * Géolocalisation de téléphone
  * Cyber-renseignement
  * Détective privé enquête investigation
    * Process mission détective privé
    * Recherche de nouvelle adresse
    * Recherche propriétaires de biens immobiliers
    * Enquête immobilière
    * Enqu..."
166,28,27,166_domain_hosting_configuration_server,"domain, hosting, configuration, server, vat, domains, ip address, transfer, provider, default","# Web Server's Default Page

* * *
## If you see this page it means:

  1. the DNS zone for this domain is has not been configured yet or
  2. hosting for this domain is not configured or
  3. no content has been uploaded yet or 
  4. this domain might be available for sale

## You can do the following:

  1. Log into your account at DNS-Stock to manage the DNS zone
  2. Order your hosting and upload contents

* * *
## Hosted by Visual Online S.A.

  * B.P. 2534
  * L-1025 Luxembourg
  * Télépho...
---
# Web Server's Default Page

* * *
## If you see this page it means:

  1. the DNS zone for this domain is has not been configured yet or
  2. hosting for this domain is not configured or
  3. no content has been uploaded yet or 
  4. this domain might be available for sale

## You can do the following:

  1. Log into your account at DNS-Stock to manage the DNS zone
  2. Order your hosting and upload contents

* * *
## Hosted by Visual Online S.A.

  * B.P. 2534
  * L-1025 Luxembourg
  * Télépho...
---
Excellent 4.4 out of 5

##### Buyer Protection Program

When you buy a domain name at Dan.com, you’re automatically covered by our
unique Buyer Protection Program. Read more about how we keep you safe on our
Trust and Security page.

Next to our secure domain ownership transfer process, we strictly monitor all
transactions. If anything looks weird, we take immediate action. And if the
seller doesn't deliver on their part of the deal, we refund you within 24
hours.

##### Fast & easy transfers

9..."
167,28,11,167_infrastructure_cloud_sage_bob,"infrastructure, cloud, sage, bob, security, support, solutions, implementation, read, certifications","Skip to content

ANIDRIS

Your local partner for IT Infrastructure

Menu

  * Home
    * About us
    * Jobs
    * News
  * Our solutions
    * Cloud transformation
    * Compute
    * Storage
    * Data Protection
    * Data Archiving
    * DRP
    * Datacenter Relocation
  * Our services
    * Design
    * Deploy
    * Support
  * Our partners
  * Our references

# Cloud transformation

# Cloud transformation

Cloud transformation is more than servers, network, and storage in the cloud.
You wa...
---
﻿

  * Support
  * Contact

+352 31 71 32-1

  * Blog
  * Linkedin
  * Facebook

  * Partners
  * Events

Toggle navigation

  * Blog
  * Linkedin
  * Facebook

  * Home
  * Your needs
  * Our solutions
    * IT Governance
    * Technical Resources
    * Information systems security
    * R-Cloud
    * Digital Workplace
    * IT Supply
  * Our Company
    * Our certifications
    * Our references
  * Job
  * 

  *   *   * 

  * ##  Cloud 
With our R-Cloud services, you can boost growth, reduce c...
---
* +352.28.80.482
  * info@icarus-services.lu

  * Contact
  * Jobs

  * Facebook
  * Youtube
  * Linkedin

Assistance

  * ICarus IT Services
    * Qui sommes-nous?
    * Notre équipe
  * Nos Formations
  * Nos Solutions
    * Logiciels & gestion
      * Cameleon
      * Horus
      * Bob50
      * Sage Cloud Demat
      * Sage
      * Securebox
      * Mercator
    * Reporting
      * Demat'box
      * Sage BI Reporting
      * Skwarel
    * Cloud & Antivirus
      * Cloudserver
      * Eset
  ..."
168,28,15,168_machines_pap_profi_compétences,"machines, pap, profi, compétences, cadastre, aktionen, 3d, pont, mécanique, matériel","* Kneip
    * Ingénieur-Conseil
  * Services
    * Levé
    * Mesurage cadastral
    * Chantier
    * Environnement
    * Remembrement
    * Bornage
    * Cadastre vertical
    * Négociations
    * SIG
    * PAP
    * Scan 3D
  * Équipements
    * Matériel topographique
    * Matériel informatique
  * Compétences
    * Géomètres
    * Dessinateurs
    * Agronomie
    * Environnement
    * Assainissement hydraulique
  * Projets
  * Actualités
  * Contact

  * Kneip
    * Ingénieur-Conseil
  * Ser...
---
* Kneip
    * Ingénieur-Conseil
  * Services
    * Levé
    * Mesurage cadastral
    * Chantier
    * Environnement
    * Remembrement
    * Bornage
    * Cadastre vertical
    * Négociations
    * SIG
    * PAP
    * Scan 3D
  * Équipements
    * Matériel topographique
    * Matériel informatique
  * Compétences
    * Géomètres
    * Dessinateurs
    * Agronomie
    * Environnement
    * Assainissement hydraulique
  * Projets
  * Actualités
  * Contact

  * Kneip
    * Ingénieur-Conseil
  * Ser...
---
* Kneip
    * Ingénieur-Conseil
  * Services
    * Levé
    * Mesurage cadastral
    * Chantier
    * Environnement
    * Remembrement
    * Bornage
    * Cadastre vertical
    * Négociations
    * SIG
    * PAP
    * Scan 3D
  * Équipements
    * Matériel topographique
    * Matériel informatique
  * Compétences
    * Géomètres
    * Dessinateurs
    * Agronomie
    * Environnement
    * Assainissement hydraulique
  * Projets
  * Actualités
  * Contact

  * Kneip
    * Ingénieur-Conseil
  * Ser..."
169,28,12,169_drapeaux_nationaux_cuisine_internationaux,"drapeaux, nationaux, cuisine, internationaux, cuisines, dolore, 00 ajouter, options, 125, ue","* Home
  * Produits
    * Drapeaux
    * Tricolores, hampes et socles
    * Displays
    * Cadres
  * ShopNew
    * Produits tricolores
    * Drapeaux
    * Drapeaux de société
    * Accessoires
    * --
    * Mon Compte
    * Panier
  * Contact

0

  * No products in the cart.

  * Home
  * Produits
    * Drapeaux
    * Tricolores, hampes et socles
    * Displays
    * Cadres
  * ShopNew
    * Produits tricolores
    * Drapeaux
    * Drapeaux de société
    * Accessoires
    * --
    * Mon Comp...
---
* Home
  * Produits
    * Drapeaux
    * Tricolores, hampes et socles
    * Displays
    * Cadres
  * ShopNew
    * Produits tricolores
    * Drapeaux
    * Drapeaux de société
    * Accessoires
    * --
    * Mon Compte
    * Panier
  * Contact

0

  * No products in the cart.

  * Home
  * Produits
    * Drapeaux
    * Tricolores, hampes et socles
    * Displays
    * Cadres
  * ShopNew
    * Produits tricolores
    * Drapeaux
    * Drapeaux de société
    * Accessoires
    * --
    * Mon Comp...
---
* Home
  * Produits
    * Drapeaux
    * Tricolores, hampes et socles
    * Displays
    * Cadres
  * ShopNew
    * Produits tricolores
    * Drapeaux
    * Drapeaux de société
    * Accessoires
    * --
    * Mon Compte
    * Panier
  * Contact

0

  * No products in the cart.

  * Home
  * Produits
    * Drapeaux
    * Tricolores, hampes et socles
    * Displays
    * Cadres
  * ShopNew
    * Produits tricolores
    * Drapeaux
    * Drapeaux de société
    * Accessoires
    * --
    * Mon Comp..."
170,28,12,170_30pm_food_tomato_suggestions,"30pm, food, tomato, suggestions, english, wines, galerie photos, accueil menu, reservation, mozzarella","Aller au contenu

  * Accueil
  * Menu
    * La carte
    * Les suggestions
  * Livraison
  * Galerie
    * Photos
    * Livre d’or
  * Réserver
  * Informations
    * Impressum

Menu

  * Accueil
  * Menu
    * La carte
    * Les suggestions
  * Livraison
  * Galerie
    * Photos
    * Livre d’or
  * Réserver
  * Informations
    * Impressum

  * Accueil
  * Menu
    * La carte
    * Les suggestions
  * Livraison
  * Galerie
    * Photos
    * Livre d’or
  * Réserver
  * Informations
    * Impr...
---
Aller au contenu

  * Accueil
  * Menu
    * La carte
    * Les suggestions
  * Livraison
  * Galerie
    * Photos
    * Livre d’or
  * Réserver
  * Informations
    * Impressum

Menu

  * Accueil
  * Menu
    * La carte
    * Les suggestions
  * Livraison
  * Galerie
    * Photos
    * Livre d’or
  * Réserver
  * Informations
    * Impressum

  * Accueil
  * Menu
    * La carte
    * Les suggestions
  * Livraison
  * Galerie
    * Photos
    * Livre d’or
  * Réserver
  * Informations
    * Impr...
---
Aller au contenu

  * Accueil
  * Menu
    * La carte
    * Les suggestions
  * Livraison
  * Galerie
    * Photos
    * Livre d’or
  * Réserver
  * Informations
    * Impressum

Menu

  * Accueil
  * Menu
    * La carte
    * Les suggestions
  * Livraison
  * Galerie
    * Photos
    * Livre d’or
  * Réserver
  * Informations
    * Impressum

  * Accueil
  * Menu
    * La carte
    * Les suggestions
  * Livraison
  * Galerie
    * Photos
    * Livre d’or
  * Réserver
  * Informations
    * Impr..."
171,28,8,171_armes_produkte_warenkorb_artikel,"armes, produkte, warenkorb, artikel, mwst, 00 add, produkt, chasse, menge, bio","MENU

0

Ihr Warenkorb

Nur noch 29,00 € für versandkostenfreie Lieferung

Versand

0

Total

0

Zum Warenkorb

EN

LU

DE

FR

###  Hund

###  Katze

###  Nager

###  Vogel

###  Pferd

###  Geflügel

###  Zubehör

###  Marken

###  New

###  Angebote

Home

###  Hund

  * Trockenfutter für Hunde
  * Nassfutter für Hunde
  * B.A.R.F.
  * Spezialfutter
  * Flocken, Obst & Gemüse
  * BIO
  * Leckerlis & Hundekuchen
  * Kauartikel
  * Nahrungsergänzung
  * Zahnpflege
  * Ungezieferschutz
  * Pfleg...
---
MENU

0

Ihr Warenkorb

Nur noch 29,00 € für versandkostenfreie Lieferung

Versand

0

Total

0

Zum Warenkorb

EN

LU

DE

FR

###  Hund

###  Katze

###  Nager

###  Vogel

###  Pferd

###  Geflügel

###  Zubehör

###  Marken

###  New

###  Angebote

Home

###  Hund

  * Trockenfutter für Hunde
  * Nassfutter für Hunde
  * B.A.R.F.
  * Spezialfutter
  * Flocken, Obst & Gemüse
  * BIO
  * Leckerlis & Hundekuchen
  * Kauartikel
  * Nahrungsergänzung
  * Zahnpflege
  * Ungezieferschutz
  * Pfleg...
---
MENU

0

Ihr Warenkorb

Nur noch 29,00 € für versandkostenfreie Lieferung

Versand

0

Total

0

Zum Warenkorb

EN

LU

DE

FR

###  Hund

###  Katze

###  Nager

###  Vogel

###  Pferd

###  Geflügel

###  Zubehör

###  Marken

###  New

###  Angebote

Home

###  Hund

  * Trockenfutter für Hunde
  * Nassfutter für Hunde
  * B.A.R.F.
  * Spezialfutter
  * Flocken, Obst & Gemüse
  * BIO
  * Leckerlis & Hundekuchen
  * Kauartikel
  * Nahrungsergänzung
  * Zahnpflege
  * Ungezieferschutz
  * Pfleg..."
172,28,12,172_hotel_zimmer_restaurant_hotel restaurant,"hotel, zimmer, restaurant, hotel restaurant, wellness, book, seminare, bar, spa, nächte","* Buchungs 
  * Grand Hotel Cravat 
  * Zimmer
    * Junior suite 
    * Zimmer Executive 1 
    * Zimmer Executive 2 
    * Superior Zimmer 
    * Klassisch Zimmer 
  * Seminare & Konferenzen 
  * Bar & Restaurant
    * Bar ""Le Trianon"" 
    * Frühstücksraum ""Le Normandy"" 
    * Dean & David 
  * Kundenzufriedenheit 
  * Press Kit 
  * Kontakt 
  * 

  * fr
  * de
  * en
  * nl

de

  * fr
  * en
  * nl

  * Kundenzufriedenheit
  * Press Kit
  * Kontakt
  * 

  * fr
  * de
  * en
  * nl

de

  ...
---
* Buchungs 
  * Grand Hotel Cravat 
  * Zimmer
    * Junior suite 
    * Zimmer Executive 1 
    * Zimmer Executive 2 
    * Superior Zimmer 
    * Klassisch Zimmer 
  * Seminare & Konferenzen 
  * Bar & Restaurant
    * Bar ""Le Trianon"" 
    * Frühstücksraum ""Le Normandy"" 
    * Dean & David 
  * Kundenzufriedenheit 
  * Press Kit 
  * Kontakt 
  * 

  * fr
  * de
  * en
  * nl

de

  * fr
  * en
  * nl

  * Kundenzufriedenheit
  * Press Kit
  * Kontakt
  * 

  * fr
  * de
  * en
  * nl

de

  ...
---
* Buchungs 
  * Grand Hotel Cravat 
  * Zimmer
    * Junior suite 
    * Zimmer Executive 1 
    * Zimmer Executive 2 
    * Superior Zimmer 
    * Klassisch Zimmer 
  * Seminare & Konferenzen 
  * Bar & Restaurant
    * Bar ""Le Trianon"" 
    * Frühstücksraum ""Le Normandy"" 
    * Dean & David 
  * Kundenzufriedenheit 
  * Press Kit 
  * Kontakt 
  * 

  * fr
  * de
  * en
  * nl

de

  * fr
  * en
  * nl

  * Kundenzufriedenheit
  * Press Kit
  * Kontakt
  * 

  * fr
  * de
  * en
  * nl

de

  ..."
173,27,6,173_classe_maison chambres_discuter_vendre,"classe, maison chambres, discuter, vendre, isolation thermique, rss, chambres, dienst, disponibilité, thermique","#

Search

Primary Menu Skip to content

  * Expertises
  * Home Estate Travaux
    * Toiture
    * Résine
    * Etanchéité
    * Génie Civil
    * Rénovation
    * Réparation
    * Entretien
    * Nettoyage
    * Travaux d'intérieur
    * Espaces verts
    * Stores extérieurs et intérieurs
  * Home Estate Immobilier
    * Nos activités
      * Syndic de copropriété
      * Gérance locative
      * Estimation immobilière
      * Agent immobilier
      * Location
        * à louer
      * Recherc...
---
Skip to content

Ehome

Immobilier

Main Menu

  * ACCUEIL
  * À PROPOS
  * PROPOSER MON BIEN
  * VENTESMenu Toggle
    * APPARTEMENTS
    * MAISONS
    * TERRAINS
    * COMMERCES / BUREAUX
  * LOCATIONSMenu Toggle
    * APPARTEMENTS
    * MAISONS
    * CHAMBRES
    * COMMERCES / BUREAUX
  * À L'ÉTRANGERMenu Toggle
    * ESPAGNE / SPAINMenu Toggle
      * APPARTEMENTS
      * MAISONS / VILLAS
      * TERRAINS
      * COMMERCES / BUREAUX
    * BELGIQUE / BELGIUMMenu Toggle
      * MAISONS / VILLA...
---
Skip to content

Ehome

Immobilier

Main Menu

  * ACCUEIL
  * À PROPOS
  * PROPOSER MON BIEN
  * VENTESMenu Toggle
    * APPARTEMENTS
    * MAISONS
    * TERRAINS
    * COMMERCES / BUREAUX
  * LOCATIONSMenu Toggle
    * APPARTEMENTS
    * MAISONS
    * CHAMBRES
    * COMMERCES / BUREAUX
  * À L'ÉTRANGERMenu Toggle
    * ESPAGNE / SPAINMenu Toggle
      * APPARTEMENTS
      * MAISONS / VILLAS
      * TERRAINS
      * COMMERCES / BUREAUX
    * BELGIQUE / BELGIUMMenu Toggle
      * MAISONS / VILLA..."
174,27,11,174_000 000_000_voir détail_traitement,"000 000, 000, voir détail, traitement, surface, détail, traitement données, 000 500, 000 voir, 500 000","* Accueil
  * Ventes
  * Locations
  * Neuf
  * Partenaires
  * Contact

RECHERCHE

    
Transaction

     achatlocation
    
neuf

Localité

     - \- Belair \- Bonnevoie \- Centre-ville \- Clausen \- Gare \- Gasperich Bascharage Bertrange Bettembourg Clemency Differdange Dudelange Ehnen Esch-sur-alzette Gonderange Heisdorf Lamadelaine Leudelange Luxembourg Mamer Niederkorn Nospelt Oberkorn Peppange Petange Reckange-sur-mess Rodange Soleuvre Steinfort Strassen
Type de bien

     - Appartement B...
---
* Accueil
  * Ventes
  * Locations
  * Neuf
  * Partenaires
  * Contact

RECHERCHE

    
Transaction

     achatlocation
    
neuf

Localité

     - \- Belair \- Bonnevoie \- Centre-ville \- Clausen \- Gare \- Gasperich Bascharage Bertrange Bettembourg Clemency Differdange Dudelange Ehnen Esch-sur-alzette Gonderange Heisdorf Lamadelaine Leudelange Luxembourg Mamer Niederkorn Nospelt Oberkorn Peppange Petange Reckange-sur-mess Rodange Soleuvre Steinfort Strassen
Type de bien

     - Appartement B...
---
* Accueil
  * Ventes
  * Locations
  * Neuf
  * Partenaires
  * Contact

RECHERCHE

    
Transaction

     achatlocation
    
neuf

Localité

     - \- Belair \- Bonnevoie \- Centre-ville \- Clausen \- Gare \- Gasperich Bascharage Bertrange Bettembourg Clemency Differdange Dudelange Ehnen Esch-sur-alzette Gonderange Heisdorf Lamadelaine Leudelange Luxembourg Mamer Niederkorn Nospelt Oberkorn Peppange Petange Reckange-sur-mess Rodange Soleuvre Steinfort Strassen
Type de bien

     - Appartement B..."
175,27,7,175_femmes_gesundheit_fortbildung_frauen,"femmes, gesundheit, fortbildung, frauen, exposition, visiter, femme, internationale, internationalen, sante","8\. Mäerz

# Internationale Fraendag

  * Deutsch
  * Français

  * 1911-1919
  * 1920-1930
  * 1931-1944
  * 1945-1970
  * 1971-1989
  * 1989-2011
  * 2012-2018

  * Accueil 
  * JIF 2019
  * Histoire 
  * Personnalités 
  * Acquis 
  * Lecture 

Loading Quotes...

### La Journée internationale des femmes au Luxembourg: histoire et actualité

## 7\. Mäerz 2020: Fraestreik

http://www.fraestreik.lu

Avant-propos sur ce site: La Journée internationale des femmes au Luxembourg,
dépuis sa création ...
---
* Cesas
    * Sexuelle Gesundheit
    * Unsere Partner
    * Geolokalisierung der Servicestellen
  * Aktivitäten
    * Projekte
    * Mengverhuetung
  * Let's Talk About Sex!
  * Infomaterialien
  * Podcast
  * Agenda
    * Fortbildungen
    * Events
    * Woche der affektiven und sexuellen Gesundheit
  * Dokumentation
  * Kontakt
  * FR DE
  * | 

Alle Kategorien Notfälle - Hotlines  Affektive und sexuelle Gesundheit
(Information und Fortbildung)  Sexuelle Orientierung und Geschlechteridentität...
---
8\. Mäerz

# Internationale Fraendag

  * Deutsch
  * Français

  * 1911-1919
  * 1920-1930
  * 1931-1944
  * 1945-1970
  * 1971-1989
  * 1989-2011
  * 2012-2018

  * Home
  * JIF 2019
  * Geschichte
  * Persönlichkeiten
  * Errungenschaften
  * Buchtipps

Loading Quotes...

### Weltfrauentag in Luxemburg: Geschichte und Aktualität

## 7\. Mäerz 2020: Fraestreik

http://www.fraestreik.lu

Avant-propos sur ce site: La Journée internationale des femmes au Luxembourg,
dépuis sa création en 1911 jus..."
176,27,10,176_badminton_camp_club_bilder,"badminton, camp, club, bilder, training, hamm, calendar, sandweiler, 2023 18, tennis","﻿

  * Empfank
  * Organigramme
  * Geschicht
  * Tarifer
  * Training
  * Kontakt

  * Ënnerstetzung
  *  

  *   * 

  

\--------------------------

Federation luxemb.

de Badminton  

\--------------------------

Federation internat.

de Badminton  

\--------------------------

Badminton Europe  

Dir spillt garen Badminton als Lizenseierten Spiller an weilt och
Kompetitiounen matspillen oder einfach just sou wahrend der Fraizait spillen
als Loisir Spiller?

Fir all Renseignementer, kontakt...
---
Badminton Club Jonglënster

Login

Menu

  * Bienvenue
  * Nos Séances
    * Horaires
    * Devenir membre
    * Mesures Covid
    * Entrainement individuel
    * Corporate 
  * Le Club
    * Comité
    * Nos équipes
    * Historique
    * Nos Sponsors
    * Label Qualité
  * Nos organisations
    * ECC 2019
    * Hüttenrammler
    * Parabadminton
    * Organisations 2022
    * Enquete
  * Photos
  * Badminton
  * Contact

# Technique du badminton

Pour bien debuter en Badminton, seul quelques t...
---
Badminton Club Jonglënster

Login

Menu

  * Bienvenue
  * Nos Séances
    * Horaires
    * Devenir membre
    * Mesures Covid
    * Entrainement individuel
    * Corporate 
  * Le Club
    * Comité
    * Nos équipes
    * Historique
    * Nos Sponsors
    * Label Qualité
  * Nos organisations
    * ECC 2019
    * Hüttenrammler
    * Parabadminton
    * Organisations 2022
    * Enquete
  * Photos
  * Badminton
  * Contact

# Tu veux jouer au badminton ?

Nous offrons des seances de Badminton pou..."
177,27,10,177_age_sociale_mission_offres services,"age, sociale, mission, offres services, caisse, comptable, law, logement, fiscale, private equity","* L'Ex N'Co
    * À propos
    * Les associés
    * Les collaborateurs
    * Politique de confidentialité
  * Nos offres et services
    * Les Missions de La Fiduciaire
      * Mission juridique
      * Mission sociale
      * Mission fiscale
      * Mission comptable
      * Mission compliance – KYC
      * Mission domiciliation
    * Vous souhaitez vous implanter, découvrez nos offres et services
    * Vous êtes…
  * Blog
  * Liens utiles
    * Ordre des Experts comptables
    * Administration...
---
* L'Ex N'Co
    * À propos
    * Les associés
    * Les collaborateurs
    * Politique de confidentialité
  * Nos offres et services
    * Les Missions de La Fiduciaire
      * Mission juridique
      * Mission sociale
      * Mission fiscale
      * Mission comptable
      * Mission compliance – KYC
      * Mission domiciliation
    * Vous souhaitez vous implanter, découvrez nos offres et services
    * Vous êtes…
  * Blog
  * Liens utiles
    * Ordre des Experts comptables
    * Administration...
---
* L'Ex N'Co
    * À propos
    * Les associés
    * Les collaborateurs
    * Politique de confidentialité
  * Nos offres et services
    * Les Missions de La Fiduciaire
      * Mission juridique
      * Mission sociale
      * Mission fiscale
      * Mission comptable
      * Mission compliance – KYC
      * Mission domiciliation
    * Vous souhaitez vous implanter, découvrez nos offres et services
    * Vous êtes…
  * Blog
  * Liens utiles
    * Ordre des Experts comptables
    * Administration..."
178,26,9,178_codex_tickets_vip_equipment,"codex, tickets, vip, equipment, 26 48, live, programme, video, science, 33","×

Search for:

Search

×

Our phone number

(352) 26 48 33 33

our email address

info@codex.lu

Booking your trip

(352) 26 48 33 33

our emailaddress

info@codex.lu

  * Codex Events
    * Live Streaming
    * Conferences
    * Architectural Lighting & Mapping
    * Tradeshows & Stand Building
    * Corporate Events
    * Private Events
    * Live Entertainment
  * Codex Digital
    * Graphic Design
  * Codex Sales & Installations
  * Codex Rental
    * Light & Sound
    * Video
    * LED Vid...
---
×

Search for:

Search

×

Our phone number

(352) 26 48 33 33

our email address

info@codex.lu

Booking your trip

(352) 26 48 33 33

our emailaddress

info@codex.lu

  * Codex Events
    * Live Streaming
    * Conferences
    * Architectural Lighting & Mapping
    * Tradeshows & Stand Building
    * Corporate Events
    * Private Events
    * Live Entertainment
  * Codex Digital
    * Graphic Design
  * Codex Sales & Installations
  * Codex Rental
    * Light & Sound
    * Video
    * LED Vid...
---
×

Search for:

Search

×

Our phone number

(352) 26 48 33 33

our email address

info@codex.lu

Booking your trip

(352) 26 48 33 33

our emailaddress

info@codex.lu

  * Codex Events
    * Live Streaming
    * Conferences
    * Architectural Lighting & Mapping
    * Tradeshows & Stand Building
    * Corporate Events
    * Private Events
    * Live Entertainment
  * Codex Digital
    * Graphic Design
  * Codex Sales & Installations
  * Codex Rental
    * Light & Sound
    * Video
    * LED Vid..."
179,26,16,179_optique_sàrl_victor hugo_hugo,"optique, sàrl, victor hugo, hugo, victor, réservation, sud, 18h00, fromage, 30h","Aller au contenu

Menu

  * Notre fédération
  * Les membres
  * Liens & donateurs
  * Contact

##  Les membres de la catégorie  EST

est

Centre De Vue (Opti-vue) Sàrl

7 Rue Nicolas Glesener  
L-6131  
Junglinster

Tel : 26 78 09 60

est

Optique Schanen

33 Esplanade de la Moselle  
L-6637  
Wasserbillig

Tel: +352 26 74 00 62

www.optique-schanen.lu

est

Optique Mondorf Sàrl

2 avenue des Bains  
L-5610  
Mondorf

Tel : 23.66.13.10  
Fax : 23.66.13.11

optiquemondorf.lu

est

Optique Milber...
---
Aller au contenu

Menu

  * Notre fédération
  * Les membres
  * Liens & donateurs
  * Contact

##  Les membres de la catégorie  SUD

sud

Optique Quaring Sàrl

29 Place de l'Hôtel de Ville  
L-3590  
Dudelange

Tel : 51 49 33

https://www.quaring.lu/

sud

Optique New Look Sàrl

17-19 Avenue de la Libération  
L-3850  
Schifflange

Tel : 54 90 50

https://www.newlook.lu/

sud

Optique Alain Schrank Sàrl

9A Avenue Dr. Gaasch  
L-4848  
Rodange

Tel : 26 50 02 46

http://brellebuttek.lu/

sud

O...
---
Aller au contenu

Menu

  * Notre fédération
  * Les membres
  * Liens & donateurs
  * Contact

## Les membres

### Filtre par catégorie

  * CENTRE
  * EST
  * Non classé
  * NORD
  * OUEST
  * SUD

sud

Optique Quaring Sàrl

29 Place de l'Hôtel de Ville  
L-3590  
Dudelange

Tel : 51 49 33

https://www.quaring.lu/

centre

Optimol Sàrl

8 Rue Philippe II  
L-2340  
Luxembourg

Tel : 22 22 56

https://optique-moitzheim.lu/

non-classe

Optilor Sàrl Sàrl

83 Grand-Rue  
L-1661  
Luxembourg

Tel ..."
180,26,13,180_250_150 250_100 150_15 25,"250, 150 250, 100 150, 15 25, 50 100, 25 50, localité type, 150, locations contact, recherche annonces","* Accueil
  * Ventes
  * Locations
  * Proposer un bien
  * Contact

RECHERCHE

    
Transaction

     achatlocation
    
neuf

Localité

    
Type de bien

     -
Budget

     - 400 600 800 1 000 1 300 1 600 2 000 5 000 10 000
à

     - 400 600 800 1 000 1 300 1 600 2 000 5 000 10 000
Chambre(s)

     - 1 2 3 4 5 6
à

     - 1 2 3 4 5 6
Surface (m²)

     - 15 25 50 100 150 250
à

     - 15 25 50 100 150 250
    
## Résultat de votre recherche

1 - 0 sur 0 annonces

  * Surface
  * |
  * Date
 ...
---
* Accueil
  * Ventes
  * Locations
  * Contact

RECHERCHE

    
Transaction

     achatlocation
    
neuf

Localité

    
Type de bien

     -
Budget

     - 400 600 800 1 000 1 300 1 600 2 000 5 000 10 000
à

     - 400 600 800 1 000 1 300 1 600 2 000 5 000 10 000
Chambre(s)

     - 1 2 3 4 5 6
à

     - 1 2 3 4 5 6
Surface (m²)

     - 15 25 50 100 150 250
à

     - 15 25 50 100 150 250
    
## Résultat de votre recherche

1 - 0 sur 0 annonces

  * Surface
  * |
  * Date
  * |
  * Chambre
  * ...
---
* Accueil
  * Ventes
  * Locations
  * Contact

RECHERCHE

    
Transaction

     achatlocation
    
neuf

Localité

    
Type de bien

     -
Budget

     - 400 600 800 1 000 1 300 1 600 2 000 5 000 10 000
à

     - 400 600 800 1 000 1 300 1 600 2 000 5 000 10 000
Chambre(s)

     - 1 2 3 4 5 6
à

     - 1 2 3 4 5 6
Surface (m²)

     - 15 25 50 100 150 250
à

     - 15 25 50 100 150 250
    
## Résultat de votre recherche

1 - 0 sur 0 annonces

  * Surface
  * |
  * Date
  * |
  * Chambre
  * ..."
181,26,10,181_unavailable_quick_viewadd cart_viewadd,"unavailable, quick, viewadd cart, viewadd, quick viewadd, 00 quick, bottle, 50 quick, cart, panier","Close

## DIGITAL MENU

  * Restaurant
  * Bar
  * Wine

Menu

  * Restaurant
  * Bar
  * Wine

  * Fingerfood
  * Lunch deals
  * Starters
  * Wok
  * Curry
  * BBQ
  * Hot Pot
  * Kids
  * Desserts

Menu

  * Fingerfood
  * Lunch deals
  * Starters
  * Wok
  * Curry
  * BBQ
  * Hot Pot
  * Kids
  * Desserts

## Fingerfood

Available from 17h00 - 22h30.

  * ## MOO YANG NOM SOD
Marinated pork skewers with chee frang sauce

Unavailable 8,50€ Quick ViewAdd to cart

  * ## HED YANG
Grilled eringi ...
---
Close

## DIGITAL MENU

  * Restaurant
  * Bar
  * Wine

Menu

  * Restaurant
  * Bar
  * Wine

  * Fingerfood
  * Aperitifs
  * Soft Drinks
  * Draft Beers
  * Bottled Beers
  * Gins
  * Cocktails
  * Digestifs
  * Hot Drinks

Menu

  * Fingerfood
  * Aperitifs
  * Soft Drinks
  * Draft Beers
  * Bottled Beers
  * Gins
  * Cocktails
  * Digestifs
  * Hot Drinks

## FINGERFOOD

Available from 17h00 – 22h30.

Show all

  * ## MOO YANG NOM SOD
Marinated pork skewers with chee frang sauce

Unavaila...
---
Close

## EAT. DRINK. FABRIK.

  * Food
  * Bar
  * Wine

Menu

  * Food
  * Bar
  * Wine

  * Aperitifs
  * Soft drinks
  * Draft Beer
  * Bottled Beer
  * Gins
  * Cocktails
  * Longdrinks & Shots
  * Digestifs
  * Hot Drinks

Menu

  * Aperitifs
  * Soft drinks
  * Draft Beer
  * Bottled Beer
  * Gins
  * Cocktails
  * Longdrinks & Shots
  * Digestifs
  * Hot Drinks

## aperitifs

Show all Classics Sparkling Favorites

  * ## Campari
Dry or with Soda or Orange

Unavailable 6,90€ - 9,50€ Quick..."
182,26,7,182_396_388_390_400,"396, 388, 390, 400, natur, 355, 399, 370, naturpark, 380","Zum Inhalt

Hautpmenü

Kontakt

f

DeEnFr

  * Der Natur- & Geopark
    * Über uns
    * UNESCO Global Geopark
    * Vorstand
    * Publikationen
    * Kontakt
  * Beratungsdienste
    * Regionale Wirtschaft
    * Umweltbildung
    * Holz vun hei - Regioun Mëllerdall
    * Regionale Produkte
    * Trinkwasser
    * Energieberatung
    * Naturschutz
    * Trockenmauern
  * Die Region entdecken
    * Aktuelles
    * Veranstaltungen
    * Geologie & Geotope
    * Natur- & Kulturerbe
    * Ausstellu...
---
Voir le contenu

Menu principal

Contact

f

DeEnFr

  * Le parc naturel & géoparc
    * À propos de nous
    * UNESCO Global Geopark
    * Comité
    * Publications
    * Contact
  * Découvrir la région
    * Actualités
    * Événements
    * Géologie & Géosites
    * Exposition
    * Tourisme
    * Patrimoine naturel & culturel
    * Partenaires
  * Services de conseil
    * Holz vun hei - Regioun Mëllerdall
    * Economie régionale
    * Education à l'environnement
    * Produits régionaux
  ...
---
Skip to content

Primary Menu

Contact

f

DeEnFr

  * The Nature & Geopark
    * About us
    * UNESCO Global Geopark
    * Board
    * Publications
    * Contact
  * Discover the region
    * News
    * Events
    * Geology & Geosites
    * Interpretation Centre
    * Tourism
    * Natural & Cultural Heritage
    * Partners
  * Support services
    * Regional economy
    * Environmental education
    * Holz vun hei - Regioun Mëllerdall
    * Regional products
    * Drinking water
    * Energy ..."
183,26,12,183_psychologie_formation_communiqué_div,"psychologie, formation, communiqué, div, institut, thérapie, supervision, classé, michel, pédagogique","Aller au contenu

  * Formations &  
Conférences

  * Tests  
psychotechniques

  * Consultations  
psychologiques

# A propos du C.P.A.T.S.

Le Centre de Psychologie Appliquée aux Transports et à leur Sécurité
(C.P.A.T.S.) est une société anonyme qui a pour objet d’appliquer les
connaissances issues de la recherche scientifique en psychologie générale, en
psychologie sociale et en psychologie de la circulation à l’individu, à
l’entreprise et à la collectivité.

Depuis sa naissance en 2006, le C...
---
﻿

﻿

I.F.P.P.H. ® Institut de Formation en Psychologie et Psychosomatothérapie
Holistiques

Haut de page

  * Accueil
  * I.F.P.P.H. ® – Institut de formation
    * Philosophie globale
    * Psychologie holistique
    * Psychosomatotherapie holistique
    * Notre institut
      * Sa mission
      * Fil rouge
      * Déontologie
  * Formation
    * Objectifs
    * Niveaux de formation
    * Programme
    * Certification
    * Lieu de formation
  * Conditions d’accès
    * A qui s'adresse cette f...
---
﻿

﻿

I.F.P.P.H. ® Institut de Formation en Psychologie et Psychosomatothérapie
Holistiques

Haut de page

  * Accueil
  * I.F.P.P.H. ® – Institut de formation
    * Philosophie globale
    * Psychologie holistique
    * Psychosomatotherapie holistique
    * Notre institut
      * Sa mission
      * Fil rouge
      * Déontologie
  * Formation
    * Objectifs
    * Niveaux de formation
    * Programme
    * Certification
    * Lieu de formation
  * Conditions d’accès
    * A qui s'adresse cette f..."
184,26,9,184_erfahren_labor_umwelt_atelier,"erfahren, labor, umwelt, atelier, ereignisse, standorte, wartung, unterstützen, banken, anwendungen","+352 28 561 390 info@lux-power.lu

  * de
    * DE

Startseite KarriereÜber unsAktuellesKontakt|

  * Lösungen & Leistungen
    * Beratung
    * Planung
    * Energietechnik
    * Gebäudesystemtechnik
    * Sicherheitstechnik
    * Wartung & Service

  * Branchen & Anwendungen
    * Krankenhaustechnik
    * Flughafentechnik
    * Banken
    * Produzierende Unternehmen

Projekte

  * Sprache
    * DE
  * Startseite
  * Lösungen & Leistungen
    * Übersicht
    * Beratung
    * Planung
    * Energ...
---
+352 28 561 390 info@lux-power.lu

  * de
    * DE

Startseite KarriereÜber unsAktuellesKontakt|

  * Lösungen & Leistungen
    * Beratung
    * Planung
    * Energietechnik
    * Gebäudesystemtechnik
    * Sicherheitstechnik
    * Wartung & Service

  * Branchen & Anwendungen
    * Krankenhaustechnik
    * Flughafentechnik
    * Banken
    * Produzierende Unternehmen

Projekte

  * Sprache
    * DE
  * Startseite
  * Lösungen & Leistungen
    * Übersicht
    * Beratung
    * Planung
    * Energ...
---
Zum Hauptinhalt springen

Menü

  * Unternehmen
    * Gruppe
    * Profil
    * Leitbild
    * Ansprechpartner
    * Historie
  * Leistungen
  * Projekte
  * Aktuelles
    * Top-Themen
    * Mitteilungen
    * Publikationen
  * Karriere
    * Aktuelle Stellenangebote
    * Unsere Vision – Ihr Ziel?
    * WPW als Arbeitgeber
    * Einstieg bei WPW
    * Wir sind WPW
    * Leben und Arbeiten
  * Kontakt
    * Ansprechpartner
    * Anfrage
    * Anreise
    * Impressum
    * Datenschutzerklärung

 ..."
185,26,1,185_pharmacie_pharmacien_pharmacies_2024,"pharmacie, pharmacien, pharmacies, 2024, rôle, 12 2023, 11 2023, syndicat, voir, 08 2023","Le pharmacien

Notre rôle  
Devenir pharmacien

Actualités Pharmacies Offres d'emploi Agenda

À propos

Le syndicat  
Mot du président

Contact Espace membre

  
  
  
  

Le pharmacien

Notre rôle Devenir pharmacien

Actualités Pharmacies Offres d'emploi Agenda À propos

Le syndicat Mot du président

Contact

Espace membre

Mon pharmacien le sait

  

Proche de moi, à tout moment

  
  

# Nos services

##  
Vos pharmacies de gardes  

DÉCOUVRIR

##  
Annuaire des pharmacies  

DÉCOUVRIR

##  
...
---
Le pharmacien

Notre rôle  
Devenir pharmacien

Actualités Pharmacies Offres d'emploi Agenda

À propos

Le syndicat  
Mot du président

Contact Espace membre

  
  
  
  

# Pharmacies

Le pharmacien

Notre rôle Devenir pharmacien

Actualités Pharmacies Offres d'emploi Agenda À propos

Le syndicat Mot du président

Contact

Espace membre

Ville ALZINGEN BASCHARAGE BEAUFORT BELVAUX BERTRANGE BETTEMBOURG BIVANGE
BRIDEL CAPELLEN COLMAR-BERG CONTERN DIEKIRCH DIFFERDANGE DUDELANGE ECHTERNACH
ESCH-SUR...
---
Le pharmacien

Notre rôle  
Devenir pharmacien

Actualités Pharmacies Offres d'emploi Agenda

À propos

Le syndicat  
Mot du président

Contact Espace membre

  
  
  
  

# Pharmacies

Le pharmacien

Notre rôle Devenir pharmacien

Actualités Pharmacies Offres d'emploi Agenda À propos

Le syndicat Mot du président

Contact

Espace membre

Ville ALZINGEN BASCHARAGE BEAUFORT BELVAUX BERTRANGE BETTEMBOURG BIVANGE
BRIDEL CAPELLEN COLMAR-BERG CONTERN DIEKIRCH DIFFERDANGE DUDELANGE ECHTERNACH
ESCH-SUR..."
186,26,6,186_cédric_portraits_art_arts,"cédric, portraits, art, arts, photography, architecture, exposition, portrait, ouvrage, avril","Aller au contenu

  * Accueil
  * Architecture
  * Travaux
  * Mobilier & Design
  * Arts & Photo
  * Tourisme culturel
    * France
    * Europe
    * Asie
    * Moyen-Orient
    * Tour du monde de Lilie et Nico

Rechercher pour :

Le portail complet sur l'architecture, le design, l'art, la photo et le
tourisme culturel

  * Accueil
  * Architecture
  * Travaux
  * Mobilier & Design
  * Arts & Photo
  * Tourisme culturel
    * France
    * Europe
    * Asie
    * Moyen-Orient
    * Tour du mond...
---
Aller au contenu

  * Accueil
  * Architecture
  * Travaux
  * Mobilier & Design
  * Arts & Photo
  * Tourisme culturel
    * France
    * Europe
    * Asie
    * Moyen-Orient
    * Tour du monde de Lilie et Nico

Rechercher pour :

Le portail complet sur l'architecture, le design, l'art, la photo et le
tourisme culturel

  * Accueil
  * Architecture
  * Travaux
  * Mobilier & Design
  * Arts & Photo
  * Tourisme culturel
    * France
    * Europe
    * Asie
    * Moyen-Orient
    * Tour du mond...
---
Aller au contenu

  * Accueil
  * Architecture
  * Travaux
  * Mobilier & Design
  * Arts & Photo
  * Tourisme culturel
    * France
    * Europe
    * Asie
    * Moyen-Orient
    * Tour du monde de Lilie et Nico

Rechercher pour :

Le portail complet sur l'architecture, le design, l'art, la photo et le
tourisme culturel

  * Accueil
  * Architecture
  * Travaux
  * Mobilier & Design
  * Arts & Photo
  * Tourisme culturel
    * France
    * Europe
    * Asie
    * Moyen-Orient
    * Tour du mond..."
187,26,5,187_poussette_accessoire_lit_bébé,"poussette, accessoire, lit, bébé, langer, sac, matelas, shuttle, chaise, lentz","Ma liste

Mon compte

###  Je souhaite créer une liste

Créer une liste

###  Je souhaite offrir un cadeau

Rechercher une liste

###  J'ai déjà une liste, j'accède à mon compte

Mot de passe oublié ?

Connexion

je suis client invité

J’ai passé une commande en mode invité et je souhaite suivre l’état de ma
commande, voir mes factures etc...

Courrier invalide

j’active mon compte

  * offrir un cadeau 
  * Créer ma liste 
  * Gérer ma liste 
  * New:  RÉSERVER MON RDV PERSONNEL 

  * CHAMBRE E...
---
Ma liste

Mon compte

###  Je souhaite créer une liste

Créer une liste

###  Je souhaite offrir un cadeau

Rechercher une liste

###  J'ai déjà une liste, j'accède à mon compte

Mot de passe oublié ?

Connexion

je suis client invité

J’ai passé une commande en mode invité et je souhaite suivre l’état de ma
commande, voir mes factures etc...

Courrier invalide

j’active mon compte

  * offrir un cadeau 
  * Créer ma liste 
  * Gérer ma liste 
  * New:  RÉSERVER MON RDV PERSONNEL 

  * CHAMBRE E...
---
Ma liste

Mon compte

###  Je souhaite créer une liste

Créer une liste

###  Je souhaite offrir un cadeau

Rechercher une liste

###  J'ai déjà une liste, j'accède à mon compte

Mot de passe oublié ?

Connexion

je suis client invité

J’ai passé une commande en mode invité et je souhaite suivre l’état de ma
commande, voir mes factures etc...

Courrier invalide

j’active mon compte

  * offrir un cadeau 
  * Créer ma liste 
  * Gérer ma liste 
  * New:  RÉSERVER MON RDV PERSONNEL 

  * CHAMBRE E..."
188,26,9,188_02 00_theater_min_02,"02 00, theater, min, 02, 05 2023, dvd, 05, musek, 31 05, tarife","﻿

  * Startseite
  * Internet
  * TV
  * Handy
  * Tutorials
  * Smart home
  * Aktionen
  * Online-Registrierung
  *     * Hilfe
    * LOLCLOUD
    * Broschüre
    * Über uns
    * Kontakt
    * Stellenangebote
    * Sitemap
  * Gesetzlich

  * Internet
  * Unsere Internet-Angebote
  * Unsere Internet-Angebote + TV
  * 4G-Lösung
  * Glasfaser OHNE VERTRAGSLAUFZEIT
  * WIFI
  * Zubehör
  * Option NOW
  * Tarife im Detail
  * Bestellen
  * Festnetz-Telefonie
  * FAQ

  * TV
  * ANGBOT TV: Test 3...
---
* Home
  * Play
  * Télé
  * Radio

  * RTL Today 
  * RTL Infos 

  * Home
  * Play
  * Télé
  * Radio

  * News
    * National
    * Gemengewalen
    * International
    * Panorama
    * Tech-World
    * Meenung
    * Faktencheck
  * Mobiliteit
    * News
    * Trafic
    * Petrolspraisser
    * Auto-Tester
    * Lux-Airport
    * Radar-Kontrollen
    * Guidage Parking
    * Annoncen
  * Life
    * News
    * Gesondheet
    * Reesen
    * Spenden
    * Deiererubrik
    * Acteur de ma sante
   ...
---
Skip to content

YouTubeFacebookEmail

  * KML
  * News
  * Film
  * Doku
  * Club
  * Forum
  * Shop
  * Search for:

  * KML
  * News
  * Film
  * Doku
  * Club
  * Forum
  * Shop

Dokukmlmovies2022-07-20T12:14:52+02:00

# KML Dokus

  * All
  * CDJK
  * Gymnastik
  * Hochzäit
  * Kommioun
  * Theater
  * Verschiddenes

kmlmovies2022-11-08T23:30:39+02:00

## Wat een Zauber

Theater

2022 | 127 Min. | © Kabarä Pepperoni
kmlmovies2020-01-22T00:28:58+02:00

## Den Idioten-dîner

Theater

2019 | 1..."
189,26,7,189_sold_consent_consent cookies_cookie,"sold, consent, consent cookies, cookie, checkbox, flat, consent plugin, cookie consent, cookielawinfo checkbox, set gdpr","Zum Inhalt wechseln

  * Home
  * Produkte
    * Produkte
    * Reinigung
    * Pflege
    * Pflanzenhaarfarbe
  * Über uns
    * Über uns
    * Bilder
  * Informationen
    * So finden sie uns
    * Impressum

Menü

  * Home
  * Produkte
    * Produkte
    * Reinigung
    * Pflege
    * Pflanzenhaarfarbe
  * Über uns
    * Über uns
    * Bilder
  * Informationen
    * So finden sie uns
    * Impressum

## Produkte

  * Produkte
  * Reinigung
  * Pflege
  * Pflanzenhaarfarbe

Menü

  * Produkte
...
---
Zum Inhalt wechseln

  * Home
  * Produkte
    * Produkte
    * Reinigung
    * Pflege
    * Pflanzenhaarfarbe
  * Über uns
    * Über uns
    * Bilder
  * Informationen
    * So finden sie uns
    * Impressum

Menü

  * Home
  * Produkte
    * Produkte
    * Reinigung
    * Pflege
    * Pflanzenhaarfarbe
  * Über uns
    * Über uns
    * Bilder
  * Informationen
    * So finden sie uns
    * Impressum

## Bilder

  * Über uns
  * Bilder

Menü

  * Über uns
  * Bilder

Cleopatra's Naturwelt s. à...
---
Zum Inhalt wechseln

  * Home
  * Produkte
    * Produkte
    * Reinigung
    * Pflege
    * Pflanzenhaarfarbe
  * Über uns
    * Über uns
    * Bilder
  * Informationen
    * So finden sie uns
    * Impressum

Menü

  * Home
  * Produkte
    * Produkte
    * Reinigung
    * Pflege
    * Pflanzenhaarfarbe
  * Über uns
    * Über uns
    * Bilder
  * Informationen
    * So finden sie uns
    * Impressum

  * So finden sie uns
  * Impressum

Menü

  * So finden sie uns
  * Impressum

Cleopatra's N..."
190,25,6,190_avega_erstellung_buchhaltung_leo,"avega, erstellung, buchhaltung, leo, advisors, reporting, verwaltung, services luxembourg, notwendig, erfahrung","* Startseite
  * Über Uns
  * Leistungen
    * Dienstleistungen der AVEGA-Gruppe
    * AVEGA S.à r.l.
    * AVEGA Revision S.à r.l.
    * AVEGA Tax Advisors S.à r.l.
    * AVEGA Capital Management S.A.
    * AVEGA Services (Luxembourg) S.à r.l.
    * AVEGA France SAS
    * AVEGA Netherlands B.V.
  * Karriere
    * AVEGA als Arbeitgeber
    * Stellenangebote
    * AVEGA bei LinkedIn
  * Kontakt
  * Deutsch
    * Deutsch
    * English
    * Français

  * Startseite
  * Über Uns
  * Leistungen
    ...
---
* Startseite
  * Über Uns
  * Leistungen
    * Dienstleistungen der AVEGA-Gruppe
    * AVEGA S.à r.l.
    * AVEGA Revision S.à r.l.
    * AVEGA Tax Advisors S.à r.l.
    * AVEGA Capital Management S.A.
    * AVEGA Services (Luxembourg) S.à r.l.
    * AVEGA France SAS
    * AVEGA Netherlands B.V.
  * Karriere
    * AVEGA als Arbeitgeber
    * Stellenangebote
    * AVEGA bei LinkedIn
  * Kontakt
  * Deutsch
    * Deutsch
    * English
    * Français

  * Startseite
  * Über Uns
  * Leistungen
    ...
---
* Startseite
  * Über Uns
  * Leistungen
    * Dienstleistungen der AVEGA-Gruppe
    * AVEGA S.à r.l.
    * AVEGA Revision S.à r.l.
    * AVEGA Tax Advisors S.à r.l.
    * AVEGA Capital Management S.A.
    * AVEGA Services (Luxembourg) S.à r.l.
    * AVEGA France SAS
    * AVEGA Netherlands B.V.
  * Karriere
    * AVEGA als Arbeitgeber
    * Stellenangebote
    * AVEGA bei LinkedIn
  * Kontakt
  * Deutsch
    * Deutsch
    * English
    * Français

  * Startseite
  * Über Uns
  * Leistungen
    ..."
191,25,7,191_swift_fc_astellungen_cookie astellungen,"swift, fc, astellungen, cookie astellungen, dateschutzerklärung, virbehalen, kalenner, umellen, 2010 2023, copyright 2010","###

CS Fola

Fola

#### Umellen

Home

Club

Seniors

Jugend

Supporter

Multimedia

Kontakt

Archiv

Kalenner

### Sponsors

  *   *   *   *   *   *   *   *   *   *   *   *   *   *   *   *   *   *   *   *   *   *   *   *   * 

###

CS Fola

* * *
Dateschutzerklärung

Cookie-Astellungen

Geschäftsbedingungen

Impressum

Copyright © 2010 - 2023 All Rechter virbehalen.
---
###

FC Orania Vianden

FC Orania Vianden

#### Umellen

Home

Club

Seniors

Dammen

Veteranen

Jugend

Multimedia

Kalenner

Sponsoren

Archiv

Kontakt

Zréck op de Kalenner

Orania Vianden (Senior F)

## 0 : 0

SC Ell 2 (Senior F)

Detailer

Spillbou

Opstellung

Medien

Datum

01/04/2023

Zäit

19h00

Liga

Dames Ligue 2 undefined F

Spilldag

16

Spillort

Terrain 2 (Vianden)

###

FC Orania Vianden

* * *
Dateschutzerklärung

Cookie-Astellungen

Geschäftsbedingungen

Impressum

Copyright ©...
---
###

FC Mondercange

FCM

#### Umellen

Home

Kalenner

Club

Seniors

Senior ll

Seniors II b

Jeunes

Multimedia

Sponsoren

News

Terrains

Links

Kontakt

Archiv

### Sponsors

  *   *   *   *   *   *   *   *   *   *   *   *   *   *   *   *   *   *   *   *   *   *   *   *   *   *   *   *   *   *   *   *   *   *   *   *   *   *   *   *   *   *   *   *   *   *   *   *   * 

###

FC Mondercange

* * *
Dateschutzerklärung

Cookie-Astellungen

Geschäftsbedingungen

Impressum

Copyright © 2010 - 2..."
192,25,10,192_bernard massard_massard_bernard_cuvée,"bernard massard, massard, bernard, cuvée, weine, cactus, leadership, 08h00, datum, bestellung","Eine Führung buchen

  * Das Haus
  * Weingut
  * Weintourismus
  * 100 Jaehrige geschichte
  * Unsere Produkte
  * Eshop
  * Karriere
  * Aktuelles
  * Kontakt
  * So finden Sie uns
  * Warenkorb
  * fr de en nl

# Karriere

  * Empfang
    * 100 JAHRE
    * 100-JÄHRIGE GESCHICHTE
    * E-Shop
      * GLASWAREN
      * Unser Sortiment
    * Produzenten
    * So finden Sie uns
    * Weine
    * Internationaler Weinkeller
    * Unsere Weine
    * Sommelier
    * Mein Konto
    * Warenkorb
    * C...
---
Eine Führung buchen

  * Das Haus
  * Weingut
  * Weintourismus
  * 100 Jaehrige geschichte
  * Unsere Produkte
  * Eshop
  * Karriere
  * Aktuelles
  * Kontakt
  * So finden Sie uns
  * Warenkorb
  * fr en de nl

# BERNARD-MASSARD  
FEIERT SEIN 100-JÄHRIGES JUBILÄUM

Video ansehen

  * ## Cuvée1921
### 100th anniversary

Alle unsere Cuvées ansehen

  * ## Cuvée de l'Écusson
Alle unsere Cuvées ansehen

  * ## Cuvée Millésimée
Alle unsere Cuvées ansehen

  * ## Cuvée Sélection
Alle unsere Cuvées ...
---
Eine Führung buchen

  * Das Haus
  * Weingut
  * Weintourismus
  * 100 Jaehrige geschichte
  * Unsere Produkte
  * Eshop
  * Karriere
  * Aktuelles
  * Kontakt
  * So finden Sie uns
  * Warenkorb
  * fr en de nl

# BERNARD-MASSARD  
FEIERT SEIN 100-JÄHRIGES JUBILÄUM

Video ansehen

  * ## Cuvée1921
### 100th anniversary

Alle unsere Cuvées ansehen

  * ## Cuvée de l'Écusson
Alle unsere Cuvées ansehen

  * ## Cuvée Millésimée
Alle unsere Cuvées ansehen

  * ## Cuvée Sélection
Alle unsere Cuvées ..."
193,25,8,193_sarah_membership_fondation_contact tab,"sarah, membership, fondation, contact tab, tab navigate, navigate menu, menu items, ireland, items, tab","top of page

## Fondation

## Sarah Grond

  * Début
    * Our Mission
    * About Sarah
    * About
  * Projects
    * Achievements
    * Digital map
    * Volunteer
    * News
  * Membres
    * Groupes
  * Contact
  * More

Use tab to navigate through the menu items.

DON

Se connecter

## Profil

Join date: 27 mars 2021

* * *
Rien pour le moment

Ce membre n'a pas donné plus d'infos.

# Jeremy Pendle

0

Abonnés

1

Abonnements

S'abonner

Following icon

Plus d'actions

  * Profil

info@fon...
---
top of page

## Fondation

## Sarah Grond

  * Début
    * Our Mission
    * About Sarah
    * About
  * Projects
    * Achievements
    * Digital map
    * Volunteer
    * News
  * Membres
    * Groupes
  * Contact
  * More

Use tab to navigate through the menu items.

DON

Se connecter

  *   *   * 

## NOTRE MISSION

La Fondation Sarah Grond a pour mission d'aider les familles et les enfants
dans le besoin, directement ou indirectement, en apportant une aide financiere
ou autre au Luxembourg ...
---
top of page

## Fondation

## Sarah Grond

  * About
    * Our Mission
    * About Sarah
  * Projects
    * Achievements
    * Digital map
    * Volunteer
    * News
  * Members
    * Groups
  * Contact
  * More

Use tab to navigate through the menu items.

DONATE

Log In

  *   *   * 

## OUR MISSION

The Fondation Sarah Grond's mission is to help families and children in need,
either directly or indirectly, by providing financial or other help in
Luxembourg or abroad. The main purpose is to he..."
194,25,12,194_ausschreibung_entry_pferd_late,"ausschreibung, entry, pferd, late, schedule, payment, springen, cheval, 07 2022, nationale","Das Vertrauen eines Pferdes  
zu gewinnen, heißt einen Freund fürs Leben finden  
  * Home
    * News
    * Referenzen>
      * Kunden
      * Zeitschriften
      * TV-Reportagen
      * Kalender
    * Über mich
    * Ausrustung>
      * Sattel
      * Trensen
      * Beschlag
      * Reitbekleidung
    * Tipps und Tricks
    * Meine Helferin
  * Zirkuslektionen
    * Kompliment
    * Knien
    * Liegen / Flachliegen
    * Sitzen (mit Grußen)
    * Steigen / Levade
    * Spanischer Schritt
    *...
---
* Home
  * Our Services
    * Cashless Catering
    * International Horse Shows
    * Nationale Reitturniere Deutschland
    * Nationale Reitturniere Luxembourg
    * Nationale Reitturniere Schweiz / Liechtenstein
    * Horse Racing
    * Working Equitation
  * Log In
  * News
  * Contact
  * Licenced-partner
  * Suche
  * Menü Menü

### FUTURE EVENTS

Aachen Dressage Days, Hagen 11.-13.06.2023 (GER)

##

## Aachen Dressage Days, Hagen (GER), 11.-13.06.2023

Definite Entry for the show: 26.05.20...
---
* Home
  * Our Services
    * Cashless Catering
    * International Horse Shows
    * Nationale Reitturniere Deutschland
    * Nationale Reitturniere Luxembourg
    * Nationale Reitturniere Schweiz / Liechtenstein
    * Horse Racing
    * Working Equitation
  * Log In
  * News
  * Contact
  * Licenced-partner
  * Suche
  * Menü Menü

## Nationaler Reitsport, Deutschland

#  Wir vereinfachen Ihre VERANSTALTUNGEN

## Unser generelles Angebot

#### *

####  Nutzen Sie unsere Expertise und das Zusam..."
195,25,7,195_zeréck_ent_seniors_minimes,"zeréck, ent, seniors, minimes, fc, dateschutzerklärung notzungsbedengungen, akzeptéiert dateschutzerklärung, besichen deser, notéiert besichen, virbehalen notéiert","#  ALLIANCE ÄISCHDALL

Umellen

  * Home 
  * Neiegkeeten 
  * Kalenner 
  * Seniors 
  * Seniors II 
  * Jugend 
    * Zeréck
    * Juniors 
    * Cadets 
    * Scolaires 
    * Minimes 
    * Poussins 
    * Pupilles 
    * Bambinis 
  * Sponsoren 
  * Multimedia 
    * Zeréck
    * Galerie 
    * Videos 
  * Kontakt 

Stage zu Ilshofen (D) 27.07-29.07.2018

31/07/2018 08:19

Merchandise AA-Fanszene

20/07/2018 16:44

Aweiung nei Tribün 15/08/2014

31/01/2017 21:33

Copyright (C) 2010 - 2023 C...
---
#  Déckebierg huel se!

Umellen

  * Home 
  * Club 
    * Zeréck
    * Aktivitéiten 
    * Comité 
    * Terrain 
    * Historique 
  * Seniors 
    * Zeréck
    * Kader 
    * Seniors I 
    * Seniors II 
  * Jeunes 
    * Zeréck
    * Conseils 
    * Categories 
  * Vétérans 
  * Sponsoren 
  * Multimedia 
    * Zeréck
    * Galerie 
    * Videoen 
  * Neiegkeeten 
  * Kalenner 
  * Fanzone 
  * Kontakt 

19/11/2018 20:10 Franco Manuto

19/11/2018 20:09 Cedric Camarate

19/11/2018 20:06 Ben A...
---
#  ALLIANCE ÄISCHDALL

Umellen

  * Home 
  * Neiegkeeten 
  * Kalenner 
  * Seniors 
  * Seniors II 
  * Jugend 
    * Zeréck
    * Juniors 
    * Cadets 
    * Scolaires 
    * Minimes 
    * Poussins 
    * Pupilles 
    * Bambinis 
  * Sponsoren 
  * Multimedia 
    * Zeréck
    * Galerie 
    * Videos 
  * Kontakt 

Copyright (C) 2010 - 2023 Clubee. All Rechter virbehalen Notéiert weg, beim
Besichen vun deser Säit akzeptéiert Dir   Dateschutzerklärung an
Notzungsbedengungen. Impressum. Cook..."
196,25,10,196_property_rent_house_000 000,"property, rent, house, 000 000, clausen, louer, apartment, bedrooms, vendre, properties","* Projects
  * For Sale
  * For Rent
  * Our company
    * About us
    * Our team
    * Our privacy policy
    * Contact us
  * Our services
    * Selling a property
    * Renting a property
    * References
    * Request our services
  * EN

  * Projects
  * For Sale
  * For Rent
  * Our company
    * About us
    * Our team
    * Our privacy policy
    * Contact us
  * Our services
    * Selling a property
    * Renting a property
    * References
    * Request our services
  * EN

  * (+352)...
---
+352 27 91 88 77

info@ldhome.lu

  *   *   * 

Toggle navigation

En Fr

  * Buy 
    * Apartment
    * House
    * Shop / Office
    * Parking / Garage
    * Cellar
    * Land
  * Rent 
    * Bedroom / Flat share
    * Apartment
    * House
    * Shop / Office
    * Parking / Garage
    * Cellar
    * Agency fees
    * Comfort options
  * Sell 
    * Sell Your Property
    * Home Staging
    * Virtual Tour
    * Sold properties
    * Agency fees
  * Manage 
    * Rental Management
    * Invest...
---
+352 27 91 88 77

info@ldhome.lu

  *   *   * 

Toggle navigation

En Fr

  * Buy 
    * Apartment
    * House
    * Shop / Office
    * Parking / Garage
    * Cellar
    * Land
  * Rent 
    * Bedroom / Flat share
    * Apartment
    * House
    * Shop / Office
    * Parking / Garage
    * Cellar
    * Agency fees
    * Comfort options
  * Sell 
    * Sell Your Property
    * Home Staging
    * Virtual Tour
    * Sold properties
    * Agency fees
  * Manage 
    * Rental Management
    * Invest..."
197,25,11,197_reservieren_el_meinungen_milch,"reservieren, el, meinungen, milch, fotos, karte, abonnieren, kontakt aufnehmen, füllen, besichtigung","* Karte & Menüs
  * Fotos 
    * OUR FOOD
    * OUR VENUE
    * Virtuelle Besichtigung
  * Meinungen
  * Man spricht über uns
  * MENU PDF 
  *   * Erreichbarkeit/Kontakt

Reservieren

DE

  * EN 
  * ES 
  * IT 
  * FR 
  * PT 
  * RU 
  * CS 
  * JA 
  * ZH 
  * NL 
  * EL 

  * Karte & Menüs
  * Fotos
    * OUR FOOD
    * OUR VENUE
    * Virtuelle Besichtigung
  * Meinungen
  * Man spricht über uns
  * MENU PDF 
  *   * Erreichbarkeit/Kontakt

Reservieren

  * EN 
  * ES 
  * IT 
  * FR 
  * ...
---
* Karte & Menüs 
    * PLAT DU JOUR
    * NOTRE CARTE
  * Fotos
  * Meinungen
  * Man spricht über uns
  * Carte PDF 
  * Erreichbarkeit/Kontakt

Reservieren

DE

  * EN 
  * ES 
  * IT 
  * FR 
  * PT 
  * RU 
  * CS 
  * JA 
  * ZH 
  * NL 
  * EL 

  * Karte & Menüs
    * PLAT DU JOUR
    * NOTRE CARTE
  * Fotos
  * Meinungen
  * Man spricht über uns
  * Carte PDF 
  * Erreichbarkeit/Kontakt

Reservieren

  * EN 
  * ES 
  * IT 
  * FR 
  * PT 
  * RU 
  * CS 
  * JA 
  * ZH 
  * NL 
  * EL 
...
---
* Karte & Menüs 
    * PLAT DU JOUR
    * NOTRE CARTE
  * Fotos
  * Meinungen
  * Man spricht über uns
  * Carte PDF 
  * Erreichbarkeit/Kontakt

Reservieren

DE

  * EN 
  * ES 
  * IT 
  * FR 
  * PT 
  * RU 
  * CS 
  * JA 
  * ZH 
  * NL 
  * EL 

  * Karte & Menüs
    * PLAT DU JOUR
    * NOTRE CARTE
  * Fotos
  * Meinungen
  * Man spricht über uns
  * Carte PDF 
  * Erreichbarkeit/Kontakt

Reservieren

  * EN 
  * ES 
  * IT 
  * FR 
  * PT 
  * RU 
  * CS 
  * JA 
  * ZH 
  * NL 
  * EL 
..."
198,25,14,198_miersch_kanner_umellen_ut,"miersch, kanner, umellen, ut, komplett, magna, dolor, eis, labore, elit sed","Skip to main content

Menu

  * Wëllkomm
  * Informatiounen
    * Informatiounen
    * Eis Equipe
    * Kontaktéiert eis
    * Tariffer
    * Règlement interne
  * Programm
    * Cours'en
    * Vakanzenaktivitéiten
    * Fit Jugend Miersch
  * Aschreiwen
    * Aschreiwen / Umellen
    * E Kont uleeën
    * Fir en Cours umellen
    * Fir eng Aktivitéit umellen

  *   * 

  * Wëllkomm
  * Informatiounen
    * Informatiounen
    * Eis Equipe
    * Kontaktéiert eis
    * Tariffer
    * Règlement int...
---
Skip to main content

Menu

  * Wëllkomm
  * Informatiounen
    * Informatiounen
    * Eis Equipe
    * Kontaktéiert eis
    * Tariffer
    * Règlement interne
  * Programm
    * Cours'en
    * Vakanzenaktivitéiten
    * Fit Jugend Miersch
  * Aschreiwen
    * Aschreiwen / Umellen
    * E Kont uleeën
    * Fir en Cours umellen
    * Fir eng Aktivitéit umellen

  *   * 

  * Wëllkomm
  * Informatiounen
    * Informatiounen
    * Eis Equipe
    * Kontaktéiert eis
    * Tariffer
    * Règlement int...
---
Aller au contenu

  * CONTACT
  * Fournisseurs
  * COMMANDER

  * PRODUITS
  * NOUVEAUTES

BIO

Menu de navigation

Menu de navigation

  * CONTACT
  * Fournisseurs
  * COMMANDER

  * PRODUITS
  * NOUVEAUTES

BIO

# Tabs

[gdlr_heading tag=""h3″ size=""26px"" font_weight=""normal""]Tabs[/gdlr_heading]

[gdlr_space height=""30px""]

[gdlr_tabs style=""horizontal"" initial=""1″]

[gdlr_tab title=""Tab Title 1″]Lorem ipsum dolor sit amet, consectetur
adipisici elit, sed eiusmod tempor incidunt ut labore et do..."
199,25,5,199_flossbach storch_flossbach_storch_schindler,"flossbach storch, flossbach, storch, schindler, 2023 flossbach, storch multi, multi asset, opportunities, storch opportunities, defensive","* Land ändern

Privatanleger

PrivatanlegerProfessioneller Anleger

|

Land ändern

Privatanleger

FondsdatenFondspreiseKostenFondsdokumente

FondsnameISINFondstyp / RechtsformAnteilklassen­währungErtragsverwendung  
Flossbach von Storch - Multiple Opportunities II - R2LU0952573482OGAW /
FCPEURausschüttend  
Flossbach von Storch - Multiple Opportunities II - RT2LU1038809395OGAW /
FCPEURthesaurierend  
Flossbach von Storch - Multiple Opportunities II - H2, 7LU1748854863OGAW /
FCPEURausschüttend  ...
---
* Land ändern

Privatanleger

PrivatanlegerInstitutioneller AnlegerVertriebspartnerSonstige

|

Land ändern

Privatanleger

FondsdatenFondspreiseKostenFondsdokumente

FondsnameISINWKNFondstyp /
RechtsformAnteilklassen­währungErtragsverwendungVertriebszulassungenFondsdomizil  
Flossbach von Storch SICAV - Multiple Opportunities - RLU0323578657A0M430AIF /
SICAVEURausschüttendDE, LULuxemburg  
Flossbach von Storch - Multiple Opportunities II - R2LU0952573482A1W17YOGAW /
FCPEURausschüttendAT, CH, DE...
---
* Land ändern

Privatanleger

PrivatanlegerInstitutioneller AnlegerVertriebspartnerSonstige

|

Land ändern

Privatanleger

FondsdatenFondspreiseKostenFondsdokumente

FondsnameISINWKNFondstyp /
RechtsformAnteilklassen­währungErtragsverwendungVertriebszulassungenFondsdomizil  
Flossbach von Storch SICAV - Multiple Opportunities - RLU0323578657A0M430AIF /
SICAVEURausschüttendDE, LULuxemburg  
Flossbach von Storch - Multiple Opportunities II - R2LU0952573482A1W17YOGAW /
FCPEURausschüttendAT, CH, DE..."
200,25,11,200_assemblée générale_assemblée_kurse_annuelle,"assemblée générale, assemblée, kurse, annuelle, événements, générale, 352 40, juin, felis, angebote","Mein Prolingua

+352 40 39 91-0 info@prolingua.lu FR EN DE

Kursangebot  Testen Sie Ihre Sprachkenntnisse  Über uns  Kontakt

Prolingua Sprooche léieren. Sprooche liewen.

Prolingua Förderungen Angebote

# Angebote

## Angebote und Rabatte

  * Förderungen 
  * Berufsorientierte Kurse 
  * Einzelperson 
  * Angebote 

Prolingua feiert seinen 40. Geburtstag! Lassen Sie uns dies mit einem neuen
Logo feiern und noch spannender, 10% Rabatt auf unsere Intensivkurse. Hier ist
der Rabattcode: FORTY Gül...
---
Mein Prolingua

+352 40 39 91-0 info@prolingua.lu FR EN DE

Kursangebot  Testen Sie Ihre Sprachkenntnisse  Über uns  Kontakt

Prolingua Sprooche léieren. Sprooche liewen.

Prolingua Mein Prolingua

#  Mein Prolingua

## Ihr gesicherter Bereich

### Schülerbereich

Die Inhalte von Prolingua auf der Plattform ItsLearning spiegeln wider, was
Sie im Unterricht gelernt und praktiziert haben und sind ein hervorragendes
Hilfsmittel, um Ihre Sprachpraxis zu fördern.

Mein Prolingua

### Firmenbereich

H...
---
Mein Prolingua

+352 40 39 91-0 info@prolingua.lu FR EN DE

Kursangebot  Testen Sie Ihre Sprachkenntnisse  Über uns  Kontakt

Prolingua Sprooche léieren. Sprooche liewen.

Prolingua Kursangebot Hilfe

# Hilfe

  * Kursangebot 
  * Niveaus Skala 
  * Hilfe 

TBA

Prolingua Language Centre S.A. Sprooche léieren. Sprooche liewen.  
45a, Avenue Monterey L-2163 Luxembourg Mo-Fr: 8.30 – 18.30 (Freitags 17.00
Uhr) Mi: geschlossen von 12.30 bis 13.30  
+352 40 39 91-0 info@prolingua.lu

  * Startseite

..."
201,25,13,201_lëtzebuerger_sprooch_hunn_méi,"lëtzebuerger, sprooch, hunn, méi, numm, eis, lëtzebuerg, och, leit, neien","Skip navigation Aktuelles  Spenden  Wee 2050, eis Ziler  Facebook  Nee zum
Auslännerwahlrecht (2015)  Press & Co  Kultur a Geschicht  – Geschicht vu
Lëtzebuerg  – Lëtzebuerger Virnimm  Kontakt  
#  Déi neiste Bäitreeg op dësem Site:

# News

#  Een neit Buch iwwer Lëtzebuerg ""Mir gi Lëtzebuerg net op"" vum Fred Keup an
Tom Weidig

12 Jun 2022

(comments: 0)

Der Fluch des Turbowachstums

Ausschnnitt, Seite 102 im Buch:

In den letzten Jahren werden die Probleme des Wachstums aber immer
offensicht...
---
Skip navigation Aktuelles  Spenden  Wee 2050, eis Ziler  Facebook  Nee zum
Auslännerwahlrecht (2015)  Press & Co  Kultur a Geschicht  – Geschicht vu
Lëtzebuerg  – Lëtzebuerger Virnimm  Kontakt  
#  Déi neiste Bäitreeg op dësem Site:

# News

#  28.10.2020 De Grond firwat d'Wunnengen ëmmer méi deier ginn

28 Oct 2020

(comments: 0)

De Grond firwat d'Wunnengen ëmmer méi deier ginn:

D'Schafen vun ze vill Arbechtsplazen an déi domat verbonnen
Massenimmigratioun.

-
Am KLOERTEXT op RTL hunn se et e...
---
Skip navigation Aktuelles  Spenden  Wee 2050, eis Ziler  Facebook  Nee zum
Auslännerwahlrecht (2015)  Press & Co  Kultur a Geschicht  – Geschicht vu
Lëtzebuerg  – Lëtzebuerger Virnimm  Kontakt  
#  Déi neiste Bäitreeg op dësem Site:

# News

#  13.7.2020 D'Bevëlkerungsexplosioun ass responsabel fir déi héich Präisser
fir d'Wunnen!

13 Jul 2020

(comments: 0)

D'Bevëlkerungsexplosioun ass responsabel fir déi héich Präisser fir d'Wunnen!  
Eng vun de groussen internationale Consulting-Firmen, Delo..."
202,24,8,202_eau_reinigung_keller_glas,"eau, reinigung, keller, glas, begleitung, feuchtigkeit, behandlung, dienstleistungen, gebäude, vermietung","48 Route d'Arlon, L-8310 Capellen  (+352) 40 97 91 1

  * Über uns
  * Dienstleistungen
    * Oekologisch
    * Gebäude- und Unterhaltsreinigung
    * Glas- und Fassadenreinigung
    * Baubegleit- und Bauschlussreinigung
    * Reinigung von Sportanlagen und Schwimmbädern
    * Industriereinigung
    * Reinigung von Photovoltaik- und Solaranlagen
    * Teppichreinigung und –Vermietung
    * Fahrzeugreinigung
    * Begleitung von Eventveranstaltungen
    * Abfalllogistik
    * Grünservice und Pfle...
---
48 Route d'Arlon, L-8310 Capellen  (+352) 40 97 91 1

  * Über uns
  * Dienstleistungen
    * Oekologisch
    * Gebäude- und Unterhaltsreinigung
    * Glas- und Fassadenreinigung
    * Baubegleit- und Bauschlussreinigung
    * Reinigung von Sportanlagen und Schwimmbädern
    * Industriereinigung
    * Reinigung von Photovoltaik- und Solaranlagen
    * Teppichreinigung und –Vermietung
    * Fahrzeugreinigung
    * Begleitung von Eventveranstaltungen
    * Abfalllogistik
    * Grünservice und Pfle...
---
48 Route d'Arlon, L-8310 Capellen  (+352) 40 97 91 1

  * Über uns
  * Dienstleistungen
    * Oekologisch
    * Gebäude- und Unterhaltsreinigung
    * Glas- und Fassadenreinigung
    * Baubegleit- und Bauschlussreinigung
    * Reinigung von Sportanlagen und Schwimmbädern
    * Industriereinigung
    * Reinigung von Photovoltaik- und Solaranlagen
    * Teppichreinigung und –Vermietung
    * Fahrzeugreinigung
    * Begleitung von Eventveranstaltungen
    * Abfalllogistik
    * Grünservice und Pfle..."
203,24,7,203_ausstellungen_books_reisen_überblick,"ausstellungen, books, reisen, überblick, livres, katalog, mai 2017, bücher, frauen, editions","* Startseite
  * Ausstellungen
    * Überblick aller Ausstellungen
    * Vergangene Ausstellungen
    * Kalender Ausstellungen
  * Weiterbildung
    * Weiterbildungen nach Maß
    * Überblick aller Weiterbildungen
    * Vergangene Weiterbildungen
  * Reisen
    * Überblick aller Reisen
    * Vergangene Reisen
  * Vorträge
  * Projekte
  * Shop
  * Unsere Partner

Suche

#  Institut für Geschichte und Soziales Luxemburg

  * Startseite
  * Ausstellungen
    * Überblick aller Ausstellungen
    * V...
---
* Startseite
  * Ausstellungen
    * Überblick aller Ausstellungen
    * Vergangene Ausstellungen
    * Kalender Ausstellungen
  * Weiterbildung
    * Weiterbildungen nach Maß
    * Überblick aller Weiterbildungen
    * Vergangene Weiterbildungen
  * Reisen
    * Überblick aller Reisen
    * Vergangene Reisen
  * Vorträge
  * Projekte
  * Shop
  * Unsere Partner

Suche

#  Institut für Geschichte und Soziales Luxemburg

  * Startseite
  * Ausstellungen
    * Überblick aller Ausstellungen
    * V...
---
* Startseite
  * Ausstellungen
    * Überblick aller Ausstellungen
    * Vergangene Ausstellungen
    * Kalender Ausstellungen
  * Weiterbildung
    * Weiterbildungen nach Maß
    * Überblick aller Weiterbildungen
    * Vergangene Weiterbildungen
  * Reisen
    * Überblick aller Reisen
    * Vergangene Reisen
  * Vorträge
  * Projekte
  * Shop
  * Unsere Partner

Suche

#  Institut für Geschichte und Soziales Luxemburg

  * Startseite
  * Ausstellungen
    * Überblick aller Ausstellungen
    * V..."
204,24,8,204_cleaning_nettoyage_bardage_clean,"cleaning, nettoyage, bardage, clean, zinc, ardoise, toitures, ferblanterie, toiture, haute pression","Skip to content

  * Accueil
  * Présentation
  * Services
    * Nettoyage particuliers & professionnels
    * Nettoyage de vitres
    * Repassage
    * Nettoyage haute pression
    * Nettoyage après événement
    * Nettoyage fin de chantier
    * Service hivernal
  * Nos produits
  * Réalisations
  * Contact

Menu Fermer

  * Accueil
  * Présentation
  * Services
    * Nettoyage particuliers & professionnels
    * Nettoyage de vitres
    * Repassage
    * Nettoyage haute pression
    * Nettoyag...
---
Skip to content

  * Accueil
  * Présentation
  * Services
    * Nettoyage particuliers & professionnels
    * Nettoyage de vitres
    * Repassage
    * Nettoyage haute pression
    * Nettoyage après événement
    * Nettoyage fin de chantier
    * Service hivernal
  * Nos produits
  * Réalisations
  * Contact

Menu Fermer

  * Accueil
  * Présentation
  * Services
    * Nettoyage particuliers & professionnels
    * Nettoyage de vitres
    * Repassage
    * Nettoyage haute pression
    * Nettoyag...
---
Skip to content

  * Accueil
  * Présentation
  * Services
    * Nettoyage particuliers & professionnels
    * Nettoyage de vitres
    * Repassage
    * Nettoyage haute pression
    * Nettoyage après événement
    * Nettoyage fin de chantier
    * Service hivernal
  * Nos produits
  * Réalisations
  * Contact

Menu Fermer

  * Accueil
  * Présentation
  * Services
    * Nettoyage particuliers & professionnels
    * Nettoyage de vitres
    * Repassage
    * Nettoyage haute pression
    * Nettoyag..."
205,24,7,205_jardin_élagage_aménagement extérieur_abattage,"jardin, élagage, aménagement extérieur, abattage, arbres, paysagiste, extérieur, aménagement, garten, übersicht","* +352 621 239 164
  * info@spellini.lu
  * Facebook
  * Jobs
  * Blog
  * À propos
  * Contactez-nous

  *   * Élagage / Abattage
    * Élagage
    * Abattage
  * Paysagiste
    * Conception de jardin
    * Plan de jardin
  * Aménagement extérieur
    * Constructions en bois
    * Constructions métalliques
    * Illumination de jardin
    * Engazonnement
    * Entretien de jardin
    * Entretien de plantes
    * Maçonnerie
    * Toiture végétale
    * Bassin / Piscine naturelle
  * Réalisations...
---
* +352 621 239 164
  * info@spellini.lu
  * Facebook
  * Jobs
  * Blog
  * À propos
  * Contactez-nous

  *   * Élagage / Abattage
    * Élagage
    * Abattage
  * Paysagiste
    * Conception de jardin
    * Plan de jardin
  * Aménagement extérieur
    * Constructions en bois
    * Constructions métalliques
    * Illumination de jardin
    * Engazonnement
    * Entretien de jardin
    * Entretien de plantes
    * Maçonnerie
    * Toiture végétale
    * Bassin / Piscine naturelle
  * Réalisations...
---
* +352 621 239 164
  * info@spellini.lu
  * Facebook
  * Jobs
  * Blog
  * À propos
  * Contactez-nous

  *   * Élagage / Abattage
    * Élagage
    * Abattage
  * Paysagiste
    * Conception de jardin
    * Plan de jardin
  * Aménagement extérieur
    * Constructions en bois
    * Constructions métalliques
    * Illumination de jardin
    * Engazonnement
    * Entretien de jardin
    * Entretien de plantes
    * Maçonnerie
    * Toiture végétale
    * Bassin / Piscine naturelle
  * Réalisations..."
206,24,6,206_000 000_000_voir détail_traitement,"000 000, 000, voir détail, traitement, traitement données, détail, données personnelles, finalités, chambres prix, données","* Accueil
  * Ventes
  * Locations
  * Contact

RECHERCHE

    
Transaction

     achatlocation
    
neuf

Localité

     - \- Gare Arsdorf Bridel Clervaux Luxembourg Munshausen Petange Weidingen
Type de bien

     - Appartement Maison Terrain constructible
Budget

     - 100 000 150 000 200 000 250 000 300 000 350 000 400 000 450 000 500 000 550 000 600 000 650 000 700 000 800 000 900 000 1 000 000 1 500 000 2 000 000 3 000 000 4 000 000 5 000 000
à

     - 100 000 150 000 200 000 250 000 300 0...
---
﻿

RECHERCHE

    
Transaction

     achatlocation
    
neuf

Localité

     - \- Belair \- Cessange \- Hollerich Bergem Differdange Esch-sur-alzette Hautcharage Junglinster Lamadelaine Lintgen Luxembourg Remich Schifflange
Type de bien

     - Appartement Bureau Garage - Parking Local commercial Maison
Budget

     - 100 000 150 000 200 000 250 000 300 000 350 000 400 000 450 000 500 000 550 000 600 000 650 000 700 000 800 000 900 000 1 000 000 1 500 000 2 000 000 3 000 000 4 000 000 5 000 000
...
---
﻿

RECHERCHE

    
Transaction

     achatlocation
    
neuf

Localité

     - \- Belair Differdange Garnich Helmdange Howald Leudelange Luxembourg Sanem Schifflange
Type de bien

     - Appartement Bureau Local commercial Maison Terrain constructible
Budget

     - 100 000 150 000 200 000 250 000 300 000 350 000 400 000 450 000 500 000 550 000 600 000 650 000 700 000 800 000 900 000 1 000 000 1 500 000 2 000 000 3 000 000 4 000 000 5 000 000
à

     - 100 000 150 000 200 000 250 000 300 000 350..."
207,24,8,207_axa_kundenbereich_privatkunden_katzen,"axa, kundenbereich, privatkunden, katzen, antrag, reise, optional, gesundheit, hunde, unternehmen","DE

  * EN
  * FR
  * DE

  * Eine Agentur finden
  * KUNDENBEREICH

  * Privatkunden
Privatkunden

    * Auto
    * Moto
    * Hausversicherung
    * Gesundheit
    * Krankenversicherung Hunde & Katzen
    * Vorsorgeversicherung
    * Sparversicherungen
    * Zusatzpension
    * Steuerlich absetzbar
  * Selbständige & Unternehmen
Selbständige & Unternehmen

    * Selbständige & Unternehmen
Selbständige & Unternehmen

      * Gewerbetreibende und KMU
      * Vorsorgeeinrichtung Selbständige
    ...
---
DE

  * EN
  * FR
  * DE

  * Eine Agentur finden
  * KUNDENBEREICH

  * Privatkunden
Privatkunden

    * Auto
    * Moto
    * Hausversicherung
    * Gesundheit
    * Krankenversicherung Hunde & Katzen
    * Vorsorgeversicherung
    * Sparversicherungen
    * Zusatzpension
    * Steuerlich absetzbar
  * Selbständige & Unternehmen
Selbständige & Unternehmen

    * Selbständige & Unternehmen
Selbständige & Unternehmen

      * Gewerbetreibende und KMU
      * Vorsorgeeinrichtung Selbständige
    ...
---
DE

  * EN
  * FR
  * DE

  * Eine Agentur finden
  * KUNDENBEREICH

  * Privatkunden
Privatkunden

    * Auto
    * Moto
    * Hausversicherung
    * Gesundheit
    * Krankenversicherung Hunde & Katzen
    * Vorsorgeversicherung
    * Sparversicherungen
    * Zusatzpension
    * Steuerlich absetzbar
  * Selbständige & Unternehmen
Selbständige & Unternehmen

    * Selbständige & Unternehmen
Selbständige & Unternehmen

      * Gewerbetreibende und KMU
      * Vorsorgeeinrichtung Selbständige
    ..."
208,24,19,208_wormeldange_consult_weiler tour_énergétique,"wormeldange, consult, weiler tour, énergétique, weiler, donnees, bâtiment, élaboration, werkstatt, previous","* À propos de
  * Notre Travail
  * Contact
  * Imprint
  * Autres pages 
    *  

# À propos de

Nous sommes spécialisés dans les solutions personnalisées ...

Tout d'une main - un contact, une offre

Que proposons-nous?

Nous prenons en charge la planification et la gestion de vos besoins
individuels ...

Quelques-uns de nos services

  * Construction
  * Renovation
  * Alentours
  * Toiture
  * Salle de bains
  * Carrelages
  * Menuiserie
  * Mobilier sur mesure
  * Equipements
  * Beaucoup p...
---
Nous mettons toute notre expertise technique au service de vos projets

Nous suivre

Revenir sur le portail

  * Accueil
  * Projets futurs - ventes
  * Réalisations
  * Services
  *   * 

×

❮ ❯

MAMER

MAMER

MAMER

MAMER

MAMER

Previous Next

HALLER ( Waldbillig)

HALLER ( Waldbillig)

HALLER ( Waldbillig)

HALLER ( Waldbillig)

Previous Next

HALLER ( Waldbillig)

HALLER ( Waldbillig)

HALLER ( Waldbillig)

HALLER ( Waldbillig)

Previous Next

Ahn (Wormeldange)

Ahn (Wormeldange)

Ahn (Worm...
---
Dal zotto&Associés Ingénieurs-Conseils

  * Mission & Approche
  * News
  * Compétences
  * Projets
  * Equipe
  * Contact

#

## Mission & Approche

### Nos prestations comprennent les domaines de l'énergie, la physique,
l'écologie et les techniques du bâtiment

Crée en 2007, notre bureau d'ingénieurs-conseils s'est donné la mission d'une
approche pluridisciplinaire dans le domaine des techniques du bâtiment. Face
aux nombreux défis liés aux exigences des performances énergétiques élevées,
notr..."
209,24,12,209_fleurs_achat immédiat_immédiat_00 achat,"fleurs, achat immédiat, immédiat, 00 achat, bouquet, dry, plantes, achat, composition, boutique","* # Fleurs Warnier
  *     * Boutique
    * À propos de
    * Où nous trouver
    * Contactez-nous
  * 31 94 12
Obtenir des orientations

Heures d'ouverture

    * 

# Fleurs Warnier

##

Your flower specialist since 1979

we have a large selection of cut flowers, plants and decorative items.

31 94 12

  * 

Catégories

+3

# Star

B12

50.00€

En stock

Quantité :

1

Ajouter au Panier

Détails du produit

(les fleures peuvent variees

Enregistrer ce produit pour plus tard

Favori

  * Mon Com...
---
* # Fleurs Warnier
  *     * Boutique
    * À propos de
    * Où nous trouver
    * Contactez-nous
  * 31 94 12
Obtenir des orientations

Heures d'ouverture

    * 

# Fleurs Warnier

##

Your flower specialist since 1979

we have a large selection of cut flowers, plants and decorative items.

31 94 12

  * 

Catégories

+3

# Hope

00044

500.00€

En stock

Quantité :

1

Ajouter au Panier

Détails du produit

Enregistrer ce produit pour plus tard

Favori

  * Mon Compte 
  * Suivi de commande ...
---
* # Fleurs Warnier
  *     * Boutique
    * À propos de
    * Où nous trouver
    * Contactez-nous
  * 31 94 12
Obtenir des orientations

Heures d'ouverture

    * 

# Fleurs Warnier

##

Your flower specialist since 1979

we have a large selection of cut flowers, plants and decorative items.

31 94 12

  * 

Catégories

+3

# VIP

B29

112.00€

En stock

Quantité :

1

Ajouter au Panier

Détails du produit

(les fleurs peuvent variees)

Enregistrer ce produit pour plus tard

Favori

  * Mon Com..."
210,24,6,210_tango_apple_iphone_ipad,"tango, apple, iphone, ipad, mac, disponible, angebote, pro, watch, reparation","* shop@lineheart.lu
  * Paiement sécurisé





Menu



  * Apple
    * Mac 
Mac

      * MacBook Air 
      * MacBook Pro 13""
      * MacBook Pro 14"" NEW
      * MacBook Pro 16"" NEW
      * iMac 24""
      * Mac mini NEW
      * Mac Studio 
      * Mac Pro 
      * Écrans 
      * Accessoires Mac 
iPad

iPad

      * iPad Pro NEW
      * iPad Air 
      * iPad NEW
      * iPad mini 
      * Magic Keyboard 
      * Accessoires iPad 
iPhone

iPhone

      * iPhone 14 Pro Max NEW
      * iPhone 1...
---
* shop@lineheart.lu
  * Paiement sécurisé





Menu



  * Apple
    * Mac 
Mac

      * MacBook Air 
      * MacBook Pro 13""
      * MacBook Pro 14"" NEW
      * MacBook Pro 16"" NEW
      * iMac 24""
      * Mac mini NEW
      * Mac Studio 
      * Mac Pro 
      * Écrans 
      * Accessoires Mac 
iPad

iPad

      * iPad Pro NEW
      * iPad Air 
      * iPad NEW
      * iPad mini 
      * Magic Keyboard 
      * Accessoires iPad 
iPhone

iPhone

      * iPhone 14 Pro Max NEW
      * iPhone 1...
---
* shop@lineheart.lu
  * Paiement sécurisé



#



Menu



  * Apple
    * Mac 
Mac

      * MacBook Air 13""
      * MacBook Air 15"" NEW
      * MacBook Pro 13""
      * MacBook Pro 14""
      * MacBook Pro 16""
      * iMac 24""
      * Mac mini 
      * Mac Studio NEW
      * Mac Pro NEW
      * Écrans 
      * Accessoires Mac 
iPad

iPad

      * iPad Pro NEW
      * iPad Air 
      * iPad NEW
      * iPad mini 
      * Magic Keyboard 
      * Accessoires iPad 
iPhone

iPhone

      * iPhone 14..."
211,24,11,211_showroom_produkte_obst_09 00,"showroom, produkte, obst, 09 00, gemüse, türen, fenster, voir produits, 00 18, glas","#

  * Facebook
  * Youtube
  * Newsletter
  * Jobs
  * +352 403 703
  * Kontakt

Visitez notre entreprise

  * fr
  * en
  * de

  * Firma
    * Präsentation
    * Organisation
    * Umweltschutz
    * Unsere Partner
    * Fotogalerie
    * Video-Galerie
  * Produkte
    * Unsere Marken
    * Bio-Produkte
    * Vierte Produktklasse
    * Obstkörbe
    * Produkte aus der Großregion
    * Italienische Produkte
    * Unsere Säften
  * Serviceleistungen
    * Unser Freshcut Service
    * Konditioni...
---
#

  * Facebook
  * Youtube
  * Newsletter
  * Jobs
  * +352 403 703
  * Kontakt

Visitez notre entreprise

  * fr
  * en
  * de

  * Firma
    * Präsentation
    * Organisation
    * Umweltschutz
    * Unsere Partner
    * Fotogalerie
    * Video-Galerie
  * Produkte
    * Unsere Marken
    * Bio-Produkte
    * Vierte Produktklasse
    * Obstkörbe
    * Produkte aus der Großregion
    * Italienische Produkte
    * Unsere Säften
  * Serviceleistungen
    * Unser Freshcut Service
    * Konditioni...
---
#

  * Facebook
  * Youtube
  * Newsletter
  * Jobs
  * +352 403 703
  * Kontakt

Visitez notre entreprise

  * fr
  * en
  * de

  * Firma
    * Präsentation
    * Organisation
    * Umweltschutz
    * Unsere Partner
    * Fotogalerie
    * Video-Galerie
  * Produkte
    * Unsere Marken
    * Bio-Produkte
    * Vierte Produktklasse
    * Obstkörbe
    * Produkte aus der Großregion
    * Italienische Produkte
    * Unsere Säften
  * Serviceleistungen
    * Unser Freshcut Service
    * Konditioni..."
212,24,10,212_massage_sportifs_coach_marked,"massage, sportifs, coach, marked, sport, fitness, zoom press, personal training, nutrition, press zoom","top of page

  * Accueil
  * À propos
  * Prestations Bien-être
  * Prestations Sport
  * Photos
  * Contact
  * Chèque Cadeau Et +
  * More

Use tab to navigate through the menu items.

  *   * 

# LES MASSAGES SPORTIFS

# CABINET DE MASSAGE LUXEMBOURG

massage-sport-trigger point-sportif-douleurs musculaires

# Maux de tete inexpliques, vertiges, nausees ? Vous avez mal dans la nuque,
au dessus des epaules ? Les Trigger Points ou points gachette sont des nodules
musculaires compacts, douloureu...
---
top of page

# FIT CONCEPT

# LE SPORT VIENT A VOUS

PERSONAL TRAINING / COURS COLLECTIFS / ELECTRO-STIMULATION

STUDIO DE FITNESS / ENTREPRISES / CLUBS SPORTIFS

## visiteurs

  * ACCUEIL
  * NOUS CONNAITRE
    * NOTRE EQUIPE
    * CONTACT
  * NOS PRESTATIONS
    * PERSONAL TRAINING
    * COURS A DISTANCE - PROGRAMMES
    * MIHA BODYTEC
    * DIETETIQUE - NUTRITION
    * BILAN SANTE, FORME, NUTRITION
    * COURS EN ENTREPRISES
    * TARIFS
  * STUDIO FIT CONCEPT
    * ESPACE FITNESS
    * ESPAC...
---
top of page

# FIT CONCEPT

# LE SPORT VIENT A VOUS

PERSONAL TRAINING / COURS COLLECTIFS / ELECTRO-STIMULATION

STUDIO DE FITNESS / ENTREPRISES / CLUBS SPORTIFS

## visiteurs

  * ACCUEIL
  * NOUS CONNAITRE
    * NOTRE EQUIPE
    * CONTACT
  * NOS PRESTATIONS
    * PERSONAL TRAINING
    * COURS A DISTANCE - PROGRAMMES
    * MIHA BODYTEC
    * DIETETIQUE - NUTRITION
    * BILAN SANTE, FORME, NUTRITION
    * COURS EN ENTREPRISES
    * TARIFS
  * STUDIO FIT CONCEPT
    * ESPACE FITNESS
    * ESPAC..."
213,24,6,213_chaises_mobilier_bureau_conférence,"chaises, mobilier, bureau, conférence, espaces, moderne, espaces verts, showroom, verts, lounge","* Home
  * Nous
    * Notre Groupe
    * Notre Usine
    * Notre Équipe
      * Paolo
      * Vanessa
    * Notre Showroom
    * Notre Magazine
  * Services
    * Visite conseil personnalisé
    * Plans 2D et 3D
    * Création et développement sur mesure
    * Solutions acoustiques
    * Solutions interactives
    * Livraison et installation
    * Service après-vente
  * Produits
    * Mobilier de bureau
      * Bureaux
      * Sièges de bureau
      * Meubles de rangement
    * Conférence
    *...
---
* Home
  * Nous
    * Notre Groupe
    * Notre Usine
    * Notre Équipe
      * Paolo
      * Vanessa
    * Notre Showroom
    * Notre Magazine
  * Services
    * Visite conseil personnalisé
    * Plans 2D et 3D
    * Création et développement sur mesure
    * Solutions acoustiques
    * Solutions interactives
    * Livraison et installation
    * Service après-vente
  * Produits
    * Mobilier de bureau
      * Bureaux
      * Sièges de bureau
      * Meubles de rangement
    * Conférence
    *...
---
* Home
  * Nous
    * Notre Groupe
    * Notre Usine
    * Notre Équipe
      * Paolo
      * Vanessa
    * Notre Showroom
    * Notre Magazine
  * Services
    * Visite conseil personnalisé
    * Plans 2D et 3D
    * Création et développement sur mesure
    * Solutions acoustiques
    * Solutions interactives
    * Livraison et installation
    * Service après-vente
  * Produits
    * Mobilier de bureau
      * Bureaux
      * Sièges de bureau
      * Meubles de rangement
    * Conférence
    *..."
214,23,19,214_ultimate_fibre_release_certifications,"ultimate, fibre, release, certifications, diversity, lux, engineering, press release, position, aug","+352 498478 - 1 info@hitec.lu

  * Facebook
  * Twitter
  * Instagram

  * Facebook
  * Twitter
  * Instagram

  * Testing Technologies
  * Traffic Management
  * Space & Satellite Systems
  * Mission Critical

  * Home
  * About
  * Business fields
    * Testing Technologies
    * Traffic Management
    * Mission Critical
    * Space & Satellite Systems
  * News
  * Jobs
  * Contact

Select Page

# HITEC Luxembourg S.A.

# Innovation is our raw material

HITEC Luxembourg S.A., a 100%-owned Luxe...
---
# IT Luxembourg

Keep IT Simple

MENUMENU

  * Varonis
  * Ultimate LRS
  * Contact

## OrangeRX modules pinout

  * Search for:
  * ## Pages
    * Varonis
      * Varonis DataPrivilege
    * Ultimate LRS project origin and history
    * Varonis documentation
    * ULRS Release History
    * Software Installation
    * Hardware Installation
    * Material
    * Ultimate LRS
    * ULRS Range Estimator
    * Future features
    * Ultimate LRS Real-World Range
    * ""Narpat"" mod
    * Openlrsng or ...
---
# IT Luxembourg

Keep IT Simple

MENUMENU

  * Varonis
  * Ultimate LRS
  * Contact

## Varonis

Avec 10 ans d'expérience dans la mise en place et le suivi de projets Varonis
et protection des données pour des clients de toutes tailles, IT Luxembourg
vous assiste et vous guide à travers toutes les étapes.

Pour toute question concernant Varonis ou pour un essai gratuit n'hésitez pas
à nous contacter.

  * Prise en main de la solution, présentation des concepts-clés de Varonis dans le cadre de la..."
215,23,11,215_energiepass_gutachten_isolation_concept,"energiepass, gutachten, isolation, concept, climatisation, luxemburg, bardage, 26 50, thermique, parquet","mail: info@lc-concept.lu

tel: +352 26 50 17 20

  * Climatisation / Pompes à chaleur
  * Salle de bain
  * Revêtement de sol et mur
    * Parquet
    * Carrelage
    * Mortex
  * Projets
  * Contact

Contact

  * Climatisation / Pompes à chaleur
  * Salle de bain
  * Revêtement de sol et mur
    * Parquet
    * Carrelage
    * Mortex
  * Projets
  * Contact

## 1 - Édition du site

En vertu de l'article 6 de la loi n° 2004-575 du 21 juin 2004 pour la
confiance dans l'économie numérique, il est ...
---
mail: info@lc-concept.lu

tel: +352 26 50 17 20

  * Climatisation / Pompes à chaleur
  * Salle de bain
  * Revêtement de sol et mur
    * Parquet
    * Carrelage
    * Mortex
  * Projets
  * Contact

Contact

  * Climatisation / Pompes à chaleur
  * Salle de bain
  * Revêtement de sol et mur
    * Parquet
    * Carrelage
    * Mortex
  * Projets
  * Contact

Nouvelle salle de bains & rénovation

# Salle de bain clé en mains Luxembourg

LC Concept ne laisse rien au hasard, chaque mètre carré mér...
---
mail: info@lc-concept.lu

tel: +352 26 50 17 20

  * Climatisation / Pompes à chaleur
  * Salle de bain
  * Revêtement de sol et mur
    * Parquet
    * Carrelage
    * Mortex
  * Projets
  * Contact

Contact

  * Climatisation / Pompes à chaleur
  * Salle de bain
  * Revêtement de sol et mur
    * Parquet
    * Carrelage
    * Mortex
  * Projets
  * Contact

## Vente et pose de parquet Luxembourg

Besoin d'un spécialiste pour la vente et la pose de parquet au Luxembourg ?

## Climatisation et p..."
216,23,6,216_banking_united_credit_united kingdom,"banking, united, credit, united kingdom, kingdom, wealth, investment, private, document, funds","Skip to main content

# Search information or document and press enter

Elvinger Hoss Prussen

  *   *   * 

## Top navigation

  * News
  * Events
  * About us
  * Contact us

## Main navigation

  * Our expertise
    * Core practice groups
      * Asset management and investment funds
      * Corporate, banking and finance
      * Dispute resolution and commercial
      * Tax
    * Practice areas
      * Administrative law
      * Banking and financial services
      * Capital markets (debt an...
---
Skip to main content

# Search information or document and press enter

Elvinger Hoss Prussen

  *   *   * 

## Top navigation

  * News
  * Events
  * About us
  * Contact us

## Main navigation

  * Our expertise
    * Core practice groups
      * Asset management and investment funds
      * Corporate, banking and finance
      * Dispute resolution and commercial
      * Tax
    * Practice areas
      * Administrative law
      * Banking and financial services
      * Capital markets (debt an...
---
Skip to main content

# Search information or document and press enter

Elvinger Hoss Prussen

  *   *   * 

## Top navigation

  * News
  * Events
  * About us
  * Contact us

## Main navigation

  * Our expertise
    * Core practice groups
      * Asset management and investment funds
      * Corporate, banking and finance
      * Dispute resolution and commercial
      * Tax
    * Practice areas
      * Administrative law
      * Banking and financial services
      * Capital markets (debt an..."
217,23,11,217_panier_total_livraison_échelle,"panier, total, livraison, échelle, aperçu rapide, produit, salades, ttc, aperçu, details","Connexion

Français

  * Français
  * Deutsch

Contactez-nous

Appelez-nous au : 0825 20 20 20

Rechercher

Panier 0 Produit Produits (vide)

Aucun produit

À définir  Livraison

0,00 € Total

Commander

Produit ajouté au panier avec succès

Quantité

Total

Il y a 0 produits dans votre panier.  Il y a 1 produit dans votre panier.

Total produits

Frais de port  À définir

Total

Continuer mes achats  Commander

Menu

  * Fête des Mères
  * Occasions
    * Fête des Mères
    * Amour
    * Annive...
---
Connexion

Français

  * Français
  * Deutsch

Contactez-nous

Appelez-nous au : 0825 20 20 20

Rechercher

Panier 0 Produit Produits (vide)

Aucun produit

À définir  Livraison

0,00 € Total

Commander

Produit ajouté au panier avec succès

Quantité

Total

Il y a 0 produits dans votre panier.  Il y a 1 produit dans votre panier.

Total produits

Frais de port  À définir

Total

Continuer mes achats  Commander

Menu

  * Fête des Mères
  * Occasions
    * Fête des Mères
    * Amour
    * Annive...
---
Connexion

Français

  * Français
  * Deutsch

Contactez-nous

Appelez-nous au : 0825 20 20 20

Rechercher

Panier 0 Produit Produits (vide)

Aucun produit

À définir  Livraison

0,00 € Total

Commander

Produit ajouté au panier avec succès

Quantité

Total

Il y a 0 produits dans votre panier.  Il y a 1 produit dans votre panier.

Total produits

Frais de port  À définir

Total

Continuer mes achats  Commander

Menu

  * Fête des Mères
  * Occasions
    * Fête des Mères
    * Amour
    * Annive..."
218,23,18,218_syndic_islands_accepte données_progetis,"syndic, islands, accepte données, progetis, propositions, accepte, copropriété, compléter, honoraires, législation","Prénom & Nom

Adresse email

N° de téléphone

Sujet

Message/Demande

En soumettant ce formulaire, j’accepte que les informations saisies soient
exploitées pour permettre de me recontacter et utilisées dans le cadre de la
relation commerciale ou professionnelle qui peut en découler

# Syndilux - Syndic de copropriété et gestion immobilière

Contactez-nous

  * info@syndilux.lu
  * (+352) 691 440 001
  * 179, route d'Arlon - L-8011 Strassen

  * Accueil
  * Nos services
    * Syndic
    * Comptab...
---
Prénom & Nom

Adresse email

N° de téléphone

Sujet

Message/Demande

En soumettant ce formulaire, j’accepte que les informations saisies soient
exploitées pour permettre de me recontacter et utilisées dans le cadre de la
relation commerciale ou professionnelle qui peut en découler

# Syndilux - Syndic de copropriété et gestion immobilière

Contactez-nous

  * info@syndilux.lu
  * (+352) 691 440 001
  * 179, route d'Arlon - L-8011 Strassen

  * Accueil
  * Nos services
    * Syndic
    * Comptab...
---
Prénom & Nom

Adresse email

N° de téléphone

Sujet

Message/Demande

En soumettant ce formulaire, j’accepte que les informations saisies soient
exploitées pour permettre de me recontacter et utilisées dans le cadre de la
relation commerciale ou professionnelle qui peut en découler

# Syndilux - Syndic de copropriété et gestion immobilière

Contactez-nous

  * info@syndilux.lu
  * (+352) 691 440 001
  * 179, route d'Arlon - L-8011 Strassen

  * Accueil
  * Nos services
    * Syndic
    * Comptab..."
219,23,6,219_creche_éducatif_purus_crèche,"creche, éducatif, purus, crèche, maison relais, foetz, relais, urna, belval, infos","Skip to content

  * CIGL ESCH
  * QUI SOMMES NOUS
    * CRECHE BELVAL
    * ACCUEIL ÉDUCATIF
    * MAISON RELAIS
  * EQUIPES
    * CRECHE BELVAL
    * ACCUEIL ÉDUCATIF
    * MAISON RELAIS
  * GROUPES
    * CRECHE BELVAL
    * ACCUEIL ÉDUCATIF
    * MAISON RELAIS
  * CONCEPT PÉDAGOGIQUE
    * CRECHE BELVAL
    * ACCUEIL ÉDUCATIF
    * MAISON RELAIS
  * HORAIRE/JOURNÉE
    * CRECHE BELVAL
    * ACCUEIL ÉDUCATIF
    * MAISON RELAIS
  * LE JARDIN
    * CRECHE BELVAL
    * ACCUEIL ÉDUCATIF
    * MAI...
---
Skip to content

  * CIGL ESCH
  * QUI SOMMES NOUS
    * CRECHE BELVAL
    * ACCUEIL ÉDUCATIF
    * MAISON RELAIS
  * EQUIPES
    * CRECHE BELVAL
    * ACCUEIL ÉDUCATIF
    * MAISON RELAIS
  * GROUPES
    * CRECHE BELVAL
    * ACCUEIL ÉDUCATIF
    * MAISON RELAIS
  * CONCEPT PÉDAGOGIQUE
    * CRECHE BELVAL
    * ACCUEIL ÉDUCATIF
    * MAISON RELAIS
  * HORAIRE/JOURNÉE
    * CRECHE BELVAL
    * ACCUEIL ÉDUCATIF
    * MAISON RELAIS
  * LE JARDIN
    * CRECHE BELVAL
    * ACCUEIL ÉDUCATIF
    * MAI...
---
Skip to content

  * CIGL ESCH
  * QUI SOMMES NOUS
    * CRECHE BELVAL
    * ACCUEIL ÉDUCATIF
    * MAISON RELAIS
  * EQUIPES
    * CRECHE BELVAL
    * ACCUEIL ÉDUCATIF
    * MAISON RELAIS
  * GROUPES
    * CRECHE BELVAL
    * ACCUEIL ÉDUCATIF
    * MAISON RELAIS
  * CONCEPT PÉDAGOGIQUE
    * CRECHE BELVAL
    * ACCUEIL ÉDUCATIF
    * MAISON RELAIS
  * HORAIRE/JOURNÉE
    * CRECHE BELVAL
    * ACCUEIL ÉDUCATIF
    * MAISON RELAIS
  * LE JARDIN
    * CRECHE BELVAL
    * ACCUEIL ÉDUCATIF
    * MAI..."
220,23,12,220_facilisis_malesuada_nisi_sed,"facilisis, malesuada, nisi, sed, sit amet, amet, ipsum, vélo, sit, likes","#### Coordonnées rapides

Ici pour aider!

Lundi-Vendredi: 9am to 5.30pm; Samedi: Sur Rendez-Vous; Dimanche: fermé ALTO
CONSTRUCTION S.á.r.l 38 Haaptstrooss, L-9806, Hosingen \+ 352 269 032 89 \+
352 691 219 611 info@alto-construction.lu

+352 2690 3289 info@alto-construction.lu Lundi-Vendredi: 9am to 5.30pm;
Samedi: Sur Rendez-Vous; Dimanche: fermé

  * Accueil
  * A propos de nous
  * Services
    * Rénovation
    * Construction
    * Façade
    * Peinture
    * Démolition
    * Terrassement
 ...
---
#### Coordonnées rapides

Ici pour aider!

Lundi-Vendredi: 9am to 5.30pm; Samedi: Sur Rendez-Vous; Dimanche: fermé ALTO
CONSTRUCTION S.á.r.l 38 Haaptstrooss, L-9806, Hosingen \+ 352 269 032 89 \+
352 691 219 611 info@alto-construction.lu

+352 2690 3289 info@alto-construction.lu Lundi-Vendredi: 9am to 5.30pm;
Samedi: Sur Rendez-Vous; Dimanche: fermé

  * Accueil
  * A propos de nous
  * Services
    * Rénovation
    * Construction
    * Façade
    * Peinture
    * Démolition
    * Terrassement
 ...
---
#### Coordonnées rapides

Ici pour aider!

Lundi-Vendredi: 9am to 5.30pm; Samedi: Sur Rendez-Vous; Dimanche: fermé ALTO
CONSTRUCTION S.á.r.l 38 Haaptstrooss, L-9806, Hosingen \+ 352 269 032 89 \+
352 691 219 611 info@alto-construction.lu

+352 2690 3289 info@alto-construction.lu Lundi-Vendredi: 9am to 5.30pm;
Samedi: Sur Rendez-Vous; Dimanche: fermé

  * Accueil
  * A propos de nous
  * Services
    * Rénovation
    * Construction
    * Façade
    * Peinture
    * Démolition
    * Terrassement
 ..."
221,23,7,221_minett_éislek_mtb_wandern,"minett, éislek, mtb, wandern, trail, schuhe, natur, visit, übernachten, kultur","Neue Suche

Deutsch

French English

  *   *   * 

* * *
  * Das Minett entdecken 
    * Alle 
    * Kunst & Kultur 
    * Sport & Freizeit 
    * Natur & Ausflüge 
    * Wandern & spazieren 
    * Familie & Kinder 
    * Geführte Besichtigungen 
    * Ausgehen 
    * Shopping 
  * Minett Tour 
  * RedRock MTB Trails 
  * Agenda 
  * Minett Trail 
  * Minett Cycle 
  * Travel Guide 
    * Übernachten & speisen 
    * Mobilität 
    * Downloads 
    * Über & Kontakt 
  * Suche 

  * Jetzt buchen ...
---
Neue Suche

Deutsch

French English

  *   *   * 

* * *
  * Das Minett entdecken 
    * Alle 
    * Kunst & Kultur 
    * Sport & Freizeit 
    * Natur & Ausflüge 
    * Wandern & spazieren 
    * Familie & Kinder 
    * Geführte Besichtigungen 
    * Ausgehen 
    * Shopping 
  * Minett Tour 
  * RedRock MTB Trails 
  * Agenda 
  * Minett Trail 
  * Minett Cycle 
  * Travel Guide 
    * Übernachten & speisen 
    * Mobilität 
    * Downloads 
    * Über & Kontakt 
  * Suche 

  * Jetzt buchen ...
---
Neue Suche

Deutsch

French English

  *   *   * 

* * *
  * Das Minett entdecken 
    * Alle 
    * Kunst & Kultur 
    * Sport & Freizeit 
    * Natur & Ausflüge 
    * Wandern & spazieren 
    * Familie & Kinder 
    * Geführte Besichtigungen 
    * Ausgehen 
    * Shopping 
  * Minett Tour 
  * RedRock MTB Trails 
  * Agenda 
  * Minett Trail 
  * Minett Cycle 
  * Travel Guide 
    * Übernachten & speisen 
    * Mobilität 
    * Downloads 
    * Über & Kontakt 
  * Suche 

  * Jetzt buchen ..."
222,23,9,222_chaussures_mode_vêtements_chaleur,"chaussures, mode, vêtements, chaleur, 99, boutiques, passion, shirts, nuit, femme","Femme

Homme

Sous-Vêtements

Chaussures

Bien-être

THERMOLACTYL

  * Livraison 1 semaine
  * Retour gratuit en boutique
  * Paiement sécurisé

  * Connectez-vous ou Créez un compte

## boutiques

## Mon compte

## Mon Panier

0  
COLLECTION  
T-shirts & polos

Chemisiers & tuniques

Pulls & gilets

Pantalons & shorts

Jupes

Robes

Manteaux & vestes

Maillots de bain

Accessoires

\- Sacs

\- Bijoux

\- Autres accessoires  
SOUS-VETEMENTS  
Lingerie de jour

Debardeurs, caracos, chemises

\- S...
---
Femme

Homme

Sous-Vêtements

Chaussures

Bien-être

THERMOLACTYL

  * Livraison 1 semaine
  * Retour gratuit en boutique
  * Paiement sécurisé

  * Connectez-vous ou Créez un compte

## boutiques

## Mon compte

## Mon Panier

0  
COLLECTION  
T-shirts & polos

Chemisiers & tuniques

Pulls & gilets

Pantalons & shorts

Jupes

Robes

Manteaux & vestes

Maillots de bain

Accessoires

\- Sacs

\- Bijoux

\- Autres accessoires  
SOUS-VETEMENTS  
Lingerie de jour

Debardeurs, caracos, chemises

\- S...
---
Femme

Homme

Sous-Vêtements

Chaussures

Bien-être

THERMOLACTYL

  * Livraison 1 semaine
  * Retour gratuit en boutique
  * Paiement sécurisé

  * Connectez-vous ou Créez un compte

## boutiques

## Mon compte

## Mon Panier

0  
COLLECTION  
T-shirts & polos

Chemisiers & tuniques

Pulls & gilets

Pantalons & shorts

Jupes

Robes

Manteaux & vestes

Maillots de bain

Accessoires

\- Sacs

\- Bijoux

\- Autres accessoires  
SOUS-VETEMENTS  
Lingerie de jour

Debardeurs, caracos, chemises

\- S..."
223,23,10,223_catalogue_37_systeme_equipement,"catalogue, 37, systeme, equipement, département, automobile, distributeurs, valable, lave, fichier","Download A propos Contact

##### produits et machines de nettoyage

* * *
  * Fr
    * De

  * 

  * Hygiene
    * Papier & Distributeurs
      * Papier wc
      * Bobines
      * Essuis-mains
      * Essuis-tout
      * Mouchoirs
      * Serviettes / nappes
    * Savon et distributeurs
      * Savon main
      * Soin corporel
      * Desinfection
      * Distributeurs
      * Hygiene sanitaire
    * Hygiene bebe
  * Collecte
    * Poubelles
    * Systeme de triage
    * Sacs poubelle
    * Cend...
---
Download A propos Contact

##### produits et machines de nettoyage

* * *
  * Fr
    * De

  * 

  * Hygiene
    * Papier & Distributeurs
      * Papier wc
      * Bobines
      * Essuis-mains
      * Essuis-tout
      * Mouchoirs
      * Serviettes / nappes
    * Savon et distributeurs
      * Savon main
      * Soin corporel
      * Desinfection
      * Distributeurs
      * Hygiene sanitaire
    * Hygiene bebe
  * Collecte
    * Poubelles
    * Systeme de triage
    * Sacs poubelle
    * Cend...
---
Download A propos Contact

##### produits et machines de nettoyage

* * *
  * Fr
    * De

  * 

  * Hygiene
    * Papier & Distributeurs
      * Papier wc
      * Bobines
      * Essuis-mains
      * Essuis-tout
      * Mouchoirs
      * Serviettes / nappes
    * Savon et distributeurs
      * Savon main
      * Soin corporel
      * Desinfection
      * Distributeurs
      * Hygiene sanitaire
    * Hygiene bebe
  * Collecte
    * Poubelles
    * Systeme de triage
    * Sacs poubelle
    * Cend..."
224,23,2,224_bernard massard_massard_bernard_hinzufügen,"bernard massard, massard, bernard, hinzufügen, meinungen, charakter, 75cl, lagerung, trocken, fleisch","* BERNARD-MASSARD.LU
  * \+ 900 internationale Produkte 
  * Sichere Bezahlung 
  * Expresslieferung innerhalb Luxemburgs 

  * Weine
  * Länder und Regionen
    * Luxembourg
      * AOP Luxemburgische Mosel
    * Frankreich
      * Ardèche
      * Ardenne
      * Beaujolais
      * Bordeaux
      * Burgund
      * Calvados
      * Champagne
      * Cognac
      * Côtes du Rhône
      * Elsass
      * Languedoc-Roussillon
      * Loire
      * Provence
      * Sud-Ouest
    * Italien
      * Apu...
---
* BERNARD-MASSARD.LU
  * \+ 900 internationale Produkte 
  * Sichere Bezahlung 
  * Expresslieferung innerhalb Luxemburgs 

  * Weine
  * Länder und Regionen
    * Luxembourg
      * AOP Luxemburgische Mosel
    * Frankreich
      * Ardèche
      * Ardenne
      * Beaujolais
      * Bordeaux
      * Burgund
      * Calvados
      * Champagne
      * Cognac
      * Côtes du Rhône
      * Elsass
      * Languedoc-Roussillon
      * Loire
      * Provence
      * Sud-Ouest
    * Italien
      * Apu...
---
* BERNARD-MASSARD.LU
  * \+ 900 internationale Produkte 
  * Sichere Bezahlung 
  * Expresslieferung innerhalb Luxemburgs 

  * Weine
  * Länder und Regionen
    * Luxembourg
      * AOP Luxemburgische Mosel
    * Frankreich
      * Ardèche
      * Ardenne
      * Beaujolais
      * Bordeaux
      * Burgund
      * Calvados
      * Champagne
      * Cognac
      * Côtes du Rhône
      * Elsass
      * Languedoc-Roussillon
      * Loire
      * Provence
      * Sud-Ouest
    * Italien
      * Apu..."
225,23,13,225_sos_spenden_kinder_spende,"sos, spenden, kinder, spende, lëtzebuerger, republic, externe, islands, fördern, lesen","* Wer wir sind 
    * Mission, Vision, Werte 
    * Unsere pädagogische Haltung 
    * Kinder- und Jugendschutz 
    * Unser SDG-Engagement 
    * Hermann Gmeiner 
    * Entstehungsgeschichte der Fondation Lëtzebuerger Kannerduerf 
    * SOS-Kinderdorf International 
    * Finanzierung 
    * Governance 
    * Direktionskomitee 
    * Organigramm 
  * Was wir tun 
    * Tag- und Nachtbetreuung 
      * SOS-Kinderdorffamilien 
      * Externe Kurzzeit SOS Kinderdorffamilien 
      * Kinder / Juge...
---
* Wer wir sind 
    * Mission, Vision, Werte 
    * Unsere pädagogische Haltung 
    * Kinder- und Jugendschutz 
    * Unser SDG-Engagement 
    * Hermann Gmeiner 
    * Entstehungsgeschichte der Fondation Lëtzebuerger Kannerduerf 
    * SOS-Kinderdorf International 
    * Finanzierung 
    * Governance 
    * Direktionskomitee 
    * Organigramm 
  * Was wir tun 
    * Tag- und Nachtbetreuung 
      * SOS-Kinderdorffamilien 
      * Externe Kurzzeit SOS Kinderdorffamilien 
      * Kinder / Juge...
---
* Wer wir sind 
    * Mission, Vision, Werte 
    * Unsere pädagogische Haltung 
    * Kinder- und Jugendschutz 
    * Unser SDG-Engagement 
    * Hermann Gmeiner 
    * Entstehungsgeschichte der Fondation Lëtzebuerger Kannerduerf 
    * SOS-Kinderdorf International 
    * Finanzierung 
    * Governance 
    * Direktionskomitee 
    * Organigramm 
  * Was wir tun 
    * Tag- und Nachtbetreuung 
      * SOS-Kinderdorffamilien 
      * Externe Kurzzeit SOS Kinderdorffamilien 
      * Kinder / Juge..."
226,23,11,226_icon_oai_architectes_associés,"icon, oai, architectes, associés, architects, architecte, architect, architecture, guide, interior","Aller au contenu principal

Beng Architectes Associés

Toglle navigation

## Navigation principale

  * Projets
  * L'agence
  * L'équipe
  * Offres d'emploi
  * Labellisations
  * Contact

  * fr
  * en

Rechercher

Appliquer

##

Logements pour jeunes

Rumelange

2022

  * icon
###

Architecture

  * icon
###

Architecture d’intérieur

  * icon
###

Projets artistiques

  * icon
###

Urbanisme

##

Stade national de Luxembourg

Luxembourg

2022

  * icon
###

Architecture

  * icon
###

Archit...
---
Skip to main content

Beng Architectes Associés

Toglle navigation

## Navigation principale

  * Projects
  * Company
  * Team
  * Offres d'emploi
  * Labellisations
  * Contact

  * fr
  * en

Rechercher

Appliquer

##

Central warehouse and logistics workshops

Ettelbruck

2020

  * icon
###

Architecture

  * icon
###

Interior Design

  * icon
###

Artistic projects

  * icon
###

Urban planning

##

Reception hall of the town hall in Mersch

Mersch

2020

  * icon
###

Architecture

  * ic...
---
Skip to main content

guideoai.lu is loading...

## Main navigation

  * Architectes
  * Ingénieurs-conseils
  * Architectes d'intérieur
  * Urbanistes / Aménageurs
  * Architectes- / Ingénieurs-paysagistes
  * Entrer en contact avec les membres de l'OAI
  * Télécharger le guide OAI - références 2022
  * Communiqué de presse
  * Vient de paraître
  * Voir l'exposition « Mir maache Lëtzebuerg »
  * Archives Guide oai 2008
  * Archives Guide oai 2010
  * Archives Guide oai 2012
  * Archives Guide ..."
227,23,1,227_wine_restaurant bar_cookie policy_strictly,"wine, restaurant bar, cookie policy, strictly, settings, sign, disable, strictly cookies, save, save preferences","Close

## Wine & Dine

  * Restaurant
  * Bar
  * Wine
  * Mother's Day

Menu

  * Restaurant
  * Bar
  * Wine
  * Mother's Day

# Buff

## Post navigation

Previous: Marc de Luxembourg

Next: Amaro Averna

## Sign up to our newsletter

Sign up to receive news about Bistro Quai before anyone else, exclusive
promotions and invitations to private events – plus a few surprises.

Email

Sign me up

## Contact us

[email protected]

+352 24 55 87 75

## Follow us on social media

Facebook Instagram

...
---
Close

## Wine & Dine

  * Restaurant
  * Bar
  * Wine
  * Mother's Day

Menu

  * Restaurant
  * Bar
  * Wine
  * Mother's Day

# Buff

## Post navigation

Previous: Marc de Luxembourg

Next: Amaro Averna

## Sign up to our newsletter

Sign up to receive news about Bistro Quai before anyone else, exclusive
promotions and invitations to private events – plus a few surprises.

Email

Sign me up

## Contact us

[email protected]

+352 24 55 87 75

## Follow us on social media

Facebook Instagram

...
---
Close

## Wine & Dine

  * Restaurant
  * Bar
  * Wine
  * Mother's Day

Menu

  * Restaurant
  * Bar
  * Wine
  * Mother's Day

# Diplomatico

## Post navigation

Previous: Portonic

Next: Plantation Pineapple Jamaica XO

## Sign up to our newsletter

Sign up to receive news about Bistro Quai before anyone else, exclusive
promotions and invitations to private events – plus a few surprises.

Email

Sign me up

## Contact us

[email protected]

+352 24 55 87 75

## Follow us on social media

Face..."
228,23,4,228_577_49 69_telefax_consultants,"577, 49 69, telefax, consultants, deutschland, 69, migration, 350, leistungsspektrum, telefon","#

  * Über uns
    * Teil der Confero Group
    * exameo
    * Team
    * Kundenauswahl
    * Karriere
    * Social Responsibility
  * Leistungsspektrum
    * Kunden- und Partnermanagement
    * Datenschutz & ISMS
    * Migration & Transformation
  * Services
  * Kontakt
    * Luxemburg
    * Deutschland

  * 

  * Über uns
    * Teil der Confero Group
    * exameo
    * Team
    * Kundenauswahl
    * Karriere
    * Social Responsibility
  * Leistungsspektrum
    * Kunden- und Partnermanagement...
---
#

  * Über uns
    * Teil der Confero Group
    * exameo
    * Team
    * Kundenauswahl
    * Karriere
    * Social Responsibility
  * Leistungsspektrum
    * Kunden- und Partnermanagement
    * Datenschutz & ISMS
    * Migration & Transformation
  * Services
  * Kontakt
    * Luxemburg
    * Deutschland

  * 

  * Über uns
    * Teil der Confero Group
    * exameo
    * Team
    * Kundenauswahl
    * Karriere
    * Social Responsibility
  * Leistungsspektrum
    * Kunden- und Partnermanagement...
---
#

  * Über uns
    * Teil der Confero Group
    * exameo
    * Team
    * Kundenauswahl
    * Karriere
    * Social Responsibility
  * Leistungsspektrum
    * Kunden- und Partnermanagement
    * Datenschutz & ISMS
    * Migration & Transformation
  * Services
  * Kontakt
    * Luxemburg
    * Deutschland

  * 

  * Über uns
    * Teil der Confero Group
    * exameo
    * Team
    * Kundenauswahl
    * Karriere
    * Social Responsibility
  * Leistungsspektrum
    * Kunden- und Partnermanagement..."
229,23,9,229_électricité_électrique_générale_domotique,"électricité, électrique, générale, domotique, réseau, accueil services, alarme, electricité, normes, distribution","## Électricité générale et technologies

  * accueil
  * nos services
    * électricité générale
    * rénovation électrique
    * remise aux normes
    * sécurité
    * réseau
  * distribution
  * nos réalisations
  * contactez-nous

Menu

  * accueil
  * nos services
    * électricité générale
    * rénovation électrique
    * remise aux normes
    * sécurité
    * réseau
  * distribution
  * nos réalisations
  * contactez-nous

##### Électricité générale et technologies

  * accueil
  * nos s...
---
## Électricité générale et technologies

  * accueil
  * nos services
    * électricité générale
    * rénovation électrique
    * remise aux normes
    * sécurité
    * réseau
  * distribution
  * nos réalisations
  * contactez-nous

Menu

  * accueil
  * nos services
    * électricité générale
    * rénovation électrique
    * remise aux normes
    * sécurité
    * réseau
  * distribution
  * nos réalisations
  * contactez-nous

##### Électricité générale et technologies

  * accueil
  * nos s...
---
## Électricité générale et technologies

  * accueil
  * nos services
    * électricité générale
    * rénovation électrique
    * remise aux normes
    * sécurité
    * réseau
  * distribution
  * nos réalisations
  * contactez-nous

Menu

  * accueil
  * nos services
    * électricité générale
    * rénovation électrique
    * remise aux normes
    * sécurité
    * réseau
  * distribution
  * nos réalisations
  * contactez-nous

##### Électricité générale et technologies

  * accueil
  * nos s..."
230,23,7,230_english_español_downloads_wert,"english, español, downloads, wert, ziele, linge, textiles, hesper, statistiken, munsbach","Jump to navigation

Utilisation des cookies  
Ce site implante des cookies sur votre terminal, à des fins d’analyse et
d’optimisation de votre parcours notamment, sans pouvoir vous identifier.  
En poursuivant votre navigation, vous consentez à la réutilisation par 5àsec
des données liées à votre navigation pour vous proposer des produits/services
en lien avec vos intérêts.  
Si vous poursuivez la navigation sans modifier les paramètres relatifs aux
cookies dans votre navigateur, vous acceptez c...
---
Jump to navigation

Utilisation des cookies  
Ce site implante des cookies sur votre terminal, à des fins d’analyse et
d’optimisation de votre parcours notamment, sans pouvoir vous identifier.  
En poursuivant votre navigation, vous consentez à la réutilisation par 5àsec
des données liées à votre navigation pour vous proposer des produits/services
en lien avec vos intérêts.  
Si vous poursuivez la navigation sans modifier les paramètres relatifs aux
cookies dans votre navigateur, vous acceptez c...
---
Jump to navigation

Utilisation des cookies  
Ce site implante des cookies sur votre terminal, à des fins d’analyse et
d’optimisation de votre parcours notamment, sans pouvoir vous identifier.  
En poursuivant votre navigation, vous consentez à la réutilisation par 5àsec
des données liées à votre navigation pour vous proposer des produits/services
en lien avec vos intérêts.  
Si vous poursuivez la navigation sans modifier les paramètres relatifs aux
cookies dans votre navigateur, vous acceptez c..."
231,23,9,231_upcoming_governance_kurse_mitgliedschaft,"upcoming, governance, kurse, mitgliedschaft, membership, directors, medizinische, content uploads, uploads, hilfe","*   *   *   * 

  * New User - Sign up
  * Login

MENUMENU

  * Home
  * About Us
    * The Amcham Story
    * Mission Statement
    * Chairman’s message
    * Team Member Page
    * Executive Committee and Board
  * Committees
  * Events
    * Upcoming Events
    * Past Events
      * 2023
      * 2022
      * 2021
      * 2020
      * 2019
      * 2018
      * 2017
      * 2016
      * 2015
      * 2014
  * News
    * Latest News
    * AMCHAM in the Press
  * Membership
    * Become a member
 ...
---
*   *   *   * 

  * New User - Sign up
  * Login

MENUMENU

  * Home
  * About Us
    * The Amcham Story
    * Mission Statement
    * Chairman’s message
    * Team Member Page
    * Executive Committee and Board
  * Committees
  * Events
    * Upcoming Events
    * Past Events
      * 2023
      * 2022
      * 2021
      * 2020
      * 2019
      * 2018
      * 2017
      * 2016
      * 2015
      * 2014
  * News
    * Latest News
    * AMCHAM in the Press
  * Membership
    * Become a member
 ...
---
*   *   *   * 

  * New User - Sign up
  * Login

MENUMENU

  * Home
  * About Us
    * The Amcham Story
    * Mission Statement
    * Chairman’s message
    * Team Member Page
    * Executive Committee and Board
  * Committees
  * Events
    * Upcoming Events
    * Past Events
      * 2023
      * 2022
      * 2021
      * 2020
      * 2019
      * 2018
      * 2017
      * 2016
      * 2015
      * 2014
  * News
    * Latest News
    * AMCHAM in the Press
  * Membership
    * Become a member
 ..."
232,23,10,232_lavage_réparation_détente_cuir,"lavage, réparation, détente, cuir, rideaux, tissu, spas, piscine, extérieur, tissus","A powerful architecture & Construction theme. Construct your website in the
perfect Ratio.

Alienum phaedrum torquatos nec eu, vis detraxit periculis ex, nihil expetendis
in mei. Mei an pericula

  * Accueil
  * Décoration de fenêtres
    * Rideaux & Tentures
    * Stores sur mesure
    * Panneaux Japonais
    * Tringles et accessoires de rideaux
    * Solutions entreprises & collectivités
  * Services & Produits
    * Atelier du Cuir
    * Restauration & Recouvrage de Sièges
    * Confection de...
---
A powerful architecture & Construction theme. Construct your website in the
perfect Ratio.

Alienum phaedrum torquatos nec eu, vis detraxit periculis ex, nihil expetendis
in mei. Mei an pericula

  * Accueil
  * Décoration de fenêtres
    * Rideaux & Tentures
    * Stores sur mesure
    * Panneaux Japonais
    * Tringles et accessoires de rideaux
    * Solutions entreprises & collectivités
  * Services & Produits
    * Atelier du Cuir
    * Restauration & Recouvrage de Sièges
    * Confection de...
---
A powerful architecture & Construction theme. Construct your website in the
perfect Ratio.

Alienum phaedrum torquatos nec eu, vis detraxit periculis ex, nihil expetendis
in mei. Mei an pericula

  * Accueil
  * Décoration de fenêtres
    * Rideaux & Tentures
    * Stores sur mesure
    * Panneaux Japonais
    * Tringles et accessoires de rideaux
    * Solutions entreprises & collectivités
  * Services & Produits
    * Atelier du Cuir
    * Restauration & Recouvrage de Sièges
    * Confection de..."
233,23,10,233_luc_fund_solutions_managing,"luc, fund, solutions, managing, telecom, cloud, automation, responsible, infrastructure, management","* Services - Solutions
    * Développement sur mesure
      * Applications Métiers
      * Cartographie
      * Intelligence Artificielle
        * Health IT
      * Digital Business Automation
      * Maintenance Applicative
      * Outsourcing
      * Applications Mobiles
    * Business Solutions
      * Gestion Documentaire
      * ERP
      * CRM
      * Solutions Web
      * e-Commerce
      * Solutions Collaboratives Atlassian
    * Infrastructure
      * Projets
        * Cloud
        * ...
---
Zum Inhalt springen

deen

  * Services
    * Fund Dealing / Execution Services
    * Fund Custody
    * Trailer Fee Management
    * Fund Research
    * Fund Data
    * Tech Solutions
    * Distribution Support
    * Erweiterter ETF-Service
  * Unternehmen
    * Über ifsam
    * Team
    * Karriere
  * Kontakt
  * Log in
    * Fund Dealing / Execution Services
    * Fund Research
    * Distribution Support
    * FreeDel

deen

  * Services
    * Fund Dealing / Execution Services
    * Fund Cust...
---
Zum Inhalt springen

deen

  * Services
    * Fund Dealing / Execution Services
    * Fund Custody
    * Trailer Fee Management
    * Fund Research
    * Fund Data
    * Tech Solutions
    * Distribution Support
    * Erweiterter ETF-Service
  * Unternehmen
    * Über ifsam
    * Team
    * Karriere
  * Kontakt
  * Log in
    * Fund Dealing / Execution Services
    * Fund Research
    * Distribution Support
    * FreeDel

deen

  * Services
    * Fund Dealing / Execution Services
    * Fund Cust..."
234,23,11,234_club_club luxembourg_islands_numéro,"club, club luxembourg, islands, numéro, membre, photos, summer, log, republic, membres","##

  * Home
  * Club Events
  * Recent Events
  * Other Events
  * Club News
  * Join the Club
  * About
    * Club Statutes
    * Club History
    * Committee

# BIFS Cinema outing

Sep 112017

The Irish Club will be organising a cinema outing with a meal beforehand.

The film is ""Secret Scripture"" on Friday the 20th September at 20.30.

We will be meeting for a meal at the restaurant Malachite, rue des Bains at
18.30.

For all of you who which to join us please let us know by Wednesday the 18...
---
# Comhaltas Ceoltóirí Éireann - Lucsamburg

## The Luxembourg Branch of Comhaltas Ceoltóirí Éireann

# Menu

Skip to content

  * Home
  * 2022/23 Calendar of events
  * Membership
  * Music sessions
  * Dance classes
  * News & events
  * Gallery
    * Gallery for Summer School 2013
    * Gallery for Summer School 2014
    * St Patrick's Day Ceili 2015
  * Contact

# About us

Welcome to the website of the Luxembourg branch of Comhaltas Ceoltóirí
Éireann.

Comhaltas Ceoltóirí Éireann, Craobh Na...
---
##

  * Home
  * Club Events
  * Recent Events
  * Other Events
  * Club News
  * Join the Club
  * About
    * Club Statutes
    * Club History
    * Committee

## Letter from the President

Tessa Collins

Following the death of Tessa Collins, the first President of the Irish Club of
Luxembourg (ICL), on 27 April 2023 in Ireland, a special mass will be held on
Wednesday 14 June at 18:15 in the Garden Chapel of the St Alphonse Monastery
(32 Rue des Capucins, Luxembourg-ville; the entrance is on ..."
235,22,4,235_pharmacie_covid_352 22_chnp,"pharmacie, covid, 352 22, chnp, médicaments, appointment, 12 30, testing, annuaire, 30 12","* Accueil
  * A propos
  * Envoyez votre prescription
  * Nos services
    * Compression médicale
    * Blistérisation de médicaments
    * Location de tire-lait
    * Prévention neuropathie
    * Conseils pour personnes asthmatiques
    * Nutrithérapie
    * Préparation magistrale
    * Parapharmacie
  * Contact
  *     * 

+352 22 21 74

Nos horaires

lundi - vendredi8:30 - 18:30

samedi8:30 - 12:30

dimancheFermé

+352 22 21 74

Opening times

Monday - Friday8:30 - 18:30

Saturday8:30 - 12:30...
---
* Accueil
  * A propos
  * Envoyez votre prescription
  * Nos services
    * Compression médicale
    * Blistérisation de médicaments
    * Location de tire-lait
    * Prévention neuropathie
    * Conseils pour personnes asthmatiques
    * Nutrithérapie
    * Préparation magistrale
    * Parapharmacie
  * Contact
  *     * 

+352 22 21 74

Nos horaires

lundi - vendredi8:30 - 18:30

samedi8:30 - 12:30

dimancheFermé

+352 22 21 74

Opening times

Monday - Friday8:30 - 18:30

Saturday8:30 - 12:30...
---
* Accueil
  * A propos
  * Envoyez votre prescription
  * Nos services
    * Compression médicale
    * Blistérisation de médicaments
    * Location de tire-lait
    * Prévention neuropathie
    * Conseils pour personnes asthmatiques
    * Nutrithérapie
    * Préparation magistrale
    * Parapharmacie
  * Contact
  *     * 

+352 22 21 74

Nos horaires

lundi - vendredi8:30 - 18:30

samedi8:30 - 12:30

dimancheFermé

+352 22 21 74

Opening times

Monday - Friday8:30 - 18:30

Saturday8:30 - 12:30..."
236,22,6,236_geöffnet_comparer_carrelage_bois,"geöffnet, comparer, carrelage, bois, kontakte, outillage, parquet, vernis, plantes, accessoires","#

  * Catalogue
  * Services
  * Newsletter
  * Pro
  * Jobs
  * Contact
  * Shop
    * Jardin
      * Plantes
      * Abris
      * Barbecue
      * Aménagement
      * Mobilier
      * Jardinage
      * Loisir
      * Outillage & matériel
    * Outillages
      * Outils éléctroportatif
      * Bois & Soudures
      * Outillages à main
      * Appareils de mesure
      * Fournitures
      * Accessoires & Consommables
      * Protections du bricoleur
      * Rangements & Nettoyage
      * Entr...
---
#

  * Catalogue
  * Services
  * Newsletter
  * Pro
  * Jobs
  * Contact
  * Shop
    * Jardin
      * Plantes
      * Abris
      * Barbecue
      * Aménagement
      * Mobilier
      * Jardinage
      * Loisir
      * Outillage & matériel
    * Outillages
      * Outils éléctroportatif
      * Bois & Soudures
      * Outillages à main
      * Appareils de mesure
      * Fournitures
      * Accessoires & Consommables
      * Protections du bricoleur
      * Rangements & Nettoyage
      * Entr...
---
#

  * Catalogue
  * Services
  * Newsletter
  * Pro
  * Jobs
  * Contact
  * Shop
    * Jardin
      * Plantes
      * Abris
      * Barbecue
      * Aménagement
      * Mobilier
      * Jardinage
      * Loisir
      * Outillage & matériel
    * Outillages
      * Outils éléctroportatif
      * Bois & Soudures
      * Outillages à main
      * Appareils de mesure
      * Fournitures
      * Accessoires & Consommables
      * Protections du bricoleur
      * Rangements & Nettoyage
      * Entr..."
237,22,5,237_352 22_contacts_19 rue_cabinet,"352 22, contacts, 19 rue, cabinet, afficher préférences, ostéopathie, 54, 34, christophe, statistics","* 19 rue des Capucins, L-1313 Luxembourg
  * info@terapi.lu
  * +352 22 54 34

  * Accueil
  * Kinesitherapie & Osteopathie
  * Esthetique & Cours de fitness
  * L´Equipe
  * Rendez-vous & Contacts
  *   * 

  * Accueil
  * Kinesitherapie & Osteopathie
  * Esthetique & Cours de fitness
  * L´Equipe
  * Rendez-vous & Contacts
  *   * 

# Contact

Contactez-nous pour prendre rendez-vous ou pour toute question

  * Accueil
  * Contact

## Contact

piskov2022-06-28T10:38:10+00:00

Pour toute questio...
---
* 19 rue des Capucins, L-1313 Luxembourg
  * info@terapi.lu
  * +352 22 54 34

  * Home
  * Kinesitherapy & Osteopathy
  * Aesthetics, Pilates & Group Courses
  * Our Team
  * Appointments & Contacts
  *   * 

  * Home
  * Kinesitherapy & Osteopathy
  * Aesthetics, Pilates & Group Courses
  * Our Team
  * Appointments & Contacts
  *   * 

# Services

Terapi offers a wide range of Kinesiotherapy and Osteopathy services

  * Home
  * Services
  * Cellu M6

## Cellu M6

piskov2022-05-30T19:15:28+00...
---
* 19 rue des Capucins, L-1313 Luxembourg
  * info@terapi.lu
  * +352 22 54 34

  * Home
  * Kinesitherapy & Osteopathy
  * Aesthetics, Pilates & Group Courses
  * Our Team
  * Appointments & Contacts
  *   * 

  * Home
  * Kinesitherapy & Osteopathy
  * Aesthetics, Pilates & Group Courses
  * Our Team
  * Appointments & Contacts
  *   * 

# Services

Terapi offers a wide range of Kinesiotherapy and Osteopathy services

  * Home
  * Services
  * Cellu M6

## Cellu M6

piskov2022-05-30T19:15:28+00..."
238,22,3,238_martin_caves_crémant_352 23,"martin, caves, crémant, 352 23, agence communication, remich, 23 69, cru, brut, stadtbredimus","Sprache:

DE 

  * FR
  * DE
  * EN

FR  DE  EN



shopping_basket 0

Menu

Langue :

FR 

  * FR V
  * DE V
  * EN V

FR  DE  EN

Start

Über uns

Weinführungen

Unsere Auswahl

E-Shop

Neuigkeiten

Kontakt

Sie haben leider nicht das vorgeschriebene Mindestalter.

Für den Besuch der Webseite der Caves St Martin müssen Sie das in Ihrem Land
gesetzlich zulässige Alter besitzen.  
Die Caves St Martin sprechen sich für einen verantwortungsvollen und moderaten
Weinkonsum aus.  
  
Sind Sie über ...
---
Sprache:

DE 

  * FR
  * DE
  * EN

FR  DE  EN



shopping_basket 0

Menu

Langue :

FR 

  * FR V
  * DE V
  * EN V

FR  DE  EN

Start

Über uns

Weinführungen

Unsere Auswahl

E-Shop

Neuigkeiten

Kontakt

Sie haben leider nicht das vorgeschriebene Mindestalter.

Für den Besuch der Webseite der Caves St Martin müssen Sie das in Ihrem Land
gesetzlich zulässige Alter besitzen.  
Die Caves St Martin sprechen sich für einen verantwortungsvollen und moderaten
Weinkonsum aus.  
  
Sind Sie über ...
---
Sprache:

DE 

  * FR
  * DE
  * EN

FR  DE  EN



shopping_basket 0

Menu

Langue :

FR 

  * FR V
  * DE V
  * EN V

FR  DE  EN

Start

Über uns

Weinführungen

Unsere Auswahl

E-Shop

Neuigkeiten

Kontakt

Sie haben leider nicht das vorgeschriebene Mindestalter.

Für den Besuch der Webseite der Caves St Martin müssen Sie das in Ihrem Land
gesetzlich zulässige Alter besitzen.  
Die Caves St Martin sprechen sich für einen verantwortungsvollen und moderaten
Weinkonsum aus.  
  
Sind Sie über ..."
239,22,8,239_roses_patrimoine_ministre_club,"roses, patrimoine, ministre, club, mémoire, membres, asbl, médias, statuts, comité","C.A.FOLA

  *   * 

C.A.FOLA

  *   * 

  * Activités
  * Le club
    * Comité 
    * Inscription : carte de membre et licence FLA 
    * Prix cartes membres 
    * Prix uniforme 
    * Entrainements 
    * Divers 
    * Newsletter 
    * A la mémoire de nos anciens 
  * Résultats & Records
  * Photos
  * Sponsors
  * Liens
  * Contact

  * Activités
  * Le club
    * Comité
    * Inscription : carte de membre et licence FLA
    * Prix cartes membres
    * Prix uniforme
    * Entrainements
    *...
---
|  Connexion membre

  * ACCUEIL
  * NEWS
  * ACTIVITÉS PASSÉES
  * L'ASSOCIATION
  * LE PATRIMOINE ROSIER
  * LES JARDINS À VISITER
  * PRODUITS et ROSIERS
  * CONTACT & ADHESION

Activités Passées

BAPTÊMES

CONFÉRENCES

EXPOSITIONS

VOYAGES

VENTES

COURS DE TAILLE

INAUGURATIONS

DÎNERS DES ROSES

PUBLICATIONS

EXCURSIONS

DONS

AUTRES

Remise de chèque à Stëmm vun der Strooss, le 11 octobre 2022: 2.000€

Don

L’ asbl ‘Patrimoine Roses pour le Luxembourg’ a invité Alexandra Oxacelay,
directr...
---
|  Connexion membre

  * ACCUEIL
  * NEWS
  * ACTIVITÉS PASSÉES
  * L'ASSOCIATION
  * LE PATRIMOINE ROSIER
  * LES JARDINS À VISITER
  * PRODUITS et ROSIERS
  * CONTACT & ADHESION

Activités Passées

BAPTÊMES

CONFÉRENCES

EXPOSITIONS

VOYAGES

VENTES

COURS DE TAILLE

INAUGURATIONS

DÎNERS DES ROSES

PUBLICATIONS

EXCURSIONS

DONS

AUTRES

Emission du timbre-poste 'Rosa Lady in Gold - Gëlle Fra'

le 6 mars 2023 au Ministère d’Etat, Hôtel Saint Maximin à Luxembourg

En l'honneur de la rose ’Lady..."
240,22,7,240_08 00_00 12_sûre_12 00,"08 00, 00 12, sûre, 12 00, bodenbeläge, innenausbau, haustüren, 00 13, 13 00, water","* Home 
  * Türen - Innentüren - Haustüren - Fenster 
    * Zurück 
    * Innentüren 
    * Haustüren - Fenster 
  * Parkett und Bodenbeläge 
    * Zurück 
    * Parkett 
    * Avatara 
    * Laminatboden 
    * Vinylboden 
    * Korkboden 
    * Dekor-Paneele 
  * Holz im Aussenbereich 
    * Zurück 
    * Holz und Komposit Terrassen 
    * Sichtschutz - Zäune - Gartentore 
    * Schallschutz 
    * Gartenhäuser - Carports - Poolhouses 
    * Sonnensegel - Brise Soleil 
    * Holz für Aussen 
 ...
---
* Home 
  * Türen - Innentüren - Haustüren - Fenster 
    * Zurück 
    * Innentüren 
    * Haustüren - Fenster 
  * Parkett und Bodenbeläge 
    * Zurück 
    * Parkett 
    * Avatara 
    * Laminatboden 
    * Vinylboden 
    * Korkboden 
    * Dekor-Paneele 
  * Holz im Aussenbereich 
    * Zurück 
    * Holz und Komposit Terrassen 
    * Sichtschutz - Zäune - Gartentore 
    * Schallschutz 
    * Gartenhäuser - Carports - Poolhouses 
    * Sonnensegel - Brise Soleil 
    * Holz für Aussen 
 ...
---
* Home 
  * Türen - Innentüren - Haustüren - Fenster 
    * Zurück 
    * Innentüren 
    * Haustüren - Fenster 
  * Parkett und Bodenbeläge 
    * Zurück 
    * Parkett 
    * Avatara 
    * Laminatboden 
    * Vinylboden 
    * Korkboden 
    * Dekor-Paneele 
  * Holz im Aussenbereich 
    * Zurück 
    * Holz und Komposit Terrassen 
    * Sichtschutz - Zäune - Gartentore 
    * Schallschutz 
    * Gartenhäuser - Carports - Poolhouses 
    * Sonnensegel - Brise Soleil 
    * Holz für Aussen 
 ..."
241,22,10,241_translation_traduction_sprachen_quote,"translation, traduction, sprachen, quote, büros, language, experienced, google, 38, qualified","En  |  Ru  |  Fr  |  De 
Précis Translation Services  
Professional translation services

  * Home
  * Our team
  * PRECIS stands for
  * PRECIS offers
  * Get your quote
  * News

## Personal approach

## Rapid project turnaround

## Excellence in language services

## Confidentiality and discretion

## Intelligent resource management

## Security and assurance

The approach of our translation agency is to deliver consistent high quality,
timeliness, to maintain strict confidentiality.

We offe...
---
En  |  Ru  |  Fr  |  De 
Précis Translation Services  
Professional translation services

  * Home
  * Our team
  * PRECIS stands for
  * PRECIS offers
  * Get your quote
  * News

# Translation company Luxembourg news

## Keep it confidential, keep it secure

## Our top priorities are confidentiality and data security

Our team of in-house translators works on your projects in our Luxembourg
office using secure IT-infrastructure.

weiterlesen

* * *
###  Translation specialist for business docu...
---
En  |  Ru  |  Fr  |  De 
Précis Translation Services  
Professional translation services

  * Home
  * Our team
  * PRECIS stands for
  * PRECIS offers
  * Get your quote
  * News

### * Translation of financial and legal documents

### * Editing and proofreading services

### * Sworn / certified translations, legalized if required

### * Drafting business letters and financial documents

### * Interpreting services for your business trips and meetings

We started as a translation agency that sp..."
242,22,7,242_cours collectifs_classes_collectifs_coaching,"cours collectifs, classes, collectifs, coaching, trial, tarifs contact, wellness, demand, semelles, kommunikation","Skip to content

  * FREE TRIAL
  * Cours collectifs
  * Coaching
  * Wellness
  * Tarifs
  * Contact
  * Classes on Demand
  *     * 

Menu

  * FREE TRIAL
  * Cours collectifs
  * Coaching
  * Wellness
  * Tarifs
  * Contact
  * Classes on Demand
  *     * 

  * FREE TRIAL
  * Cours collectifs
  * Coaching
  * Wellness
  * Tarifs
  * Contact
  * Classes on Demand
  *     * 

Menu

  * FREE TRIAL
  * Cours collectifs
  * Coaching
  * Wellness
  * Tarifs
  * Contact
  * Classes on Demand
  *    ...
---
Skip to content

  * FREE TRIAL
  * Cours collectifs
  * Coaching
  * Wellness
  * Tarifs
  * Contact
  * Classes on Demand
  *     * 

Menu

  * FREE TRIAL
  * Cours collectifs
  * Coaching
  * Wellness
  * Tarifs
  * Contact
  * Classes on Demand
  *     * 

  * FREE TRIAL
  * Cours collectifs
  * Coaching
  * Wellness
  * Tarifs
  * Contact
  * Classes on Demand
  *     * 

Menu

  * FREE TRIAL
  * Cours collectifs
  * Coaching
  * Wellness
  * Tarifs
  * Contact
  * Classes on Demand
  *    ...
---
Skip to content

  * FREE TRIAL
  * Cours collectifs
  * Coaching
  * Wellness
  * Tarifs
  * Contact
  * Classes on Demand
  *     * 

Menu

  * FREE TRIAL
  * Cours collectifs
  * Coaching
  * Wellness
  * Tarifs
  * Contact
  * Classes on Demand
  *     * 

  * FREE TRIAL
  * Cours collectifs
  * Coaching
  * Wellness
  * Tarifs
  * Contact
  * Classes on Demand
  *     * 

Menu

  * FREE TRIAL
  * Cours collectifs
  * Coaching
  * Wellness
  * Tarifs
  * Contact
  * Classes on Demand
  *    ..."
243,22,9,243_sauces_commander_sauce_bbq,"sauces, commander, sauce, bbq, pizza, aperçu rapide, mozzarella, aperçu, viandes, porc","*} 
Call us: (+352) 26 34 07 82

 

Panier (0)

My Account

  * Connexion

Categories

Categories

  *     Produits 
    *     Viandes 
      * Menu de pâques 
      * Bœuf 
      * Porc 
      * Veau 
      * Agneau 
      * Volailles 
      * Nos viandes en croûte 
      * Dry aged 
      * BBQ classics 
      * Gibier 
      * Pierrades, fondues & raclette 
      * Charcuterie 
      *     Sélection traiteur 
        * Apéritifs 
        * Entrées 
        * Soupes 
        * Plats à réchau...
---
German English

  * Menu
  * Magasins
  * Offres du moment
  * A Propos de Domino's

  * Connexion

  * Menu
  * Magasins
  * Offres du moment
  * A Propos de Domino's 

  * Pizza's 
Le meilleur pour toi

    * Le meilleur pour toi
    * Menu deals
    * Pizzas Traditionnelles
    * Favourite Pizzas
    * Top Taste
    * Vegan Pizza's
    * Double Topped
    * Sans gluten
    * Be the chef
  * Boissons 
  * Plat d'accompagnement 
Fries

    * Fries
    * Chicken
    * Bread
    * Sauce
  * Desse...
---
Connexion |  Panier (0) \- 0,00 €
0

#### Mon panier

Menu

  * Traiteur
    * Fermer
    * Plats prêt-à-manger
    * Préparations froides traiteur
      * Poissons
      * Viandes
      * Végétariens
      * Salades composées
      * Salades féculentes
      * Crudités
      * Sauces froides
    * Recettes à chauffer
      * Poissons
      * Viandes à rôtir
      * Viandes en sauce
      * Végétariens
      * Légumes
      * Féculents
      * Risottos
      * Quiches
      * Gratins
      * Las..."
244,22,19,244_webseite_atoz_décline_agence immobilière,"webseite, atoz, décline, agence immobilière, sàrl, immobilière, responsabilité, bloquer, auteur, générales utilisation","* Accueil
  * Ventes
  * Locations
  * Contact

## Mentions légales

La Foncière

Capital de €

Siège social :

TVA : LU25659306

Immatriculée au Registre de Commerce de Luxembourg sous le numéro B163001

Autorisation d’établissement n° « Agence immobilière »

Matricule :

## Identification

Réalisateur : Real Estate Media S.A. (4 Rue Samuel Beckett, L-4371 Belvaux
LUXEMBOURG) Responsable publication : IMMOTOP Le site internet est hébergé sur
les serveurs Google Cloud situés à Rue Louis Caty 5, ...
---
*   * Ventes
  * Locations
  * Projets
  * Financer
  * Assurance
  * Contact

## Mentions légales

STONEBRIDGES Sàrl  
Capital de 12 500 €  
Siège social : 249, RTE. DE LONGWY LUXEMBOURG  
TVA : LU19651604  
Immatriculée au Registre de Commerce de Luxembourg sous le numéro B0087416  
Autorisation d’établissement n° « »  
Matricule :

Identification  
Sous-traitant : Real Estate Media S.A. (4 Rue Samuel Beckett, L-4371 Belvaux
LUXEMBOURG)  
Responsable du contenu et de traitement des données : S...
---
*   * Ventes
  * Locations
  * Neuf
  * Références
  * Informations
  * Contactez-nous

Agence immobilière

share

## Mentions légales

UltimatHome  
Capital de *** €  
Siège social : 6, rue J-B Gillardin, L-4735, Pétange  
TVA : LU16504135  
Immatriculée au Registre de Commerce de Luxembourg sous le numéro A38352  
Autorisation d’établissement n° 68310 « agence immobilière »  
Matricule : ***

Identification  
Sous-traitant : Real Estate Media S.A. (4 Rue Samuel Beckett, L-4371 Belvaux
LUXEMBOU..."
245,22,11,245_roll_maki_défini_00 eur,"roll, maki, défini, 00 eur, plugin gdpr, pièces, spring, défini plugin, cookies catégorie, saumon","Skip to content

Commande 24h/24 – Retrait gratuit ou livraison à domicile

Kilogram

  * Catalogue
    *       * Salé
      * Apéritif
      * Céréales et légumineuses
      * Huile vinaigre et épices
      * Pâtes et riz
    *       * Sucré
      * Chocolat et biscuits
      * Farine et sucre
      * Fruits secs et graines
      * Petit déjeuner
    *       * Frais
      * Crèmerie
      * Légumes
    *       * Boissons
      * Bière
      * Café et thé
      * Soft
      * Vin
    *       * S...
---
Skip to content

Commande 24h/24 – Retrait gratuit ou livraison à domicile

Kilogram

  * Catalogue
    *       * Salé
      * Apéritif
      * Céréales et légumineuses
      * Huile vinaigre et épices
      * Pâtes et riz
    *       * Sucré
      * Chocolat et biscuits
      * Farine et sucre
      * Fruits secs et graines
      * Petit déjeuner
    *       * Frais
      * Crèmerie
      * Légumes
    *       * Boissons
      * Bière
      * Café et thé
      * Soft
      * Vin
    *       * S...
---
Skip to content

Commande 24h/24 – Retrait gratuit ou livraison à domicile

Kilogram

  * Catalogue
    *       * Salé
      * Apéritif
      * Céréales et légumineuses
      * Huile vinaigre et épices
      * Pâtes et riz
    *       * Sucré
      * Chocolat et biscuits
      * Farine et sucre
      * Fruits secs et graines
      * Petit déjeuner
    *       * Frais
      * Crèmerie
      * Légumes
    *       * Boissons
      * Bière
      * Café et thé
      * Soft
      * Vin
    *       * S..."
246,22,12,246_installations_chantier_travail_défaut description,"installations, chantier, travail, défaut description, recyclage, 352 34, profil, permis conduire, offrons, défaut","* Lun. au Ven. 07H00 - 16H00 / Sam. 7H00 - 10H00 
  * +352 34 00 60-1

  * Accueil
  * Nos Services
  * A Propos
  * Contactez-nous
  * Jobs

  1.   2.   3.   4. 

Pour votre sécurité,  
le port des équipements de protection individuelle  
est obligatoire sur notre chantier

• Casque de Sécurité

• Chaussures de Sécurité

• Gilet fluo de Sécurité

• Interdiction de Fumer

NOUS RECRUTONS

• Chauffeur/grutier poids lourds

• Mécanicien-Soudeur

• Réceptionneur-Trieur de métaux

 Consulter nos offr...
---
* Service dépannage 24h/24
  * DE
  * FR
  * 

  * Accueil
  * Entreprise
  * Activités
  * Références
  * Offres d'emploi
  * Contact

## Offres d'emploi

### Nous recrutons

### Dessinateur en bâtiment – Division électricité (m/f)

Votre mission :

  * Élaboration des plans d’exécution d’installations électrique. Mise à jour des plans en fonction du progrès du chantier.
  * Collaboration avec d’autres corps de métier et participation aux réunions techniques internes et externes
  * Contrôle de...
---
* Service dépannage 24h/24
  * DE
  * FR
  * 

  * Accueil
  * Entreprise
  * Activités
  * Références
  * Offres d'emploi
  * Contact

## Offres d'emploi

### Nous recrutons

### Dessinateur en bâtiment – Division électricité (m/f)

Votre mission :

  * Élaboration des plans d’exécution d’installations électrique. Mise à jour des plans en fonction du progrès du chantier.
  * Collaboration avec d’autres corps de métier et participation aux réunions techniques internes et externes
  * Contrôle de..."
247,22,22,247_maintenance_travaillons_construction_coming,"maintenance, travaillons, construction, coming, actuellement, mode, host, perdu, bientôt, opérations","# Malik Sàrl

## Le mode maintenance est activé

Ceci est la page en construction de notre site Web, nous travaillons sur la
conception de notre site Web. Le site sera de nouveau vivant dans les semaines
à venir. Consultez des informations utiles sur cette page Maintenance et
partagez-les avec vos amis. Contactez nous si vous avez des questions.

Le site sera bientôt disponible. Merci pour votre patience!

info@malik.lu

+352 28 79 28 28

© Malik Sàrl 2021

Accès utilisateurMot de passe perdu
---
Site Maintenance

# We'll be back soon!

Sorry for the inconvenience but we're performing some maintenance at the
moment.

-- RAFIKA
---
Site Maintenance

# We'll be back soon!

Sorry for the inconvenience but we're performing some maintenance at the
moment.

-- DEV4U"
248,22,7,248_pack_hrs_robert schuman_schuman,"pack, hrs, robert schuman, schuman, hôpitaux, robert, flyer, patients, eltern, patient","* Bereitschaftskrankenhäuser
  * Unsere Jobangebote
  * Pressebereich
  * Stiftung

•

  * fr
  * de

  * Unsere Behandlungsangebote
  * Die HRS-Gruppe

Kontakt

Notaufnahme Ophthalmologische Notfälle

Unser Behandlungsangebote

## Wer sind Sie?

### Patient/werdende Eltern

### Professioneller aus dem Gesundheitsektor

### Besucher

  * Unsere Behandlungsangebote
  * Notaufnahme
  * Die HRS-Gruppe
  * Einen Termin vereinbaren und verwalten
  * Nachrichten & Veranstaltungen
  * Kontakt
  * Daten...
---
* Bereitschaftskrankenhäuser
  * Unsere Jobangebote
  * Pressebereich
  * Stiftung

•

  * fr
  * de

  * Unsere Behandlungsangebote
  * Die HRS-Gruppe

Kontakt

Notaufnahme Ophthalmologische Notfälle

Unser Behandlungsangebote

## Wer sind Sie?

### Patient/werdende Eltern

### Professioneller aus dem Gesundheitsektor

### Besucher

  * Unsere Behandlungsangebote
  * Notaufnahme
  * Die HRS-Gruppe
  * Einen Termin vereinbaren und verwalten
  * Nachrichten & Veranstaltungen
  * Kontakt
  * Daten...
---
* Bereitschaftskrankenhäuser
  * Unsere Jobangebote
  * Pressebereich
  * Stiftung

•

  * fr
  * de

  * Unsere Behandlungsangebote
  * Die HRS-Gruppe

Kontakt

Notaufnahme Ophthalmologische Notfälle

Unser Behandlungsangebote

## Wer sind Sie?

### Patient/werdende Eltern

### Professioneller aus dem Gesundheitsektor

### Besucher

  * Unsere Behandlungsangebote
  * Notaufnahme
  * Die HRS-Gruppe
  * Einen Termin vereinbaren und verwalten
  * Nachrichten & Veranstaltungen
  * Kontakt
  * Daten..."
249,21,5,249_stockage accès_accès technique_consdorf_stockage,"stockage accès, accès technique, consdorf, stockage, gérer, communal, pap, technique nécessaire, préférences, technique","* Administration
    * Organes politiques
      * Bourgmestre
      * Collège des bourgmestre et échevins
      * Conseil communal
      * Séances du conseil communal
      * Commissions consultatives
      * Syndicats intercommunaux et délégations
      * Elections
    * Services communaux
      * Secrétariat communal
      * Recette communale
      * Bureau de la population / Etat civil
      * Service scolaire
      * Service technique
      * Service urbanisme
      * Service écologique
    ...
---
* LA COMMUNE
    * Organes politiques
      * Bourgmestre
      * Collège échevinal
      * Conseil communal
      * Commissions consultatives
      * Syndicats
    * Administration
      * Secrétariat
      * Recette communale
      * Bureau de la population / État civil
      * Service technique
      * Relations publiques
    * Aides et services
      * Services sociaux
      * B.I.R.K
      * Bicherthéik
    * Présentation commune
      * Présentation
      * Plan de la commune
  * VIE CITOY...
---
* LA COMMUNE
    * Organes politiques
      * Bourgmestre
      * Collège échevinal
      * Conseil communal
      * Commissions consultatives
      * Syndicats
    * Administration
      * Secrétariat
      * Recette communale
      * Bureau de la population / État civil
      * Service technique
      * Relations publiques
    * Aides et services
      * Services sociaux
      * B.I.R.K
      * Bicherthéik
    * Présentation commune
      * Présentation
      * Plan de la commune
  * VIE CITOY..."
250,21,5,250_naturata_opération_bio_chirurgie,"naturata, opération, bio, chirurgie, laser, biog, verantwortung, dr, acces, operation","Akzeptieren Sie die Verwendung von Cookies, um ein besseres Erlebnis auf
unserer Website zu gewährleisten?

Erfahren Sie mehrVerweigernAkzeptieren

  * de dropdown
    * fr
    * en

  * Home
  * NATURATA
    * Über uns
    * NATURATA Universumdropdown
      * Bio Marchés
      * beauty & culture
      * Bio-Boucherie
      * Bio-Bistros
  * Geschäfte
  * Sortiment
    * Produkte
    * Bio-Siegel
    * Was macht Bio aus?
    * Verpackung
  * Monatsangebote
  * Rezepte
  * Geschenkkarte

  * Unse...
---
Akzeptieren Sie die Verwendung von Cookies, um ein besseres Erlebnis auf
unserer Website zu gewährleisten?

Erfahren Sie mehr Verweigern Akzeptieren

  * de dropdown
    * fr
    * en

  * Home
  * NATURATA
    * Über uns
    * NATURATA Universumdropdown
      * Bio Marchés
      * beauty & culture
      * Bio-Boucherie
      * Bio-Bistros
  * Geschäfte
  * Sortiment
    * Produkte
    * Bio-Siegel
    * Was macht Bio aus?
    * Verpackung
  * Monatsangebote
  * Rezepte
  * Geschenkkarte

  * Un...
---
Akzeptieren Sie die Verwendung von Cookies, um ein besseres Erlebnis auf
unserer Website zu gewährleisten?

Erfahren Sie mehr Verweigern Akzeptieren

  * de dropdown
    * fr
    * en

  * Home
  * NATURATA
    * Über uns
    * NATURATA Universumdropdown
      * Bio Marchés
      * beauty & culture
      * Bio-Boucherie
      * Bio-Bistros
  * Geschäfte
  * Sortiment
    * Produkte
    * Bio-Siegel
    * Was macht Bio aus?
    * Verpackung
  * Monatsangebote
  * Rezepte
  * Geschenkkarte

  * Un..."
251,21,5,251_louis_déchets_gérer_accessibility tools,"louis, déchets, gérer, accessibility tools, technical storage, storage access, contrast, commune, afficher préférences, accessibility","* La Commune se présente
    * POLITIQUE
      * Le collège des bourgmestre et échevins
      * Le conseil communal
      * Les commissions consultatives
    * ADMINISTRATION
      * Bureau de la population
      * Recette
      * Secrétariat
      * Service technique
    * LES VILLAGES
      * Baschleiden
      * Boulaide
      * Surré
    * LA COMMUNE EN CHIFFRES
    * SYNDICATS
    * ELECTIONS
      * Élections communales
      * Élections législatives
  * Vivre dans la Commune
    * GUICHET ...
---
* La Commune se présente
    * POLITIQUE
      * Le collège des bourgmestre et échevins
      * Le conseil communal
      * Les commissions consultatives
    * ADMINISTRATION
      * Bureau de la population
      * Recette
      * Secrétariat
      * Service technique
    * LES VILLAGES
      * Baschleiden
      * Boulaide
      * Surré
    * LA COMMUNE EN CHIFFRES
    * SYNDICATS
    * ELECTIONS
      * Élections communales
      * Élections législatives
  * Vivre dans la Commune
    * GUICHET ...
---
* La Commune se présente
    * POLITIQUE
      * Le collège des bourgmestre et échevins
      * Le conseil communal
      * Les commissions consultatives
    * ADMINISTRATION
      * Bureau de la population
      * Recette
      * Secrétariat
      * Service technique
    * LES VILLAGES
      * Baschleiden
      * Boulaide
      * Surré
    * LA COMMUNE EN CHIFFRES
    * SYNDICATS
    * ELECTIONS
      * Élections communales
      * Élections législatives
  * Vivre dans la Commune
    * GUICHET ..."
252,21,15,252_grand prix_2009_décorations_gala,"grand prix, 2009, décorations, gala, faber, bilder, ost, contern, mobilier, tour","This is Photoshop's version of Lorem Ipsn gravida nibh vel velit auctor
aliquet.Aenean sollicitudin, lorem quis bibendum auci elit consequat ipsutis
sem nibh id elit. quis bibendum auci elit.

#### Instagram feed

\+ 01145928421 SUPPORT@ELATED-THEMES.COM

  * Accueil
  * Le Magasin
  * Mobilier
  * Décorations
  * Cartes Cadeaux
  * Contact

  * Accueil
  * Le Magasin
  * Mobilier
  * Décorations
  * Cartes Cadeaux
  * Contact

0

  * No products in the cart.

  * Accueil
  * Le Magasin
  * Mobi...
---
This is Photoshop's version of Lorem Ipsn gravida nibh vel velit auctor
aliquet.Aenean sollicitudin, lorem quis bibendum auci elit consequat ipsutis
sem nibh id elit. quis bibendum auci elit.

#### Instagram feed

\+ 01145928421 SUPPORT@ELATED-THEMES.COM

  * Accueil
  * Le Magasin
  * Mobilier
  * Décorations
  * Cartes Cadeaux
  * Contact

  * Accueil
  * Le Magasin
  * Mobilier
  * Décorations
  * Cartes Cadeaux
  * Contact

0

  * No products in the cart.

  * Accueil
  * Le Magasin
  * Mobi...
---
This is Photoshop's version of Lorem Ipsn gravida nibh vel velit auctor
aliquet.Aenean sollicitudin, lorem quis bibendum auci elit consequat ipsutis
sem nibh id elit. quis bibendum auci elit.

#### Instagram feed

\+ 01145928421 SUPPORT@ELATED-THEMES.COM

  * Accueil
  * Le Magasin
  * Mobilier
  * Décorations
  * Cartes Cadeaux
  * Contact

  * Accueil
  * Le Magasin
  * Mobilier
  * Décorations
  * Cartes Cadeaux
  * Contact

0

  * No products in the cart.

  * Accueil
  * Le Magasin
  * Mobi..."
253,21,11,253_fund_sicav_funds_annual,"fund, sicav, funds, annual, italia, financial, telecom, finance, investment, report","Skip to content

  * Home
  * Legal Notice
  * ESG Disclosures
  * Testimonials

  * Home
  * Legal Notice
  * ESG Disclosures
  * Testimonials

#  ESG Disclosures

## Environmental, social and governance disclosures

##### Objectives

The IforD Umbrella Fund hosts sub-funds with sustainable investment
objectives, falling within the meaning of article 9 of Regulation (EU)
2019/2088 of the European Parliament and of the Council of 27 November 2019 on
sustainability-related disclosures in the fina...
---
top of page

# Ancile (Luxembourg) Fund S.A., SICAV-FIS

# Authorised Self-Managed SICAV

Log-in or register

  * Home
  * Our Team
  * Contact
  * Sustainability Integration
    * Investment decision-making process
    * Remuneration policy
  * Investment Strategy
    * The Strategy
    * GSTIF
    * CVCSI
    * SFSF
    * MAJOR
    * DECO
  * Legal Information
  * Members
  * More

Use tab to navigate through the menu items.

## TEAM

We are a multi-disciplinary team with countless years of ex...
---
top of page

# Ancile (Luxembourg) Fund S.A., SICAV-FIS

# Authorised Self-Managed SICAV

Log-in or register

  * Home
  * Our Team
  * Contact
  * Sustainability Integration
    * Investment decision-making process
    * Remuneration policy
  * Investment Strategy
    * The Strategy
    * GSTIF
    * CVCSI
    * SFSF
    * MAJOR
    * DECO
  * Legal Information
  * Members
  * More

Use tab to navigate through the menu items.

## TEAM

We are a multi-disciplinary team with countless years of ex..."
254,21,7,254_vignes_tango_danse_weekend,"vignes, tango, danse, weekend, niveaux, niveau, description, casa, del, dance","Skip to content

  * Home
  * Personalities
  * Events
  * Habanos
  * Gallery
    * Les Vignes 2019
    * Cuban Weekend 2019
    * Cuban Weekend 2018
    * Les Vignes 2018
    * Les Vignes 2017
    * Cuban Week 2017
    * Les Vignes 2015
    * Cuban Week 2015
    * Les Vignes 2014
    * Weekend Torcedor 2014
    * Les Vignes 2013
    * Weekend Torcedor 2013
    * Les Vignes 2012
    * Weekend Torcedor 2012
    * Weekend Torcedor 2011
  * Press
  * Contact Us

#  Cuban Weekend 2018

###  LA CASA...
---
Skip to content

  * Home
  * Personalities
  * Events
  * Habanos
  * Gallery
    * Les Vignes 2019
    * Cuban Weekend 2019
    * Cuban Weekend 2018
    * Les Vignes 2018
    * Les Vignes 2017
    * Cuban Week 2017
    * Les Vignes 2015
    * Cuban Week 2015
    * Les Vignes 2014
    * Weekend Torcedor 2014
    * Les Vignes 2013
    * Weekend Torcedor 2013
    * Les Vignes 2012
    * Weekend Torcedor 2012
    * Weekend Torcedor 2011
  * Press
  * Contact Us

#  Cuban Week 2015

###  LA CASA DE...
---
Skip to content

  * Home
  * Personalities
  * Events
  * Habanos
  * Gallery
    * Les Vignes 2019
    * Cuban Weekend 2019
    * Cuban Weekend 2018
    * Les Vignes 2018
    * Les Vignes 2017
    * Cuban Week 2017
    * Les Vignes 2015
    * Cuban Week 2015
    * Les Vignes 2014
    * Weekend Torcedor 2014
    * Les Vignes 2013
    * Weekend Torcedor 2013
    * Les Vignes 2012
    * Weekend Torcedor 2012
    * Weekend Torcedor 2011
  * Press
  * Contact Us

#  LA CASA DEL HABANO LUXEMBOURG

J..."
255,21,10,255_mdecine_docteur_monsieur_madame,"mdecine, docteur, monsieur, madame, dentaire, luxembourg luxembourg, chirurgie, pharmacien, marnach, pratique","Contact  |  Liens  
  OK  
  
  
  * Présentation 
    * Qu'est-ce que l'Ordre ?
    * Missions
    * Historique
    * RGPD
    * 

  * Composition 

  *   Prof. inscrits  

  * Déontologie/Codes 

  * Documents
    * Documents professionnels
    * Législation
    * Rapports annuels
    * 

  * Publications
    * Info-Point
    * Divers
    * 

  * Recommandations 

  * Serments 

  
  

  
  
  
  
  
  
  
  
  
  
  
  
  
  
  
  
College medical  
2, rue Albert 1er,  
L-1117 Luxembourg  
Te...
---
Contact  |  Liens  
  OK  
  
  
  * Présentation 
    * Qu'est-ce que l'Ordre ?
    * Missions
    * Historique
    * RGPD
    * 

  * Composition 

  *   Prof. inscrits  

  * Déontologie/Codes 

  * Documents
    * Documents professionnels
    * Législation
    * Rapports annuels
    * 

  * Publications
    * Info-Point
    * Divers
    * 

  * Recommandations 

  * Serments 

  
  

  
  
  
  
  
  
  
  
  
  
  
  
  
  
  
  
College medical  
2, rue Albert 1er,  
L-1117 Luxembourg  
Te...
---
Contact  |  Liens  
  OK  
  
  
  * Présentation 
    * Qu'est-ce que l'Ordre ?
    * Missions
    * Historique
    * RGPD
    * 

  * Composition 

  *   Prof. inscrits  

  * Déontologie/Codes 

  * Documents
    * Documents professionnels
    * Législation
    * Rapports annuels
    * 

  * Publications
    * Info-Point
    * Divers
    * 

  * Recommandations 

  * Serments 

  
  

  
  
  
  
  
  
  
  
  
  
  
  
  
  
  
  
College medical  
2, rue Albert 1er,  
L-1117 Luxembourg  
Te..."
256,21,7,256_gallerie_haustüren_armoires_sonnenschutz,"gallerie, haustüren, armoires, sonnenschutz, electro, fenster, abris, fassade, bornes, outdoor","Navigation umschalten

Electro Pinto s.a.r.l

  * Startseite
  * Elektrotechnik 
    * Elektroplanung
    * Elektrokontrollen
    * Zuhause intelligenter
    * Lichttechnik
    * Notlichtsysteme
    * EDV Verkabelungen
    * Satellitenanlagen
    * Photovoltaikanlagen
  * Sicherheitstechnik 
    * Einbruchmeldetechnik
    * Brandmeldetechnik
    * Feststellanlagen
    * Fluchtwegsicherung
    * Entrauchungsanlagen
    * Videoüberwachung
    * Zutrittskontrollen
  * Instandhaltung
  * Referenzen ...
---
Navigation umschalten

Electro Pinto s.a.r.l

  * Startseite
  * Elektrotechnik 
    * Elektroplanung
    * Elektrokontrollen
    * Zuhause intelligenter
    * Lichttechnik
    * Notlichtsysteme
    * EDV Verkabelungen
    * Satellitenanlagen
    * Photovoltaikanlagen
  * Sicherheitstechnik 
    * Einbruchmeldetechnik
    * Brandmeldetechnik
    * Feststellanlagen
    * Fluchtwegsicherung
    * Entrauchungsanlagen
    * Videoüberwachung
    * Zutrittskontrollen
  * Instandhaltung
  * Referenzen ...
---
Navigation umschalten

Electro Pinto s.a.r.l

  * Startseite
  * Elektrotechnik 
    * Elektroplanung
    * Elektrokontrollen
    * Zuhause intelligenter
    * Lichttechnik
    * Notlichtsysteme
    * EDV Verkabelungen
    * Satellitenanlagen
    * Photovoltaikanlagen
  * Sicherheitstechnik 
    * Einbruchmeldetechnik
    * Brandmeldetechnik
    * Feststellanlagen
    * Fluchtwegsicherung
    * Entrauchungsanlagen
    * Videoüberwachung
    * Zutrittskontrollen
  * Instandhaltung
  * Referenzen ..."
257,21,9,257_rêve_prince_publier_chile,"rêve, prince, publier, chile, petit, privé, client, anonyme, association, droit","Aller au contenu

  * Accueil
  * A propos
  * Nos engagements
  * News
  * Autrefois
    * La delphinothérapie
    * Rêves

#####  Le Rêve du Petit Prince

#  Le Rêve du Petit Prince

## Qui sommes nous

Le Rêve du Petit Prince est une association sans but lucratif de droit
luxembourgeois (a.s.b.l.) fondée le 31 octobre 2007.  
Depuis le 13 avril 2012, l’association Le Rêve du Petit Prince Asbl a été
déclarée d’utilité publique.

## Quel sont nos objectifs

L’association poursuit différents but...
---
Aller au contenu

  * Accueil
  * A propos
  * Nos engagements
  * News
  * Autrefois
    * La delphinothérapie
    * Rêves

#####  Le Rêve du Petit Prince

#  Le Rêve du Petit Prince

## Qui sommes nous

Le Rêve du Petit Prince est une association sans but lucratif de droit
luxembourgeois (a.s.b.l.) fondée le 31 octobre 2007.  
Depuis le 13 avril 2012, l’association Le Rêve du Petit Prince Asbl a été
déclarée d’utilité publique.

## Quel sont nos objectifs

L’association poursuit différents but...
---
Aller au contenu

  * Accueil
  * A propos
  * Nos engagements
  * News
  * Autrefois
    * La delphinothérapie
    * Rêves

#####  Le Rêve du Petit Prince

#  Le Rêve du Petit Prince

## Qui sommes nous

Le Rêve du Petit Prince est une association sans but lucratif de droit
luxembourgeois (a.s.b.l.) fondée le 31 octobre 2007.  
Depuis le 13 avril 2012, l’association Le Rêve du Petit Prince Asbl a été
déclarée d’utilité publique.

## Quel sont nos objectifs

L’association poursuit différents but..."
258,21,13,258_00 eur_30 00_hoodie_eur,"00 eur, 30 00, hoodie, eur, produkt, dech, unisex, dei, bio, mei","Direkt zum Contenu

Zréckgoen

# De Chef - BIO Unisex Shirt

1 review

  * Promo 
  * Normale Präis €30,00 

inkl. TVA ouni Liwwerkäschten

SKU: c802848.326.1

GRATIS Versand ab 30€!

Muss et méi schnell goen?Huel e Kaddosbong!

  * American Express
  * Apple Pay
  * Mastercard
  * PayPal
  * Visa

* * *
Faarf Black French Navy Khaki Bottle Green Plum Anthracite Royal Blue Fresh
Green Spectra Yellow Azur

Gréisst XS S M L XL XXL 3XL 4XL 5XL

Black / XS - €30,00 EUR  Black / S - €30,00 EUR  Black...
---
Direkt zum Contenu

Zréckgoen

# De (Häre)Bierg rifft - BIO Premium Hoodie

No reviews

  * Promo 
  * Normale Präis €52,00 

inkl. TVA ouni Liwwerkäschten

SKU: c614262.350.1

GRATIS Versand ab 30€!

Muss et méi schnell goen?Huel e Kaddosbong!

  * American Express
  * Apple Pay
  * Mastercard
  * PayPal
  * Visa

* * *
Faarf Heather Grey Mid Heather Red Mid Heather Green Sky Blue Cotton Pink
White

Gréisst XS S M L XL XXL 3XL

Heather Grey / XS - €52,00 EUR  Heather Grey / S - €52,00 EUR  Heat...
---
Direkt zum Contenu

Zréckgoen

# De Chef - Kanner Hoodie

No reviews

  * Promo 
  * Normale Präis €44,00 

inkl. TVA ouni Liwwerkäschten

SKU: c982825.78.14

GRATIS Versand ab 30€!

Muss et méi schnell goen?Huel e Kaddosbong!

  * American Express
  * Apple Pay
  * Mastercard
  * PayPal
  * Visa

* * *
Faarf Schwarz Royal Blau Deep Navy Sunflower Kelly Green

Gréisst 116 128 140 152 164

Schwarz / 116 - €44,00 EUR  Schwarz / 128 - €44,00 EUR  Schwarz / 140 - €44,00
EUR  Schwarz / 152 - €44,00 E..."
259,21,4,259_séance_garnich_communaux_commune,"séance, garnich, communaux, commune, steinfort, communal, urgences, stationnement, médiathèque, conseil communal","* 

  * Séances du Conseil communal 
  * Agenda 
  * Annuaire 
  * Contact 
  * Prise de rendez-vous 
  * Postes vacants 
  * Médiathèque 
  * Stengefort TV 
  *   * 

  * La commune 
    * Histoire 
    * La commune se présente 
    * Localités 
    * Plan de la commune 
    * Collège échevinal 
    * Conseil communal 
    * Syndicats intercommunaux 
    * Commissions consultatives 
    * Résultats élections 2017 
    * Résultats élections 2011 
    * Bâtiments communaux 
  * Services communaux...
---
* 

  * Séances du Conseil communal 
  * Agenda 
  * Annuaire 
  * Contact 
  * Prise de rendez-vous 
  * Postes vacants 
  * Médiathèque 
  * Stengefort TV 
  *   * 

  * La commune 
    * Histoire 
    * La commune se présente 
    * Localités 
    * Plan de la commune 
    * Collège échevinal 
    * Conseil communal 
    * Syndicats intercommunaux 
    * Commissions consultatives 
    * Résultats élections 2017 
    * Résultats élections 2011 
    * Bâtiments communaux 
  * Services communaux...
---
* 

  * Séances du Conseil communal 
  * Agenda 
  * Annuaire 
  * Contact 
  * Prise de rendez-vous 
  * Postes vacants 
  * Médiathèque 
  * Stengefort TV 
  *   * 

  * La commune 
    * Histoire 
    * La commune se présente 
    * Localités 
    * Plan de la commune 
    * Collège échevinal 
    * Conseil communal 
    * Syndicats intercommunaux 
    * Commissions consultatives 
    * Résultats élections 2017 
    * Résultats élections 2011 
    * Bâtiments communaux 
  * Services communaux..."
260,21,12,260_évènement_lieu_ligue_événements,"évènement, lieu, ligue, événements, printemps, asbl, soirée, septembre, jour, 2015","* Produkte und Dienstleistungen 
  * News 
  * Ausführungen 
  * Über uns 

Uns kontaktieren

  * de 
    * lu 
    * fr 

##  Jahresbericht

Hier finden Sie unseren Jahresbericht 2021 zum Herunterladen.

# Type: Actu

## Jahresbericht 2021

Hier finden Sie unseren Jahresbericht 2021 zum Herunterladen.

## (Luxembourgish) Communiqué – Eis nei Mark fir Holzprodukter « Aus eisem
Holz »

## (Luxembourgish) Communiqué - Frëscht Geméis „Aus eisem Gaart""

Leider ist der Eintrag nur auf Luxembourgish u...
---
frde

  * Home
  * Cercle Suisse
    * Kontakt
    * Statuten
    * Vorstand
    * Beiträge
    * Mitglied werden 
  * Aktivitäten
  * Nachrichten
  * Presse
  * Links

# Aktivitäten

  

# Assemblée générale - 30 mars 2023

31/03/2023

# Relais pour la Vie - 25 et 26 mars 2023

27/03/2023

# Salaisons Meyer, Bascharage - samedi 4 février 2023

05/02/2023

# Soirée Quizz 25 novembre 2022 - Bertrange

05/02/2023

# Rallye 2022 - 24.09.22

25/09/2022

# Activités 2022

13/09/2022

# Fete Nationale...
---
Ligue d'Improvisation Luxembourgeoise Depuis 1998

Menu

  * La Ligue
  * Media
  * News
  * Intervention en entreprises
  * Contact

#

Chargement de la vue.

  * Aucun résultat trouvé pour cette vue. Passer aux évènements suivants . 

##  Recherche et navigation de vues Évènements

Recherche

Saisir mot-clé. Rechercher Évènements par mot-clé.

Chercher

###  Navigation de vues Évènement

Mois

  * Mois 

  *   * 
Ce mois-ci

07/06/2023  Juin 2023  Sélectionnez une date.

##  Calendrier de Évèn..."
261,21,6,261_happi_challenge_lynn_schiltz,"happi, challenge, lynn, schiltz, veröffentlichungen, workshop, mam, diy, sarah, vereine","#  Kulturhaus Niederanven

  * Français
  * Deutsch

  * Agenda
  * ffnungszeiten
  * Infos
    * Tickets
    * Kinder- und Schulprogramm
    * Anfahrt
  * KHN
    * Das KHN
    * Verwaltungsrat
    * Team
    * Partner
    * Kontakt 
    * Statuten
    * Rapport
  * DIY & more
    * Creative@home: DIY & more
    * Lynn Schiltz - Collage aus Texturen
    * Jonn Happi - Challenge 1
    * Jonn Happi - Challenge 2
    * Jonn Happi - Challenge 3
    * Sarah Grn - Den Igel
    * Sophie Dewalque - Mas...
---
#  Kulturhaus Niederanven

  * Français
  * Deutsch

  * Agenda
  * ffnungszeiten
  * Infos
    * Tickets
    * Kinder- und Schulprogramm
    * Anfahrt
  * KHN
    * Das KHN
    * Verwaltungsrat
    * Team
    * Partner
    * Kontakt 
    * Statuten
    * Rapport
  * DIY & more
    * Creative@home: DIY & more
    * Lynn Schiltz - Collage aus Texturen
    * Jonn Happi - Challenge 1
    * Jonn Happi - Challenge 2
    * Jonn Happi - Challenge 3
    * Sarah Grn - Den Igel
    * Sophie Dewalque - Mas...
---
#  Kulturhaus Niederanven

  * Français
  * Deutsch

  * Agenda
  * ffnungszeiten
  * Infos
    * Tickets
    * Kinder- und Schulprogramm
    * Anfahrt
  * KHN
    * Das KHN
    * Verwaltungsrat
    * Team
    * Partner
    * Kontakt 
    * Statuten
    * Rapport
  * DIY & more
    * Creative@home: DIY & more
    * Lynn Schiltz - Collage aus Texturen
    * Jonn Happi - Challenge 1
    * Jonn Happi - Challenge 2
    * Jonn Happi - Challenge 3
    * Sarah Grn - Den Igel
    * Sophie Dewalque - Mas..."
262,21,11,262_nettoyage_rss_construction_technical storage,"nettoyage, rss, construction, technical storage, storage access, mitarbeiter, storage, twitter, technical, lavage","+352 691 250 535  fairyservicescleaning@gmail.com

  * Facebook
  * Twitter
  * Google
  * Instagram
  * RSS

  * Facebook
  * Twitter
  * Google
  * Instagram
  * RSS

  * Accueil
  * A propos
  * Nos services
    * Ménage journalier
    * Nettoyage après déménagement
    * Résidences : nettoyage des communs
    * Nettoyage haute pression des terrasses
    * Lavage des vitres
    * Entretien hivernal des espaces extérieurs
    * Nettoyage et entretien de cabinets médicaux
    * Nettoyage moquet...
---
+352 691 250 535  fairyservicescleaning@gmail.com

  * Facebook
  * Twitter
  * Google
  * Instagram
  * RSS

  * Facebook
  * Twitter
  * Google
  * Instagram
  * RSS

  * Accueil
  * A propos
  * Nos services
    * Ménage journalier
    * Nettoyage après déménagement
    * Résidences : nettoyage des communs
    * Nettoyage haute pression des terrasses
    * Lavage des vitres
    * Entretien hivernal des espaces extérieurs
    * Nettoyage et entretien de cabinets médicaux
    * Nettoyage moquet...
---
+352 691 250 535  fairyservicescleaning@gmail.com

  * Facebook
  * Twitter
  * Google
  * Instagram
  * RSS

  * Facebook
  * Twitter
  * Google
  * Instagram
  * RSS

  * Accueil
  * A propos
  * Nos services
    * Ménage journalier
    * Nettoyage après déménagement
    * Résidences : nettoyage des communs
    * Nettoyage haute pression des terrasses
    * Lavage des vitres
    * Entretien hivernal des espaces extérieurs
    * Nettoyage et entretien de cabinets médicaux
    * Nettoyage moquet..."
263,21,5,263_taschen_zubehör_visiteur_utilise,"taschen, zubehör, visiteur, utilise, inkl mwst, herren, damen, inkl, identifiant, mwst","* Panier : 0 produit produits (vide)
  * Votre compte

Bienvenue, Identifiez-vous

Panier  
0 articles article (vide)

Aucun produit

  
0,00 € Expédition  
0,00 € Total

Panier Commander

+

Menu

  * Nos produits
  * Temoignages
  * Philosophie de notre marque 
  * Contact

  * Nos produits
  * Temoignages
  * Philosophie de notre marque 
  * Contact

×

#### Politique d'utilisation des cookies

Notre boutique en ligne utilise des cookies. Avec votre consentement, nous les
utiliserons pour mes...
---
* Panier : 0 produit produits (vide)
  * Votre compte

Bienvenue, Identifiez-vous

Panier  
0 articles article (vide)

Aucun produit

  
0,00 € Expédition  
0,00 € Total

Panier Commander

+

Menu

  * Nos produits
  * Temoignages
  * Philosophie de notre marque 
  * Contact

  * Nos produits
  * Temoignages
  * Philosophie de notre marque 
  * Contact

×

#### Politique d'utilisation des cookies

Notre boutique en ligne utilise des cookies. Avec votre consentement, nous les
utiliserons pour mes...
---
* Panier : 0 produit produits (vide)
  * Votre compte

Bienvenue, Identifiez-vous

Panier  
0 articles article (vide)

Aucun produit

  
0,00 € Expédition  
0,00 € Total

Panier Commander

+

Menu

  * Nos produits
  * Temoignages
  * Philosophie de notre marque 
  * Contact

  * Nos produits
  * Temoignages
  * Philosophie de notre marque 
  * Contact

×

#### Politique d'utilisation des cookies

Notre boutique en ligne utilise des cookies. Avec votre consentement, nous les
utiliserons pour mes..."
264,21,8,264_liesen_psycho_alltag_reisen,"liesen, psycho, alltag, reisen, weider, 26 36, zentrum, unterstützung, marc, weiterbildung","Aller au contenu Aller à la navigation

  * Häusliche Hilfeleistungen
  * Pflegeleistungen
    * zu Hause
    * in unseren Praxisräumen
    * Wundversorgung
  * Psycho-geriatrisches Zentrum
  * Unterstützung im Alltag
  * Kontakt

Nei Helpline 28 30  Display/Hide navigation

de

  * en
  * de
  * fr
  * lu

  * Häusliche Hilfeleistungen
  * Häusliche Pflegeleistungen
  * Pflegeleistungen in unseren Praxisräumen
  * Wundversorgung
  * Psycho-geriatrisches Zentrum 
  * Unterstützung im Alltag
  * ...
---
# Traumainstitut

  * Unser Institut
    * Unsere SeminarleiterInnen/Dozenten und Dozentinnen
    * Testzentrale
  * Patientenbehandung
    * NET- Narrative Expositionstherapie
    * EMDR
    * EEG-Traumatherapie
    * Hilfe & Beratung
  * Aus- und Weiterbildung
    * E-Learning
    * Termine
      * Integratives Psychotraumatherapie Curriculum 2023/24
      * Psychotrauma für Pädagogen 2023
    * Unsere Seminare
    * Für Institutionen
    * Supervision
  * Research
    * wissenschaftliches Gre...
---
Organisme de formation agréé par arrêté ministériel du 10.08.2016

  *     *     *     *     * 

  * Einen Psychologen / Psychotherapeuten finden
  * Archiv
  * Anmelden

  * Startseite
  * Über die SLP
  * Arbeitsgruppen & Experten
  * Dossiers
  * ETHIK
  * Kontakt

## Location au sein du cabinet paramédical Pétange

Marc Stein \- 30/05/2023

Location d'une salle au sein du Cabinet Paramédical Pétange

Le cabinet paramédical de Pétange (www.cabinetparamedical.lu) est à la
recherche d'un(e) psy..."
265,21,20,265_1971_people_founded_potential,"1971, people, founded, potential, delete, located, themes, providing, wordpress, bike","E-commerce Revolutie

  * Sample Page

# Sample Page

This is an example page. It's different from a blog post because it will stay
in one place and will show up in your site navigation (in most themes). Most
people start with an About page that introduces them to potential site
visitors. It might say something like this:

> Hi there! I'm a bike messenger by day, aspiring actor by night, and this is
> my website. I live in Los Angeles, have a great dog named Jack, and I like
> piña coladas. (And...
---
# Sample Page

This is an example page. It's different from a blog post because it will stay
in one place and will show up in your site navigation (in most themes). Most
people start with an About page that introduces them to potential site
visitors. It might say something like this:

> Hi there! I'm a bike messenger by day, aspiring actor by night, and this is
> my website. I live in Los Angeles, have a great dog named Jack, and I like
> piña coladas. (And gettin' caught in the rain.)
...or som...
---
Investeringen van de toekomst

  * Sample Page

# Sample Page

This is an example page. It's different from a blog post because it will stay
in one place and will show up in your site navigation (in most themes). Most
people start with an About page that introduces them to potential site
visitors. It might say something like this:

> Hi there! I'm a bike messenger by day, aspiring actor by night, and this is
> my website. I live in Los Angeles, have a great dog named Jack, and I like
> piña cola..."
266,21,8,266_voyages_reisen_kataloge_herausgeber,"voyages, reisen, kataloge, herausgeber, coming, vacances, länder, reise, tours, impressum datenschutzerklärung","## Voyages Flammang

  *  Deutschde
  *  Françaisfr
  *  Lëtzebuergeschlu

  * Stellenangebote
  * Gruppenreisen
  * Reisen
  * Flüge
  * Home
  * Unsere Reisebüros
  * Neuigkeiten
  * Newsletter
  * Online Kataloge
  * Kontakt
  * AGB
  * Impressum

  * Home
  * Reisen
  * Flüge
  * Hotels
  * Cruises
  * Organisierte Reisen
  * Unsere Reisebüros

Päischtcroisière 2018 !  
  

  * Facebook
  * Instagram

  * Voyages Flammang
    * Unsere Reisebüros
    * News & Events
    * Newsletter
    * Ste...
---
## Voyages Flammang

  *  Deutschde
  *  Françaisfr
  *  Lëtzebuergeschlu

  * Stellenangebote
  * Gruppenreisen
  * Reisen
  * Flüge
  * Home
  * Unsere Reisebüros
  * Neuigkeiten
  * Newsletter
  * Online Kataloge
  * Kontakt
  * AGB
  * Impressum

  * Home
  * Reisen
  * Flüge
  * Hotels
  * Cruises
  * Organisierte Reisen
  * Unsere Reisebüros

  *   * 

# Flüge

  * Facebook
  * Instagram

  * Voyages Flammang
    * Unsere Reisebüros
    * News & Events
    * Newsletter
    * Stellenangebot...
---
## Voyages Flammang

  *  Deutschde
  *  Françaisfr
  *  Lëtzebuergeschlu

  * Stellenangebote
  * Gruppenreisen
  * Reisen
  * Flüge
  * Home
  * Unsere Reisebüros
  * Neuigkeiten
  * Newsletter
  * Online Kataloge
  * Kontakt
  * AGB
  * Impressum

  * Home
  * Reisen
  * Flüge
  * Hotels
  * Cruises
  * Organisierte Reisen
  * Unsere Reisebüros

  *   * 

# Kontakt

### Vorname / Nachname*

### Adresse*

### Postleitzahl*

### Ortschaft*

### Land*

### Bitte wählen Sie Ihr Voyages Flammang R..."
267,20,14,267_éclairage_led_licht_technologie,"éclairage, led, licht, technologie, lumière, rs, désinfection, leistungen, plaques, uv","* Accueil
  * Nos services
    * Désinfection par UV ou UVC (COVID19)
    * Éclairage LED pour bureaux
    * Éclairage LED grandes surfaces
    * Éclairage LED pour magasin / vitrine
    * Éclairage industriel
  * Focus sur la Technologie LED
  * Galerie
  * Blog
  * Contact

Sélectionner une page

# BELDICO

Réalisations

Pour ce projet situé à Marche en fanenne qui est dans le domaine
pharmaceutique, nous avons réalisé un projet d'éclairage LED en vue d'une
diminution significative de la conso...
---
* Accueil
  * Nos services
    * Désinfection par UV ou UVC (COVID19)
    * Éclairage LED pour bureaux
    * Éclairage LED grandes surfaces
    * Éclairage LED pour magasin / vitrine
    * Éclairage industriel
  * Focus sur la Technologie LED
  * Galerie
  * Blog
  * Contact

Sélectionner une page

### Quelques réalisations par secteur d'activité

Cliquez sur une photo pour entrer dans la galerie.

## LA MENUISERIE

Réalisations

Eclairer les étoiles. Pour l'éclairage LED de ce restaurant étoilé...
---
* Accueil
  * Nos services
    * Désinfection par UV ou UVC (COVID19)
    * Éclairage LED pour bureaux
    * Éclairage LED grandes surfaces
    * Éclairage LED pour magasin / vitrine
    * Éclairage industriel
  * Focus sur la Technologie LED
  * Galerie
  * Blog
  * Contact

Sélectionner une page

# Votre bureau d'étude en éclairage

Notre mission est de sublimer vos espaces personnels ou professionnels, de
mettre en valeur vos produits et votre identité visuelle et d'offrir à vos
espaces de ve..."
268,20,9,268_cours collectifs_collectifs_mois_cours,"cours collectifs, collectifs, mois, cours, fitness, fit, coaching, etiam, magna, sit amet","## Plongez dans la vitalité !

Essai gratuit

  *   *   * 

Toggle menu

  * LE CLUB
  * ACTIVITÉS
    * Muscu & cardio
    * Circuit Santé Milon
    * Five Concept
    * Cours Collectifs
    * Coaching sportif
  * PLANNING
    * Planning Cours Collectifs
    * Planning Les Mills Virtual
  * TARIFS
  * NEWS
  * CONTACT

#  Tarifs

Vitality-Fit   ->  Tarifs

## Tarifs

#### LES FORMULES

## À chacun sa formule !

### 1 Mois

156

€

/mois

Accès Fitness

Accès Cours Collectifs

Conseils d’entraîn...
---
#

## Plongez dans la vitalité !

Essai gratuit

  *   *   * 

Toggle menu

  * LE CLUB
  * ACTIVITÉS
    * Muscu & cardio
    * Circuit Santé Milon
    * Five Concept
    * Cours Collectifs
    * Coaching sportif
  * PLANNING
    * Planning Cours Collectifs
    * Planning Les Mills Virtual
  * TARIFS
  * NEWS
  * CONTACT

VOTRE CLUB PREMIUM  
VITALY FIT LUXEMBOURG  
Découvrir le club  Simple et efficace ENTRAINEMENT  Découvrir le concept  en
seulement 35 minutes !  MyWellness App une expérience...
---
## Plongez dans la vitalité !

Essai gratuit

  *   *   * 

Toggle menu

  * LE CLUB
  * ACTIVITÉS
    * Muscu & cardio
    * Circuit Santé Milon
    * Five Concept
    * Cours Collectifs
    * Coaching sportif
  * PLANNING
    * Planning Cours Collectifs
    * Planning Les Mills Virtual
  * TARIFS
  * NEWS
  * CONTACT

#  LE CLUB

Vitality-Fit   ->  LE CLUB

## LE CLUB

#### VITALY-FIT / STRASSEN

## Le club de remise en forme, de détente et de bien-être.

Le choix des matériaux alliant bois et..."
269,20,11,269_invest_house_rénovation_hollerich,"invest, house, rénovation, hollerich, construction, cookielawinfo checbox, checbox, 26 36, consent, campus","House Invest, 6 Rue Henri M. Schnadt, L-2530 Luxembourg

Tél : +352 26 36 26 94

Mail : info@house-invest.lu

  * A propos
  * Rénovation / Construction
  * Immobilier
  * Galerie
  * Actualités
  * Devis & Contact

  * A propos
  * Rénovation / Construction
  * Immobilier
  * Galerie
  * Actualités
  * Devis & Contact

###### ACTUALITÉS

##  Presse & actus.

mai 6, 2021

####  House Invest est désormais sur Instagram

House Invest débarque sur Instagram !

Read More

avril 29, 2021

####  House...
---
House Invest, 6 Rue Henri M. Schnadt, L-2530 Luxembourg

Tél : +352 26 36 26 94

Mail : info@house-invest.lu

  * A propos
  * Rénovation / Construction
  * Immobilier
  * Galerie
  * Actualités
  * Devis & Contact

  * A propos
  * Rénovation / Construction
  * Immobilier
  * Galerie
  * Actualités
  * Devis & Contact

###### À PROPOS

##  Rénovation, Construction, Promotion de biens immobiliers.

### “The best investment on earth is earth”

##### Louis Glickman.

0

Années d’expériences

0

Pr...
---
House Invest, 6 Rue Henri M. Schnadt, L-2530 Luxembourg

Tél : +352 26 36 26 94

Mail : info@house-invest.lu

  * A propos
  * Rénovation / Construction
  * Immobilier
  * Galerie
  * Actualités
  * Devis & Contact

  * A propos
  * Rénovation / Construction
  * Immobilier
  * Galerie
  * Actualités
  * Devis & Contact

HOUSEINVEST

## “When Dreams Come Home”

0

Années d’expériences

0

Projets réalisés​

0 /5

Avis Google​

0

Million​ de Chiffre d’Affaires​

###### DIRECTEUR

##  Yves Rogowsk..."
270,20,6,270_veiner_ous_geschicht_internat,"veiner, ous, geschicht, internat, vianden, sainte, département, eglise, jacques, gaston","Skip to content

### Veiner Geschichtsfrënn

Les amis de l'histoire de Vianden

####

  * D’Geschichtsfrënn
    * Kontakt
    * Verwaltungsrot
    * Statuten
  * Publikatiune
    * Béicher
    * Jorbéicher 1983-2003
      * 1983 Ous der Veiner Geschicht
      * 1984 Ous der Veiner Geschicht
      * 1985 Ous der Veiner Geschicht
      * 1986 Ous der Veiner Geschicht
      * 1987 Ous der Veiner Geschicht
      * 1988 Ous der Veiner Geschicht
      * 1989 Ous der Veiner Geschicht
      * 1990 Ous d...
---
Skip to content

### Veiner Geschichtsfrënn

Les amis de l'histoire de Vianden

####

  * D’Geschichtsfrënn
    * Kontakt
    * Verwaltungsrot
    * Statuten
  * Publikatiune
    * Béicher
    * Jorbéicher 1983-2003
      * 1983 Ous der Veiner Geschicht
      * 1984 Ous der Veiner Geschicht
      * 1985 Ous der Veiner Geschicht
      * 1986 Ous der Veiner Geschicht
      * 1987 Ous der Veiner Geschicht
      * 1988 Ous der Veiner Geschicht
      * 1989 Ous der Veiner Geschicht
      * 1990 Ous d...
---
Skip to content

### Veiner Geschichtsfrënn

Les amis de l'histoire de Vianden

####

  * D’Geschichtsfrënn
    * Kontakt
    * Verwaltungsrot
    * Statuten
  * Publikatiune
    * Béicher
    * Jorbéicher 1983-2003
      * 1983 Ous der Veiner Geschicht
      * 1984 Ous der Veiner Geschicht
      * 1985 Ous der Veiner Geschicht
      * 1986 Ous der Veiner Geschicht
      * 1987 Ous der Veiner Geschicht
      * 1988 Ous der Veiner Geschicht
      * 1989 Ous der Veiner Geschicht
      * 1990 Ous d..."
271,20,6,271_crèche_école_menü_mission,"crèche, école, menü, mission, students, girls, foyers, ettelbrück, impact, support","Skip to main content

  * Butzemillen 
Alles, was es über uns zu wissen gibt

    * Unser Führungskader 
    * Unsere Geschichte 
    * Unsere Mahlzeiten 
    * Unsere Spielplätze 
  * Pädagogik 
Unsere pädagogischen Verpflichtungen betreffend

    * Unsere pädagogischen Verpflichtungen 
    * Unser pädagogisches Projekt 
    * Unsere pädagogischen Angebote 
    * Unsere Gruppen 
  * Unsere Crèchen 
Entdecken Sie unsere Crèches

    * Unsere Crèchen 
    * Crèche Ettelbrück 
    * Crèche Ettelbr...
---
Skip to content

  * Our mission
    * Our mission
    * The Happy Chandara school
    * The pedagogical project
  * Our impact
    * Our impact
    * Pedagogical support for the students hostel
    * Our partners
    * Our team
    * Annual reports
  * Support us as corporation
  * Support us as individuals
  * News
  * Contact us
  *     * 

Menu

  * Our mission
    * Our mission
    * The Happy Chandara school
    * The pedagogical project
  * Our impact
    * Our impact
    * Pedagogical su...
---
Skip to content

  * Our mission
    * Our mission
    * The Happy Chandara school
    * The pedagogical project
  * Our impact
    * Our impact
    * Pedagogical support for the students hostel
    * Our partners
    * Our team
    * Annual reports
  * Support us as corporation
  * Support us as individuals
  * News
  * Contact us
  *     * 

Menu

  * Our mission
    * Our mission
    * The Happy Chandara school
    * The pedagogical project
  * Our impact
    * Our impact
    * Pedagogical su..."
272,20,8,272_school_educational_markus_primary,"school, educational, markus, primary, schule, form, books, secondary, service kontakt, topics","Home

Contact us

Find us

Login

Staff only

  * EN
  * FR
  * DE

  * Unsere Schule +
    * Begrüßung durch den Direktor
    * Führungsteam
    * Schulferien & Kalender
    * Offizielle Texte, Regeln und Memoranda
    * Stundenpläne
    * Pastoral care
    * KiVa
    * Erasmus+
    * Kantine
    * Bibliotheken
    * Transport
    * Extracurricular activities
    * Partners
    * Help for the Ukraine
  * Neuigkeiten
  * Einschreibung
  * Kindergarten und Grundschule +
    * Team +
      * Direk...
---
Home

Contact us

Find us

Login

Staff only

  * EN
  * FR
  * DE

  * Unsere Schule +
    * Begrüßung durch den Direktor
    * Führungsteam
    * Schulferien & Kalender
    * Offizielle Texte, Regeln und Memoranda
    * Stundenpläne
    * Pastoral care
    * KiVa
    * Erasmus+
    * Kantine
    * Bibliotheken
    * Transport
    * Extracurricular activities
    * Partners
    * Help for the Ukraine
  * Neuigkeiten
  * Einschreibung
  * Kindergarten und Grundschule +
    * Team +
      * Direk...
---
Home

Contact us

Find us

Login

Staff only

  * EN
  * FR
  * DE

  * Unsere Schule +
    * Begrüßung durch den Direktor
    * Führungsteam
    * Schulferien & Kalender
    * Offizielle Texte, Regeln und Memoranda
    * Stundenpläne
    * Pastoral care
    * KiVa
    * Erasmus+
    * Kantine
    * Bibliotheken
    * Transport
    * Extracurricular activities
    * Partners
    * Help for the Ukraine
  * Neuigkeiten
  * Einschreibung
  * Kindergarten und Grundschule +
    * Team +
      * Direk..."
273,20,4,273_biog_naturata_bio_verantwortung,"biog, naturata, bio, verantwortung, edward, nachhaltig, steichen, ökologische, mediathek, bewerten","Akzeptieren Sie die Verwendung von Cookies, um ein besseres Erlebnis auf
unserer Website zu gewährleisten?

Erfahren Sie mehr Verweigern Akzeptieren

  * de dropdown
    * fr
    * en

  * Home
  * Genossenschaft
    * Über uns
    * Statuten
    * Vorstand und Geschäftsleitung
    * Mitglieder - Unsere Bio-Landwirte im Porträt﻿
  * Produkte
    * BIOG-Sortiment
    * BIOG-Marke
    * BIOG-Pluspunkte
    * BIOG-Verpackung
  * Käsereien
    * Kass-Haff Käserei
    * Schanck-Haff Käserei

  * Unse...
---
Akzeptieren Sie die Verwendung von Cookies, um ein besseres Erlebnis auf
unserer Website zu gewährleisten?

Erfahren Sie mehr Verweigern Akzeptieren

  * de dropdown
    * fr
    * en

  * Home
  * Über uns
  * Produkte
    * BIOG-Sortiment
    * BIOG-Marke
    * BIOG-Pluspunkte
    * BIOG-Verpackung
    * Andere Marken
  * Einkaufsbedingungen
  * Ansprechpartner

  * Unsere Werte
    * Unternehmenskultur
    * Nachhaltigkeitdropdown
      * Nachhaltig handeln
      * Messen und Bewerten
      *...
---
Akzeptieren Sie die Verwendung von Cookies, um ein besseres Erlebnis auf
unserer Website zu gewährleisten?

Erfahren Sie mehr Verweigern Akzeptieren

  * de dropdown
    * fr
    * en

  * Home
  * Über uns
  * Produkte
    * BIOG-Sortiment
    * BIOG-Marke
    * BIOG-Pluspunkte
    * BIOG-Verpackung
    * Andere Marken
  * Einkaufsbedingungen
  * Ansprechpartner

  * Unsere Werte
    * Unternehmenskultur
    * Nachhaltigkeitdropdown
      * Nachhaltig handeln
      * Messen und Bewerten
      *..."
274,20,7,274_img_stadt_filter_ort,"img, stadt, filter, ort, health, easy, ergebnisse, karte, kaufen mieten, mieten","Kaufen  Mieten  Neue Projekte  Profis

Registrieren  Anmelden

EN DE FR

Schließen

Kaufen  Mieten  Neue Projekte  Profis

Weitere

Anmelden

DE

EN FR

Open

Filter

Liste anzeigen  Auf Karte anzeigen

Suche starten Filter ausblenden

Mieten  Kaufen

AlleWohnungHausZimmerGarage/ParkplatzGrundstückBüroGewerbeIndustriell

Ortschaft

Speichern

Erweiterter Filter

Kreisbereich

Gebiet zeichnen

Budget

Mindestpreis

Höchstpreis

Weitere

Nur für Entwicklungsprojekte

Entwicklungsprojekte ausgeschl...
---
Kaufen  Mieten  Neue Projekte  Profis

Registrieren  Anmelden

EN DE FR

Schließen

Kaufen  Mieten  Neue Projekte  Profis

Weitere

Anmelden

DE

EN FR

Open

Filter

Liste anzeigen  Auf Karte anzeigen

Suche starten Filter ausblenden

Mieten  Kaufen

AlleWohnungHausZimmerGarage/ParkplatzGrundstückBüroGewerbeIndustriell

Ortschaft

Speichern

Erweiterter Filter

Kreisbereich

Gebiet zeichnen

Budget

Mindestpreis

Höchstpreis

Weitere

Nur für Entwicklungsprojekte

Entwicklungsprojekte ausgeschl...
---
Stellenangebote | Kontakt
  *   *   * 

  * Startseite
  * Über Uns
  * Lehrplan
  * Aufnahme
  * Eltern

###  Waldorfschoul

Startseite

    
Über Uns

    
Leitbild

    
Geschichte

    
Organisation

    
Einrichtungen

    
Team

    
Finanzen

    
Verwaltung

    
Transport

    
Pressespiegel

    
Waldorfschulen

    
Rudolf Steiner

    
Datenschutz

    
Impressum

    
Lehrplan

    
Allgemeines

    
Klassengrößen

    
Sprachen

    
Beurteilung

    
Hausaufgaben

    
Religion

 ..."
275,20,5,275_dateien_asset_vector_märz,"dateien, asset, vector, märz, asset management, consent, checbox, cookielawinfo checbox, set gdpr, cookie set","Skip to content

Toggle menu

  * Home
  * Unternehmen
    * Leitbild
    * Team
    * Standort
    * Investitionsstandorte
    * Bildergalerie
    * Kooperationen
    * Karriere
  * Leistungen
    * Fondsmanagement
    * Asset Management
    * Transaktionsberatung
    * Finanzierung
    * Strukturierung
    * Individuallösungen
  * News
  * Kontakt
  * English

# Monat: März 2023

21\. März 2023Allgemein

## REInvest holt Elena Schmitz als neue Senior Asset Managerin

Verstärkter Fokus auf inte...
---
Skip to content

Toggle menu

  * Home
  * Unternehmen
    * Leitbild
    * Team
    * Standort
    * Investitionsstandorte
    * Bildergalerie
    * Kooperationen
    * Karriere
  * Leistungen
    * Fondsmanagement
    * Asset Management
    * Transaktionsberatung
    * Finanzierung
    * Strukturierung
    * Individuallösungen
  * News
  * Kontakt
  * English

# Schlagwort: RWE

7\. Oktober 20197\. Oktober 2019Press Release

## REInvest erwirbt neuen RWE Campus I in Essen

DAX Konzern ist lang...
---
Skip to content

Toggle menu

  * Home
  * Unternehmen
    * Leitbild
    * Team
    * Standort
    * Investitionsstandorte
    * Bildergalerie
    * Kooperationen
    * Karriere
  * Leistungen
    * Fondsmanagement
    * Asset Management
    * Transaktionsberatung
    * Finanzierung
    * Strukturierung
    * Individuallösungen
  * News
  * Kontakt
  * English

# Schlagwort: RWE

7\. Oktober 20197\. Oktober 2019Press Release

## REInvest erwirbt neuen RWE Campus I in Essen

DAX Konzern ist lang..."
276,20,4,276_forschung_plattform_präsentation_gesetzt,"forschung, plattform, präsentation, gesetzt, plugin gesetzt, cookie gdpr, nutzers, cookies kategorie, abteilung, dient","* Forschungsspektrum
    * Prioritäre Krankheitsgebiete
      * Krebs
      * Immunologische Störungen 
    * Prioritäre Forschungsbereiche
      * Digitale Gesundheit
      * Präventive Medizin
      * Klinische Forschung
      * Präzisionsmedizin
    * Forschungsabteilungen
      * Abteilung für Krebsforschung
      * Abteilung für Infektion und Immunität
      * Precision Health Abteilung
    * Andere kollaborative Krankheitsgebiete
      * Parkinson
      * Stoffwechselkrankheiten
      * Co...
---
* Forschungsspektrum
    * Prioritäre Krankheitsgebiete
      * Krebs
      * Immunologische Störungen 
    * Prioritäre Forschungsbereiche
      * Digitale Gesundheit
      * Präventive Medizin
      * Klinische Forschung
      * Präzisionsmedizin
    * Forschungsabteilungen
      * Abteilung für Krebsforschung
      * Abteilung für Infektion und Immunität
      * Precision Health Abteilung
    * Andere kollaborative Krankheitsgebiete
      * Parkinson
      * Stoffwechselkrankheiten
      * Co...
---
* Forschungsspektrum
    * Prioritäre Krankheitsgebiete
      * Krebs
      * Immunologische Störungen 
    * Prioritäre Forschungsbereiche
      * Digitale Gesundheit
      * Präventive Medizin
      * Klinische Forschung
      * Präzisionsmedizin
    * Forschungsabteilungen
      * Abteilung für Krebsforschung
      * Abteilung für Infektion und Immunität
      * Precision Health Abteilung
    * Andere kollaborative Krankheitsgebiete
      * Parkinson
      * Stoffwechselkrankheiten
      * Co..."
277,20,9,277_inscriptions_matières_inscription_cour,"inscriptions, matières, inscription, cour, division, classes, workshop, conférence, commission, 2023 2024","* FAQ
  * Mentions legales

☰

  * Enseignement
    * Conditions d’âge
    * Droits d’inscription
    * Programmes
    * Unités de valeurs (UV)
    * Imposés
    * Formulaires en ligne
    * Vacances et congés
  * Conservatoire
    * Matières enseignées
    * Plans des classes
    * Ensembles
    * Masterclass – Workshop – Conférence
    * Inscriptions 2023/2024
    * Examens d’entrée
    * Admission division moyenne spécialisée / division supérieure
    * FAQ – Inscriptions
  * Ecole des Quarti...
---
* FAQ
  * Mentions legales

☰

  * Enseignement
    * Conditions d’âge
    * Droits d’inscription
    * Programmes
    * Unités de valeurs (UV)
    * Imposés
    * Formulaires en ligne
    * Vacances et congés
  * Conservatoire
    * Matières enseignées
    * Plans des classes
    * Ensembles
    * Masterclass – Workshop – Conférence
    * Inscriptions 2023/2024
    * Examens d’entrée
    * Admission division moyenne spécialisée / division supérieure
    * FAQ – Inscriptions
  * Ecole des Quarti...
---
* FAQ
  * Mentions legales

☰

  * Enseignement
    * Conditions d’âge
    * Droits d’inscription
    * Programmes
    * Unités de valeurs (UV)
    * Imposés
    * Formulaires en ligne
    * Vacances et congés
  * Conservatoire
    * Matières enseignées
    * Plans des classes
    * Ensembles
    * Masterclass – Workshop – Conférence
    * Inscriptions 2023/2024
    * Examens d’entrée
    * Admission division moyenne spécialisée / division supérieure
    * FAQ – Inscriptions
  * Ecole des Quarti..."
278,20,3,278_traitement_traitement données_données_finalités,"traitement, traitement données, données, finalités, données personnelles, personnelles, divulgation, intégrité, assurer, remplir obligation","10, rue de Crauthem - L-3390 Peppange | Tél.: +352 24 83 69 63 | +352 661 265 022 | E-mail : info@luxproimmo.lu
Suivez-nous sur  
  * Accueil
  * Ventes
  * Locations
  * Neuf
  * Contact

## Politique de confidentialité

La présente politique de confidentialité définit et vous informe de la manière
dont Lux Pro-Immo utilise et protège les informations que vous nous
transmettez, le cas échéant, lorsque vous utilisez le présent site accessible
à partir de l'URL suivante : http://www.luxproimmo.lu...
---
10, rue de Crauthem - L-3390 Peppange | Tél.: +352 24 83 69 63 | +352 661 265 022 | E-mail : info@luxproimmo.lu
Suivez-nous sur  
  * Accueil
  * Ventes
  * Locations
  * Neuf
  * Contact

## Politique de confidentialité

La présente politique de confidentialité définit et vous informe de la manière
dont Lux Pro-Immo utilise et protège les informations que vous nous
transmettez, le cas échéant, lorsque vous utilisez le présent site accessible
à partir de l'URL suivante : http://www.luxproimmo.lu...
---
10, rue de Crauthem - L-3390 Peppange | Tél.: +352 24 83 69 63 | +352 661 265 022 | E-mail : info@luxproimmo.lu
Suivez-nous sur  
  * Accueil
  * Ventes
  * Locations
  * Neuf
  * Contact

## Politique de confidentialité

La présente politique de confidentialité définit et vous informe de la manière
dont Lux Pro-Immo utilise et protège les informations que vous nous
transmettez, le cas échéant, lorsque vous utilisez le présent site accessible
à partir de l'URL suivante : http://www.luxproimmo.lu..."
279,20,9,279_tertia_jacques_jean_conseil,"tertia, jacques, jean, conseil, content uploads, uploads, wp content, wp, actualité, https","* Facebook
  * LinkedIn
  * Instagram
  * Twitter
  * Youtube

  * 0Panier

tertia-conseil-noir

  * Nos mobiliers
  * Nos réalisations
  * Nos partenaires
  * Nos showrooms
  * Blog
  * Qui sommes-nous ?
  * Contact
  * Demandez un devis
  * Menu Menu

# Blog

Retrouvez sur ce blog nos dernières actualités, nos coups de coeur, et l'objet
du mois sélectionné soigneusement par TERTIA conseil.

## STOOD, Poste de travail

Coup de cœur

Stood est un poste de travail conçu par CIDER. Facile à vivre,...
---
* Facebook
  * LinkedIn
  * Instagram
  * Twitter
  * Youtube

  * 0Panier

tertia-conseil-noir

  * Nos mobiliers
  * Nos réalisations
  * Nos partenaires
  * Nos showrooms
  * Blog
  * Qui sommes-nous ?
  * Contact
  * Demandez un devis
  * Menu Menu

# Blog

Retrouvez sur ce blog nos dernières actualités, nos coups de coeur, et l'objet
du mois sélectionné soigneusement par TERTIA conseil.

## Le bureau STILETTO, un allié de style

Actualité

Créé par Cider, le bureau Stiletto est un modèle de...
---
* Facebook
  * LinkedIn
  * Instagram
  * Twitter
  * Youtube

  * 0Panier

tertia-conseil-noir

  * Nos mobiliers
  * Nos réalisations
  * Nos partenaires
  * Nos showrooms
  * Blog
  * Qui sommes-nous ?
  * Contact
  * Demandez un devis
  * Menu Menu

# Blog

Retrouvez sur ce blog nos dernières actualités, nos coups de coeur, et l'objet
du mois sélectionné soigneusement par TERTIA conseil.

## Le bureau STILETTO, un allié de style

Actualité

Créé par Cider, le bureau Stiletto est un modèle de..."
280,20,8,280_architecte_luc_weber_352 40,"architecte, luc, weber, 352 40, architectes, rue robert, architecture, catherine, 16 rue, m²","* Projets
  * Actualités
  * Prestations
  * Équipe
  * Jobs
  * Contact
(+352) 40 49 80 1

info@archi-env.lu

• Linkedin

(+352) 40 49 80 1 • info@archi-env.lu • 16, rue Robert Stümper L-2557
Luxembourg

Mentions légales |

© Architecture et environnement

MAISON DE SOINS CLERVAUX - CLERVAUX

Projet en détail

MAISON DE SOINS CLERVAUX

Particularité du projet

Un centre de revalidation avec 60 lits. Deux bâtiments allongés, implantés
parallèlement aux courbes de niveau du terrain, épousent parf...
---
Search for:

Skip to content

#  Luc Weber

Architecte Luxembourg

  * Home
  * Luc Weber
  * Projets
  * Liens
  * Contact

# Projets

2017-06-30 19:13:14

21

21

### WR Dudelange

2017-06-30 19:13:14

20

20

### WL Useldange

2017-06-30 19:13:14

19

19

### WM Useldange

2017-06-30 19:13:14

18

18

### LF Eischen

2017-06-30 19:13:14

10

10

### GF Hollenfels

2017-06-30 19:13:14

11

11

### ML Folschette

  * <
>

### WR Dudelange

    *     *     *     *     *     *     *     *     * M...
---
Search for:

Skip to content

#  Luc Weber

Architecte Luxembourg

  * Home
  * Luc Weber
  * Projets
  * Liens
  * Contact

# LUC WEBER ARCHITECTE I.S.A. Bxl

© Photography Raoul Somers

1969 Né le 16.12.1969 à Luxembourg de nationalité luxembourgeoise.  
Études primaires et secondaires à Luxembourg.

1988 Examen de fin d’études secondaires Lycée de Garçons à Luxembourg (section
latin-sciences).

1989 Stage au cabinet des architectes Hoffmann + Schemel

1995 Diplôme d’architecte obtenu à l’Inst..."
281,20,9,281_termin vereinbaren_marked_résidence_cdi,"termin vereinbaren, marked, résidence, cdi, vereinbaren, stellenangebote, initiative, neuigkeiten, termin, canach","###  +352 24 25

###  info@paiperleck.lu

###  Kontaktieren Sie uns

###  Wer sind wir?

  *   *   * 

  *   * Mobiler Pflegedienst
    * Termin vereinbaren
    * Pflegeversicherung
    * Päiperléck an Ihrer Seite
  * Seniorenresidenzen
    * Seniorenresidenz Am Wéngert - Canach
    * Seniorenresidenz Am Park - Bissen
    * Seniorenresidenz Eisknippchen - Weidingen
    * Seniorenresidenz Petite Suisse - Beaufort
    * Résidence Les Jardins de Schengen - Schengen
    * Résidence Bel-Âge - Esch/Al...
---
###  +352 24 25

###  info@paiperleck.lu

###  Kontaktieren Sie uns

###  Wer sind wir?

  *   *   * 

  *   * Mobiler Pflegedienst
    * Termin vereinbaren
    * Pflegeversicherung
    * Päiperléck an Ihrer Seite
  * Seniorenresidenzen
    * Seniorenresidenz Am Wéngert - Canach
    * Seniorenresidenz Am Park - Bissen
    * Seniorenresidenz Eisknippchen - Weidingen
    * Seniorenresidenz Petite Suisse - Beaufort
    * Résidence Les Jardins de Schengen - Schengen
    * Résidence Bel-Âge - Esch/Al...
---
###  +352 24 25

###  info@paiperleck.lu

###  Kontaktieren Sie uns

###  Wer sind wir?

  *   *   * 

  *   * Mobiler Pflegedienst
    * Termin vereinbaren
    * Pflegeversicherung
    * Päiperléck an Ihrer Seite
  * Seniorenresidenzen
    * Seniorenresidenz Am Wéngert - Canach
    * Seniorenresidenz Am Park - Bissen
    * Seniorenresidenz Eisknippchen - Weidingen
    * Seniorenresidenz Petite Suisse - Beaufort
    * Résidence Les Jardins de Schengen - Schengen
    * Résidence Bel-Âge - Esch/Al..."
282,20,7,282_comité_redange_redange attert_vum,"comité, redange, redange attert, vum, auer, attert, archives, pereira, photo, och","Zum Inhalt springen

Comité Alstad

Mobil-Menü umschalten

Suchfeld umschalten

  * News
  * Iwwert ons
  * Publications
    * Ons Editiounen 1938 – 2020
    * UNESCO
    * Biller
    * Alstad-News
    * Presse
  * Memberen
  * Shop
  * Dons
  * Kontakt

Suche

  * News
  * Iwwert ons
  * Publications
    * Ons Editiounen 1938 – 2020
    * UNESCO
    * Biller
    * Alstad-News
    * Presse
  * Memberen
  * Shop
  * Dons
  * Kontakt

#  Monat: Oktober 2022

## Eng Statu vum Zinniklos

von Tom Sch...
---
Zum Inhalt springen

#  Comité Alstad

Mobil-Menü umschalten

Suchfeld umschalten

  * News
  * Iwwert ons
  * Publications
    * Ons Editiounen 1938 – 2020
    * UNESCO
    * Biller
    * Alstad-News
    * Presse
  * Memberen
  * Shop
  * Dons
  * Kontakt

Suche

  * News
  * Iwwert ons
  * Publications
    * Ons Editiounen 1938 – 2020
    * UNESCO
    * Biller
    * Alstad-News
    * Presse
  * Memberen
  * Shop
  * Dons
  * Kontakt

## Aulebäckermaart an der Alstad de 16. Juli 2023

von Tom S...
---
Zum Inhalt springen

Comité Alstad

Mobil-Menü umschalten

Suchfeld umschalten

  * News
  * Iwwert ons
  * Publications
    * Ons Editiounen 1938 – 2020
    * UNESCO
    * Biller
    * Alstad-News
    * Presse
  * Memberen
  * Shop
  * Dons
  * Kontakt

Suche

  * News
  * Iwwert ons
  * Publications
    * Ons Editiounen 1938 – 2020
    * UNESCO
    * Biller
    * Alstad-News
    * Presse
  * Memberen
  * Shop
  * Dons
  * Kontakt

#  Monat: April 2023

## 194\. Émaischen den 10. Abrëll 2023 vu..."
283,19,15,283_projets contact_façade_set gdpr_cookie set,"projets contact, façade, set gdpr, cookie set, frères, consent, store user, cookies category, cookie consent, consent plugin","#### Nous contacter

Pour tous vos projets de construction et/ou de rénovation contactez nous!

Ouvert Lu - Ve : 8h - 12h et 13h - 17h 37, RUE DE LINGER 4755 PETANGE TEL.
+352 50 61 98 contact@alleva.lu

  * ACCUEIL
  * HISTOIRE
  * NOS ACTIVITÉS
  * NOS PROJETS
  * CONTACT

  * ACCUEIL
  * HISTOIRE
  * NOS ACTIVITÉS
  * NOS PROJETS
  * CONTACT

# Mentions légales

ALLEVA FRERES S.A.

37, RUE DE LINGER

L-4755 PETANGE

TEL. +352 50 61 98

CONTACT@ALLEVA.LU

Numéro TVA : 20102201494

TVA Internat...
---
#### Nous contacter

Pour tous vos projets de construction et/ou de rénovation contactez nous!

Ouvert Lu - Ve : 8h - 12h et 13h - 17h 37, RUE DE LINGER 4755 PETANGE TEL.
+352 50 61 98 contact@alleva.lu

  * ACCUEIL
  * HISTOIRE
  * NOS ACTIVITÉS
  * NOS PROJETS
  * CONTACT

  * ACCUEIL
  * HISTOIRE
  * NOS ACTIVITÉS
  * NOS PROJETS
  * CONTACT

  * ACCUEIL
  * HISTOIRE
  * NOS ACTIVITÉS
  * NOS PROJETS
  * CONTACT

# Contact

###### Votre nom champ obligatoire

###### Votre mail champ obligatoi...
---
#### Nous contacter

Pour tous vos projets de construction et/ou de rénovation contactez nous!

Ouvert Lu - Ve : 8h - 12h et 13h - 17h 37, RUE DE LINGER 4755 PETANGE TEL.
+352 50 61 98 contact@alleva.lu

  * ACCUEIL
  * HISTOIRE
  * NOS ACTIVITÉS
  * NOS PROJETS
  * CONTACT

  * ACCUEIL
  * HISTOIRE
  * NOS ACTIVITÉS
  * NOS PROJETS
  * CONTACT

  * ACCUEIL
  * HISTOIRE
  * NOS ACTIVITÉS
  * NOS PROJETS
  * CONTACT

######  À propos de l'entreprise

##  Histoire

#####  Créée en 1961 par Alleva ..."
284,19,7,284_vendre_vendre louer_property_etage,"vendre, vendre louer, property, etage, chambres, experts, louer, m2, 26 31, strassen luxembourg","#### ACHAT - VENTE - ESTIMATION - LOCATION

30A, rue des MuguetsL-2167 Luxembourg-Kirchberg

+352 621 291 077

info@cheztoit.lu

  * Accueil
  * VENTES
  * LOCATIONS
  * Barême des commissions
  * CONTACT

Chez Toit ImmoblièreACHAT - VENTE - ESTIMATION - LOCATION

  * Accueil
  * VENTES
  * LOCATIONS
  * Barême des commissions
  * CONTACT

#### Upgraded Kitchen

Quuntur magni dolores eos qui ratione voluptatem sequi nesciunt.

Learn more

#### Fabulous Views

Quuntur magni dolores eos qui ration...
---
#### ACHAT - VENTE - ESTIMATION - LOCATION

30A, rue des MuguetsL-2167 Luxembourg-Kirchberg

+352 621 291 077

info@cheztoit.lu

  * Accueil
  * VENTES
  * LOCATIONS
  * Barême des commissions
  * CONTACT

Chez Toit ImmoblièreACHAT - VENTE - ESTIMATION - LOCATION

  * Accueil
  * VENTES
  * LOCATIONS
  * Barême des commissions
  * CONTACT

# Contactez-nous !

Remarque : JavaScript est requis pour ce contenu.

# Coordonnées

ADRESSE  
30A, rue des Muguets  
L-2167 Luxembourg-Kirchberg

TELEPHONE ...
---
#### ACHAT - VENTE - ESTIMATION - LOCATION

30A, rue des MuguetsL-2167 Luxembourg-Kirchberg

+352 621 291 077

info@cheztoit.lu

  * Accueil
  * VENTES
  * LOCATIONS
  * Barême des commissions
  * CONTACT

Chez Toit ImmoblièreACHAT - VENTE - ESTIMATION - LOCATION

  * Accueil
  * VENTES
  * LOCATIONS
  * Barême des commissions
  * CONTACT

#### Nathalie Petit

Gérante

Learn more

30A, rue des Muguets  
L-2167 Luxembourg-Kirchberg  
Tél.: +352 621 291 077  
Email: info@cheztoit.lu

HORAIRES  
Du..."
285,19,4,285_luxconnect_dark_tier_data,"luxconnect, dark, tier, data, corporate social, social responsibility, multi, infrastructure, responsibility, efficiency","### +352 27 61 68 1

### News

### Press kit

### Publications

  * Home
  * LuxConnect
    * Why Luxembourg
    * Company
    * Corporate Social Responsibility
    * Certifications & Awards
    * LuxConnect’s team
    * Jobs
    * LuxProvide
  * Data Centers
    * Infrastructure
    * Service
    * Dedicated cages and rooms
    * Shared server cages
    * Sustainability
      * Kiowatt
      * EMC as security
      * Power management
  * Dark Fiber
  * Connectivity
  * Contact

Customer Portal
...
---
### +352 27 61 68 1

### News

### Press kit

### Publications

  * Home
  * LuxConnect
    * Why Luxembourg
    * Company
    * Corporate Social Responsibility
    * Certifications & Awards
    * LuxConnect’s team
    * Jobs
    * LuxProvide
  * Data Centers
    * Infrastructure
    * Service
    * Dedicated cages and rooms
    * Shared server cages
    * Sustainability
      * Kiowatt
      * EMC as security
      * Power management
  * Dark Fiber
  * Connectivity
  * Contact

Customer Portal
...
---
### +352 27 61 68 1

### News

### Press kit

### Publications

  * Home
  * LuxConnect
    * Why Luxembourg
    * Company
    * Corporate Social Responsibility
    * Certifications & Awards
    * LuxConnect’s team
    * Jobs
    * LuxProvide
  * Data Centers
    * Infrastructure
    * Service
    * Dedicated cages and rooms
    * Shared server cages
    * Sustainability
      * Kiowatt
      * EMC as security
      * Power management
  * Dark Fiber
  * Connectivity
  * Contact

Customer Portal
..."
286,19,6,286_ttc_extérieur_office_352 48,"ttc, extérieur, office, 352 48, strategy, tables, social media, clement, conversion, digital","* Office
    * Workstation 
    * Management 
    * Office Chairs 
    * Storage 
    * Collaborative Spaces 
    * Conference Rooms 
    * Waiting Area 
    * Collective 
    * Education 
    * Outdoor Furniture 
    * Acoustics 
    * Accessories 
    * Lighting 
  * Home
    * Chairs 
    * Armchairs 
    * Canapés 
    * Tables 
    * Low Tables 
    * Storage 
    * Lamps 
    * Home Office 
    *     * Accessories and Deco 
  * Education 
  * The bargain corner 
  * Who we help
    * Archi...
---
* Bureau
    * Postes de travail 
    * Direction 
    * Fauteuils de bureau 
    * Rangement 
    * Espaces collaboratifs 
    * Conférence 
    * Zones d'attente 
    * Collectivités 
    * Education 
    * Extérieur 
    * Acoustique 
    * Accessoires 
    * Luminaires 
  * Maison
    * Chaises 
    * Fauteuils 
    * Canapés 
    * Tables 
    * Tables basses 
    * Rangements 
    * Luminaires 
    * Home Office 
    * Extérieur 
    * Accessoires - Décorations 
  * Éducation 
  * Coin des...
---
* Office
    * Workstation 
    * Management 
    * Office Chairs 
    * Storage 
    * Collaborative Spaces 
    * Conference Rooms 
    * Waiting Area 
    * Collective 
    * Education 
    * Outdoor Furniture 
    * Acoustics 
    * Accessories 
    * Lighting 
  * Home
    * Chairs 
    * Armchairs 
    * Canapés 
    * Tables 
    * Low Tables 
    * Storage 
    * Lamps 
    * Home Office 
    *     * Accessories and Deco 
  * Education 
  * The bargain corner 
  * Who we help
    * Archi..."
287,19,7,287_bio_country_english_learning,"bio, country, english, learning, formations, virtual, sortiment, individuels, informatiounen, consent","Skip to content

  * Home
  * Iwwert eis
    * Verwaltungsrot
    * Geschicht
  * Aktivitéiten
    * Course – Workshop’s
  * Evenementer
    * Evenementer an Spektakel
  * Publikatioun
    * Fotoen
    * Dokumente
  * Informatiounen
    * Informatiounen
    * Kontakt
    * Liens
    * Impressum

Menu

  * Home
  * Iwwert eis
    * Verwaltungsrot
    * Geschicht
  * Aktivitéiten
    * Course – Workshop’s
  * Evenementer
    * Evenementer an Spektakel
  * Publikatioun
    * Fotoen
    * Dokumente
...
---
Skip to content

  * Home
  * Iwwert eis
    * Verwaltungsrot
    * Geschicht
  * Aktivitéiten
    * Course – Workshop’s
  * Evenementer
    * Evenementer an Spektakel
  * Publikatioun
    * Fotoen
    * Dokumente
  * Informatiounen
    * Informatiounen
    * Kontakt
    * Liens
    * Impressum

Menu

  * Home
  * Iwwert eis
    * Verwaltungsrot
    * Geschicht
  * Aktivitéiten
    * Course – Workshop’s
  * Evenementer
    * Evenementer an Spektakel
  * Publikatioun
    * Fotoen
    * Dokumente
...
---
Skip to content

  * Home
  * Iwwert eis
    * Verwaltungsrot
    * Geschicht
  * Aktivitéiten
    * Course – Workshop’s
  * Evenementer
    * Evenementer an Spektakel
  * Publikatioun
    * Fotoen
    * Dokumente
  * Informatiounen
    * Informatiounen
    * Kontakt
    * Liens
    * Impressum

Menu

  * Home
  * Iwwert eis
    * Verwaltungsrot
    * Geschicht
  * Aktivitéiten
    * Course – Workshop’s
  * Evenementer
    * Evenementer an Spektakel
  * Publikatioun
    * Fotoen
    * Dokumente
..."
288,19,9,288_hëllef_éischt_2019 2020_dës,"hëllef, éischt, 2019 2020, dës, popup, bilan, ginn, 2019, eis, 2014","* News
    * Eis Aktivitéiten am Iwwerbléck
    * Eischt Hëllef Coursen am Athénée | 2021-2022
    * Eis Artikelen
      * Artikelen | 2022
      * Artikelen | 2021
        * AG 2021 | Assemblée générale
      * Artikelen | 2020
        * AG 2020 | Assemblée générale
      * Artikelen | 2019
        * Kolléisch in Concert 2019-2020
        * Chrëschtmaart 2019
        * Reanimatie Estafette 2019
      * Artikelen | 2018
        * EHTK zu Heidelberg
        * 3\. Abrëll: Formatioun De Widong
    ...
---
* News
    * Eis Aktivitéiten am Iwwerbléck
    * Eischt Hëllef Coursen am Athénée | 2021-2022
    * Eis Artikelen
      * Artikelen | 2022
      * Artikelen | 2021
        * AG 2021 | Assemblée générale
      * Artikelen | 2020
        * AG 2020 | Assemblée générale
      * Artikelen | 2019
        * Kolléisch in Concert 2019-2020
        * Chrëschtmaart 2019
        * Reanimatie Estafette 2019
      * Artikelen | 2018
        * EHTK zu Heidelberg
        * 3\. Abrëll: Formatioun De Widong
    ...
---
* News
    * Eis Aktivitéiten am Iwwerbléck
    * Eischt Hëllef Coursen am Athénée | 2021-2022
    * Eis Artikelen
      * Artikelen | 2022
      * Artikelen | 2021
        * AG 2021 | Assemblée générale
      * Artikelen | 2020
        * AG 2020 | Assemblée générale
      * Artikelen | 2019
        * Kolléisch in Concert 2019-2020
        * Chrëschtmaart 2019
        * Reanimatie Estafette 2019
      * Artikelen | 2018
        * EHTK zu Heidelberg
        * 3\. Abrëll: Formatioun De Widong
    ..."
289,19,7,289_kachen_rezept_magazine_zeigen,"kachen, rezept, magazine, zeigen, rezepte, toilette, 05 2023, stock, lesen, coffret","* Rezepte
    * Aperitifs
    * Vorspeisen
    * Hauptgerichte
    * Desserts
    * Vegetarisch
    * Getränke
    * Typesch Lëtzebuergesch
    * Küchenchef Rezepte
    * KACHEN mat Kanner
    * Spezial
      * Filmnacht
      * Luxemburgischer Pavillon
      * Recipe In a Jar
      * In der Küche von Le Moulin
      * Swiss Cheese
      * Bertrand's Rezepte
      * Grana Padano Rezepte
      * Julie's Vegane Rezepte (Bakhaus)
      * Caves Wengler
      * BSH
  * Thermomix
  * Food & Restaurant...
---
* Rezepte
    * Aperitifs
    * Vorspeisen
    * Hauptgerichte
    * Desserts
    * Vegetarisch
    * Getränke
    * Typesch Lëtzebuergesch
    * Küchenchef Rezepte
    * KACHEN mat Kanner
    * Spezial
      * Filmnacht
      * Luxemburgischer Pavillon
      * Recipe In a Jar
      * In der Küche von Le Moulin
      * Swiss Cheese
      * Bertrand's Rezepte
      * Grana Padano Rezepte
      * Julie's Vegane Rezepte (Bakhaus)
      * Caves Wengler
      * BSH
  * Thermomix
  * Food & Restaurant...
---
* Rezepte
    * Aperitifs
    * Vorspeisen
    * Hauptgerichte
    * Desserts
    * Vegetarisch
    * Getränke
    * Typesch Lëtzebuergesch
    * Küchenchef Rezepte
    * KACHEN mat Kanner
    * Spezial
      * Filmnacht
      * Luxemburgischer Pavillon
      * Recipe In a Jar
      * In der Küche von Le Moulin
      * Swiss Cheese
      * Bertrand's Rezepte
      * Grana Padano Rezepte
      * Julie's Vegane Rezepte (Bakhaus)
      * Caves Wengler
      * BSH
  * Thermomix
  * Food & Restaurant..."
290,19,9,290_stands_stand_exposition_jardins,"stands, stand, exposition, jardins, lumineux, visuels, tissus, aménagements, panneaux, concept","+352 661 141 422  
info@bomg.lu

Rue de Koerich, 68  
L-8437 STEINFORT

  * Home
  * Panneaux
  * Stands
    * #### STANDS EXPOSITION
      * ####  Stands modulaires
      * ####  Stands sur mesure
      * ####  Stands visuels en tissus
#### STANDS PORTABLES

      * ####  Stands parapluie
      * ####  Stands portables Contour
      * ####  Comptoirs & Banque d'accueil
#### ACCESSOIRES STANDS

      * ####  Roll ups
      * ####  Cadres lumineux
      * ####  Solutions d'extérieur
  * Nos packs...
---
+352 661 141 422  
info@bomg.lu

Rue de Koerich, 68  
L-8437 STEINFORT

  * Home
  * Panneaux
  * Stands
    * #### STANDS EXPOSITION
      * ####  Stands modulaires
      * ####  Stands sur mesure
      * ####  Stands visuels en tissus
#### STANDS PORTABLES

      * ####  Stands parapluie
      * ####  Stands portables Contour
      * ####  Comptoirs & Banque d'accueil
#### ACCESSOIRES STANDS

      * ####  Roll ups
      * ####  Cadres lumineux
      * ####  Solutions d'extérieur
  * Nos packs...
---
+352 661 141 422  
info@bomg.lu

Rue de Koerich, 68  
L-8437 STEINFORT

  * Home
  * Panneaux
  * Stands
    * #### STANDS EXPOSITION
      * ####  Stands modulaires
      * ####  Stands sur mesure
      * ####  Stands visuels en tissus
#### STANDS PORTABLES

      * ####  Stands parapluie
      * ####  Stands portables Contour
      * ####  Comptoirs & Banque d'accueil
#### ACCESSOIRES STANDS

      * ####  Roll ups
      * ####  Cadres lumineux
      * ####  Solutions d'extérieur
  * Nos packs..."
291,19,7,291_structured_société anonyme_invest_anonyme,"structured, société anonyme, invest, anonyme, paper, securities, warenkorb, meter, funds, products","Javascript is disabled in your browser. Please enable it for full
functionality and experience.

Filter

ENG GER

  * Products
    * Funds
    * ETF
  * Platform
    * About Us
    * Our Services
    * News
    * ESG
    * Contact
    * Job Offers / Interns / Legal Trainees
  * Legal
    * Site Info
    * Privacy Statement
    * Legal Disclaimer
  * ENG / GER

Search

Search for products

Search

Please enter a ISIN or product name

product_page_content_broker_choice_title

HypoVereinsbank

1822...
---
Javascript is disabled in your browser. Please enable it for full
functionality and experience.

Filter

ENG GER

  * Products
    * Funds
    * ETF
  * Platform
    * About Us
    * Our Services
    * News
    * ESG
    * Contact
    * Job Offers / Interns / Legal Trainees
  * Legal
    * Site Info
    * Privacy Statement
    * Legal Disclaimer
  * ENG / GER

Search

Search for products

Search

Please enter a ISIN or product name

product_page_content_broker_choice_title

HypoVereinsbank

1822...
---
Javascript is disabled in your browser. Please enable it for full
functionality and experience.

Filter

ENG GER

  * Products
    * Funds
    * ETF
  * Platform
    * About Us
    * Our Services
    * News
    * ESG
    * Contact
    * Job Offers / Interns / Legal Trainees
  * Legal
    * Site Info
    * Privacy Statement
    * Legal Disclaimer
  * ENG / GER

Search

Search for products

Search

Please enter a ISIN or product name

product_page_content_broker_choice_title

HypoVereinsbank

1822..."
292,19,8,292_architect_architects_illustrations_associate,"architect, architects, illustrations, associate, brand, strictly, enable, strictly cookies, visual, close gdpr","* Our story
  * Our work
  * Our approach
  * Our people
  * Contact us

  *   *   *   * 

# metaform - ARCHITECTS

LUX  
metaform architects

8, Rue des Girondins, L-1626 Luxembourg

DXB  
metaform architects

Level 14, Blvd Plaza Tower 1, Sheikh Mohammed Bin Rashid Blvd, Dubai, UAE

We are always looking for new talents  
Notice: JavaScript is required for this content.

Beyond ordinary.

We are always looking  
for new talents

  *   *   *   *   * 

LUX

metaform architects

8, Rue des Girond...
---
* Our story
  * Our work
  * Our approach
  * Our people
  * Contact us

  *   *   *   * 

# metaform - ARCHITECTS

# Our people

Proud of our multicultural team from over 20 different horizons, we draw our
inspiration from this richness, deeply convinced it fosters new ways of
communication and thinking. We pulse through all our interactions, to
constantly learn from one another, expending our knowledge in every sense and
direction.

Wish to be part of metaform’s culture?  
We are always lookin...
---
* Our story
  * Our work
  * Our approach
  * Our people
  * Contact us

  *   *   *   * 

# metaform - ARCHITECTS

# Our people

Proud of our multicultural team from over 20 different horizons, we draw our
inspiration from this richness, deeply convinced it fosters new ways of
communication and thinking. We pulse through all our interactions, to
constantly learn from one another, expending our knowledge in every sense and
direction.

Wish to be part of metaform’s culture?  
We are always lookin..."
293,19,7,293_bartreng_wiltz_bertrange_guichet,"bartreng, wiltz, bertrange, guichet, reider, 2023 actualités, représentants, cycle, admission, démarches","En poursuivant votre navigation sur notre site, vous acceptez que des cookies
soient utilisés afin d’améliorer votre expérience utilisateur et de vous
offrir des contenus personnalisés. En savoir plus

J'accepte

Aller au contenu principal Aller au sitemap

  * Citoyens & Résidents
    * Historique
      * Les origines
      * Géographie
      * Monuments historiques
      * Evolution économique des projets
    * La commune en chiffres
      * Une commune multiculturelle
    * Services communaux...
---
En poursuivant votre navigation sur notre site, vous acceptez que des cookies
soient utilisés afin d’améliorer votre expérience utilisateur et de vous
offrir des contenus personnalisés. En savoir plus

J'accepte

Aller au contenu principal Aller au sitemap

  * Citoyens & Résidents
    * Historique
      * Les origines
      * Géographie
      * Monuments historiques
      * Evolution économique des projets
    * La commune en chiffres
      * Une commune multiculturelle
    * Services communaux...
---
En poursuivant votre navigation sur notre site, vous acceptez que des cookies
soient utilisés afin d’améliorer votre expérience utilisateur et de vous
offrir des contenus personnalisés. En savoir plus

J'accepte

Aller au contenu principal Aller au sitemap

  * Citoyens & Résidents
    * Historique
      * Les origines
      * Géographie
      * Monuments historiques
      * Evolution économique des projets
    * La commune en chiffres
      * Une commune multiculturelle
    * Services communaux..."
294,19,7,294_foto_memberen_musek_harmonie,"foto, memberen, musek, harmonie, calendar, comité, jun, iech, blog kontakt, geschicht","Skip to content

Menu

  * Home
  * Memberen
    * Comité
    * Éiere-Comité
    * Gesank
    * Musek
    * Jugendmusek
  * Geschicht
    * 1883-1960
    * 1961-1984
    * 1987-2013
    * Presidenten an Dirigenten
  * Kalenner
  * Fotoalbum
  * Blog
  * Kontakt

Menu

  * Home
  * Memberen
    * Comité
    * Éiere-Comité
    * Gesank
    * Musek
    * Jugendmusek
  * Geschicht
    * 1883-1960
    * 1961-1984
    * 1987-2013
    * Presidenten an Dirigenten
  * Kalenner
  * Fotoalbum
  * Blog
  * ...
---
Skip to content

Menu

  * Home
  * Memberen
    * Comité
    * Éiere-Comité
    * Gesank
    * Musek
    * Jugendmusek
  * Geschicht
    * 1883-1960
    * 1961-1984
    * 1987-2013
    * Presidenten an Dirigenten
  * Kalenner
  * Fotoalbum
  * Blog
  * Kontakt

Menu

  * Home
  * Memberen
    * Comité
    * Éiere-Comité
    * Gesank
    * Musek
    * Jugendmusek
  * Geschicht
    * 1883-1960
    * 1961-1984
    * 1987-2013
    * Presidenten an Dirigenten
  * Kalenner
  * Fotoalbum
  * Blog
  * ...
---
Skip to content

Menu

  * Home
  * Memberen
    * Comité
    * Éiere-Comité
    * Gesank
    * Musek
    * Jugendmusek
  * Geschicht
    * 1883-1960
    * 1961-1984
    * 1987-2013
    * Presidenten an Dirigenten
  * Kalenner
  * Fotoalbum
  * Blog
  * Kontakt

Menu

  * Home
  * Memberen
    * Comité
    * Éiere-Comité
    * Gesank
    * Musek
    * Jugendmusek
  * Geschicht
    * 1883-1960
    * 1961-1984
    * 1987-2013
    * Presidenten an Dirigenten
  * Kalenner
  * Fotoalbum
  * Blog
  * ..."
295,19,3,295_facilities_global_facility management_maintenir,"facilities, global, facility management, maintenir, tendances, espaces, facility, hygiène, métier, creos","# Campagne de recrutement en cours, rejoignez l’aventure !

Découvrez nos offres d'emploi

# Global Facilities

  * Nos solutions
    * Service support / Outsourcing
    * Pilotage et coordination
    * Sécurité, sûreté et santé au travail
    * Ingéniérie technique, maintenance des espaces et infrastructures
    * Propreté, hygiène et environnement
    * Autorisations et certifications
    * Real Estate Services
    * Facility Management Digital
  * Vos besoins
    * Maintenir vos installations...
---
# Campagne de recrutement en cours, rejoignez l’aventure !

Découvrez nos offres d'emploi

  *   *   *   * 

# Global Facilities

  * Nos solutions
    * Service support / Outsourcing
    * Pilotage et coordination
    * Sécurité, sûreté et santé au travail
    * Ingéniérie technique, maintenance des espaces et infrastructures
    * Propreté, hygiène et environnement
    * Autorisations et certifications
    * Real Estate Services
    * Facility Management Digital
  * Vos besoins
    * Maintenir...
---
# Campagne de recrutement en cours, rejoignez l’aventure !

Découvrez nos offres d'emploi

  *   *   *   * 

# Global Facilities

  * Nos solutions
    * Service support / Outsourcing
    * Pilotage et coordination
    * Sécurité, sûreté et santé au travail
    * Ingéniérie technique, maintenance des espaces et infrastructures
    * Propreté, hygiène et environnement
    * Autorisations et certifications
    * Real Estate Services
    * Facility Management Digital
  * Vos besoins
    * Maintenir..."
296,19,6,296_avocat_mei_barreau_generalversammlung,"avocat, mei, barreau, generalversammlung, frauen, statuten, mitglieder, cour, sekretariat, police","Aller au contenu

+352 46 72 72-1

  * Espace avocats

  * Le Barreau
    * Missions
    * Organisation
      * Le Bâtonnier
        * Présentation
        * Rôles
        * L’élection du Bâtonnier
        * Les anciens Bâtonniers
      * Le Conseil de l’Ordre
        * Présentation
        * Les membres du Conseil de l’Ordre
        * Missions
        * Avis du Conseil de l’Ordre
      * Les commissions
      * Assemblée Générale
    * La Maison de l’Avocat
    * Relations internationales
     ...
---
Aller au contenu

+352 46 72 72-1

  * Espace avocats

  * Le Barreau
    * Missions
    * Organisation
      * Le Bâtonnier
        * Présentation
        * Rôles
        * L’élection du Bâtonnier
        * Les anciens Bâtonniers
      * Le Conseil de l’Ordre
        * Présentation
        * Les membres du Conseil de l’Ordre
        * Missions
        * Avis du Conseil de l’Ordre
      * Les commissions
      * Assemblée Générale
    * La Maison de l’Avocat
    * Relations internationales
     ...
---
﻿ Aller au contenu

+352 46 72 72-1

  * Espace avocats

  * Le Barreau
    * Missions
    * Organisation
      * Le Bâtonnier
        * Présentation
        * Rôles
        * L’élection du Bâtonnier
        * Les anciens Bâtonniers
      * Le Conseil de l’Ordre
        * Présentation
        * Les membres du Conseil de l’Ordre
        * Missions
        * Avis du Conseil de l’Ordre
      * Les commissions
      * Assemblée Générale
    * La Maison de l’Avocat
    * Relations internationales
   ..."
297,19,6,297_step_pag_mondercange_commune,"step, pag, mondercange, commune, popup, käerjeng, pap, communal, communales, conseil communal","* logo
  * E-Reider
  * Annuaire
  * Publications
  * Liens utiles
  * Contact
  * Postes vacants

  * 

  * Citoyens
    * Démarches administratives
    * Formulaires et demandes de subvention
    * Office social
    * Services pour Séniors
  * La commune
    * Annuaire
    * Projets Gemeng Käerjeng
    * Notre histoire
    * La commune en chiffres
    * Infrastructures communales
    * cityapp Käerjeng
  * Politique
    * Collège Echevinal
    * Conseil communal
    * Commissions consultatives...
---
* logo
  * E-Reider
  * Annuaire
  * Publications
  * Liens utiles
  * Contact
  * Postes vacants

  * 

  * Citoyens
    * Démarches administratives
    * Formulaires et demandes de subvention
    * Office social
    * Services pour Séniors
  * La commune
    * Annuaire
    * Projets Gemeng Käerjeng
    * Notre histoire
    * La commune en chiffres
    * Infrastructures communales
    * cityapp Käerjeng
  * Politique
    * Collège Echevinal
    * Conseil communal
    * Commissions consultatives...
---
* logo
  * E-Reider
  * Annuaire
  * Publications
  * Liens utiles
  * Contact
  * Postes vacants

  * 

  * Citoyens
    * Démarches administratives
    * Formulaires et demandes de subvention
    * Office social
    * Services pour Séniors
  * La commune
    * Annuaire
    * Projets Gemeng Käerjeng
    * Notre histoire
    * La commune en chiffres
    * Infrastructures communales
    * cityapp Käerjeng
  * Politique
    * Collège Echevinal
    * Conseil communal
    * Commissions consultatives..."
298,19,10,298_éclairage_eclairage_industriel_tours,"éclairage, eclairage, industriel, tours, solaire, portable, zones, désinfection, salle bains, climatisation","* Accueil
  * Services
  * Nos produits
    * Éclairage de zones
    * Éclairage portable
    * Projecteurs
    * Éclairage industriel
    * Éclairage de Bureaux
    * Éclairage solaire
    * Éclairage de désinfection
    * Tours d'éclairage
  * Réalisations
  * Contact
  * Covid-19

  * 

Voir mon panier

  * 

  * Accueil
  * Services
  * Nos produits
    * Éclairage de zones
    * Éclairage portable
    * Projecteurs
    * Éclairage industriel
    * Éclairage de Bureaux
    * Éclairage solair...
---
* Accueil
  * Services
  * Nos produits
    * Éclairage de zones
    * Éclairage portable
    * Projecteurs
    * Éclairage industriel
    * Éclairage de Bureaux
    * Éclairage solaire
    * Éclairage de désinfection
    * Tours d'éclairage
  * Réalisations
  * Contact
  * Covid-19

  * 

Voir mon panier

  * 

  * Accueil
  * Services
  * Nos produits
    * Éclairage de zones
    * Éclairage portable
    * Projecteurs
    * Éclairage industriel
    * Éclairage de Bureaux
    * Éclairage solair...
---
* Accueil
  * Services
  * Nos produits
    * Éclairage de zones
    * Éclairage portable
    * Projecteurs
    * Éclairage industriel
    * Éclairage de Bureaux
    * Éclairage solaire
    * Éclairage de désinfection
    * Tours d'éclairage
  * Réalisations
  * Contact
  * Covid-19

  * 

Voir mon panier

  * 

  * Accueil
  * Services
  * Nos produits
    * Éclairage de zones
    * Éclairage portable
    * Projecteurs
    * Éclairage industriel
    * Éclairage de Bureaux
    * Éclairage solair..."
299,19,9,299_vintage vintage_rolex rolex_rolex_vintage,"vintage vintage, rolex rolex, rolex, vintage, philippe patek, patek philippe, patek, philippe, chaussures, semelles","top of page

  * ACCUEIL
  * PRÉSENTATION
  * NOS SPÉCIALISATIONS
    * Podologie / Orthopédie
    * Chaussure orthopédique sur mesure
    * Pédicure médicale
    * Contention médicale
  * NOS PRODUITS
    * Matériel orthopédique / Orthèses
    * Chaussures
    * Crèmes et accessoires
  * CONTACT / RENDEZ-VOUS
  * Plus

Use tab to navigate through the menu items.

# Pedicure Medicale

## Soins des pieds

Pour une duree de 45 minutes, une pedicure douce et soigneuse sera realisee
dans un cadre lu...
---
top of page

  * ACCUEIL
  * PRÉSENTATION
  * NOS SPÉCIALISATIONS
    * Podologie / Orthopédie
    * Chaussure orthopédique sur mesure
    * Pédicure médicale
    * Contention médicale
  * NOS PRODUITS
    * Matériel orthopédique / Orthèses
    * Chaussures
    * Crèmes et accessoires
  * CONTACT / RENDEZ-VOUS
  * Plus

Use tab to navigate through the menu items.

# Podologie - Orthopedie

## Podolux, votre cabinet de podo-orthesiste et bottier vous propose des
services sur-mesure pour ameliorer...
---
top of page

  * HOME
  * VINTAGE & MODERN CORNER
  * INDEPENDENT CORNER
    * ANDERSEN GENEVE
    * BENZINGER
    * BENZINGER BY ZANELLA
    * HALDIMANN
  * CONTACT
  * BLOGGER
  * More

Use tab to navigate through the menu items.

  *   *   *   *   *   * 

Copyright @ Watch Collector 2023

Watch Collector by Christian Bissener is the official agent for:

Andersen Geneve

Benzinger

Benzinger by Zanella

Haldimann

Rolex Rolex Rolex Rolex Rolex Rolex Rolex Rolex Rolex Rolex Rolex Rolex Rolex
Ro..."
300,19,4,300_mäntel_hosen_jacken_jeans,"mäntel, hosen, jacken, jeans, schuhe, shirts, shorts, blusen, hemden, accessoires","×

#### Wird geladen...

## Ihre Zustimmung zu Cookies

Um Ihr personliches Shoppingerlebnis so angenehm wie moglich zu gestalten,
verwendet Calliste Cookies, auch von Drittanbietern. Klicken Sie auf „Ich
stimme zu"" um alle Cookies zu akzeptieren und direkt zur Website weiter zu
navigieren oder klicken Sie unten auf „Individuelle Einstellungen"", um eine
detaillierte Beschreibung der Cookies zu erhalten und eine individuelle
Auswahl zu treffen.

Ich stimme zu

* * *
### Funktionale Cookies

Notwe...
---
×

#### Wird geladen...

## Ihre Zustimmung zu Cookies

Um Ihr personliches Shoppingerlebnis so angenehm wie moglich zu gestalten,
verwendet Calliste Cookies, auch von Drittanbietern. Klicken Sie auf „Ich
stimme zu"" um alle Cookies zu akzeptieren und direkt zur Website weiter zu
navigieren oder klicken Sie unten auf „Individuelle Einstellungen"", um eine
detaillierte Beschreibung der Cookies zu erhalten und eine individuelle
Auswahl zu treffen.

Ich stimme zu

* * *
### Funktionale Cookies

Notwe...
---
×

#### Wird geladen...

## Ihre Zustimmung zu Cookies

Um Ihr personliches Shoppingerlebnis so angenehm wie moglich zu gestalten,
verwendet Calliste Cookies, auch von Drittanbietern. Klicken Sie auf „Ich
stimme zu"" um alle Cookies zu akzeptieren und direkt zur Website weiter zu
navigieren oder klicken Sie unten auf „Individuelle Einstellungen"", um eine
detaillierte Beschreibung der Cookies zu erhalten und eine individuelle
Auswahl zu treffen.

Ich stimme zu

* * *
### Funktionale Cookies

Notwe..."
301,19,7,301_communal_climat_commune_pacte climat,"communal, climat, commune, pacte climat, conseil communal, pacte, déchets, bulletin, population, civil","* La commune
    * Administration
      * Les services administratifs
      * Les services techniques
      * Service d’incendie et de sauvetage
    * Politique
      * Le bourgmestre
      * Le collège échevinal
      * Le conseil communal
      * Commissions consultatives
      * Les séances du conseil communal
    * Energie – Environnement
      * Energieatelier
      * Infostuff
      * Maison de l’Eau
      * Natura 2000
      * Pacte climat
      * Subsides communaux
      * Qualité de l’e...
---
* La commune
    * Administration
      * Les services administratifs
      * Les services techniques
      * Service d’incendie et de sauvetage
    * Politique
      * Le bourgmestre
      * Le collège échevinal
      * Le conseil communal
      * Commissions consultatives
      * Les séances du conseil communal
    * Energie – Environnement
      * Energieatelier
      * Infostuff
      * Maison de l’Eau
      * Natura 2000
      * Pacte climat
      * Subsides communaux
      * Qualité de l’e...
---
* La commune
    * Administration
      * Les services administratifs
      * Les services techniques
      * Service d’incendie et de sauvetage
    * Politique
      * Le bourgmestre
      * Le collège échevinal
      * Le conseil communal
      * Commissions consultatives
      * Les séances du conseil communal
    * Energie – Environnement
      * Energieatelier
      * Infostuff
      * Maison de l’Eau
      * Natura 2000
      * Pacte climat
      * Subsides communaux
      * Qualité de l’e..."
302,19,6,302_commune_communal_stockage accès_accès technique,"commune, communal, stockage accès, accès technique, mamer, annuaire, conseil communal, stockage, technique, statistiques","* Ma commune
    * Services de la commune
      * Accueil
      * Secrétariat
        * Ressources humaines
        * Facturation
      * Recette
      * Relations publiques
      * Biergercenter
        * Service scolaire
      * Service technique
        * Agent municipal
        * Atelier communal
      * Office social
    * Politique
      * Le collège échevinal
      * Le conseil communal
      * Le Bourgmestre
      * Commissions consultatives
      * Syndicats
      * TheMayor.eu
    * Pa...
---
* Ma commune
    * Services de la commune
      * Accueil
      * Secrétariat
        * Ressources humaines
        * Facturation
      * Recette
      * Relations publiques
      * Biergercenter
        * Service scolaire
      * Service technique
        * Agent municipal
        * Atelier communal
      * Office social
    * Politique
      * Le collège échevinal
      * Le conseil communal
      * Le Bourgmestre
      * Commissions consultatives
      * Syndicats
      * TheMayor.eu
    * Pa...
---
* Ma commune
    * Services de la commune
      * Accueil
      * Secrétariat
        * Ressources humaines
        * Facturation
      * Recette
      * Relations publiques
      * Biergercenter
        * Service scolaire
      * Service technique
        * Agent municipal
        * Atelier communal
      * Office social
    * Politique
      * Le collège échevinal
      * Le conseil communal
      * Le Bourgmestre
      * Commissions consultatives
      * Syndicats
      * TheMayor.eu
    * Pa..."
303,18,6,303_acl_logement_2007_grand duc,"acl, logement, 2007, grand duc, duc, présentes, anpassen, louer, automobile, acheter","Ce site utilise des cookies pour simplifier et améliorer votre utilisation et
expérience de ce site Web. Les cookies sont des petits fichiers texte
enregistrés sur l'appareil que vous utilisez pour accéder à ce site Web. Si
vous ignorez ou fermez ce message et continuez de naviguer sans désactiver les
cookies dans les paramètres de votre navigateur, nous assumons que vous
consentez à notre utilisation des cookies sur ce site Web. Pour plus
d'informations sur notre utilisation des cookies, veuill...
---
Ce site utilise des cookies pour simplifier et améliorer votre utilisation et
expérience de ce site Web. Les cookies sont des petits fichiers texte
enregistrés sur l'appareil que vous utilisez pour accéder à ce site Web. Si
vous ignorez ou fermez ce message et continuez de naviguer sans désactiver les
cookies dans les paramètres de votre navigateur, nous assumons que vous
consentez à notre utilisation des cookies sur ce site Web. Pour plus
d'informations sur notre utilisation des cookies, veuill...
---
Ce site utilise des cookies pour simplifier et améliorer votre utilisation et
expérience de ce site Web. Les cookies sont des petits fichiers texte
enregistrés sur l'appareil que vous utilisez pour accéder à ce site Web. Si
vous ignorez ou fermez ce message et continuez de naviguer sans désactiver les
cookies dans les paramètres de votre navigateur, nous assumons que vous
consentez à notre utilisation des cookies sur ce site Web. Pour plus
d'informations sur notre utilisation des cookies, veuill..."
304,18,7,304_urls_stuff_bauen_profi,"urls, stuff, bauen, profi, diy, main navigation, steichen, desk, garten, überblick","# Garten & Freizeit | BAUHAUS Luxembourg
## Important pages

  * Home
  * Main Navigation
  * Content
  * Contact
  * Sitemap
  * Important Pages

## Language Navigation

  * Deutsch

## Meta Navigation

  * Kontakt
  * International

## Suchbegriff eingeben

LOS

## Main Navigation

  * Angebote
Werbebeilage

urls site maping and stuff

IaGe

Fachprospekte

## BAUHAUS Fachprospekte

Alle Fachprospekte gibt’s hier online zum Durchblättern.

urls site maping and stuff

IaGe

_0_

  * Ratgeber & D...
---
# Angebote | BAUHAUS Luxembourg
## Important pages

  * Home
  * Main Navigation
  * Content
  * Contact
  * Sitemap
  * Important Pages

## Language Navigation

  * Deutsch
  * Français

## Meta Navigation

  * Kontakt
  * International

## Suchbegriff eingeben

LOS

## Main Navigation

  * Angebote
Werbebeilage

urls site maping and stuff

IaGe

Fachprospekte

## BAUHAUS Fachprospekte

Alle Fachprospekte gibt’s hier online zum Durchblättern.

urls site maping and stuff

IaGe

_0_

  * Ratgeber...
---
# BAUHAUS der Spezialist für Werkstatt, Haus und Garten | BAUHAUS Luxembourg
## Important pages

  * Home
  * Main Navigation
  * Content
  * Contact
  * Sitemap
  * Important Pages

## Language Navigation

  * Deutsch
  * Français

## Meta Navigation

  * Kontakt
  * International

## Suchbegriff eingeben

LOS

## Main Navigation

  * Angebote
Werbebeilage

urls site maping and stuff

IaGe

Fachprospekte

## BAUHAUS Fachprospekte

Alle Fachprospekte gibt’s hier online zum Durchblättern.

urls s..."
305,18,5,305_care_climate_engager_bic,"care, climate, engager, bic, conseil administration, iban, projets, intervention, président, assemblée","* Newsletter
  * Contact
  * dayCARE
  * Correspondants Humanitaires
  * Climate Change

Navigation einblenden

Je donne

  * CARE 
    * Qui sommes-nous?
    * Partenaires
    * L'équipe de CARE
    *     * Qualité et Transparence
    * Emplois et stages
    * Presse/Médias
    *   * Nos Actions 
    * Champs d'intervention
    * Afrique
    * Asie
    *     * Europe
    * Proche-Orient
    * Amérique latine
    *   * S'engager 
    * Mon engagement
    * Mon entreprise
    * Mon legs
    *    ...
---
* Newsletter
  * Contact
  * dayCARE
  * Correspondants Humanitaires
  * Climate Change

Navigation einblenden

Je donne

  * CARE 
    * Qui sommes-nous?
    * Partenaires
    * L'équipe de CARE
    *     * Qualité et Transparence
    * Emplois et stages
    * Presse/Médias
    *   * Nos Actions 
    * Champs d'intervention
    * Afrique
    * Asie
    *     * Europe
    * Proche-Orient
    * Amérique latine
    *   * S'engager 
    * Mon engagement
    * Mon entreprise
    * Mon legs
    *    ...
---
* Newsletter
  * Contact
  * dayCARE
  * Correspondants Humanitaires
  * Climate Change

Navigation einblenden

Je donne

  * CARE 
    * Qui sommes-nous?
    * Partenaires
    * L'équipe de CARE
    *     * Qualité et Transparence
    * Emplois et stages
    * Presse/Médias
    *   * Nos Actions 
    * Champs d'intervention
    * Afrique
    * Asie
    *     * Europe
    * Proche-Orient
    * Amérique latine
    *   * S'engager 
    * Mon engagement
    * Mon entreprise
    * Mon legs
    *    ..."
306,18,7,306_covered_théâtre_kb_nord,"covered, théâtre, kb, nord, pdf, mediation, permutateur menu, permutateur, sector, évènements","Aller au contenu principal

## Menu secondaire

  * newsletter
  * contact

billetterie

## Top menu principale

  * programmation
    * Saison 22·23
    * Saison 23·24
    * Samedis aux Théâtres
    * TalentLAB
    * Capucins Libre
    * Studio Libre
    * red bridge project
  * pour aller plus loin
    * Cycles
    * Programmation cadre
    * Future Laboratory
  * informations pratiques
    * Tickets
    * Accès
    * Accessibilité
    * Restauration
    * Contact
    * Mesures sanitaires

## ...
---
Aller au contenu principal

## Menu secondaire

  * newsletter
  * contact

billetterie

## Top menu principale

  * programmation
    * Saison 22·23
    * Saison 23·24
    * Samedis aux Théâtres
    * TalentLAB
    * Capucins Libre
    * Studio Libre
    * red bridge project
  * pour aller plus loin
    * Cycles
    * Programmation cadre
    * Future Laboratory
  * informations pratiques
    * Tickets
    * Accès
    * Accessibilité
    * Restauration
    * Contact
    * Mesures sanitaires

## ...
---
Menuschalter Menu

Sprachauswahl EN | DE
  * NORD/LB CBB 
    * Über uns 
    * Porträt 
    * Historie 
    * Kennzahlen 
    * Gremien und Organe 
    * Karriere 
  * Investor Relations (angewählt)
    * Investor Relations 
    * Berichte 
    * Ratings 
    * Refinanzierung 
    * Lettres de Gage 
    * Presse 
    * Final Terms 
  * Nachhaltigkeit 
    * Governance 
    * Mitarbeiter 
    * Kunden und Produkte 
    * Gesellschaft 
    * Umwelt 
  * Green Covered Bond 
    * Green Covered Bon..."
307,18,5,307_voyages_bus_reisen_voyage,"voyages, bus, reisen, voyage, 23 66, 352 23, parken, check, travel, airport","*   * Busse mieten 
  * Reisen
    * Alle reisen 
    * Flugreise 
    * Winterreisen 
    * Tagesfahrten 
    * Freizeitparks 
    * Weihnachtsmärkte 
    * Covid-19 
  * Pauschalreisen 
  * F'estivales d'été 2023 
  * Hotels 
  * News 
  * Gutscheine 
  * Über uns
    * Über uns 
    * RSE 
    * Fundbüro 
    * Blog 
    * Klimaneutral reisen 
  * Jobs 
  * Unsere Reisebüros
    * Voyages Vandivinit 
    * Tip Top Travel 
  * Kataloge 
  * Buslinie & Fahrpläne 
  * ADAPTO 
  * Newsletter sept...
---
* Transports
    * Bus
    * Minibus
    * Dem Shuttle
    * Transport public
    * Party Bus FIRE & EYES
  * Voyages
    * Voyages en bus
    * Fly Away City Trips
    * Voyages Discover
    * Voyages en groupe
    * Voyages Luxair Tours
    * Croisières
    * Tagesfahrten
  * Agences
    * Cloche d'Or
    * Esch-sur-Alzette
    * Keispelt
    * Luxembourg
    * Mersch
    * Steinfort
  * Actualités
  * Contact
  *     * À propos
    * Notre Démarche RSE
    * Flotte
    * Communes
    * Offres...
---
*   * Busse mieten 
  * Reisen
    * Alle reisen 
    * Flugreise 
    * Winterreisen 
    * Tagesfahrten 
    * Freizeitparks 
    * Weihnachtsmärkte 
    * Covid-19 
  * Pauschalreisen 
  * F'estivales d'été 2023 
  * Hotels 
  * News 
  * Gutscheine 
  * Über uns
    * Über uns 
    * RSE 
    * Fundbüro 
    * Blog 
    * Klimaneutral reisen 
  * Jobs 
  * Unsere Reisebüros
    * Voyages Vandivinit 
    * Tip Top Travel 
  * Kataloge 
  * Buslinie & Fahrpläne 
  * ADAPTO 
  * Newsletter sept..."
308,18,6,308_chien_témoignages_brochures_textes,"chien, témoignages, brochures, textes, assistance, interview, catalogues, leit, 2012, 2014 2013","## Rahna - Muppen ënnerstëtze Leit am Rollstull

7, an de Leesen  
L-5312 Contern  
Tél. : +352 621 63 66 61  
Email : info@rahna.org  
Web : www.rahna.lu

  * Contact
  * Sitemap

  * Basics
    * Contact
    * Sitemap

  * L'association
    * L'association
    * Objectifs
    * Conseil d'Administration
    * Historique
      * Depuis 10 ans déjà
      * Les débuts - Témoignage du fondateur
    * Assemblée générale
    * Logos
  * Actualités
    * 2017
    * 2014
    * 2013
    * 2012
    * 201...
---
## Rahna - Muppen ënnerstëtze Leit am Rollstull

7, an de Leesen  
L-5312 Contern  
Tél. : +352 621 63 66 61  
Email : info@rahna.org  
Web : www.rahna.lu

  * Contact
  * Sitemap

  * Basics
    * Contact
    * Sitemap

  * L'association
    * L'association
    * Objectifs
    * Conseil d'Administration
    * Historique
      * Depuis 10 ans déjà
      * Les débuts - Témoignage du fondateur
    * Assemblée générale
    * Logos
  * Actualités
    * 2017
    * 2014
    * 2013
    * 2012
    * 201...
---
## Rahna - Muppen ënnerstëtze Leit am Rollstull

7, an de Leesen  
L-5312 Contern  
Tél. : +352 621 63 66 61  
Email : info@rahna.org  
Web : www.rahna.lu

  * Contact
  * Sitemap

  * Basics
    * Contact
    * Sitemap

  * L'association
    * L'association
    * Objectifs
    * Conseil d'Administration
    * Historique
      * Depuis 10 ans déjà
      * Les débuts - Témoignage du fondateur
    * Assemblée générale
    * Logos
  * Actualités
    * 2017
    * 2014
    * 2013
    * 2012
    * 201..."
309,18,17,309_data_personal data_processing_personal,"data, personal data, processing, personal, data protection, subject, protection, controller, laws, pavillon","Menu

Menu

  * Contact Us

  * >We take care of your privacy

# Privacy Policy

##### Introduction

In order to face the technological evolution, it is necessary to pay attention
to the privacy protection. WeServices Sarl (from now on 'WeDely') undertakes
to comply with the new general European personal data protection regulation
(GDPR) that came in force since May 25, 2018. The personal data collected by
WeDely are fully subject to this new regulation.  
  

##### INDEX

1\. PERSONAL INFORMATI...
---
RFR Lux Asset Management S.à r.l. Privacy Notice

RFR Lux Asset Management S.à r.l. Privacy Notice

Thank you for visiting our website and for your interest in our company and
our services. Data protection and privacy is very important to RFR Lux Asset
Management S.à r.l. If we need to process Personal Data for reasons other than
those provided by statute, we will always seek the consent of the Data
Subject.

The processing of personal data is always in accordance with Regulation (EU)
2016/679 o...
---
Skip to content

  * Retour à l'accueil

# Privacy policy

This privacy policy covers the services provided byPAVILLON EDEN ROSE on the
site “https://www.edenrose.lu/ “.

### PAVILLON EDEN ROSE  

- with a capital of 12 000 €  
RC B 233 416 - LUXEMBOURG – SIREN -  
Head office : 30 rue du moulin L-3660 KAYL  
E-mail :  info@edenrose.lu

This Privacy Policy provides details of how we process personal data in
accordance with our obligations under the General Data Protection Regulation
(No. 2016/67..."
310,18,10,310_technische speicherung_speicherung_zugriff_speicherung zugriff,"technische speicherung, speicherung, zugriff, speicherung zugriff, verwalten, serge, photography, portraits, technische, reportage","* Serge’s old Photography
  * Lux-Weather-Cam
  * Helpful Links
  * Contact
  * About
  * On Stage Light
  * Copyright
  * Bedingungen und Konditionen

Select Page

# Serge's old Photography

What is my favorite photo ?

One that I will take tomorrow !

To the Gallery

## CAMERA OBSCURA

from Latin camera obscūra, “dark chamber” also referred to as pinhole image,
is the natural optical phenomenon that occurs when an image of a scene at the
other side of a screen is projected through a small hole...
---
* Serge’s old Photography
  * Lux-Weather-Cam
  * Helpful Links
  * Contact
  * About
  * On Stage Light
  * Copyright
  * Bedingungen und Konditionen

Select Page

Name

Email Address

Message

Submit

  * Facebook
  * Instagram

Designed by Serge 2023

Cookie-Zustimmung verwalten

Wir verwenden Cookies, um unsere Website und unseren Service zu optimieren.

Funktional Funktional Immer aktiv

Der Zugriff oder die technische Speicherung ist unbedingt für den rechtmäßigen
Zweck erforderlich, um di...
---
* Serge’s old Photography
  * Lux-Weather-Cam
  * Helpful Links
  * Contact
  * About
  * On Stage Light
  * Copyright
  * Bedingungen und Konditionen

Select Page

# Serge's Weather

meteoblue

meteoblue

Link

Link

Link

Cigognes Sarralbe

Portugal Algarve Alvor Restinga

  * Facebook
  * Instagram

Designed by Serge 2023

Cookie-Zustimmung verwalten

Wir verwenden Cookies, um unsere Website und unseren Service zu optimieren.

Funktional Funktional Immer aktiv

Der Zugriff oder die technische..."
311,18,8,311_essentiel_visage_beauté_institut,"essentiel, visage, beauté, institut, soins, soin, manucure, corps, pieds, peau","Menu

Fermer

  * Institut Essentiel
    * À propos de nous
    * L’équipe Essentiel
    * Contactez-nous
    * Prise de Rendez-vous
  * Soins Essentiels
    * La femme essentielle
    * L’homme essentiel
    * Les soins Teenager
  * My lovely Eyebrows
  * FrLu
    *     * Institut Essentiel
      * À propos de nous
      * L’équipe Essentiel
      * Contactez-nous
      * Prise de Rendez-vous
    * Soins Essentiels
      * La femme essentielle
      * L’homme essentiel
      * Les soins Teenage...
---
Menu

Fermer

  * Institut Essentiel
    * À propos de nous
    * L’équipe Essentiel
    * Contactez-nous
    * Prise de Rendez-vous
  * Soins Essentiels
    * La femme essentielle
    * L’homme essentiel
    * Les soins Teenager
  * My lovely Eyebrows
  * FrLu
    *     * Institut Essentiel
      * À propos de nous
      * L’équipe Essentiel
      * Contactez-nous
      * Prise de Rendez-vous
    * Soins Essentiels
      * La femme essentielle
      * L’homme essentiel
      * Les soins Teenage...
---
Menu

Fermer

  * Institut Essentiel
    * À propos de nous
    * L’équipe Essentiel
    * Contactez-nous
    * Prise de Rendez-vous
  * Soins Essentiels
    * La femme essentielle
    * L’homme essentiel
    * Les soins Teenager
  * My lovely Eyebrows
  * FrLu
    *     * Institut Essentiel
      * À propos de nous
      * L’équipe Essentiel
      * Contactez-nous
      * Prise de Rendez-vous
    * Soins Essentiels
      * La femme essentielle
      * L’homme essentiel
      * Les soins Teenage..."
312,18,6,312_file_club_vélo_schoul,"file, club, vélo, schoul, randonnée, mtb, courses, pétange, cross, festival","﻿

contact us with

  *   *   * 

Mail: lgbertrange@gmail.com

  * WELCOME
  * EVENTS
  * SPORT
  * LOISIRS
  * ALBUM
  * DIRECTIOUN
  * CONTACT
  * REGLEMENTER

Bartrenger Vëlos-Club:  
Vëlossport vun der Vëlos-Schoul iwer  
Coursen a  
Manifestatiounen fir Cyclotouristen  

Training fir eis jonk Sportler

Vëlos-Schoul fir déi Jonk

Highlight fir Cyclotouristen:  
Rallye Frinn Kieffer  
6Days a Memorial Lull Gillen  

###  Vélo Club Le Guidon Bertrange asbl

club fondé 14 août 1931

BP 95 L-800...
---
﻿

contact us with

  *   *   * 

Mail: lgbertrange@gmail.com

  * WELCOME
  * EVENTS
  * SPORT
  * LOISIRS
  * ALBUM
  * DIRECTIOUN
  * CONTACT
  * REGLEMENTER

Bartrenger Vëlos-Club:  
Vëlossport vun der Vëlos-Schoul iwer  
Coursen a  
Manifestatiounen fir Cyclotouristen  

Training fir eis jonk Sportler

Vëlos-Schoul fir déi Jonk

Highlight fir Cyclotouristen:  
Rallye Frinn Kieffer  
6Days a Memorial Lull Gillen  

###  Vélo Club Le Guidon Bertrange asbl

club fondé 14 août 1931

BP 95 L-800...
---
* Home 
  * LPM News 
  * Vëloschoul fir Kanner 
  * LPM Kannertraining 
  * Le Club 
  * Photos 
  * Contact 

LP Muhlenbach Luxembourg Vous nous retrouvez également sur Facebook  
## News 2022  

​Courses VTT pour Jeunes & Youth Cup  
  
Le samedi 11 juin nous organisons nos courses pour jeunes au Bike Park Boy
Konen dans le cadre du Bike Festival.  
Infos & inscriptions : https://bikefestival.lu/kids-races/  
  
Programme Bike Festival 2022  
Kids races  
13h00 Bambi 1 (2016)​  
13h15 Bambi 2..."
313,18,2,313_banking_bank_versicherung_finance,"banking, bank, versicherung, finance, finanzierung, offizielle, discover, sparen, privatkunden, dokumente","* Privatkunden
  * Geschäftskunden 
  * Unternehmen
  * Banque Privée
  * CSR-Engagement
  * Aktuelles
  * Innovative Lösungen

  * Privatkunden
  * Geschäftskunden 
  * Unternehmen
  * Banque Privée
  * CSR-Engagement
  * Aktuelles
  * Innovative Lösungen

  * FR 
  * DE 
  * EN 

Menü Schließen

Die Bank für eine Welt im Wandel

Konto eröffnen Web Banking

  * Verwaltung Ihrer Konten und Zahlungen
    * Verwaltung Ihrer Konten und Zahlungen
    * Bankkonten
    * Online-Dienste
    * Zahlungsk...
---
* Privatkunden
  * Geschäftskunden 
  * Unternehmen
  * Banque Privée
  * CSR-Engagement
  * Aktuelles
  * Innovative Lösungen

  * Privatkunden
  * Geschäftskunden 
  * Unternehmen
  * Banque Privée
  * CSR-Engagement
  * Aktuelles
  * Innovative Lösungen

  * FR 
  * DE 
  * EN 

Menü Schließen

Die Bank für eine Welt im Wandel

Konto eröffnen Web Banking

  * Verwaltung Ihrer Konten und Zahlungen
    * Verwaltung Ihrer Konten und Zahlungen
    * Bankkonten
    * Online-Dienste
    * Zahlungsk...
---
* Privatkunden
  * Geschäftskunden 
  * Unternehmen
  * Banque Privée
  * CSR-Engagement
  * Aktuelles
  * Innovative Lösungen

  * Privatkunden
  * Geschäftskunden 
  * Unternehmen
  * Banque Privée
  * CSR-Engagement
  * Aktuelles
  * Innovative Lösungen

  * FR 
  * DE 
  * EN 

Menü Schließen

Die Bank für eine Welt im Wandel

Konto eröffnen Web Banking

  * Verwaltung Ihrer Konten und Zahlungen
    * Verwaltung Ihrer Konten und Zahlungen
    * Bankkonten
    * Online-Dienste
    * Zahlungsk..."
314,18,7,314_marbrerie_monuments_monument_habitat,"marbrerie, monuments, monument, habitat, 352 58, 352 47, laoreet, 47, décès, 00 352","* Accueil
  * Bâtiment
    * Escaliers
    * Cuisines
    * Salles de bain
    * Revêtements de sol et de mur
    * Pierre de taille
    * Autres
  * Nouveau site : Monument Funéraire
  * Monuments funéraires
    * Inscriptions
    * Accessoires
    * Columbariums & cinéraires
  * Lëtzebuergesch
  * Notre histoire
  * Nous contacter
  * Blog'Notes

  * Accueil
  * Bâtiment
    * Escaliers
    * Cuisines
    * Salles de bain
    * Revêtements de sol et de mur
    * Pierre de taille
    * Autres
 ...
---
* Accueil
  * Bâtiment
    * Escaliers
    * Cuisines
    * Salles de bain
    * Revêtements de sol et de mur
    * Pierre de taille
    * Autres
  * Nouveau site : Monument Funéraire
  * Monuments funéraires
    * Inscriptions
    * Accessoires
    * Columbariums & cinéraires
  * Lëtzebuergesch
  * Notre histoire
  * Nous contacter
  * Blog'Notes

  * Accueil
  * Bâtiment
    * Escaliers
    * Cuisines
    * Salles de bain
    * Revêtements de sol et de mur
    * Pierre de taille
    * Autres
 ...
---
* Accueil
  * Bâtiment
    * Escaliers
    * Cuisines
    * Salles de bain
    * Revêtements de sol et de mur
    * Pierre de taille
    * Autres
  * Nouveau site : Monument Funéraire
  * Monuments funéraires
    * Inscriptions
    * Accessoires
    * Columbariums & cinéraires
  * Lëtzebuergesch
  * Notre histoire
  * Nous contacter
  * Blog'Notes

  * Accueil
  * Bâtiment
    * Escaliers
    * Cuisines
    * Salles de bain
    * Revêtements de sol et de mur
    * Pierre de taille
    * Autres
 ..."
315,18,7,315_leasing_fleet_fourniture_suv,"leasing, fleet, fourniture, suv, terme, rental, mois, months, chantier, compact","* Documentation
  * GT Fleet

  * À propos
    * Historique et Présentation
    * Nos engagements
    * Notre équipe
    * Nos partenaires
  * Services
    * Services aux clients
    * Location
    * Leasing Outillage
  * Produits
    * Wilo
    * Hoval
    * Panasonic
    * Milwaukee
    * Sikla
    * Danfoss
    * Kan-therm
    * Spit
    * Vortex
  * Références
  * Contact
    * Contactez-nous
    * Demande de devis
    * Service après-vente

  * À propos
    * Historique et Présentation
    ...
---
Aller au contenu principal

  * fr-lu 
    * en
    * fr

  * S’inscrire
SE CONNECTER À MY ARVAL

* * *
Vous avez besoin d’aide pour vous connecter ?

* * *
Je conduis une voiture Arval

Je gère une flotte de véhicules

* * *
  * fr-lu 
    * en
    * fr

* Particuliers 
* PME & Indépendants 
* Corporate 
* Partenaires 
* A propos d'Arval 
* Accès clients 
Accueil

* Nos offres 
Leasing opérationnel long terme (plus de 2 ans)  Leasing opérationnel court
terme (moins de 2 ans)  Nos véhicules util...
---
Skip to main content

  * en-lu 
    * en
    * fr

  * Sign in
LOGIN TO MY ARVAL

* * *
Need help to connect?

* * *
I drive an Arval car

I manage a car fleet

* * *
  * en-lu 
    * en
    * fr

* Individuals 
* SMEs & self-employed 
* Corporate 
* Partners 
* About Arval 
* Customer access 
Home

* Our offers 
Long-Term operationnal leasing  Short-Term operationnal leasing  Vans
solutions  Car brands

* Leasing & mobility solutions 
Long-Term Rental: What is “operational leasing”?  Mid-Term ..."
316,18,2,316_sql_jours_server_sap,"sql, jours, server, sap, java, intelligence, factory, méthodes, architecture, windows","Toutes nos formations sont désormais disponibles en ""Live Virtual classes"".
Contactez-nous pour plus d’informations : formation@oxiane.luToutes nos
formations sont désormais disponibles en ""Live Virtual classes"". Contactez-
nous pour plus d’informations : formation@oxiane.lu

  * Accueil
  * Filières
  * Calendrier
  * Actualités
  * Offres d’emploi
  * Contact

  * Accueil
  * Filières
  * Calendrier
  * Actualités
  * Offres d’emploi
  * Contact

# Thème / Décisionnel

Accueil » Décisionnel

#...
---
Toutes nos formations sont désormais disponibles en ""Live Virtual classes"".
Contactez-nous pour plus d’informations : formation@oxiane.luToutes nos
formations sont désormais disponibles en ""Live Virtual classes"". Contactez-
nous pour plus d’informations : formation@oxiane.lu

  * Accueil
  * Filières
  * Calendrier
  * Actualités
  * Offres d’emploi
  * Contact

  * Accueil
  * Filières
  * Calendrier
  * Actualités
  * Offres d’emploi
  * Contact

# Filières

Accueil » Filières

### Catalogue O...
---
Toutes nos formations sont désormais disponibles en ""Live Virtual classes"".
Contactez-nous pour plus d’informations : formation@oxiane.luToutes nos
formations sont désormais disponibles en ""Live Virtual classes"". Contactez-
nous pour plus d’informations : formation@oxiane.lu

  * Accueil
  * Filières
  * Calendrier
  * Actualités
  * Offres d’emploi
  * Contact

  * Accueil
  * Filières
  * Calendrier
  * Actualités
  * Offres d’emploi
  * Contact

# Filières

Accueil » Filières

### Catalogue O..."
317,18,8,317_report abuse_abuse_fotoen_skip navigation,"report abuse, abuse, fotoen, skip navigation, report, frënn, neiegkeeten, eis, assemblée, assemblée générale","Search this site

Skip to main content

Skip to navigation

Kannerchouer Sauerquakerten

  * Neiegkeeten
  * Agenda
  * Iwwert eis
  * Dirigent & Comité
  * Aktivitéiten & Fotoen
  * Video
  * Kontakter
  * Ennerstëtzt eis !
  * Umeldung
  * Frënn vun eis
  * Sponsoren

Kannerchouer Sauerquakerten

  * Neiegkeeten
  * Agenda
  * Iwwert eis
  * Dirigent & Comité
  * Aktivitéiten & Fotoen
  * Video
  * Kontakter
  * Ennerstëtzt eis !
  * Umeldung
  * Frënn vun eis
  * Sponsoren
  * More
    * Neie...
---
Search this site

Skip to main content

Skip to navigation

Kannerchouer Sauerquakerten

  * Neiegkeeten
  * Agenda
  * Iwwert eis
  * Dirigent & Comité
  * Aktivitéiten & Fotoen
  * Video
  * Kontakter
  * Ennerstëtzt eis !
  * Umeldung
  * Frënn vun eis
  * Sponsoren

Kannerchouer Sauerquakerten

  * Neiegkeeten
  * Agenda
  * Iwwert eis
  * Dirigent & Comité
  * Aktivitéiten & Fotoen
  * Video
  * Kontakter
  * Ennerstëtzt eis !
  * Umeldung
  * Frënn vun eis
  * Sponsoren
  * More
    * Neie...
---
Search this site

Skip to main content

Skip to navigation

Kannerchouer Sauerquakerten

  * Neiegkeeten
  * Agenda
  * Iwwert eis
  * Dirigent & Comité
  * Aktivitéiten & Fotoen
  * Video
  * Kontakter
  * Ennerstëtzt eis !
  * Umeldung
  * Frënn vun eis
  * Sponsoren

Kannerchouer Sauerquakerten

  * Neiegkeeten
  * Agenda
  * Iwwert eis
  * Dirigent & Comité
  * Aktivitéiten & Fotoen
  * Video
  * Kontakter
  * Ennerstëtzt eis !
  * Umeldung
  * Frënn vun eis
  * Sponsoren
  * More
    * Neie..."
318,18,6,318_lego_semelles_vorschau_spielzeug,"lego, semelles, vorschau, spielzeug, warenkorb, jungen, cad, city, classiques, informations personnelles","Rufen Sie uns an: +352 81 81 72

Sprache:

Deutsch 

  * Français
  * Deutsch
  * English

Français  Deutsch  English

 Anmelden

shopping_cart Warenkorb (0)



 Suche

Menü

  * Menü 
Zurück

  * unsere Kategorien 
    *       * Aktivitäten
        * kuscheln
          * Kuscheltiere für Babys
            * für Mädchen
            * für Jungen
            * für Mädchen und Jungen
          * Kuscheltiere
            * Steiff Teddybären
            * Steiff Tiere
        * entdecken & lernen...
---
Rufen Sie uns an: +352 81 81 72

Sprache:

Deutsch 

  * Français
  * Deutsch
  * English

Français  Deutsch  English

 Anmelden

shopping_cart Warenkorb (0)



 Suche

Menü

  * Menü 
Zurück

  * unsere Kategorien 
    *       * Aktivitäten
        * kuscheln
          * Kuscheltiere für Babys
            * für Mädchen
            * für Jungen
            * für Mädchen und Jungen
          * Kuscheltiere
            * Steiff Teddybären
            * Steiff Tiere
        * entdecken & lernen...
---
Rufen Sie uns an: +352 81 81 72

Sprache:

Deutsch 

  * Français
  * Deutsch
  * English

Français  Deutsch  English

 Anmelden

shopping_cart Warenkorb (0)



#

 Suche

Menü

  * Menü 
Zurück

  * unsere Kategorien 
    *       * Aktivitäten
        * kuscheln
          * Kuscheltiere für Babys
            * für Mädchen
            * für Jungen
            * für Mädchen und Jungen
          * Kuscheltiere
            * Steiff Teddybären
            * Steiff Tiere
        * entdecken & ler..."
319,18,8,319_wedding_robe_bonheur_anfang,"wedding, robe, bonheur, anfang, karten, liebe, robes, karte, lynn, cards","* Bienvenue
  * Pur bonheur
  * Notre sélection
  * FAQ
  * Rendez-vous

  * Suivre
  * Suivre

  * Bienvenue
  * Pur bonheur
  * Notre sélection
  * FAQ
  * Rendez-vous

Boutique Eternelle

FAQ

Boutique Eternelle

FAQ

## Quand commencer à chercher la robe de vos rêves ?

Intéressez-vous à votre robe de mariée entre 8 à 10 mois avant la date prévue
de votre mariage. Pour les mariages de dernière minute, n’hésitez pas à nous
contacter… certains créateurs acceptent des commandes urgentes.

Faite...
---
Zum Inhalt springen

Suche nach:

  * Home
  * Über Uns
  * Generation 50+
  * Anzeigen
    * Er sucht Sie
    * Sie sucht Ihn
  * Referenzen
  * Kontakt
  * 

Homeadmmueller

## Einsamkeit ist ein großes Übel unserer Zeit, in der alles steriler und
unpersönlicher wird.

### Die klassische Partnervermittlung mit Herz!

Mein Name ist Ute Karoline Klein. Für mich gibt es nichts Schöneres und
Erfüllenderes, als zwei Menschen zusammenzubringen, die sich ohne mich
vielleicht niemals gefunden hätten, ...
---
### inquire

### CLIENT LOVE

### The ultimate planner

### SErvices

### ABOUT

### HOME

### inquire

### THE ULTIMATE PLANNER

### CLIENT LOVE

### SERVICES

### About

### Home

## Curating exceptional experiences & unforgettable celebrations

## Plan my celebration

work with us

Lynn is sincere, calm, and an attentive listener. Her wedding and event
designs are cohesive in concept and engage all of the guest’s senses - touch,
sight, hearing, smell and taste. This holistic approach produces..."
320,18,7,320_diy_impressum agb_boite_collection,"diy, impressum agb, boite, collection, agb, bio, kids, schmit, bücher, hund","* Das sind wir
  * Markttermine
  * Kontakt
  * Impressum
  * AGB
  * Schungit
  * Armbänder
  * Bücher
  * Anhänger mit Silberöse von A-M
  * Anhänger mit Silberöse von N-Z
  * Navette gebohrt
  * Herzform
  * Eier & Würfel
  * Pendel-Kugeln & Wellness
  * Auflagesteine
  * Scheibensteine
  * Mineralien
  * Fossilien
  * Tierfiguren
  * Bernstein für Baby und Hund
  * Teelichter und Lampen
  * Weihnachten
  * \--
  * Silber Anhänger

  * Das sind wir
  * Markttermine
  * Kontakt
  * Impressum
 ...
---
* Das sind wir
  * Markttermine
  * Kontakt
  * Impressum
  * AGB
  * Schungit
  * Armbänder
  * Bücher
  * Anhänger mit Silberöse von A-M
  * Anhänger mit Silberöse von N-Z
  * Navette gebohrt
  * Herzform
  * Eier & Würfel
  * Pendel-Kugeln & Wellness
  * Auflagesteine
  * Scheibensteine
  * Mineralien
  * Fossilien
  * Tierfiguren
  * Bernstein für Baby und Hund
  * Teelichter und Lampen
  * Weihnachten
  * \--
  * Silber Anhänger

  * Das sind wir
  * Markttermine
  * Kontakt
  * Impressum
 ...
---
* Das sind wir
  * Markttermine
  * Kontakt
  * Impressum
  * AGB
  * Schungit
  * Armbänder
  * Bücher
  * Anhänger mit Silberöse von A-M
  * Anhänger mit Silberöse von N-Z
  * Navette gebohrt
  * Herzform
  * Eier & Würfel
  * Pendel-Kugeln & Wellness
  * Auflagesteine
  * Scheibensteine
  * Mineralien
  * Fossilien
  * Tierfiguren
  * Bernstein für Baby und Hund
  * Teelichter und Lampen
  * Weihnachten
  * \--
  * Silber Anhänger

  * Das sind wir
  * Markttermine
  * Kontakt
  * Impressum
 ..."
321,18,9,321_humidité_input_spammeurs_robots spammeurs,"humidité, input, spammeurs, robots spammeurs, javascript visualiser, spammeurs devez, protégée robots, mail protégée, devez activer, robots","* Accueil
  * Expertises
    * Humidité
    * Isolation thermique
    * Isolation acoustique
  * Contacts
  * Partenaires

#  Notre expertise à votre service

Une expertise par un diagnostic valable c’est l’assurance du meilleur
traitement.

  
Expertise, en savoir plus ...

### E&T; s.a.

2-4, rue J.P. Kirchen

L-4744 Pétange

Tél. 26 50 05 60

Fax: 23 65 26 20

Cette adresse e-mail est protégée contre les robots spammeurs. Vous devez
activer le JavaScript pour la visualiser.

Copyright E&T s.a...
---
* Accueil
  * Expertises
    * Humidité
    * Isolation thermique
    * Isolation acoustique
  * Contacts
  * Partenaires

#  Caméra thermographique

Cet appareil relève les températures superficielles des murs, des plafonds et
accouplée avec un détecteur spécifique indique les zones ou il y a des risques
de condensation.

  * Suivant 

### E&T; s.a.

2-4, rue J.P. Kirchen

L-4744 Pétange

Tél. 26 50 05 60

Fax: 23 65 26 20

Cette adresse e-mail est protégée contre les robots spammeurs. Vous dev...
---
* Accueil
  * Expertises
    * Humidité
    * Isolation thermique
    * Isolation acoustique
  * Contacts
  * Partenaires

#  Partenaires

### E&T; s.a.

2-4, rue J.P. Kirchen

L-4744 Pétange

Tél. 26 50 05 60

Fax: 23 65 26 20

Cette adresse e-mail est protégée contre les robots spammeurs. Vous devez
activer le JavaScript pour la visualiser.

Copyright E&T s.a. • 2-4, rue J.P. Kirchen • L-4744 Pétange • Tél. 26 50 05 60
• Fax: 23 65 26 20 • Cette adresse e-mail est protégée contre les robots
sp..."
322,18,6,322_dentaire_examen_risque_télécharger,"dentaire, examen, risque, télécharger, mise jour, examens, médicaux, urgences, appointment, october","7J7 POUR LES URGENCES

Appelez +352 49 57 99

  * Accueil
  * Spécialités et traitements
  * Équipements
  * Urgences
  * Blanchiment Dentaire
  * Photos
  * RDV
  * Blog
  * Nous recrutons
  * Contact
  * Français
    * Anglais
    * Portugais - du Portugal

# Centre Medico Dentaire de Luxembourg

Le Centre Medico Dentaire de Luxembourg est à votre service avec 8 salles de
soins et de chirurgie sur 400 mètres carrés, 20 spécialistes et 12
assistantes.

Prendre RDV via doctena

Nous contacter

#...
---
Aller au contenu principal

Rechercher

Contact standards / Centres médicaux  
Lundi au vendredi : 8 h - 11 h 45 / 13 h - 16 h 30

Contact standards / Centres médicaux  
Consultez les horaires et numéros de téléphone

Luxembourg  
40 09 42-1000

Esch-Belval  
40 09 42-2000

Ettelbruck / Wiltz  
40 09 42-3000

Grevenmacher  
40 09 42-4000

Offres d’emploi

## Navigation principale

  * Accueil
  * Présentation
    * Présentation
    * S'affilier
    * Certification Qualité ISO 9001
    * Rapport ...
---
Aller au contenu principal

Rechercher

Contact standards / Centres médicaux  
Lundi au vendredi : 8 h - 11 h 45 / 13 h - 16 h 30

Contact standards / Centres médicaux  
Consultez les horaires et numéros de téléphone

Luxembourg  
40 09 42-1000

Esch-Belval  
40 09 42-2000

Ettelbruck / Wiltz  
40 09 42-3000

Grevenmacher  
40 09 42-4000

Offres d’emploi

## Navigation principale

  * Accueil
  * Présentation
    * Présentation
    * S'affilier
    * Certification Qualité ISO 9001
    * Rapport ..."
323,18,4,323_fenêtres_drop_portes_ideal,"fenêtres, drop, portes, ideal, pvc, meyer, porte, peter, laboratoire, bord","Skip to content

Tél: 03 82 20 60 30 email: oknofen@oknofen.lu

  *   *   *   *   *   * 

  * Fenêtres
    * Fenêtres et portes-fenêtres en PVC
      * IDEAL 4000
      * IDEAL 5000
      * IDEAL 7000
      * IDEAL 8000
    * Fenêtres et portes-fenêtres en aluminium
      * Système classique
        * Apollo
        * Apollo Cold
        * Hercules
        * Olympia HI
        * Themis
        * Triton/Triton HI
        * Superial
        * Star
        * Econoline
        * Imperial
      * Sys...
---
Skip to content

Tél: 03 82 20 60 30 email: oknofen@oknofen.lu

  *   *   *   *   *   * 

  * Fenêtres
    * Fenêtres et portes-fenêtres en PVC
      * IDEAL 4000
      * IDEAL 5000
      * IDEAL 7000
      * IDEAL 8000
    * Fenêtres et portes-fenêtres en aluminium
      * Système classique
        * Apollo
        * Apollo Cold
        * Hercules
        * Olympia HI
        * Themis
        * Triton/Triton HI
        * Superial
        * Star
        * Econoline
        * Imperial
      * Sys...
---
Skip to content

Tél: 03 82 20 60 30 email: oknofen@oknofen.lu

  *   *   *   *   *   * 

  * Fenêtres
    * Fenêtres et portes-fenêtres en PVC
      * IDEAL 4000
      * IDEAL 5000
      * IDEAL 7000
      * IDEAL 8000
    * Fenêtres et portes-fenêtres en aluminium
      * Système classique
        * Apollo
        * Apollo Cold
        * Hercules
        * Olympia HI
        * Themis
        * Triton/Triton HI
        * Superial
        * Star
        * Econoline
        * Imperial
      * Sys..."
324,18,6,324_ste_teile_zubehör_original,"ste, teile, zubehör, original, 360, erfahren, close, weiterlesen, schule, 94","info@echelles-andre.lu

Menü

Menu

  * Willkommen
  * Leitern
    * Close
    * Seilzugleitern
    * Podestleitern
    * Schiebeleitern
    * GFK Leitern
    * Stehleitern
    * Anlegeleitern
    * Holzleitern
    * Teleskopleitern
    * Mehrzweckleitern
    * Dachleitern
    * Close
  * Gerüste
    * Close
    * Fassadengerüste
    * Fahrgerüste
    * Faltgerüste
    * Dach-und Kamingerüste
    * Close
  * Zubehör
    * Close
    * Gerüstzubehör
    * Leiternzubehör
    * Sonstiges Zu...
---
Menü

  * Willkommen
  * Über uns 
    * Unser Team
    * Chronik
    * 360° – Showroom
    * 360° – Werkstatt
  * Unsere Fahrzeuge 
    * HYMER
    * ERIBA
    * Carado
    *     * Fahrzeugbestand
  * Zubehör 
    * HYMER Original Teile & Zubehör
    * Carado Original Teile & Zubehör
    * Movera
    * Efoy

Sprache auswählen Deutsch Français

  * Willkommen
  * Über uns
    * Unser Team
    * Chronik
    * 360° – Showroom
    * 360° – Werkstatt
  * Unsere Fahrzeuge
    * HYMER
    * ERIBA
    ...
---
Menü

  * Willkommen
  * Über uns 
    * Unser Team
    * Chronik
    * 360° – Showroom
    * 360° – Werkstatt
  * Unsere Fahrzeuge 
    * HYMER
    * ERIBA
    * Carado
    *     * Fahrzeugbestand
  * Zubehör 
    * HYMER Original Teile & Zubehör
    * Carado Original Teile & Zubehör
    * Movera
    * Efoy

Sprache auswählen Deutsch Français

  * Willkommen
  * Über uns
    * Unser Team
    * Chronik
    * 360° – Showroom
    * 360° – Werkstatt
  * Unsere Fahrzeuge
    * HYMER
    * ERIBA
    ..."
325,18,13,325_88_thierry_extérieur_reproduction,"88, thierry, extérieur, reproduction, interdite, rue luxembourg, maison unifamiliale, unifamiliale, auteur, inhalte","* Accueil
  * A propos
  * Portfolio
  * Equipe
  * Contact

  * Accueil
  * A propos
  * Portfolio
  * Equipe
  * Contact

  * Facebook.
  * Google+.
  * Houzz.
  * LinkedIn.
  * Twitter.

88, rue de Luxembourg L-8140 Bridel | (+352) 20.21.14.88 | contact@studio88.lu
© Studio 88 l Copyright 2016 l Tous droits réservés | Toute reproduction interdite sans l'autorisation de l'auteur l Mentions légales
Suite à une erreur, le message n'a pas pu être envoyé Merci #, le message a
bien été envoyé !

No...
---
* Accueil
  * A propos
  * Portfolio
  * Equipe
  * Contact

  * Accueil
  * A propos
  * Portfolio
  * Equipe
  * Contact

  * Facebook.
  * Google+.
  * Houzz.
  * LinkedIn.
  * Twitter.

88, rue de Luxembourg L-8140 Bridel | (+352) 20.21.14.88 | contact@studio88.lu
© Studio 88 l Copyright 2016 l Tous droits réservés | Toute reproduction interdite sans l'autorisation de l'auteur l Mentions légales
  * All
  * Extérieur
  * Intérieur

###  Maisons jumelées – Commune de Wormeldange

Extérieur

#...
---
* Accueil
  * A propos
  * Portfolio
  * Equipe
  * Contact

  * Accueil
  * A propos
  * Portfolio
  * Equipe
  * Contact

  * Facebook.
  * Google+.
  * Houzz.
  * LinkedIn.
  * Twitter.

88, rue de Luxembourg L-8140 Bridel | (+352) 20.21.14.88 | contact@studio88.lu
© Studio 88 l Copyright 2016 l Tous droits réservés | Toute reproduction interdite sans l'autorisation de l'auteur l Mentions légales
#### Site internet de la société

Le site studio88.lu est édité par Studio88 s.àr.l.:

Capital de..."
326,18,9,326_contact accueil_informations personnelles_accueil services_mondercange,"contact accueil, informations personnelles, accueil services, mondercange, accueil prestations, occasions, ménage, recrutement, supposons acceptez, fluide continuant","* Accueil
  * Nos services
  * Nos occasions
  * Contact
  * … 
    * Accueil
    * Nos services
    * Nos occasions
    * Contact

  * Accueil
  * Nos services
  * Nos occasions
  * Contact
  * … 
    * Accueil
    * Nos services
    * Nos occasions
    * Contact

  * # 
GRAND GARAGE DE MONDERCANGE

  * ## 
Nos services

    * Vente sous mandat de voitures toutes marques mais spécialisés en Nissan
    * Ventes, achat, reprise voitures occasion toutes marques
    * Entretien et réparation mécani...
---
* Accueil
  * Nos services
  * Nos occasions
  * Contact
  * … 
    * Accueil
    * Nos services
    * Nos occasions
    * Contact

  * Accueil
  * Nos services
  * Nos occasions
  * Contact
  * … 
    * Accueil
    * Nos services
    * Nos occasions
    * Contact

  * # 
GRAND GARAGE DE MONDERCANGE

  * ## 
CONTACTEZ-NOUS

###

ADRESSE

7 Rue Neuve L-3938 Mondercange

###

TELEPHONE

+352 55 16 92

###

EMAIL

ggm@pt.lu

  * Nom
Email

Téléphone

Message

Envoyer

Comment

  * 

Grand Garage de...
---
* Accueil
  * Nos services
  * Nos occasions
  * Contact
  * … 
    * Accueil
    * Nos services
    * Nos occasions
    * Contact

  * Accueil
  * Nos services
  * Nos occasions
  * Contact
  * … 
    * Accueil
    * Nos services
    * Nos occasions
    * Contact

  * # 
GRAND GARAGE DE MONDERCANGE

  *   * ## 
Nos véhicules d'occasions

  * CONTACTEZ-NOUS
  * 

Grand Garage de Mondercange

7 Rue Neuve  
L-3938 Mondercange

Contactez-Nous

Tél. +352 55 16 92  
E-mail: ggm@pt.lu

Grand Garage de..."
327,18,9,327_lecture_post_nutrition_scientifique,"lecture, post, nutrition, scientifique, b2b, published, auteur, energies, continuer, publication","Skip to content

  * Accueil
  * B2B et Emploi
  * Santé et Nutrition
  * Maison et Energies
  * Industrie et Travaux
  * Toggle website search

Menu Fermer

  * Accueil
  * B2B et Emploi
  * Santé et Nutrition
  * Maison et Energies
  * Industrie et Travaux
  * Toggle website search

# Maison et Energies

  1. Accueil>
  2. Maison et Energies

refroidissement-adiabatique

##  Le refroidissement adiabatique : une solution écologique et économique

  * Auteur/autrice de la publication :Magazine S...
---
Skip to content

  * Accueil
  * B2B et Emploi
  * Santé et Nutrition
  * Maison et Energies
  * Industrie et Travaux
  * Toggle website search

Menu Fermer

  * Accueil
  * B2B et Emploi
  * Santé et Nutrition
  * Maison et Energies
  * Industrie et Travaux
  * Toggle website search

# B2B et Emploi

  1. Accueil>
  2. B2B et Emploi

##  Comment la durabilité se transforme en une opportunité d'investissement
rentable ?

  * Auteur/autrice de la publication :Magazine Scientifique
  * Post publis...
---
Skip to content

  * Accueil
  * B2B et Emploi
  * Santé et Nutrition
  * Maison et Energies
  * Industrie et Travaux
  * Toggle website search

Menu Fermer

  * Accueil
  * B2B et Emploi
  * Santé et Nutrition
  * Maison et Energies
  * Industrie et Travaux
  * Toggle website search

# Santé et Nutrition

  1. Accueil>
  2. Santé et Nutrition

ameliorer-troubles-sommeil

##  Comment la thérapie par la lumière peut aider à améliorer les troubles du
sommeil ?

  * Auteur/autrice de la publication..."
328,18,5,328_30pm_nordic_thursday_sunday,"30pm, nordic, thursday, sunday, workshops, workshop, child, comments, parent, sold","#  NORDIC STELLA CERAMICS

Skip to content

  * NORDIC STELLA
  * POTTERY PAINTING
  * CLAY ROOM
  * OPENING HOURS
  * BOOK EVENTS
  * CONTACT
  * BOOKINGS

<- Older posts

Image

## CLAY ROOM WORKSHOPS AUTUMN/WINTER

Comments Off on CLAY ROOM WORKSHOPS AUTUMN/WINTER

June 7, 2023 * 1:42 pm

Image

## POTTERY PAINTING IN JUNE . . .

Comments Off on POTTERY PAINTING IN JUNE . . .

May 25, 2023 * 11:48 am

Image

## POTTERY PAINTING IN MAY . . . .

Comments Off on POTTERY PAINTING IN MAY . . . .

...
---
#  NORDIC STELLA CERAMICS

Skip to content

  * NORDIC STELLA
  * POTTERY PAINTING
  * CLAY ROOM
  * OPENING HOURS
  * BOOK EVENTS
  * CONTACT
  * BOOKINGS

<- Older posts

Newer posts ->

May 2, 2022 * 3:32 pm

## CLAY ROOM WORKSHOPS MAY

WORKSHOPS IN MAY

THURSDAY 05.05 ∣ 7pm – 9.30pm ∣ TEXTURED BOX

SUNDAY 08.05 ∣ 10am – 12.30pm ∣ TEXTURED BOX

THURSDAY 12.05 ∣ 7pm – 9.30pm ∣ CHEESE BOARD

SUNDAY 15.05 ∣ 10am – 12.30pm ∣ CHEESE BOARD

THURSDAY 19.05 ∣ 7pm – 9.30pm ∣ VASE

SUNDAY 22.05 ∣ 10am ...
---
#  NORDIC STELLA CERAMICS

Skip to content

  * NORDIC STELLA
  * POTTERY PAINTING
  * CLAY ROOM
  * OPENING HOURS
  * BOOK EVENTS
  * CONTACT
  * BOOKINGS

<- Older posts

Newer posts ->

October 24, 2022 * 9:26 am

## CLAY ROOM WORKSHOPS IN NOVEMBER & DECEMBER

## WORKSHOP IN NOVEMBER

THURSDAY 03.11 ∣ 6.30pm – 9.30pm ∣ BOTANICAL

SATURDAY 05.11 | 3pm - 5pm | PARENT & CHILD / 85€ (1 adult & 1 child) ""CHRISTMAS""
SUNDAY 06.11 ∣ 10am – 1pm ∣ CHRISTMAS CANDLE HOLDERS

THURSDAY 10.11 ∣ 6.30pm – 9.3..."
329,18,4,329_rent_golf_avenue_véhicules,"rent, golf, avenue, véhicules, thérapeutique, accueil actualités, chnp, annuaire, cours collectifs, tarifs","* Accueil
  * Actualités
    * Actualités
    * PDFs
  * Activités
    * Tarifs
    * Sports d’hiver
    * Coaching à distance
    * Entraînement personnel
    * Cours collectifs
    * Circuit training fonctionnel
    * Golf fitness avec expert TPI
    * Remise en forme seniors
    * NEAT performance
  * Entraîneurs
  * Nos centres
  * Contact
  * 
Info

  * Accueil
  * Actualités
    * Actualités
    * PDFs
  * Activités
    * Tarifs
    * Sports d’hiver
    * Coaching à distance
    * Entraîne...
---
* Accueil
  * Actualités
    * Actualités
    * PDFs
  * Activités
    * Tarifs
    * Sports d’hiver
    * Coaching à distance
    * Entraînement personnel
    * Cours collectifs
    * Circuit training fonctionnel
    * Golf fitness avec expert TPI
    * Remise en forme seniors
    * NEAT performance
  * Entraîneurs
  * Nos centres
  * Contact
  * 
Info

  * Accueil
  * Actualités
    * Actualités
    * PDFs
  * Activités
    * Tarifs
    * Sports d’hiver
    * Coaching à distance
    * Entraîne...
---
* Accueil
  * Actualités
    * Actualités
    * PDFs
  * Activités
    * Tarifs
    * Sports d’hiver
    * Coaching à distance
    * Entraînement personnel
    * Cours collectifs
    * Circuit training fonctionnel
    * Golf fitness avec expert TPI
    * Remise en forme seniors
    * NEAT performance
  * Entraîneurs
  * Nos centres
  * Contact
  * 
Info

  * Accueil
  * Actualités
    * Actualités
    * PDFs
  * Activités
    * Tarifs
    * Sports d’hiver
    * Coaching à distance
    * Entraîne..."
330,17,7,330_chocolate_house_menu menu_auer,"chocolate, house, menu menu, auer, menu jour, 26 26, warenkorb, 26 20, share, instagram","Skip to content

1 Rue des Moulins - 6245 Mullerthal - Luxembourg

Phone Facebook-f Instagram Tripadvisor Envelope-open

  * Home
  * Menu
    * Menu du Jour
    * A la Carte
    * Produits en vente
    * Carte des Vins
  * Partner
  * About
  * Contact

Menu

  * Home
  * Menu
    * Menu du Jour
    * A la Carte
    * Produits en vente
    * Carte des Vins
  * Partner
  * About
  * Contact

# Brasserie Heringer Millen

är Adress fir  frësch, eenzegaarteg

Franséisch an Lëtzebuergesch Kichen “du...
---
Skip to content

1 Rue des Moulins - 6245 Mullerthal - Luxembourg

Phone Facebook-f Instagram Tripadvisor Envelope-open

  * Home
  * Menu
    * Menu du Jour
    * A la Carte
    * Produits en vente
    * Carte des Vins
  * Partner
  * About
  * Contact

Menu

  * Home
  * Menu
    * Menu du Jour
    * A la Carte
    * Produits en vente
    * Carte des Vins
  * Partner
  * About
  * Contact

# Partner

## Regional

## Restaurants

## Producers

Admin

© 2023 Pangyou SARL

We use cookies on our w...
---
Skip to content

1 Rue des Moulins - 6245 Mullerthal - Luxembourg

Phone Facebook-f Instagram Tripadvisor Envelope-open

  * Home
  * Menu
    * Menu du Jour
    * A la Carte
    * Produits en vente
    * Carte des Vins
  * Partner
  * About
  * Contact

Menu

  * Home
  * Menu
    * Menu du Jour
    * A la Carte
    * Produits en vente
    * Carte des Vins
  * Partner
  * About
  * Contact

# Discover our Menu

###  Menu du Jour / Menu of the Day

###  midi en semaine seulement, hors jours féri..."
331,17,6,331_agir_durable_finance_sed,"agir, durable, finance, sed, 47, 352 47, labore, partenaire, duis, costa","Preloader Close

Close

X

LA FIDUCIAIRE FICOFID S.à r.l. vous accompagne dans toutes vos démarches comme
un partenaire de confiance.

### Get in touch

  * secretariat@ficofid.lu fcoimbra@ficofid.lu
  * +352 47 47 71
  * Lundi à Vendredi: 9:00 à 18:00

  * 19 Rue Denis Netgen | L-3858 Schifflange
  * Support +352 47 47 71

  * Cabinet
  * A Propos
  * Services
    * Expertise comptable et fiscale
    * Secrétariat Social
    * Conseils Juridiques/Constitution de sociétés
    * Formations
    * ...
---
Preloader Close

Close

X

LA FIDUCIAIRE FICOFID S.à r.l. vous accompagne dans toutes vos démarches comme
un partenaire de confiance.

### Get in touch

  * secretariat@ficofid.lu fcoimbra@ficofid.lu
  * +352 47 47 71
  * Lundi à Vendredi: 9:00 à 18:00

  * 19 Rue Denis Netgen | L-3858 Schifflange
  * Support +352 47 47 71

  * Cabinet
  * A Propos
  * Services
    * Expertise comptable et fiscale
    * Secrétariat Social
    * Conseils Juridiques/Constitution de sociétés
    * Formations
    * ...
---
Preloader Close

Close

X

LA FIDUCIAIRE FICOFID S.à r.l. vous accompagne dans toutes vos démarches comme
un partenaire de confiance.

### Get in touch

  * secretariat@ficofid.lu fcoimbra@ficofid.lu
  * +352 47 47 71
  * Lundi à Vendredi: 9:00 à 18:00

  * 19 Rue Denis Netgen | L-3858 Schifflange
  * Support +352 47 47 71

  * Cabinet
  * A Propos
  * Services
    * Expertise comptable et fiscale
    * Secrétariat Social
    * Conseils Juridiques/Constitution de sociétés
    * Formations
    * ..."
332,17,9,332_casino_jeux_joueurs_jouer,"casino, jeux, joueurs, jouer, ligne, jeu, licence, populaire, machines, offrent","ceba.lu

# Profils de Joueur de Casino en Ligne

Dans le monde des casinos en ligne, les joueurs sont très variés. Chacun
d'entre eux possède un profil différent, allant du débutant au joueur novice,
en passant par le joueur expérimenté. Passer en revue chaque type de joueur
peut vous aider à déterminer quel type de jeux et de promotions vous
conviennent le mieux. Dans cet article, nous allons examiner les différents
profils de joueurs de casino en ligne et les avantages des jeux en ligne.

Somm...
---
favaro-restaurant.lu

# Notre sélection des meilleurs casinos en ligne Luxembourg 2023

Bien qu'il s'agisse d'un petit État, le Luxembourg n'a pas echappe a la
proliferation des casinos en ligne. Ce sont des centaines de casinos qui y
sont accessibles depuis le confort de votre chambre. Face a la plethore de
casinos en ligne, les joueurs se confrontent souvent a l'embarras de choix.
Afin de vous venir en aide, nous avons repertorie pour vous les meilleurs
casinos en ligne au Luxembourg.

Inscriv...
---
ceba.lu

# Casino en ligne Luxembourg : guide pour jouer avec des bonus sur les
meilleurs jeux

C'est un fait, nous vivons dans un monde ou la technologie numerique s'accroit
considerablement. Cette evolution a eu un impact sur les casinos. Il est
desormais possible de jouer au casino depuis sa maison, au moyen d'un
ordinateur, d'une tablette ou d'un smartphone. Au vu des nombreux avantages
que presente cette nouvelle forme de casino, elle est tres prisee par de
nombreux internautes a travers le..."
333,17,6,333_arbeitsbühnen_vorteile_level_lkw,"arbeitsbühnen, vorteile, level, lkw, 90 00, roll, access, produkt, 30 00, blick","*   *   *   *   *   *   *   * FR
  * DE
  * EN
  * Login

  *   * Standorte 
  * Kontakt
  * +352 350999-1
  * Mietanfrage 
Mietanfrage

  * Suchen
  *   *   *   * FR
  * DE
  * EN
  * Login

Login

Toggle navigation

  * Mieten 
    * Mietassistent 
    * Produktdatenbank 
      * LKW-Arbeitsbühnen 
      * Anhänger-Arbeitsbühnen 
      * Scheren und Roll-Lifte 
      * Low Level Access 
      * Teleskop-Arbeitsbühnen 
      * Teleskopmast-Arbeitsbühnen 
      * Teleskopgelenk-Arbeitsbühnen 
  ...
---
*   *   *   *   *   *   *   * FR
  * DE
  * EN
  * Login

  *   * Standorte 
  * Kontakt
  * +352 350999-1
  * Mietanfrage 
Mietanfrage

  * Suchen
  *   *   *   * FR
  * DE
  * EN
  * Login

Login

Toggle navigation

  * Mieten 
    * Mietassistent 
    * Produktdatenbank 
      * LKW-Arbeitsbühnen 
      * Anhänger-Arbeitsbühnen 
      * Scheren und Roll-Lifte 
      * Low Level Access 
      * Teleskop-Arbeitsbühnen 
      * Teleskopmast-Arbeitsbühnen 
      * Teleskopgelenk-Arbeitsbühnen 
  ...
---
*   *   *   *   *   *   *   * FR
  * DE
  * EN
  * Login

  *   * Standorte 
  * Kontakt
  * +352 350999-1
  * Mietanfrage 
Mietanfrage

  * Suchen
  *   *   *   * FR
  * DE
  * EN
  * Login

Login

Toggle navigation

  * Mieten 
    * Mietassistent 
    * Produktdatenbank 
      * LKW-Arbeitsbühnen 
      * Anhänger-Arbeitsbühnen 
      * Scheren und Roll-Lifte 
      * Low Level Access 
      * Teleskop-Arbeitsbühnen 
      * Teleskopmast-Arbeitsbühnen 
      * Teleskopgelenk-Arbeitsbühnen 
  ..."
334,17,8,334_patienten_médecine_médicaux_urgences,"patienten, médecine, médicaux, urgences, zentrum, maladies, certificats, covid, covid 19, rendez","Search this site

Skip to main content

Skip to navigation

Covid-19 info: tous les patients sont priés de prendre rendez-vous avant de
nous rendre visite.

Prendre Rendez-vous

  * Bienvenue
  * Services
    * Médecine générale
    * Téléconsultations
    * Traitement des maladies chroniques
    * Renouvellements d’ordonnances
    * Certificats médicaux
  * Rendez-vous
  * Urgences
  * Contact

  * Bienvenue
  * Services
    * Médecine générale
    * Téléconsultations
    * Traitement des malad...
---
Search this site

Skip to main content

Skip to navigation

Covid-19 info: tous les patients sont priés de prendre rendez-vous avant de
nous rendre visite.

Prendre Rendez-vous

  * Bienvenue
  * Services
    * Médecine générale
    * Téléconsultations
    * Traitement des maladies chroniques
    * Renouvellements d’ordonnances
    * Certificats médicaux
  * Rendez-vous
  * Urgences
  * Contact

  * Bienvenue
  * Services
    * Médecine générale
    * Téléconsultations
    * Traitement des malad...
---
Search this site

Skip to main content

Skip to navigation

Covid-19 info: tous les patients sont priés de prendre rendez-vous avant de
nous rendre visite.

Prendre Rendez-vous

  * Bienvenue
  * Services
    * Médecine générale
    * Téléconsultations
    * Traitement des maladies chroniques
    * Renouvellements d’ordonnances
    * Certificats médicaux
  * Rendez-vous
  * Urgences
  * Contact

  * Bienvenue
  * Services
    * Médecine générale
    * Téléconsultations
    * Traitement des malad..."
335,17,11,335_nettoyage_26 72_duché luxembourg_etat,"nettoyage, 26 72, duché luxembourg, etat, grand duché, duché, services réalisations, 72, gsm 352, bâtiments","top of page

  * Accueil
  * Réserver en ligne
  * À propos
  * Clients
  * Contact
  * Formules de paiement
  * Client
  * Services
  * Blog
  * Menus
  * Commandes
  * Plus

Use tab to navigate through the menu items.

  *   * 

Se connecter

Contact

info@properkonfort.lu

GSM +352 661 690 445 - Bureau +352 26 72 04 88

Properkonfort Multiservice Sàrl.

Entreprise de nettoyage des maisons, de vitres et d'entretien de jardins à
Echternach, Luxembourg.

🏡 Et si garder votre maison propre et bie...
---
top of page

  * Accueil
  * Réserver en ligne
  * À propos
  * Clients
  * Contact
  * Formules de paiement
  * Client
  * Services
  * Blog
  * Menus
  * Commandes
  * Plus

Use tab to navigate through the menu items.

  *   * 

Se connecter

Contact

info@properkonfort.lu

GSM +352 661 690 445 - Bureau +352 26 72 04 88

Properkonfort Multiservice Sàrl.

Entreprise de nettoyage des maisons, de vitres et d'entretien de jardins à
Echternach, Luxembourg.

🏡 Et si garder votre maison propre et bie...
---
Aller au contenu

Menu

  * Accueil
  * Nos Services
  * Nos Réalisations
  * Contact

Aller sur notre site  Chapes Bâtiments

CONTACTEZ-NOUS ​+352 26 37 58 21

Menu

  * Accueil
  * Nos Services
  * Nos Réalisations
  * Contact

##  Conditions générales d'utilisation du site platresbatiments.lu

Le présent site Internet et son contenu sont édités et hébergés par la société
IT secure Luxembourg SARL, Société de droit luxembourgeois au capital de
12.500€ dont le siège social est situé 210, avenue..."
336,17,7,336_bois_chauffage_accueil produits_tarifs,"bois, chauffage, accueil produits, tarifs, cart, gin, pellets, ac, maecenas, wine","# Ginepro

Menu

  * Home
  * About
  * Shop
  * Contact

### My Account

  * My Account
  * Checkout
  * Wishlist

My cart: 0 Items 0€

  * No products in the cart.

#  Month: November 2016

Home 2016 Archive by month""November""

### Search

Search

### Recent Posts

  * Hello world!
  * Traveling Solo Is Awesome
  * A Beautiful Sunday Morning
  * Daily news: Food Support
  * Lorem ipsum dolor sit amet

### Recent Comments

### Categories

  * Brandy
  * Gallery
  * News
  * Red Wine
  * Uncateg...
---
* Accueil
  * Nos produits
## CHAUFFAGE

## Bois de chauffage

## Pellets

## Bois densifié

## BARBECUE

## Charbon de bois

## Allume feu

  * Nos actualités
  * Notre entreprise
  * Contactez-nous
  * English

X

Nos tarifs

Menu

  * Accueil
  * Nos Produits
    * Bois de chauffage
    * Pellets
    * Bois densifié
    * Charbon de bois
  * Tarifs
  * Nos actualités
  * Notre entreprise
  * English

# Combulux

+33 7 61 50 99 51

info@combulux.com  mail Created with Sketch Beta.

Menu

  * A...
---
* Accueil
  * Nos produits
## CHAUFFAGE

## Bois de chauffage

## Pellets

## Bois densifié

## BARBECUE

## Charbon de bois

## Allume feu

  * Nos actualités
  * Notre entreprise
  * Contactez-nous
  * English

X

Nos tarifs

Menu

  * Accueil
  * Nos Produits
    * Bois de chauffage
    * Pellets
    * Bois densifié
    * Charbon de bois
  * Tarifs
  * Nos actualités
  * Notre entreprise
  * English

# Combulux

+33 7 61 50 99 51

info@combulux.com  mail Created with Sketch Beta.

Menu

  * A..."
337,17,6,337_youth_seniors_women_zeréck,"youth, seniors, women, zeréck, palmarès, 21 22, soleuvre, sponsors, basket, club","# BBC AS SOLEUVRE

### Fondé en 1937 - Membre de la FLBB

Toggle navigation

  * 🏀HOME
  * 🏀EVENTS
  * 🏀THE CLUB
  * 🏀 Documents
  * 🏀Youth Commission
  * 🏀HISTOIRE
  * 🏀Palmarès
  * 🏀Hall of Fame
  * 🏀Supporters
  * 🏀Training & Halls
  * 🏀Results
  * 🏀Men’s A
  * 🏀Women’s A
  * 🏀Other teams
  * 🏀YOUTH
  * 🏀Referee's
  * 🏀 Media
  * 🏀Links
  * 🏀Sponsors

×

# HISTOIRE

  * Accueil   /  
  * HISTOIRE

🏀 LE CLUB AU FIL DU TEMPS 🏀

## History of Basketball

#### Histoire du Club

Histoire du Club​
...
---
# BBC AS SOLEUVRE

### Fondé en 1937 - Membre de la FLBB

Toggle navigation

  * 🏀HOME
  * 🏀EVENTS
  * 🏀THE CLUB
  * 🏀 Documents
  * 🏀Youth Commission
  * 🏀HISTOIRE
  * 🏀Palmarès
  * 🏀Hall of Fame
  * 🏀Supporters
  * 🏀Training & Halls
  * 🏀Results
  * 🏀Men’s A
  * 🏀Women’s A
  * 🏀Other teams
  * 🏀YOUTH
  * 🏀Referee's
  * 🏀 Media
  * 🏀Links
  * 🏀Sponsors

×

# PALMARÈS

  * Accueil   /  
  * PALMARÈS

Précédent

Suivant

#### CHAMPION de Luxembourg 2001 / 2002  

#### Trophée du FAIR PLAY1995

##...
---
# BBC AS SOLEUVRE

### Fondé en 1937 - Membre de la FLBB

Toggle navigation

  * 🏀HOME
  * 🏀EVENTS
  * 🏀THE CLUB
  * 🏀 Documents
  * 🏀Youth Commission
  * 🏀HISTOIRE
  * 🏀Palmarès
  * 🏀Hall of Fame
  * 🏀Supporters
  * 🏀Training & Halls
  * 🏀Results
  * 🏀Men’s A
  * 🏀Women’s A
  * 🏀Other teams
  * 🏀YOUTH
  * 🏀Referee's
  * 🏀 Media
  * 🏀Links
  * 🏀Sponsors

×

# 🏀HOME

## Photos du 1er mai 2023 ""SPILL A SPAASS""

🏀 Meekranz, la couronne de mai

🏀 1er Mai 2023 “Spill a Spaass “

HOT SH🏀T (1)

HOT SH🏀..."
338,17,5,338_verantwortung_technical storage_storage access_storage,"verantwortung, technical storage, storage access, storage, preferences, associative, messen, manage, bewerten, technical","* A propos
  * Associations
  * Agenda
  * Conférences
  * Devenir membre

FR

FR

  * A propos
  * Associations
  * Agenda
  * Conférences
  * Devenir membre

Suggestions de recherche:

  * Activitiés pour PMR
  * Je veux sortir
  * Faire du Sport à Dudelange
  * Activités pour Seniors
  * Contacter le SITD

Manage Cookie Consent

To provide the best experiences, we use technologies like cookies to store
and/or access device information. Consenting to these technologies will allow
us to process...
---
* A propos
  * Associations
  * Agenda
  * Conférences
  * Devenir membre

FR

FR

  * A propos
  * Associations
  * Agenda
  * Conférences
  * Devenir membre

Suggestions de recherche:

  * Activitiés pour PMR
  * Je veux sortir
  * Faire du Sport à Dudelange
  * Activités pour Seniors
  * Contacter le SITD

Manage Cookie Consent

To provide the best experiences, we use technologies like cookies to store
and/or access device information. Consenting to these technologies will allow
us to process...
---
* A propos
  * Associations
  * Agenda
  * Conférences
  * Devenir membre

FR

FR

  * A propos
  * Associations
  * Agenda
  * Conférences
  * Devenir membre

Suggestions de recherche:

  * Activitiés pour PMR
  * Je veux sortir
  * Faire du Sport à Dudelange
  * Activités pour Seniors
  * Contacter le SITD

Manage Cookie Consent

To provide the best experiences, we use technologies like cookies to store
and/or access device information. Consenting to these technologies will allow
us to process..."
339,17,5,339_solidarité_fortbildung_jeunes_kontakte,"solidarité, fortbildung, jeunes, kontakte, wohnen, rééducation, fondation, therapie, nächsten, familie","* Akuthilfe
  * Betreutes Wohnen
  * Therapie
  * Familie
  * Arbeit
  * Suchtprävention
  * Jobs

  * de
  * fr

  * Solina
    * Über uns
    * Projekte
    * Ënner­stëtzen
    * Kontakte
  * Solidarité Jeunes
    * Péitrusshaus
    * Impuls
    * Haus 13
    * LSE
    * SWITCH
    * Op de Patten
    * Foyers d’Accueil
    * Projekte
    * Ënner­stëtzen
    * Kontakte
  * Jongenheem
    * Projekte
    * Ënner­stëtzen
    * Kontakte
  * Aarbechtshëllef
    * Projekte
    * Ënner­stëtzen
    * K...
---
* Akuthilfe
  * Betreutes Wohnen
  * Therapie
  * Familie
  * Arbeit
  * Suchtprävention
  * Jobs

  * de
  * fr

  * Solina
    * Über uns
    * Projekte
    * Ënner­stëtzen
    * Kontakte
  * Solidarité Jeunes
    * Péitrusshaus
    * Impuls
    * Haus 13
    * LSE
    * SWITCH
    * Op de Patten
    * Foyers d’Accueil
    * Projekte
    * Ënner­stëtzen
    * Kontakte
  * Jongenheem
    * Projekte
    * Ënner­stëtzen
    * Kontakte
  * Aarbechtshëllef
    * Projekte
    * Ënner­stëtzen
    * K...
---
* Akuthilfe
  * Betreutes Wohnen
  * Therapie
  * Familie
  * Arbeit
  * Suchtprävention
  * Jobs

  * de
  * fr

  * Solina
    * Über uns
    * Projekte
    * Ënner­stëtzen
    * Kontakte
  * Solidarité Jeunes
    * Péitrusshaus
    * Impuls
    * Haus 13
    * LSE
    * SWITCH
    * Op de Patten
    * Foyers d’Accueil
    * Projekte
    * Ënner­stëtzen
    * Kontakte
  * Jongenheem
    * Projekte
    * Ënner­stëtzen
    * Kontakte
  * Aarbechtshëllef
    * Projekte
    * Ënner­stëtzen
    * K..."
340,17,6,340_fotoen_lego_resultater_aktivitäten,"fotoen, lego, resultater, aktivitäten, 2016, 2017 2016, 2017, kalenner, 2018, 2019","* Home
  * Kalenner
  * Fotoen
  * GAL Open
    * 2019
      * Startlëscht
      * Resultater
      * Fotoen
    * 2018
      * Startlëscht
      * Resultater
      * Fotoen
    * 2017
      * Startlëscht
      * Resultater
    * 2016
      * Fotoen
      * Resultater
    * 2015
      * Fotoen
      * Resultater
    * 2014
      * Fotoen
  * News
  * GAL Info
  * Service
    * Partners
    * Hütten
    * Guiden
    * Material ausléinen
    * Bibliothéik
    * Les relais
  * Froen
  * Member gin
...
---
* Home
  * Kalenner
  * Fotoen
  * GAL Open
    * 2019
      * Startlëscht
      * Resultater
      * Fotoen
    * 2018
      * Startlëscht
      * Resultater
      * Fotoen
    * 2017
      * Startlëscht
      * Resultater
    * 2016
      * Fotoen
      * Resultater
    * 2015
      * Fotoen
      * Resultater
    * 2014
      * Fotoen
  * News
  * GAL Info
  * Service
    * Partners
    * Hütten
    * Guiden
    * Material ausléinen
    * Bibliothéik
    * Les relais
  * Froen
  * Member gin
...
---
* Home
  * Kalenner
  * Fotoen
  * GAL Open
    * 2019
      * Startlëscht
      * Resultater
      * Fotoen
    * 2018
      * Startlëscht
      * Resultater
      * Fotoen
    * 2017
      * Startlëscht
      * Resultater
    * 2016
      * Fotoen
      * Resultater
    * 2015
      * Fotoen
      * Resultater
    * 2014
      * Fotoen
  * News
  * GAL Info
  * Service
    * Partners
    * Hütten
    * Guiden
    * Material ausléinen
    * Bibliothéik
    * Les relais
  * Froen
  * Member gin
..."
341,17,13,341_glacis_https_sarl_responsable,"glacis, https, sarl, responsable, tenu responsable, immo, matériel, dispositions, éléments, propriété intellectuelle","Aller au contenu principal

  * Qui sommes nous ?
  * Location pour vos événements
  * Vente de produits
  * CONTACT
  * Mentions légales

# Mentions légales

Définitions

Client : tout professionnel ou personne physique capable au sens des articles
1123 et suivants du Code civil, ou personne morale, qui visite le Site objet
des présentes conditions générales.  
Prestations et Services : ILLUMEN LUXEMBOURG SARL met à disposition des
Clients :

Contenu : Ensemble des éléments constituants l’infor...
---
Aller au contenu principal

Toggle navigation

#  Mentions légales

  1. Accueil
  2. Mentions légales 

## Définitions

Client : tout professionnel ou personne physique capable au sens des articles
1123 et suivants du Code civil, ou personne morale, qui visite le Site objet
des présentes conditions générales.  
Prestations et Services : https://www.aion-solutions.lu met à disposition des
Clients :

Contenu : Ensemble des éléments constituants l’information présente sur le
Site, notamment textes...
---
* Tél: +352 289 900 07
  * Book online

  * Home
  * Abouts us
  * Cars
  * Services
  * Contact

Sélectionner une page

# Legal Notice

### Définitions

Client : tout professionnel ou personne physique capable au sens des articles
1123 et suivants du Code civil, ou personne morale, qui visite le Site objet
des présentes conditions générales.

Prestations et Services : https://www.limoprestige.lu/ met à disposition des
Clients :

Contenu : Ensemble des éléments constituants l’information présent..."
342,17,6,342_chinese_class_classes_chinoise,"chinese, class, classes, chinoise, teachers, program, june 2023, children, china, adult","* Home 
  * Classes for Children 
    * Chinese Story Reading Project 
  * Workshops and Camps 
  * Classes for Adult 
    * Business Chinese 
  * FAQ 
  * About 

## About Little Panda

> Little Panda's mission is to bring positive learning experiences for every
> child so they are willing to learn with initiative.
In 2018, Little Panda organized the first Chinese language and culture
workshops for children, over the time, it has built up its own
interdisciplinary Mandarin curriculum and a team...
---
* Home 
  * Classes for Children 
    * Chinese Story Reading Project 
  * Workshops and Camps 
  * Classes for Adult 
    * Business Chinese 
  * FAQ 
  * About 

  
Learn Chinese  \- Fun, interactive and immersive, with Little Panda.

\- Little Panda Chinese School Luxembourg  
​

## Welcome to Little Panda!  
## MANDARIN FUNFUNFUN & SPROUT FOR CHILDREN

## CHINESE CULTURE WORKSHOP

## MANDARIN PRIVATE LESSON FOR CHILDREN

## BIRTHDAY PARTY  
## Testimonials from our students.

> Thanks for an...
---
#  Centre de Langue et de Culture Chinoises du Luxembourg

### Menu

Skip to content

  * Home
    * Home
    * MyCLCCL
  * Program
    * Program
    * Courses
    * Cultural Activities
  * Exchange
    * China-Luxembourg Exchange program
    * China Insights
  * Services
  * About Us
    * About Us
    * Our Partners
    * Our Teachers
    * Committee Members
  * Contact
    * Contact
    * Memberships, sponsors and donors
  * Registration

Home > About Us

# About Us

### General information

..."
343,17,9,343_vimeo_drittanbieter_frage_youtube,"vimeo, drittanbieter, frage, youtube, drittanbieter cookies, icon, zustimmung, unten, hersteller, 3d","* DE 
DE  EN  FR

  * DE 
DE  EN  FR

    *     * DE 
DE  EN  FR

    * E-Mail-Adresse 
Passwort

Anmelden

Passwort vergessen

Neu hier?  Jetzt registrieren!

    * 0 
Wunschzettel erstellen

    * 0,00 €
Es befinden sich keine Artikel im Warenkorb.

Menü Zurück

* * *
Spielwarenladen • Paradis du Jouet

  * Stöbern 
  * Öffnungszeiten 
  * Kontakt 

  1. Startseite
  2. Startseite

# Halo

  * Artikelnummer:  AL-028753
  * GTIN: 771877132209
  * Hersteller:

11,95 €

inkl. 16% USt. , zzgl.  Ve...
---
* DE 
DE  EN  FR

  * DE 
DE  EN  FR

    *     * DE 
DE  EN  FR

    * E-Mail-Adresse 
Passwort

Anmelden

Passwort vergessen

Neu hier?  Jetzt registrieren!

    * 0 
Wunschzettel erstellen

    * 0,00 €
Es befinden sich keine Artikel im Warenkorb.

Menü Zurück

* * *
Spielwarenladen • Paradis du Jouet

  * Stöbern 
  * Öffnungszeiten 
  * Kontakt 

  1. Startseite
  2. Startseite

# Wal

  * Artikelnummer:  AL-001668
  * GTIN: 4035198022905
  * Hersteller: Ostheimer

22,56 €

inkl. 16% USt. ,...
---
* DE 
DE  EN  FR

  * DE 
DE  EN  FR

    *     * DE 
DE  EN  FR

    * E-Mail-Adresse 
Passwort

Anmelden

Passwort vergessen

Neu hier?  Jetzt registrieren!

    * 0 
Wunschzettel erstellen

    * 0,00 €
Es befinden sich keine Artikel im Warenkorb.

Menü Zurück

* * *
Spielwarenladen • Paradis du Jouet

  * Stöbern 
  * Öffnungszeiten 
  * Kontakt 

  1. Startseite
  2. Startseite

# Kuh

  * Artikelnummer:  AL-025505
  * GTIN: 4010168228051
  * Hersteller:

9,78 €

inkl. 16% USt. , zzgl.  Ver..."
344,17,9,344_emplois_cms_alu_charte,"emplois, cms, alu, charte, durable, déchets, acheter, industriel, partenaires, outillage","* Codur
  * Nos projets
  * Conseil Durable
  * Notre mission
  * Notre charte environnementale
  * Acheter en VEFA
  * Contactez-nous
    * Nos partenaires
    * Emplois

# Résidence IRIS

HomeAll ServicesRécentsRésidence IRIS

  * Codur
  * Nos projets
  * Conseil Durable
  * Notre mission
  * Notre charte environnementale
  * Acheter en VEFA
  * Contactez-nous
    * Nos partenaires
    * Emplois

###### Projet exclusif Codur

### La résidence IRIS à Huncherange

VENDU

Travaux d’infrastructur...
---
* Codur
  * Nos projets
  * Conseil Durable
  * Notre mission
  * Notre charte environnementale
  * Acheter en VEFA
  * Contactez-nous
    * Nos partenaires
    * Emplois

# Cessange

  * Codur
  * Nos projets
  * Conseil Durable
  * Notre mission
  * Notre charte environnementale
  * Acheter en VEFA
  * Contactez-nous
    * Nos partenaires
    * Emplois

###### Luxembourg-Cessange

## Quatre maisons unifamiliales, signées Dagli

###### Les maisons offrent une architecture moderne et un arrangem...
---
* Codur
  * Nos projets
  * Conseil Durable
  * Notre mission
  * Notre charte environnementale
  * Acheter en VEFA
  * Contactez-nous
    * Nos partenaires
    * Emplois

# 3

  * Codur
  * Nos projets
  * Conseil Durable
  * Notre mission
  * Notre charte environnementale
  * Acheter en VEFA
  * Contactez-nous
    * Nos partenaires
    * Emplois

######

##### Codur S.A.

Téléphone :

+352 39 59 221

Adresse :

9, rue des Trois Cantons  
L-8399 Windhof

Email :

info@codur.lu

Copyright © 2023..."
345,17,6,345_roi_entries_eglise_communauté,"roi, entries, eglise, communauté, body, selected, evénements, mémoire, youth, jeunesse","Skip to the content

Nederlandse Protestantse Gemeenschap

Nederlandse Protestantse Gemeenschap

Menu

  * Welkom
  * Nieuws
    * Kerkdiensten
    * Samen op Pad
    * Agenda
  * Organisatie
    * Predikant en bestuur
    * Werkgroepen
    * Vorming en ontmoeting
  * Varia
    * Geschiedenis NPG
    * Protestantisme in Luxemburg
    * Samenwerking
    * Links en leestips
  * Contact
    * Contactformulier
    * Locatie

Close Menu

  * Welkom
  * NieuwsShow sub menu
    * Kerkdiensten
    * Sam...
---
Skip to the content

Nederlandse Protestantse Gemeenschap

Nederlandse Protestantse Gemeenschap

Menu

  * Welkom
  * Nieuws
    * Kerkdiensten
    * Samen op Pad
    * Agenda
  * Organisatie
    * Predikant en bestuur
    * Werkgroepen
    * Vorming en ontmoeting
  * Varia
    * Geschiedenis NPG
    * Protestantisme in Luxemburg
    * Samenwerking
    * Links en leestips
  * Contact
    * Contactformulier
    * Locatie

Close Menu

  * Welkom
  * NieuwsShow sub menu
    * Kerkdiensten
    * Sam...
---
Skip to the content

Nederlandse Protestantse Gemeenschap

Nederlandse Protestantse Gemeenschap

Menu

  * Welkom
  * Nieuws
    * Kerkdiensten
    * Samen op Pad
    * Agenda
  * Organisatie
    * Predikant en bestuur
    * Werkgroepen
    * Vorming en ontmoeting
  * Varia
    * Geschiedenis NPG
    * Protestantisme in Luxemburg
    * Samenwerking
    * Links en leestips
  * Contact
    * Contactformulier
    * Locatie

Close Menu

  * Welkom
  * NieuwsShow sub menu
    * Kerkdiensten
    * Sam..."
346,17,4,346_dance_danse_friends_aim,"dance, danse, friends, aim, classes, fête, mauris, scène, spectacle, nunc","Zum Inhalt springen

  * HOME
  * ABOUT
  * DANCE CLASSES
  * BLOG
  * VIDEOS
  * CONTACT US

Loading...

  * ## Who We Are
### DANCE IS THE OPPORTUNITY TO MAKE THE INVISIBLE VISIBLE

Contact Us

ABOUTMarc2023-06-03T08:14:43+00:00

##

## ART IN MOTION

Art in motion – or short AIM – was founded in 2016 whose main goals are to
inspire, educate and to create a safe environment in which dancers can truly
be themselves, grow as artists and human beings and pursue their dreams all
while having fun. ...
---
*   * Français ▼
    * Français
    *     * Deutsch

  * LINE DANCE FRIENDSHIP  
LUXEMBOURG asbl

  *     * Home
      * Cours ▼
        * Cours LDFL
        * Autres Cours
      * Danses ▼
        * Danses 2022-2023
        * Danses 2021-2022
        * Danses 2020-2021
        * Danses 2019-2020
        * Danses 2018-2019
        * Danses 2017-2018
        * Danses 2016-2017
        * Danses 2015-2016
        * Danses 2014-2015
        * Danses 2013-2014
        * Danses 2012-2013
    * Comité
...
---
*   * Français ▼
    * Français
    *     * Deutsch

  * LINE DANCE FRIENDSHIP  
LUXEMBOURG asbl

  *     * Home
      * Cours ▼
        * Cours LDFL
        * Autres Cours
      * Danses ▼
        * Danses 2022-2023
        * Danses 2021-2022
        * Danses 2020-2021
        * Danses 2019-2020
        * Danses 2018-2019
        * Danses 2017-2018
        * Danses 2016-2017
        * Danses 2015-2016
        * Danses 2014-2015
        * Danses 2013-2014
        * Danses 2012-2013
    * Comité
..."
347,17,12,347_wagner_fils_paul_schneider,"wagner, fils, paul, schneider, fiduciaire, energien, comptable, technische, concernée, energie","Zum Inhalt wechseln

  * Français
  * Deutsch

###  +352 48 19 91 1

info@pwagner.lu

###  9, rue Robert Stumper

Z.A. Cloche d'Or, L-2557 Luxembourg

###  Linkedin

Follow Us

  * HOME
  * ÜBER UNS
    * Historie
    * Unsere Mission
    * Unsere Vision
    * Unsere Werte
    * Unsere Leistungen im Überblick
    * Unternehmenskennzahlen
    * Zertifizierungen
  * LEISTUNGEN
    * Technische Gebäudeausrüstung & Sicherheitstechnik
    * Gebäudemanagement & Service
    * Energie-Effizienz
    * Da...
---
Zum Inhalt wechseln

  * Français
  * Deutsch

###  +352 48 19 91 1

info@pwagner.lu

###  9, rue Robert Stumper

Z.A. Cloche d'Or, L-2557 Luxembourg

###  Linkedin

Follow Us

  * HOME
  * ÜBER UNS
    * Historie
    * Unsere Mission
    * Unsere Vision
    * Unsere Werte
    * Unsere Leistungen im Überblick
    * Unternehmenskennzahlen
    * Zertifizierungen
  * LEISTUNGEN
    * Technische Gebäudeausrüstung & Sicherheitstechnik
    * Gebäudemanagement & Service
    * Energie-Effizienz
    * Da...
---
Zum Inhalt wechseln

  * Français
  * Deutsch

###  +352 48 19 91 1

info@pwagner.lu

###  9, rue Robert Stumper

Z.A. Cloche d'Or, L-2557 Luxembourg

###  Linkedin

Follow Us

  * HOME
  * ÜBER UNS
    * Historie
    * Unsere Mission
    * Unsere Vision
    * Unsere Werte
    * Unsere Leistungen im Überblick
    * Unternehmenskennzahlen
    * Zertifizierungen
  * LEISTUNGEN
    * Technische Gebäudeausrüstung & Sicherheitstechnik
    * Gebäudemanagement & Service
    * Energie-Effizienz
    * Da..."
348,17,5,348_artistes_spectacle_jury_bibliothèque,"artistes, spectacle, jury, bibliothèque, exposition, salon, blues, parkings, architecture, tickets","* LE CAL
    * Actualités
    * Définition
    * Conseil d'administration
    * Statuts
    * Sponsors
    * Membres titulaires
  * EXPOSITIONS
    * Artistes membres
    * Archives
  * SALON DU CAL
    * Règlement général
    * SALON 2023
      * Appel aux artistes
      * Bulletin  
de candidature

      * Jury d'admission
      * Dates remise et  
retrait des oeuvres

      * Horaires  
et Visites guidées

      * Prix Salon 2023
  * EXPO PRINTEMPS
    * Description
    * Horaires  
et Visite...
---
* LE CAL
    * Actualités
    * Définition
    * Conseil d'administration
    * Statuts
    * Sponsors
    * Membres titulaires
  * EXPOSITIONS
    * Artistes membres
    * Archives
  * SALON DU CAL
    * Règlement général
    * SALON 2023
      * Appel aux artistes
      * Bulletin  
de candidature

      * Jury d'admission
      * Dates remise et  
retrait des oeuvres

      * Horaires  
et Visites guidées

      * Prix Salon 2023
  * EXPO PRINTEMPS
    * Description
    * Horaires  
et Visite...
---
* Salle de spectacle 
  * Service Culturel 
  * Bibliothèque municipale 
  * École de musique 
  * Chez Amado 

×

  * Actualités 
  * Agenda 
  * Galeries d'art 
Espace H₂O  Foyer Aalt Stadhaus  Galerie virtuelle

  * Extra-Muros 
Blues Express  L'Essentiel du Rire  Symposium de sculptures

  * Infos 
Tickets  Réductions  Accès et parkings

  * À propos 
Historique  Partenaires  Location salle  Cadre légal

  *   *   *   *   * 

  * Salle de spectacle 
  * Service Culturel 
  * Bibliothèque mun..."
349,17,2,349_voice_dogs_february_december,"voice, dogs, february, december, january, october, july, happy, march, august","* Home
  * About Us
  * News
  * Pet of the Day
  * Shop
  * Donate Now!
  * Contact Us

# Month: December 2019

  * Home
  * 2019
  * December

31 Dec, 2019

## 12 year old Pamacs finds a home!

Dogs, Happy Tails giveusavoice

How is this for great news to end the year: Pamacs is adopted! At 12 years
old, Pamacs ended up at the shelter because his owner could no longer care for
him. Everyone was worried how this little, old dog would endure the harsh
Hungarian winter in an outdoor shelter - but...
---
* Home
  * About Us
  * News
  * Pet of the Day
  * Shop
  * Donate Now!
  * Contact Us

# Month: August 2020

  * Home
  * 2020
  * August

28 Aug, 2020

## Benji gets a second chance!

Dogs, Happy Tails giveusavoice

We got a very special visit from the lovely Benji today! This poor dog lived
for years on a chain before being rescued. He was adopted by the lovely Mme.
Birsens over a year ago and has been living the good life ever since. We are
so happy that Benji got a second chance at […]

Re...
---
* Home
  * About Us
  * News
  * Pet of the Day
  * Shop
  * Donate Now!
  * Contact Us

# Month: May 2020

  * Home
  * 2020
  * May

27 May, 2020

## Princess is now living like royalty!

Dogs, Happy Tails giveusavoice

Great news: Princess is adopted! This cutie went from being a no longer wanted
pet to being treated like royalty in her new loving home. GIVE US A VOICE
would like to give a big THANK YOU to Mme. Michelle Colignon for giving
Princess a reason to wag her tail again. We know she ..."
350,17,10,350_contact services_plafonds_références_devis contact,"contact services, plafonds, références, devis contact, accueil services, menuiserie, murs, fax 26, sols, façades","* Home
  * Nos services
  * Nos références
  * Nos marques
  * Contact
  * … 
    * Home
    * Nos services
    * Nos références
    * Nos marques
    * Contact

  * Home
  * Nos services
  * Nos références
  * Nos marques
  * Contact
  * … 
    * Home
    * Nos services
    * Nos références
    * Nos marques
    * Contact

  * #### 
LES SERVICES DE LA MENUISERIE AFONSO

  * ### 
Tous travaux de menuiserie

« Extérieur et intérieur »

###

Portes & fenêtres

Bois, Alu et PVC

###

Cuisines équip...
---
* Home
  * Nos services
  * Nos références
  * Nos marques
  * Contact
  * … 
    * Home
    * Nos services
    * Nos références
    * Nos marques
    * Contact

  * Home
  * Nos services
  * Nos références
  * Nos marques
  * Contact
  * … 
    * Home
    * Nos services
    * Nos références
    * Nos marques
    * Contact

  * #### 
LES RÉFÉRENCES AVEC LESQUELLES NOUS TRAVAILLONS

  * 

Menuiserie Afonso

45 Zone d’activités économiques  
Le Triangle Vert  
L-5691 ELLANGE

Tél: 57 27 94  
Fax: ...
---
* Home
  * Nos services
  * Nos références
  * Nos marques
  * Contact
  * … 
    * Home
    * Nos services
    * Nos références
    * Nos marques
    * Contact

  * Home
  * Nos services
  * Nos références
  * Nos marques
  * Contact
  * … 
    * Home
    * Nos services
    * Nos références
    * Nos marques
    * Contact

  * #### 
LES MARQUES ET PARTENAIRES AVEC LESQUELS NOUS TRAVAILLONS​

  *   * 

Menuiserie Afonso

45 Zone d’activités économiques  
Le Triangle Vert  
L-5691 ELLANGE

Tél: 5..."
351,17,5,351_portraits_photos_couple_verres,"portraits, photos, couple, verres, famille, lentilles, artistique, 18 30, optique, vidéos","* Portraits & Famille
    * Portfolios
      * Femme enceinte
      * Enfants
      * Famille
      * Portraits féminins
      * Portraits masculins
    * FAQ Portraits & Famille
  * Photos de Couple
    * Portfolios
      * Couple et engagement
      * Trash the dress, etc.
    * FAQ Couple
  * Photos Boudoir et Nu artistique
    * Photos Boudoir
    * Nu artistique
    * Photos Glamour

  * Entreprises & Presse
    * Portfolios
      * Portraits Corporate
      * Photo éditoriale
      * Évène...
---
* Portraits & Famille
    * Portfolios
      * Femme enceinte
      * Enfants
      * Famille
      * Portraits féminins
      * Portraits masculins
    * FAQ Portraits & Famille
  * Photos de Couple
    * Portfolios
      * Couple et engagement
      * Trash the dress, etc.
    * FAQ Couple
  * Photos Boudoir et Nu artistique
    * Photos Boudoir
    * Nu artistique
    * Photos Glamour

  * Entreprises & Presse
    * Portfolios
      * Portraits Corporate
      * Photo éditoriale
      * Évène...
---
* Portraits & Famille
    * Portfolios
      * Femme enceinte
      * Enfants
      * Famille
      * Portraits féminins
      * Portraits masculins
    * FAQ Portraits & Famille
  * Photos de Couple
    * Portfolios
      * Couple et engagement
      * Trash the dress, etc.
    * FAQ Couple
  * Photos Boudoir et Nu artistique
    * Photos Boudoir
    * Nu artistique
    * Photos Glamour

  * Entreprises & Presse
    * Portfolios
      * Portraits Corporate
      * Photo éditoriale
      * Évène..."
352,17,7,352_games_jeu_jeux_game,"games, jeu, jeux, game, adulte, add cart, machines, ds, add, level","* Recherche
  * Connexion
  * Commande0
    * ArticleQte  
Commander

  * Contact
  * (+352) 26 26 25 00

  * Video Games
    * NintendoNintendo Switch / Switch LiteNintendo Wii / Wii UNintendo DS / DS Lite / DSiNintendo GamecubeNintendo 64GameBoy / Color / Advance / Advance SPNES / SNES
PlayStationPlayStation 1PlayStation 2PlayStation 3PlayStation 4PlayStation
5PlayStation PortablePlayStation Vita

XboxXbox ClassicXbox 360Xbox OneXbox Series S / X

PcGamesAccessories

SegaDreamcastSaturnMega Dr...
---
* Recherche
  * Connexion
  * Commande0
  * Contact
  * (+352) 26 26 25 00

  * Video Games
    * NintendoNintendo Switch / Switch LiteNintendo Wii / Wii UNintendo DS / DS Lite / DSiNintendo GamecubeNintendo 64GameBoy / Color / Advance / Advance SPNES / SNES
PlayStationPlayStation 1PlayStation 2PlayStation 3PlayStation 4PlayStation
5PlayStation PortablePlayStation Vita

XboxXbox ClassicXbox 360Xbox OneXbox Series S / X

PcGamesAccessories

SegaDreamcastSaturnMega DriveMaster System32X

Neo Geo

...
---
* Recherche
  * Connexion
    * Identifiant*
Mot de passe*

Connexion automatique

Mot de passe perdu

Crer un compte

  * Commande0
    * ArticleQte  
Commander

  * Contact
  * (+352) 26 26 25 00

  * Video Games
    * NintendoNintendo Switch / Switch LiteNintendo Wii / Wii UNintendo DS / DS Lite / DSiNintendo GamecubeNintendo 64GameBoy / Color / Advance / Advance SPNES / SNES
PlayStationPlayStation 1PlayStation 2PlayStation 3PlayStation 4PlayStation
5PlayStation PortablePlayStation Vita

Xbox..."
353,17,7,353_dr_maladies_medical_ressourcen,"dr, maladies, medical, ressourcen, unterstützung, 18 00, veranstaltungen, vision mission, 00 18, 08 00","* English
    * Français

  * 30 rue Franz Seimetz, L-2531 Luxembourg
  * +352 278528-1
  * admin@cmilux.lu

  * In an emergency DIAL 112

Centre Médical

  * WELCOME
  * SERVICES
    * General Practice
    * Referrals & Investigations
    * Medicals and Medical Certificates
    * Chronic Disease Management
    * Repeat Prescriptions
    * Family Planning, Sexual Health and Well Woman Appointments
    * Children's Health
    * Vaccinations and Travel Medicine
    * Aesthetic Medicine
  * DOCTORS...
---
* Home
  * Seltene Erkrankungen
    * Was ist eine seltene Erkrankung?
    * Mit einer seltenen Erkrankung leben
    * Nationaler Plan
    * Erfahrungsberichte
    * Ressourcen
  * Unsere Leistungen
    * Beratung und Unterstützung
    * Freizeitaktivitäten
    * Interessenvertretung
  * Aktuelles & Veranstaltungen
    * Nachrichten
    * Veranstaltungen
    * Die „Schwätz MAT mir, net IWWERT mech“ Kampagne
    * Rare Disease Day 2022
    * „Unsichtbare Helden“ Kampagne
    * Galerie
  * Über Un...
---
* English
    * Français

  * 30 rue Franz Seimetz, L-2531 Luxembourg
  * +352 278528-1
  * admin@cmilux.lu

  * In an emergency DIAL 112

Centre Médical

  * WELCOME
  * SERVICES
    * General Practice
    * Referrals & Investigations
    * Medicals and Medical Certificates
    * Chronic Disease Management
    * Repeat Prescriptions
    * Family Planning, Sexual Health and Well Woman Appointments
    * Children's Health
    * Vaccinations and Travel Medicine
    * Aesthetic Medicine
  * DOCTORS..."
354,17,9,354_fc_seniors_mamer_u17,"fc, seniors, mamer, u17, u15, u13, pupilles, u9, rosport, poussins","#  FC Mamer 32

Se connecter

  * Home 
    * Retour
    * Seniors 
      * Retour
      * Liste des joueurs 
      * Classement 
      * Résultats 
    * Réserves 
      * Retour
      * Réserves I 
      * Réserves II 
  * Mesdames et filles 
    * Retour
    * Dames I 
    * Dames II 
    * Cadettes 
    * Jeunes filles 
  * Garçons 
    * Retour
    * Cadets 
    * Scolaires 
      * Retour
      * Scolaires I 
      * Scolaires II 
    * Minimes 
      * Retour
      * Minimes I 
      * Mi...
---
#  FC Mamer 32

Se connecter

  * Home 
    * Retour
    * Seniors 
      * Retour
      * Liste des joueurs 
      * Classement 
      * Résultats 
    * Réserves 
      * Retour
      * Réserves I 
      * Réserves II 
  * Mesdames et filles 
    * Retour
    * Dames I 
    * Dames II 
    * Cadettes 
    * Jeunes filles 
  * Garçons 
    * Retour
    * Cadets 
    * Scolaires 
      * Retour
      * Scolaires I 
      * Scolaires II 
    * Minimes 
      * Retour
      * Minimes I 
      * Mi...
---
#  FC The Belval Belvaux

Se connecter

  * Home 
  * News 
  * Club / Cartes de membre 
    * Retour
    * Organigramme-Cartes de membre 
    * Veräinsgeschicht 
    * Le stade 
  * Kalenner 
  * Seniors 
    * Retour
    * Seniors 1 
      * Retour
      * Equipe 
      * Staff 
      * Classement 
      * Résultats 
    * Seniors 2 
      * Retour
      * Equipe 
      * Tabell 
      * Resultater 
  * JUGEND 
    * Retour
    * Jugendtrainer 
    * U19 - JUNIORS 
    * U17 - CADETS 
    * U1..."
355,17,5,355_pwc_item_expertise_careers,"pwc, item, expertise, careers, legal, menu, conferences, 26 48, lesen, barreau","Skip to content Skip to footer

PwC Legal Expertise About us Publications News Our events/conferences Careers
Contact us

More

Search

Menu

PwC Legal

PwC Legal

Menu

Expertise

Expertise

Banking and Capital Markets Commercial contracts Corporate Data protection and
privacy Employment Information Technologies & Intellectual Property Investment
Funds Mergers & Acquisitions Private Equity Real Estate

Menu

Expertise

Banking and Capital Markets

Menu

Expertise

Commercial contracts

Menu

Ex...
---
Skip to content Skip to footer

PwC Legal Expertise About us Publications News Our events/conferences Careers
Contact us

More

Search

Menu

PwC Legal

PwC Legal

Menu

Expertise

Expertise

Banking and Capital Markets Commercial contracts Corporate Data protection and
privacy Employment Information Technologies & Intellectual Property Investment
Funds Mergers & Acquisitions Private Equity Real Estate

Menu

Expertise

Banking and Capital Markets

Menu

Expertise

Commercial contracts

Menu

Ex...
---
Skip to content Skip to footer

PwC Legal Expertise About us Publications News Our events/conferences Careers
Contact us

More

Search

Menu

PwC Legal

PwC Legal

Menu

Expertise

Expertise

Banking and Capital Markets Commercial contracts Corporate Data protection and
privacy Employment Information Technologies & Intellectual Property Investment
Funds Mergers & Acquisitions Private Equity Real Estate

Menu

Expertise

Banking and Capital Markets

Menu

Expertise

Commercial contracts

Menu

Ex..."
356,17,10,356_address protected_javascript_email address_spambots,"address protected, javascript, email address, spambots, protected, protected spambots, spambots javascript, enabled view, address, javascript enabled","* (+352) 48 51 11 - 1 
  * Email address protected by JavaScript.
  * Lu - Ve: 9:00 - 12:00 / 14:00 - 17:00 
  *    Français   \-   Deutsch  

  * 

  * Accueil
  * Le Syndic
  * Qui Sommes-Nous?
  * Nos Références
  * Demande d'Offre
  * Contact
  * 

  * Accueil
  * Le Syndic
  * Qui Sommes-Nous?
  * Nos Références
  * Demande d'Offre
  * Contact

  * ## Le Syndic
PLUS D'INFOS

  * ## Qui sommes nous?
PLUS D'INFOS

  * ## Demande d'offre
PLUS D'INFOS

  * ## Nos Références
PLUS D'INFOS

  * ##...
---
Menu

  * Home
  * Bureau Exécutif
  * Historique
  * Associatiounen
  * Dokumenter
  * Kontakt
  * 

  * Home
  * Bureau Exécutif
  * Historique
  * Associatiounen
  * Dokumenter
  * Kontakt
  * 

* * *
#  Kontakt

###  APFP

Association professionnelle de la fonction publique

###  Kontakt

c/o Gilles Eckert  
Email: This email address is being protected from spambots. You need
JavaScript enabled to view it.

###  Association professionnelle  
de la fonction publique

* * *
  * Home
  * Bureau...
---
Bartrenger Musek

  * Club 

### Comité

Contact: `This email address is being protected from spambots. You need
JavaScript enabled to view it.`

President: Guy WEIRICH `This email address is being protected from spambots.
You need JavaScript enabled to view it.`

Vice-President: Marie-France BEMTGEN

Secretaire: \- `This email address is being protected from spambots. You need
JavaScript enabled to view it.`

Tresorier: - `This email address is being protected from spambots. You need
JavaScript..."
357,17,5,357_creos_anschluss_lieferanten_strom,"creos, anschluss, lieferanten, strom, platform, 380, gas, maps, codes, cbd","# Creos Luxembourg

  * Blog
  * Presse
  * Kontakt
  * Downloads

  * Fr
  * De

Neukunde? Starten Sie hier Mein Kundenbereich

Menu

C

  * Privatkunden
    *       * ## Strom
      * Anschluss
      * Lieferanten
      * Sicherheitstipps
    *       * ## Erdgas
      * Anschluss
      * Lieferanten
      * Sicherheitstipps
      * Inspektion des Gasnetzes
    *       * ## Dienstleistungen
      * Verbrauchsdaten
      * Creos Maps - Online Planauskunft
      * Ausästen
    * SMARTY
    * FAQ
...
---
# Creos Luxembourg

  * Blog
  * Presse
  * Kontakt
  * Downloads

  * Fr
  * De

Neukunde? Starten Sie hier Mein Kundenbereich

Menu

C

  * Privatkunden
    *       * ## Strom
      * Anschluss
      * Lieferanten
      * Sicherheitstipps
    *       * ## Erdgas
      * Anschluss
      * Lieferanten
      * Sicherheitstipps
      * Inspektion des Gasnetzes
    *       * ## Dienstleistungen
      * Verbrauchsdaten
      * Creos Maps - Online Planauskunft
      * Ausästen
    * SMARTY
    * FAQ
...
---
# Creos Luxembourg

  * Blog
  * Presse
  * Kontakt
  * Downloads

  * Fr
  * De

Neukunde? Starten Sie hier Mein Kundenbereich

Menu

C

  * Privatkunden
    *       * ## Strom
      * Anschluss
      * Lieferanten
      * Sicherheitstipps
    *       * ## Erdgas
      * Anschluss
      * Lieferanten
      * Sicherheitstipps
      * Inspektion des Gasnetzes
    *       * ## Dienstleistungen
      * Verbrauchsdaten
      * Creos Maps - Online Planauskunft
      * Ausästen
    * SMARTY
    * FAQ
..."
358,16,7,358_congé_covid19_ligue_médecine,"congé, covid19, ligue, médecine, prévention, étudiants, posted, march, scope, 01","Menu FGFC

Toggle navigation

  * Présentation
  * Délégations
  * Contact
  * Adhésion FGFC

Menu Service

Toggle navigation

  * Je recherche un job
  * Services
  * Newsletter
  * # Je cherche …

Rémunération - Autres modalités > Calcul > Calcul

# Calcul

Le traitement d'un fonctionnaire communal est exprimé en points indiciaires,
dont la valeur est fixée par la loi.

Ouvre tout

Personnes concernées  \+

Les fonctionnaires communaux.

Modalités pratiques  \+

On distingue les traitements su...
---
Skip to content

Toggle Navigation

  * ALEM
    * Découvrir l'ALEM
    * ALEM Team
    * Standing Committees
      * SCOME
      * SCOPE
      * SCOPH
      * SCORA
  * Actualités
  * Membres
    * Devenir Membre
    * Merchandise
  * Informations
    * Général
      * Medecine Humaine
      * Medecine Dentaire
      * Pharmacologie
    * Lycéens
      * Studieninfos
      * Studieninfomail
      * Den ALEM Guide zum Medezinstudium
      * Etudes en Medicine
        * Allemagne
        * Autric...
---
Skip to content

Toggle Navigation

  * ALEM
    * Découvrir l'ALEM
    * ALEM Team
    * Standing Committees
      * SCOME
      * SCOPE
      * SCOPH
      * SCORA
  * Actualités
  * Membres
    * Devenir Membre
    * Merchandise
  * Informations
    * Général
      * Medecine Humaine
      * Medecine Dentaire
      * Pharmacologie
    * Lycéens
      * Studieninfos
      * Studieninfomail
      * Den ALEM Guide zum Medezinstudium
      * Etudes en Medicine
        * Allemagne
        * Autric..."
359,16,10,359_musek_functions_musicale_musique,"musek, functions, musicale, musique, sicht, harmonie, accept cookies, fédération, accept, languages","Skip to content

Log in

  * Home
  * خاص 
  * المعاملات البنكية للشركات 
  * معلومات عن سويد بنك 
  * الاتصال بنا 

Other Languages

  * Svenska
  * English
  * Español
  * Français
  * af-Soomaali 
  * Türkçe
  * Kurmancî
  * Persian

Other Languages

  * Svenska
  * English
  * Español
  * Français
  * af-Soomaali 
  * Türkçe
  * Kurmancî
  * Persian

Aktivt val

To view this content, you first need to accept cookies for Functions,
performance and statistics.

Settings for cookies

##  المعام...
---
Skip to content

Log in

  * Home
  * Gizli 
  * Kurumsal bankacılık 
  * Swedbank hakkında 
  * Bize ulaşın 

Other Languages

  * Svenska
  * English
  * Español
  * Français
  * af-Soomaali 
  * Kurmancî
  * Arabic
  * Persian

Other Languages

  * Svenska
  * English
  * Español
  * Français
  * af-Soomaali 
  * Kurmancî
  * Arabic
  * Persian

Aktivt val

To view this content, you first need to accept cookies for Functions,
performance and statistics.

Settings for cookies

##  Gizli

  * M...
---
Acceptez-vous l'utilisation de cookies pour vous assurer une meilleure
expérience sur notre site web ?

En savoir plus Refuser Autoriser

  * Français
Français

    * Deutsch
    * Lëtzebuergesch

user

Espace membre

  * treble clef
UGDA - Fédération

    * treble clef
UGDA - École de musique

    * treble clef
UGDA - Mutuelle

#  Fédération

  * Accueil
  * Manifestations
  * News
  * Services aux sociétés-membres
menu

  * Centre de documentation musicale / Partitions
menu

  * Publications
m..."
360,16,3,360_bnp paribas_bnp_paribas_neues,"bnp paribas, bnp, paribas, neues, fenster, bgl bnp, bgl, banking, kontaktaufnahme, csr","* Direkter Zugriff auf Inhalte
  * Direkter Zugriff auf die Suche
  * Direkter Zugriff auf das Hauptmenü
  * Direkter Zugriff auf das Online-Banking-Menü

  * Twitter
  * LinkedIn
  * Youtube
  * Instagram

  * BNP Paribas Weltweit
  * BNP Paribas Grüppe

  * en
  * fr
  * de

BNP Paribas

Luxemburg Die Bank für eine Welt im Wandel

Suche

Speisekarte

  * Zuhause
  * Privatkunden
  * Private Banking-Kunden
    * Private Banking-Kunden
    * Versicherungen
  * Unternehmen
    * Unternehmen
    *...
---
* Direkter Zugriff auf Inhalte
  * Direkter Zugriff auf die Suche
  * Direkter Zugriff auf das Hauptmenü
  * Direkter Zugriff auf das Online-Banking-Menü

  * Twitter
  * LinkedIn
  * Youtube
  * Instagram

  * BNP Paribas Weltweit
  * BNP Paribas Grüppe

  * en
  * fr
  * de

BNP Paribas

Luxemburg Die Bank für eine Welt im Wandel

Suche

Speisekarte

  * Zuhause
  * Privatkunden
  * Private Banking-Kunden
    * Private Banking-Kunden
    * Versicherungen
  * Unternehmen
    * Unternehmen
    *...
---
* Direkter Zugriff auf Inhalte
  * Direkter Zugriff auf die Suche
  * Direkter Zugriff auf das Hauptmenü
  * Direkter Zugriff auf das Online-Banking-Menü

  * Twitter
  * LinkedIn
  * Youtube
  * Instagram

  * BNP Paribas Weltweit
  * BNP Paribas Grüppe

  * en
  * fr
  * de

BNP Paribas

Luxemburg Die Bank für eine Welt im Wandel

Suche

Speisekarte

  * Zuhause
  * Privatkunden
  * Private Banking-Kunden
    * Private Banking-Kunden
    * Versicherungen
  * Unternehmen
    * Unternehmen
    *..."
361,16,10,361_tri_pc_fortbildung_tablette,"tri, pc, fortbildung, tablette, tarif, rtl, choose, digital, aktuelles, leistungen","* Accueil
  * Ordinateur
  * LAPTOP
  * Tablette
  * Écran PC
  * IMPRIMANTES
    * JET D’ENCRE
    * LASER
  * PRODUITS DIVERS

Sélectionner une page

# MONITEURS

Moniteurs LED, Moniteurs LCD …

Voici le seul résultat

Tri par popularité Tri du plus récent au plus ancien Tri par tarif croissant
Tri par tarif décroissant

  * ## PHILIPS 243B9H/00 - 24″
327.18 €

© 2018 LINSYS S.A All Rights Reserved.
---
* Accueil
  * Ordinateur
  * LAPTOP
  * Tablette
  * Écran PC
  * IMPRIMANTES
    * JET D’ENCRE
    * LASER
  * PRODUITS DIVERS

Sélectionner une page

# PC LIS et mini PC

Nos Pc's vous permettront d’allier efficacité de travail et compacité, tout en
restant puissants et fiables.

5 résultats affichés

Tri par popularité Tri du plus récent au plus ancien Tri par tarif croissant
Tri par tarif décroissant

  * ## PC LIS SMALL OFFICE EL
649.00 €

  * ## PCLIS LIGNE ASBL
1,059.00 €

  * ## PC LIS M...
---
* Accueil
  * Ordinateur
  * LAPTOP
  * Tablette
  * Écran PC
  * IMPRIMANTES
    * JET D’ENCRE
    * LASER
  * PRODUITS DIVERS

Sélectionner une page

9, Zare EST L-4385 EHLERANGE  

+352 26 17 47 1

# Brilliance Moniteur

# Webcam intégrée

# LCD avec PowerSensor

# 243B9H

####

Ajouter au panier

Des images nettes, des performances efficaces

327,18 €



### PROMO DU MOIS

Promo

}

#### HEURES D'OUVERTURES

Lundi de 10h -12h et de 13h-18h

Mardi au Vendredi de 09h -12h et de 13h-18h



##..."
362,16,15,362_sign_javascript browser_enable_address,"sign, javascript browser, enable, address, protect, email, protected, email address, ip, javascript","Please enable cookies.

# Email Protection

## You are unable to access this email address bitbank.lu

The website from which you got to this page is protected by Cloudflare. Email
addresses on that page have been hidden in order to keep them from being
accessed by malicious bots. You must enable Javascript in your browser in
order to decode the e-mail address.

If you have a website and are interested in protecting it in a similar way,
you can sign up for Cloudflare.

  * How does Cloudflare pr...
---
Please enable cookies.

# Email Protection

## You are unable to access this email address naga-dining.lu

The website from which you got to this page is protected by Cloudflare. Email
addresses on that page have been hidden in order to keep them from being
accessed by malicious bots. You must enable Javascript in your browser in
order to decode the e-mail address.

If you have a website and are interested in protecting it in a similar way,
you can sign up for Cloudflare.

  * How does Cloudflar...
---
Please enable cookies.

# Email Protection

## You are unable to access this email address zms.lu

The website from which you got to this page is protected by Cloudflare. Email
addresses on that page have been hidden in order to keep them from being
accessed by malicious bots. You must enable Javascript in your browser in
order to decode the e-mail address.

If you have a website and are interested in protecting it in a similar way,
you can sign up for Cloudflare.

  * How does Cloudflare protec..."
363,16,9,363_voir détail_détail_000_000 000,"voir détail, détail, 000, 000 000, terrain, propose vente, chambres prix, 000 voir, résidences, traitement","﻿FR |  EN |  DE
  * Accueil
  * Ventes
    * Toutes les ventes
    * Maisons
    * Appartements
    * Terrains
    * Commerces
    * Garages / Parkings
  * Locations
    * Toutes les locations
    * Maisons
    * Appartements
    * Bureaux
    * Entrepôt
    * Commerces
    * Garages / Parkings
  * Neuf
    * Tous les biens neufs
    * Maisons
    * Appartements
  * Biens vendus
  * Références
  * Estimation
  * Services
    * Passeport énergétique
    * Partenaires
  * Contact

Home Project

Vo...
---
﻿FR |  EN |  DE
  * Accueil
  * Ventes
    * Toutes les ventes
    * Maisons
    * Appartements
    * Terrains
    * Commerces
    * Garages / Parkings
  * Locations
    * Toutes les locations
    * Maisons
    * Appartements
    * Bureaux
    * Entrepôt
    * Commerces
    * Garages / Parkings
  * Neuf
    * Tous les biens neufs
    * Maisons
    * Appartements
  * Biens vendus
  * Références
  * Estimation
  * Services
    * Passeport énergétique
    * Partenaires
  * Contact

Home Project

Vo...
---
﻿FR |  EN |  DE
  * Accueil
  * Ventes
    * Toutes les ventes
    * Maisons
    * Appartements
    * Terrains
    * Commerces
    * Garages / Parkings
  * Locations
    * Toutes les locations
    * Maisons
    * Appartements
    * Bureaux
    * Entrepôt
    * Commerces
    * Garages / Parkings
  * Neuf
    * Tous les biens neufs
    * Maisons
    * Appartements
  * Biens vendus
  * Références
  * Estimation
  * Services
    * Passeport énergétique
    * Partenaires
  * Contact

Home Project

Vo..."
364,16,8,364_ford_catalogue_vehicules_prix,"ford, catalogue, vehicules, prix, add cart, 00 add, ouvrir, recommande, cuisine, magasin","﻿

FR - Skip to navigation  FR - Skip to search  FR - Skip to main content  FR -
Skip to footer

show menu close menu show menu

  * Véhicules Neufs Ouvrir Menu Ouvrir Menu
Retour Vehicules Neufs

Voitures neuves

    * Ford Explorer
    * Fiesta
À partir de* 22.078 €

    * Focus
À partir de* 31.617 €

    * Puma
Sur demande

    * Kuga
    * EcoSport
    * Explorer
À partir de* 86.783 €

    * Tourneo Connect
(UNIQUEMENT DE STOCK)

    * Mustang Mach-E
    * Tourneo Custom
    * Transit Custom...
---
﻿

FR - Skip to navigation  FR - Skip to search  FR - Skip to main content  FR -
Skip to footer

show menu close menu show menu

  * Véhicules Neufs Ouvrir Menu Ouvrir Menu
Retour Vehicules Neufs

Voitures neuves

    * Ford Explorer
    * Fiesta
À partir de* 22.078 €

    * Focus
À partir de* 31.617 €

    * Puma
Sur demande

    * Kuga
    * EcoSport
    * Explorer
À partir de* 86.783 €

    * Tourneo Connect
(UNIQUEMENT DE STOCK)

    * Mustang
    * Mustang Mach-E
    * Tourneo Custom
    * ...
---
﻿

FR - Skip to navigation  FR - Skip to search  FR - Skip to main content  FR -
Skip to footer

show menu close menu show menu

  * Véhicules Neufs Ouvrir Menu Ouvrir Menu
Retour Vehicules Neufs

Voitures neuves

    * Fiesta
À partir de* € 22.078

    * Focus
À partir de* € 31.617

    * Puma
Sur demande

    * Kuga
Sur demande

    * EcoSport
    * Explorer
À partir de* € 86.783

    * Tourneo Connect
(UNIQUEMENT DE STOCK)

    * Mustang Mach-E
    * Tourneo Custom
* Prix catalogue recommande..."
365,16,7,365_tabac_gratis_jouets_alcool,"tabac, gratis, jouets, alcool, usb, 40, cartes, schwarz, aperçu rapide, 11","Appelez-nous : +32 496 55 77 67 / +352 661 557767 Distributeur non-food:
Jouets, peluches, fumeurs,...

 Connexion



  * Téléphonie 
  * Batteries / Piles 
  * Articles fumeurs 
  * Gifts 
  * Peluches 
  * Jouets 
  * Lunettes 
  * Souvenirs 
  * Divers 
  * ZIPPO 
  * LAGUIOLE 
  * ARTICLE POP 
  * ARRIVAGE 2023 
  * FORMY 
  * PROMO 
  * JOUETS EXTERIEURS 

 Rechercher

  1. Accueil
  2. Téléphonie
  3. D1004 |TEKMEE TYPE C CABLE 1 M



  * 

 

# D1004 |TEKMEE TYPE C CABLE 1 M

Charge...
---
Skip to content

+352 27 58 04 |info@easytabacalcool.lu |Lundi au Samedi : 6h00 - 20h00 /
Dimanche : fermé

  * Accueil
  * Présentation
  * Nos produits
  * Actualités
  * Contact

Menu Fermer

  * Accueil
  * Présentation
  * Nos produits
  * Actualités
  * Contact

EASY TABAC ALCOOL

Votre magasin de référence pour l’alcool et le tabac. Le plus grand choix en
whisky, en spiritueux et en tabacs, cigares, confiseries, chocolats et
bonbons.

EASY TABAC ALCOOL

Votre magasin de référence pour l’a...
---
Tabakwaren - Kaffee - Spirituosen

  

 Startseite

Kaffee

Spirituosen

Elektrische Stopfmaschine

Anfrage / Kontakt

 Service

Anfahrt / Parken

Impressum  
Alle Waren nur fur Selbstabholer - KEIN Versand

(Kleine Auswahl aus unserem Sortiment)

  
Preise aktualisiert am: 27.05.2023

Tabak

Zigaretten

Pfeifentabak

Zigarillos & Zigarren

Hlsen

neu     CBD     neu  

Tabak  

  

PS Tabac 200gr.  Feinschnitt

American Blend

 Pro Dose:

200 PS Hlsen GRATIS

22,00

(= 11,00/100gr.)

PS Tabac 2..."
366,16,14,366_lux_façade_steel_étanchéité,"lux, façade, steel, étanchéité, façades, deep, essentiel, quote, conseil, humidité","LUX MAGNET

Menu

  * Accueil
  * À propos
  * Séparation Magnétique
  * Activités
  * Services
  * Références
  * Contact

## Bienvenue

Spécialiste depuis plus de 30 ans dans le magnétisme industriel, LUX MAGNET
est à la pointe de la technologie dans la séparation, l’extraction, le levage
magnétique et la détection des métaux.

Nos services

Lux Magnet

# Lux Magnet

Est une société spécialisée dans le magnétisme industriel, dans la conception,
la fabrication et la réparation des produits suiv...
---
LuxGD Conseil

Qui sommes-nous ? Pourquoi nous ? Nos tarifs Dépannage Maintenance

News Dolibarr Shop

Menu

#  Lux GD Conseil

Services de dépannage informatique

à domicile sur tout le Grand-Duché de Luxembourg

Rapide

Compétent

Fiable

Nous appeler Nous trouver

## Qui sommes-nous?

Lux GD Conseil s.à.r.l est une société luxembourgeoise créée par Gaëtan-Loup
Debatty il y a de cela maintenant 18 ans.

Spécialisée dans la réparation et le dépannage informatique, elle offre à ses
clients, priv...
---
* Accueil
  * À propos
  * Nos services
  * Nos réalisations
  * Offres d’emploi
  * Contact

# Découvrez nos services

Depuis sa création en 2009, ILCO Lux est un acteur majeur dans les travaux de
construction, transformations et façades à Luxembourg. Installée à Bertrange,
elle est aujourd’hui, un partenaire privilégié des professionnels, des
collectivités et des particuliers, tant pour des petits projets que pour des
grands projets structurants dans différents domaines.

ILCO Lux garde comme ..."
367,16,6,367_cercle_herausforderungen_objets_régie,"cercle, herausforderungen, objets, régie, textiles, übersicht, communication, attentes, generalversammlung, panneaux","Tél.: 691 551 234  info@tsi.lu

Toggle navigation

  * HOME
  * Régie Publicitaire
    * Sachets de sucre
    * Ecrans
    * Espaces annonces
    * Sets de tables, pochettes couverts, cartes menus
    * Affiches clubs sportifs
  * PRINT
  * TEXTILES & OBJETS
  * VÉHICULES
  * BACHES & PANNEAUX
  * ENSEIGNES & VITRINES
  * NOUVEAUTES
  * Search
  * Share

Skip to content

####

T.S.I Communication couvre une très large gamme et répond à toutes vos
attentes en matière de visibilité : logos, identi...
---
Tél.: 691 551 234  info@tsi.lu

Toggle navigation

  * HOME
  * Régie Publicitaire
    * Sachets de sucre
    * Ecrans
    * Espaces annonces
    * Sets de tables, pochettes couverts, cartes menus
    * Affiches clubs sportifs
  * PRINT
  * TEXTILES & OBJETS
  * VÉHICULES
  * BACHES & PANNEAUX
  * ENSEIGNES & VITRINES
  * NOUVEAUTES
  * Search
  * Share

Skip to content

####

T.S.I Communication couvre une très large gamme et répond à toutes vos
attentes en matière de visibilité : logos, identi...
---
Tél.: 691 551 234  info@tsi.lu

Toggle navigation

  * HOME
  * Régie Publicitaire
    * Sachets de sucre
    * Ecrans
    * Espaces annonces
    * Sets de tables, pochettes couverts, cartes menus
    * Affiches clubs sportifs
  * PRINT
  * TEXTILES & OBJETS
  * VÉHICULES
  * BACHES & PANNEAUX
  * ENSEIGNES & VITRINES
  * NOUVEAUTES
  * Search
  * Share

Skip to content

####

T.S.I Communication couvre une très large gamme et répond à toutes vos
attentes en matière de visibilité : logos, identi..."
368,16,4,368_materiel_démolition_outillage_palette,"materiel, démolition, outillage, palette, moyens, levage, sol, 250, tri, beton","top of page

  * HOME
  * PROMO SONDERANGEBOT
    * Bache
  * VENTE
    * OUTILLAGE ELECTROPORTATIF
    * OUTILLAGE DE MACON
    * OUTILLAGE MACHINE FACADES
    * MATERIEL DE CONSTRUCTION
    * BETONNIERES
    * VENTILATEUR FILTRE AIR
    * VÊTEMENTS CHAUSSURES GANTS
    * MATERIEL ECHAFAUDAGES
    * ECHELLE -ESCABEAUX
    * SIGNALISTION DE CHANTIER
    * CERCLAGE ET LEVAGE
    * BENNE LEVAGE BENNE BETON
    * BACS INDUSTRIE-ALIMENTAIRE
    * CONTAINER BUREAUX MATERIAUX
    * POMPES A EAU ET ACC...
---
top of page

  * HOME
  * PROMO SONDERANGEBOT
    * Bache
  * VENTE
    * OUTILLAGE ELECTROPORTATIF
    * OUTILLAGE DE MACON
    * OUTILLAGE MACHINE FACADES
    * MATERIEL DE CONSTRUCTION
    * BETONNIERES
    * VENTILATEUR FILTRE AIR
    * VÊTEMENTS CHAUSSURES GANTS
    * MATERIEL ECHAFAUDAGES
    * ECHELLE -ESCABEAUX
    * SIGNALISTION DE CHANTIER
    * CERCLAGE ET LEVAGE
    * BENNE LEVAGE BENNE BETON
    * BACS INDUSTRIE-ALIMENTAIRE
    * CONTAINER BUREAUX MATERIAUX
    * POMPES A EAU ET ACC...
---
top of page

  * HOME
  * PROMO SONDERANGEBOT
    * Bache
  * VENTE
    * OUTILLAGE ELECTROPORTATIF
    * OUTILLAGE DE MACON
    * OUTILLAGE MACHINE FACADES
    * MATERIEL DE CONSTRUCTION
    * BETONNIERES
    * VENTILATEUR FILTRE AIR
    * VÊTEMENTS CHAUSSURES GANTS
    * MATERIEL ECHAFAUDAGES
    * ECHELLE -ESCABEAUX
    * SIGNALISTION DE CHANTIER
    * CERCLAGE ET LEVAGE
    * BENNE LEVAGE BENNE BETON
    * BACS INDUSTRIE-ALIMENTAIRE
    * CONTAINER BUREAUX MATERIAUX
    * POMPES A EAU ET ACC..."
369,16,4,369_jazz_juniors_mixte_latin,"jazz, juniors, mixte, latin, danse, seniors, moyens, débutants, modern, communales","* Team
  * Kontakt

  * FR
  * DE
  * LU

  *   *   * 

Einschreibung Warteliste

  * Home
  * Team
    * Staff
    * Verwaltungsrat
  * Disziplinen
    * MIXTE
      * Jeux mixtes 4-5 ans
      * Maman Papas et bébés
    * Loisirs
      * Intensive Yoga Mixte
      * Yoga Mixte
      * Step Aerobic Mixte
      * Zumba Mixte
      * Pilates
      * Fitness fir de Réck
      * Fitness fir Hären
      * Aqua-Gym complet
      * Bauch Beine Po
      * Body shape Colmar
      * Body shape Dikrech
  ...
---
* Team
  * Kontakt

  * FR
  * DE
  * LU

  *   *   * 

Einschreibung Warteliste

  * Home
  * Team
    * Staff
    * Verwaltungsrat
  * Disziplinen
    * MIXTE
      * Jeux mixtes 4-5 ans
      * Maman Papas et bébés
    * Loisirs
      * Intensive Yoga Mixte
      * Yoga Mixte
      * Step Aerobic Mixte
      * Zumba Mixte
      * Pilates
      * Fitness fir de Réck
      * Fitness fir Hären
      * Aqua-Gym complet
      * Bauch Beine Po
      * Body shape Colmar
      * Body shape Dikrech
  ...
---
* Team
  * Kontakt

  * FR
  * DE
  * LU

  *   *   * 

Einschreibung Warteliste

  * Home
  * Team
    * Staff
    * Verwaltungsrat
  * Disziplinen
    * MIXTE
      * Jeux mixtes 4-5 ans
      * Maman Papas et bébés
    * Loisirs
      * Intensive Yoga Mixte
      * Yoga Mixte
      * Step Aerobic Mixte
      * Zumba Mixte
      * Pilates
      * Fitness fir de Réck
      * Fitness fir Hären
      * Aqua-Gym complet
      * Bauch Beine Po
      * Body shape Colmar
      * Body shape Dikrech
  ..."
370,16,4,370_missing_translation_products wishlist_wishlist,"missing, translation, products wishlist, wishlist, products, 00 ajouter, ajouter panier, ajouter, panier, dokumente","x

  * +352691637709
  * info@partymasters.lu

  * Se connecter
  * Créer un compte

  *   *     * USD EUR GBP AUD INR JPY CAD CNY AED RUB
  *   * 

  * Accueil 
  * Notre assortiment 
    * Amazing Inflatables 
    * Château Gonflable 
    * Jeux en bois 
  * Nous contacter 
  * Sur Nous 
  * Nos Réalisations 

  *   * Facebook
  * Google
  * Tumblr

# Aquaslide

translation missing: fr.collections.toolbar.all / Aquaslide

####  Category

  * Sample title 1
$0.00

~~$0.00~~

  * Sample title 2
...
---
x

  * +352691637709
  * info@partymasters.lu

  * Se connecter
  * Créer un compte

  *   *     * USD EUR GBP AUD INR JPY CAD CNY AED RUB
  *   * 

  * Accueil 
  * Notre assortiment 
    * Amazing Inflatables 
    * Château Gonflable 
    * Jeux en bois 
  * Nous contacter 
  * Sur Nous 
  * Nos Réalisations 

  *   * Facebook
  * Google
  * Tumblr

# Airball

translation missing: fr.collections.toolbar.all / Airball

####  Category

  * Sample title 1
$0.00

~~$0.00~~

  * Sample title 2
$0.0...
---
x

  * +352691637709
  * info@partymasters.lu

  * Se connecter
  * Créer un compte

  *   *     * USD EUR GBP AUD INR JPY CAD CNY AED RUB
  *   * 

  * Accueil 
  * Notre assortiment 
    * Amazing Inflatables 
    * Château Gonflable 
    * Jeux en bois 
  * Nous contacter 
  * Sur Nous 
  * Nos Réalisations 

  *   * Facebook
  * Google
  * Tumblr

# FootDart

translation missing: fr.collections.toolbar.all / FootDart

####  Category

  * Sample title 1
$0.00

~~$0.00~~

  * Sample title 2
$0..."
371,16,8,371_h2a_commentaire_science_nom adresse,"h2a, commentaire, science, nom adresse, champs obligatoires, annuler, advisory, 26 36, agence communication, réponse","### Le blog de l'agence h2a

(Im)pertinent, décalé, sérieux (ou pas), happy days vous propose les coups de
cœur de l'agence h2a. Découvrez nos articles sur notre métier mais aussi les
actualités et produits qui nous ont fait réagir !

  * Agence de communication
  * Facebook
  * Instagram
  * Linkedin
  * Youtube
  * Contact
  * Flux RSS

Chercher un article

Rechercher un article

  * Tous les articles 530
  * Accessoire geek et choc 20
  * Actualités 239
  * Ad 65
  * Ecrire pour le web 4
  * ...
---
### Le blog de l'agence h2a

(Im)pertinent, décalé, sérieux (ou pas), happy days vous propose les coups de
cœur de l'agence h2a. Découvrez nos articles sur notre métier mais aussi les
actualités et produits qui nous ont fait réagir !

  * Agence de communication
  * Facebook
  * Instagram
  * Linkedin
  * Youtube
  * Contact
  * Flux RSS

Chercher un article

Rechercher un article

  * Tous les articles 530
  * Accessoire geek et choc 20
  * Actualités 239
  * Ad 65
  * Ecrire pour le web 4
  * ...
---
### Le blog de l'agence h2a

(Im)pertinent, décalé, sérieux (ou pas), happy days vous propose les coups de
cœur de l'agence h2a. Découvrez nos articles sur notre métier mais aussi les
actualités et produits qui nous ont fait réagir !

  * Agence de communication
  * Facebook
  * Instagram
  * Linkedin
  * Youtube
  * Contact
  * Flux RSS

Chercher un article

Rechercher un article

  * Tous les articles 530
  * Accessoire geek et choc 20
  * Actualités 239
  * Ad 65
  * Ecrire pour le web 4
  * ..."
372,16,6,372_energiepass_chaleur_gestionnaire_anfordern,"energiepass, chaleur, gestionnaire, anfordern, energie, chaudière, gratis, angebot, sécurité santé, responsables","menu

  * Home 
  * Produkte 
    * Projektmanagement 
      * Projektmanagment 
      * Bauleitung & Bauoberleitung 
      * Baulogistik 
      * Koordination, Pilotage 
      * Terminplanung 
      * Erstellen eines BIM Raummodels – Stammdatenerfassung 
    * Sicherheit und Gesundheit 
      * Sicherheitskoordination auf Baustellen 
      * Externe Fachkraft für Arbeitssicherheit 
      * Risikoanalysen am Arbeitsplatz 
      * Risk Management – BCM – Krisenmanagement 
      * Sicherheitsaudit...
---
Direkt zum Inhalt

  * FR
  * DE

Toggle navigation

  * Produkte
    * Energieberatung
      * Staatliche Beihilfen
      * Gemeindebeihilfen
      * Leitfaden Altbausanierung
      * Regenwassernutzung
      * * * *
      * Angebot anfragen
    * Energiepass
      * Energiepass Wohngebäude (bestehend)
      * Energiepass Wohngebäude (Neubau)
      * Zweckbau bestehend
      * * * *
      * Gratis Angebot anfordern
    * Lenoz Zertifizierung
    * BlowerDoor
      * Bestehende Gebäude
      * N...
---
Direkt zum Inhalt

  * FR
  * DE

Toggle navigation

  * Produkte
    * Energieberatung
      * Staatliche Beihilfen
      * Gemeindebeihilfen
      * Leitfaden Altbausanierung
      * Regenwassernutzung
      * * * *
      * Angebot anfragen
    * Energiepass
      * Energiepass Wohngebäude (bestehend)
      * Energiepass Wohngebäude (Neubau)
      * Zweckbau bestehend
      * * * *
      * Gratis Angebot anfordern
    * Lenoz Zertifizierung
    * BlowerDoor
      * Bestehende Gebäude
      * N..."
373,16,5,373_strassen_résidents_démarches_vie politique,"strassen, résidents, démarches, vie politique, citoyens, communal, communale, urbanisme, commune, actualités agenda","* Citoyens & Résidents
    * La commune en chiffres 
    * Historique 
    * Enseignement 
    * Formation continue 
    * Famille 
    * Jeunesse 
    * Seniors 
    * Services Communaux 
    * Développement social 
    * Poste(s) vacant(s) 
  * Démarches administratives
    * Vos démarches A - L 
    * Vos démarches M - Z 
    * Subsides & Allocations 
  * Environnement & Mobilité
    * Eau potable 
    * Déchets et Recyclage 
    * Klima-Agence 
    * Pacte Nature 
    * Pacte Climat 
    * K...
---
* Citoyens & Résidents
    * La commune en chiffres 
    * Historique 
    * Enseignement 
    * Formation continue 
    * Famille 
    * Jeunesse 
    * Seniors 
    * Services Communaux 
    * Développement social 
    * Poste(s) vacant(s) 
  * Démarches administratives
    * Vos démarches A - L 
    * Vos démarches M - Z 
    * Subsides & Allocations 
  * Environnement & Mobilité
    * Eau potable 
    * Déchets et Recyclage 
    * Klima-Agence 
    * Pacte Nature 
    * Pacte Climat 
    * K...
---
* Citoyens & Résidents
    * La commune en chiffres 
    * Historique 
    * Enseignement 
    * Formation continue 
    * Famille 
    * Jeunesse 
    * Seniors 
    * Services Communaux 
    * Développement social 
    * Poste(s) vacant(s) 
  * Démarches administratives
    * Vos démarches A - L 
    * Vos démarches M - Z 
    * Subsides & Allocations 
  * Environnement & Mobilité
    * Eau potable 
    * Déchets et Recyclage 
    * Klima-Agence 
    * Pacte Nature 
    * Pacte Climat 
    * K..."
374,16,6,374_zeréck_tennis_nordstad_angebote,"zeréck, tennis, nordstad, angebote, lorentzweiler, dt, impressum cookie, 2023 clubee, clubee, tournament","#  TC Grevenmacher

Umellen

  * Home 
  * Verein 
    * Zeréck
    * wir über uns 
    * Comité 
    * Mitgliedschaft 
    * Satzung 
    * Datenschutzerklärung 
  * Tennisanlagen 
  * Training 
    * Zeréck
    * Eure Trainer 
    * Trainingsphilosophie 
    * Trainingsangebot 
    * Erläuterungen zum Training 
    * Angebote für das Training 
      * Zeréck
      * Angebote Mini- u. Kindertennis 
      * Angebote Interclub 
      * Angebote Tournament 
      * Angebote Tournament Plus 
  * Sp...
---
#  TC Grevenmacher

Umellen

  * Home 
  * Verein 
    * Zeréck
    * wir über uns 
    * Comité 
    * Mitgliedschaft 
    * Satzung 
    * Datenschutzerklärung 
  * Tennisanlagen 
  * Training 
    * Zeréck
    * Eure Trainer 
    * Trainingsphilosophie 
    * Trainingsangebot 
    * Erläuterungen zum Training 
    * Angebote für das Training 
      * Zeréck
      * Angebote Mini- u. Kindertennis 
      * Angebote Interclub 
      * Angebote Tournament 
      * Angebote Tournament Plus 
  * Sp...
---
#  TC Grevenmacher

Umellen

  * Home 
  * Verein 
    * Zeréck
    * wir über uns 
    * Comité 
    * Mitgliedschaft 
    * Satzung 
    * Datenschutzerklärung 
  * Tennisanlagen 
  * Training 
    * Zeréck
    * Eure Trainer 
    * Trainingsphilosophie 
    * Trainingsangebot 
    * Erläuterungen zum Training 
    * Angebote für das Training 
      * Zeréck
      * Angebote Mini- u. Kindertennis 
      * Angebote Interclub 
      * Angebote Tournament 
      * Angebote Tournament Plus 
  * Sp..."
375,16,3,375_arbeitnehmer_ausschuss_arbeitgeber_verstehen,"arbeitnehmer, ausschuss, arbeitgeber, verstehen, csl, gutachten, jugendliche, gelten, vorschriften, berufliche","Suchen Suchen

  * CSL
  * LLLC
  * CEFOS

  * CSL
  * Gutachten
  * Stellungnahmen
  * Ihre Rechte
  * Gesundheit und Sicherheit
  * Bibliothek

Suchen  Suchen

  * CSL
    * Wer ist die CSL?
    * Aufgaben und Tätigkeiten
    * Struktur
      * Plenum
      * Mitglieder
      * Vorstand
      * Interne Ausschüsse
        * Ausschuss für Wirtschafts-, Steuer- und Haushaltspolitik
        * Ausschuss für Soziales, Sicherheit und Gesundheit am Arbeitsplatz und Umwelt
        * Ausschuss für europ...
---
Suchen Suchen

  * CSL
  * LLLC
  * CEFOS

  * CSL
  * Gutachten
  * Stellungnahmen
  * Ihre Rechte
  * Gesundheit und Sicherheit
  * Bibliothek

Suchen  Suchen

  * CSL
    * Wer ist die CSL?
    * Aufgaben und Tätigkeiten
    * Struktur
      * Plenum
      * Mitglieder
      * Vorstand
      * Interne Ausschüsse
        * Ausschuss für Wirtschafts-, Steuer- und Haushaltspolitik
        * Ausschuss für Soziales, Sicherheit und Gesundheit am Arbeitsplatz und Umwelt
        * Ausschuss für europ...
---
Suchen Suchen

  * CSL
  * LLLC
  * CEFOS

  * CSL
  * Gutachten
  * Stellungnahmen
  * Ihre Rechte
  * Gesundheit und Sicherheit
  * Bibliothek

Suchen  Suchen

  * CSL
    * Wer ist die CSL?
    * Aufgaben und Tätigkeiten
    * Struktur
      * Plenum
      * Mitglieder
      * Vorstand
      * Interne Ausschüsse
        * Ausschuss für Wirtschafts-, Steuer- und Haushaltspolitik
        * Ausschuss für Soziales, Sicherheit und Gesundheit am Arbeitsplatz und Umwelt
        * Ausschuss für europ..."
376,16,7,376_aménagement intérieur_aménagement_intérieur_désirez,"aménagement intérieur, aménagement, intérieur, désirez, demandez devis, demandez, fenêtres, produit, pvc, portes","*   * 

  * Accueil
  * Services
    * Renovation
    * Extension de maison
    * Isolation de la toiture et aménagement des greniers
    * Changement de fenêtres et de portes
    * Jardins d’hiver
    * Travaux de façade
    * Salle de bain
    * Parquet ou carrelage
    * Peintures
    * Cuisine et équipement
    * Terrasses et murs extérieurs
  * Projets
  * Materiaux
    * Fenêtres
      * Fenêtres en bois
      * Fenêtres en aluminium
      * Fenêtres en aluminium et bois
      * Fenêtres e...
---
* Accueil
  * Fabrication
    * Cuisines sur mesures
    * Parquet
    * Escaliers
    * Aménagement d'intérieur
    * Porte d'intérieur
  * Rénovation
    * Parquet
  * Portes et fenêtres PVC
    * Fenêtre PVC
    * Portes PVC
    * Châssis aluminium
  * Aménagement d'intérieur
    * Portes intérieures
    * Oz Interior Design

Demandez un devis

+32 491 06 85 08

La force De la Nature

+32 491 06 85 08

Un service complet

### L'élaboration des plans

Avant tout travail de réalisation, nous co...
---
* Accueil
  * Fabrication
    * Cuisines sur mesures
    * Parquet
    * Escaliers
    * Aménagement d'intérieur
    * Porte d'intérieur
  * Rénovation
    * Parquet
  * Portes et fenêtres PVC
    * Fenêtre PVC
    * Portes PVC
    * Châssis aluminium
  * Aménagement d'intérieur
    * Portes intérieures
    * Oz Interior Design

Demandez un devis

+32 491 06 85 08

  1. Home
  2. Fabrication
  3. Aménagement d'intérieur

Aménagement d’intérieur

Malgré une offre de plus en plus grande dans les m..."
377,16,4,377_royal_forum_sécurité santé_kids,"royal, forum, sécurité santé, kids, octobre 2022, santé travail, ordinaire, 1940, 206, troubles","ACSSL, Forum Da Vinci, 6 Bd Grande-Duchesse Charlotte, L-1330 Luxembourg

info@acssl.lu

ESPACE MEMBRES

A.C.S.S.L.  
Association des Coordinateurs de Sécurité et de Santé Luxembourg

Toggle navigation

  * L' Association 
    * But de l' ACSSL
    * Conseil d'administration
    * Groupes de travail
    * Rejoindre l' ACSSL
  * Membres 
    * Membres physiques de l'ACSSL
    * Sociétés membres de l'ACSSL
    * Coordinateurs niveau A
    * Coordinateurs niveau B
    * Coordinateurs niveau C
  * A...
---
ACSSL, Forum Da Vinci, 6 Bd Grande-Duchesse Charlotte, L-1330 Luxembourg

info@acssl.lu

ESPACE MEMBRES

A.C.S.S.L.  
Association des Coordinateurs de Sécurité et de Santé Luxembourg

Toggle navigation

  * L' Association 
    * But de l' ACSSL
    * Conseil d'administration
    * Groupes de travail
    * Rejoindre l' ACSSL
  * Membres 
    * Membres physiques de l'ACSSL
    * Sociétés membres de l'ACSSL
    * Coordinateurs niveau A
    * Coordinateurs niveau B
    * Coordinateurs niveau C
  * A...
---
ACSSL, Forum Da Vinci, 6 Bd Grande-Duchesse Charlotte, L-1330 Luxembourg

info@acssl.lu

ESPACE MEMBRES

A.C.S.S.L.  
Association des Coordinateurs de Sécurité et de Santé Luxembourg

Toggle navigation

  * L' Association 
    * But de l' ACSSL
    * Conseil d'administration
    * Groupes de travail
    * Rejoindre l' ACSSL
  * Membres 
    * Membres physiques de l'ACSSL
    * Sociétés membres de l'ACSSL
    * Coordinateurs niveau A
    * Coordinateurs niveau B
    * Coordinateurs niveau C
  * A..."
378,16,5,378_chargy_352 288_anbieter_288,"chargy, 352 288, anbieter, 288, control, expert, souris, technicien, secteur, betreiber","MNU

  * FR
  * DE
  * EN

  * Das Chargy Netz
    * Ladestation finden
    * Ladestation nutzen
    * mKaart erhalten
  * Service-Anbieter
    * Werden Sie Service-Anbieter
    * Liste der Service-Anbieter
  * Produktübersicht
    * Chargy
    * Chargy OK
    * Super Chargy
  * Hersteller/Händler von Ladestationen
    * Chargy OK-Zertifizierung
    * Kompatiblen Ladestationen
  * Betreiber
    * Integrieren
    * Kompatibilität
    * Fragen Sie nach Ihrem Startpaket
  * Kontakt
    * Gesetzgebu...
---
MNU

  * FR
  * DE
  * EN

  * Das Chargy Netz
    * Ladestation finden
    * Ladestation nutzen
    * mKaart erhalten
  * Service-Anbieter
    * Werden Sie Service-Anbieter
    * Liste der Service-Anbieter
  * Produktübersicht
    * Chargy
    * Chargy OK
    * Super Chargy
  * Hersteller/Händler von Ladestationen
    * Chargy OK-Zertifizierung
    * Kompatiblen Ladestationen
  * Betreiber
    * Integrieren
    * Kompatibilität
    * Fragen Sie nach Ihrem Startpaket
  * Kontakt
    * Gesetzgebu...
---
MNU

  * FR
  * DE
  * EN

  * Das Chargy Netz
    * Ladestation finden
    * Ladestation nutzen
    * mKaart erhalten
  * Service-Anbieter
    * Werden Sie Service-Anbieter
    * Liste der Service-Anbieter
  * Produktübersicht
    * Chargy
    * Chargy OK
    * Super Chargy
  * Hersteller/Händler von Ladestationen
    * Chargy OK-Zertifizierung
    * Kompatiblen Ladestationen
  * Betreiber
    * Integrieren
    * Kompatibilität
    * Fragen Sie nach Ihrem Startpaket
  * Kontakt
    * Gesetzgebu..."
379,16,6,379_rapport_communal_kopstal_commune,"rapport, communal, kopstal, commune, dippach, organisateur, communale, conseil communal, kayl, mode","* Adresses utiles
  * Annuaire
  * Agenda
  * Plan

A A A

Search

Recherche pour :

  * fr

Commune Kopstal Maison Relais

Facebook Google+

  * Kopstal
    * Accueil
    * Découvrir la commune
    * Historique
    * La commune en chiffres
    * La commune en photos
  * Politique
    * Le collège échevinal
    * Le conseil communal
    * Les commissions consultatives
      * La Commissin consultative d'intégration se présente
    * Elections communales - 11 juin 2023
  * Administration
    * Ac...
---
* Adresses utiles
  * Annuaire
  * Agenda
  * Plan

A A A

Search

Recherche pour :

Commune Kopstal Maison Relais

Facebook Google+

  * Kopstal
    * Accueil
    * Découvrir la commune
    * Historique
    * La commune en chiffres
    * La commune en photos
  * Politique
    * Le collège échevinal
    * Le conseil communal
    * Les commissions consultatives
      * La Commissin consultative d'intégration se présente
    * Elections communales - 11 juin 2023
  * Administration
    * Accueil
  ...
---
* Adresses utiles
  * Annuaire
  * Agenda
  * Plan

A A A

Search

Recherche pour :

Commune Kopstal Maison Relais

Facebook Google+

  * Kopstal
    * Accueil
    * Découvrir la commune
    * Historique
    * La commune en chiffres
    * La commune en photos
  * Politique
    * Le collège échevinal
    * Le conseil communal
    * Les commissions consultatives
      * La Commissin consultative d'intégration se présente
    * Elections communales - 11 juin 2023
  * Administration
    * Accueil
  ..."
380,16,4,380_kinder_senioren_nützliche links_aktivitäten,"kinder, senioren, nützliche links, aktivitäten, leben, nützliche, scientifique, einrichtungen, mb, gallery contact","Zum Inhalt der Webseite

  * luxembourg.lu
  * guichet.lu
  * gouvernement.lu
  * Autres sites

FR | DE
Navigation Navigation

  * Active Ageing
  * Zu Hause leben
  * Leben in Einrichtungen
  * Themen
  * Publikationen
  * Kontakt
  * Nützliche Links

Active Ageing

Zu Hause leben

Leben in Einrichtungen

Themen

Publikationen

Kontakt

Nützliche Links

Active Ageing  >

# Club Senior Mosaïque Club

Adresse 31, rue Léon Metz  
L-4238 ESCH-SUR-ALZETTE  
Telefon 27 55 33 90  
Fax 27 55-3391  
Ema...
---
Zum Inhalt der Webseite

  * luxembourg.lu
  * guichet.lu
  * gouvernement.lu
  * Autres sites

FR | DE
Navigation Navigation

  * Active Ageing
  * Zu Hause leben
  * Leben in Einrichtungen
  * Themen
  * Publikationen
  * Kontakt
  * Nützliche Links

Active Ageing

Zu Hause leben

Leben in Einrichtungen

Themen

Publikationen

Kontakt

Nützliche Links

Active Ageing  >

# Club Senior Op der Heed

Adresse 2, Kaesfurterstross  
9755 HUPPERDANGE  
Telefon 99 82 36  
Fax 99 82 36-309  
Email info-...
---
Zum Inhalt der Webseite

  * luxembourg.lu
  * guichet.lu
  * gouvernement.lu
  * Autres sites

FR | DE
Navigation Navigation

  * Active Ageing
  * Zu Hause leben
  * Leben in Einrichtungen
  * Themen
  * Publikationen
  * Kontakt
  * Nützliche Links

Active Ageing

Zu Hause leben

Leben in Einrichtungen

Themen

Publikationen

Kontakt

Nützliche Links

# Luxsenior Startseite

## Konferenz ""Einrichtungen für Langzeitpflege im Fokus der
Gesundheitsfürsorge""

### Weiterbildung (auf Französisch) f..."
381,16,15,381_afficher_voir voir_22 30_détails,"afficher, voir voir, 22 30, détails, 14 30, voir, 30 14, 00 22, nigiri, plats","* Accueil
  * À La Carte
À La Carte

  * Réservation
  * Mon Compte

0

fr

# Salade

Voir plus

# Nigiri

Voir plus

# Spécial Thaï

Voir plus

## Nos Plats

 Afficher tous les plats   Afficher tous les plats

  * Afficher les détails 
  * Afficher les détails 
  * Afficher les détails 
  * Afficher les détails 
  * Afficher les détails 
  * Afficher les détails 

×  FERMER

1 1

L'information principale a été modifiée !  
La date et l'heure peuvent être réinitialisées !  

Confirmer

0

1

Emp...
---
* Accueil
  * À La Carte
À La Carte

  * Mon Compte

0

fr

# Nigiri

Voir plus

# Chirashis Poke

Voir plus

# Entrée

Voir plus

×  FERMER

## Nos Plats

 Afficher tous les plats   Afficher tous les plats

  * Afficher les détails 
  * Afficher les détails 
  * Afficher les détails 
  * Afficher les détails 
  * Afficher les détails 
  * Afficher les détails 
  * Afficher les détails 
  * Afficher les détails 
  * Afficher les détails 
  * Afficher les détails 
  * Afficher les détails 
  * Af...
---
* Accueil
  * À La Carte
À La Carte

  * Mon Compte

0

fr

# Nouilles

Voir plus

# Plat Chaud

Voir plus

# Sashimi

Voir plus

# Tartare

Voir plus

×  FERMER

## Nos Plats

 Afficher tous les plats   Afficher tous les plats

  * Afficher les détails 
  * Afficher les détails 
  * Afficher les détails 
  * Afficher les détails 
  * Afficher les détails 
  * Afficher les détails 
  * Afficher les détails 
  * Afficher les détails 
  * Afficher les détails 

×  FERMER

1 1

L'information princi..."
382,16,9,382_webdesign_posted_print_creative,"webdesign, posted, print, creative, portfolio, photography, molotov, advertising, forfait, christophe","Close

  * Home
  * Qui ? Quoi ?
  * Portfolio
  * Contact

Type at least 1 character to search

  * Home
  * Qui ? Quoi ?
  * Portfolio
  * Contact

  * Home
  * Qui ? Quoi ?
  * Portfolio
  * Contact

  * Home
  * Qui ? Quoi ?
  * Portfolio
  * Contact

Back to top

Vitaminer votre image  Explore Nature authentique  Explore Vos valeurs en
lumière  Explore We create artworks  Explore Scroll down

Qui presse son imagination récolte des idées Qui presse son imagination
récolte des idées

##  FAIT...
---
* Home
  * Portfolio
  * Customer
  * PixBox // NEW
  * Contacts

  * Home
  * Portfolio
  * Webdesign
  * PixBox

### Molotov Portfolio

  * All
  * Lettrage
  * Print
  * Web

###  51 Éislek (Fifty-One International)

Posted in Webdesign

see more

###  ALAEC asbl

Posted in Webdesign

see more

###  Alassem

Posted in Webdesign

see more

###  Alexa Ballmann

Posted in Webdesign

see more

###  Amil - Association des Maître Imprimeurs du Luxembourg

Posted in Webdesign

see more

###  Asport ...
---
* Home
  * Portfolio
  * Customer
  * PixBox // NEW
  * Contacts

  * Home
  * Portfolio
  * Webdesign
  * Ingénieurs-Conseil Goblet Lavandier

### Molotov Portfolio

  * All
  * Lettrage
  * Print
  * Web

###  51 Éislek (Fifty-One International)

Posted in Webdesign

see more

###  ALAEC asbl

Posted in Webdesign

see more

###  Alassem

Posted in Webdesign

see more

###  Alexa Ballmann

Posted in Webdesign

see more

###  Amil - Association des Maître Imprimeurs du Luxembourg

Posted in Webd..."
383,16,5,383_erpeldange_administration communale_commune_communale,"erpeldange, administration communale, commune, communale, médiathèque, démarches administratives, pag, communaux, démarches, 352 81","* Calendrier 
  * Actualités 
  * Administration communale 
  * Médiathèque 
  * Contact 
  * Politique de confidentialité 
  * Newsletter 
  * 

  * La commune 
    * Histoire 
    * Chronologie des bourgmestres 
    * La commune en chiffres 
    * Associations 
    * Pacte Climat 
  * Services communaux 
    * Secrétariat 
    * Recette 
    * Bureau de la population 
    * Service technique 
    * Atelier communal 
    * Enseignement 
    * Maison Relais 
    * Crèche à Burden 
    * Liens ut...
---
* Calendrier 
  * Actualités 
  * Administration communale 
  * Médiathèque 
  * Contact 
  * Politique de confidentialité 
  * Newsletter 
  * 

  * La commune 
    * Histoire 
    * Chronologie des bourgmestres 
    * La commune en chiffres 
    * Associations 
    * Pacte Climat 
  * Services communaux 
    * Secrétariat 
    * Recette 
    * Bureau de la population 
    * Service technique 
    * Atelier communal 
    * Enseignement 
    * Maison Relais 
    * Crèche à Burden 
    * Liens ut...
---
* Calendrier 
  * Actualités 
  * Administration communale 
  * Médiathèque 
  * Contact 
  * Politique de confidentialité 
  * Newsletter 
  * 

  * La commune 
    * Histoire 
    * Chronologie des bourgmestres 
    * La commune en chiffres 
    * Associations 
    * Pacte Climat 
  * Services communaux 
    * Secrétariat 
    * Recette 
    * Bureau de la population 
    * Service technique 
    * Atelier communal 
    * Enseignement 
    * Maison Relais 
    * Crèche à Burden 
    * Liens ut..."
384,16,5,384_musicale_2022 23_branche_musique,"musicale, 2022 23, branche, musique, jazz, musical, vite, 2024, 2023 2024, instruments","École

  * Actualités
  * Organigramme
  * Histoire

Cours

  * Branches offertes
  * Plan d'études formation instrumentale
  * Formation musicale
  * Adultes
  * Programme d'études

Inscriptions

  * Conditions d'âge
  * Tarifs
  * Locations d'instruments
  * Aide de l'État

Agenda

Documentation

  * Imposés formation musicale
  * Règlement d'ordre intérieur
  * Téléchargements
  * Liens

Mon compte

  * Votre espace DuoNET
  * Signaler une abscence

Contact

École

  * Actualités
  * Organigr...
---
École

  * Actualités
  * Organigramme
  * Histoire

Cours

  * Branches offertes
  * Plan d'études formation instrumentale
  * Formation musicale
  * Adultes
  * Programme d'études

Inscriptions

  * Conditions d'âge
  * Tarifs
  * Locations d'instruments
  * Aide de l'État

Agenda

Documentation

  * Imposés formation musicale
  * Règlement d'ordre intérieur
  * Téléchargements
  * Liens

Mon compte

  * Votre espace DuoNET
  * Signaler une abscence

Contact

École

  * Actualités
  * Organigr...
---
École

  * Actualités
  * Organigramme
  * Histoire

Cours

  * Branches offertes
  * Plan d'études formation instrumentale
  * Formation musicale
  * Adultes
  * Programme d'études

Inscriptions

  * Conditions d'âge
  * Tarifs
  * Locations d'instruments
  * Aide de l'État

Agenda

Documentation

  * Imposés formation musicale
  * Règlement d'ordre intérieur
  * Téléchargements
  * Liens

Mon compte

  * Votre espace DuoNET
  * Signaler une abscence

Contact

École

  * Actualités
  * Organigr..."
385,16,5,385_belval_stiftung_kb_foyer,"belval, stiftung, kb, foyer, kaufen mieten, mb, aktuelles, downloads, therapie, mieten","Search

* * *
  * Fr
  * De
  * En

  * Home
  * Aktuelles
  * Kontakt
  * Sitemap

  * Belval
    * Das neue Belval
    * Geschichte
    * Konversionsprojekt
    * Stadtviertel mit Prädikat
    * Anreise und Parken
  * Wohnen
    * 4 Wohnquartiere - Eine Idee
    * Aktuelle Projekte
    * Wohnraum kaufen/mieten
  * Arbeiten
    * 6 gute Gründe
    * Unternehmen & Institutionen
    * Aktuelle Projekte
    * Gewerbeflächen kaufen/mieten
  * Lernen & Forschen
    * Wissensstandort
    * Schulen
  ...
---
Search

* * *
  * Fr
  * De
  * En

  * Home
  * Aktuelles
  * Kontakt
  * Sitemap

  * Belval
    * Das neue Belval
    * Geschichte
    * Konversionsprojekt
    * Stadtviertel mit Prädikat
    * Anreise und Parken
  * Wohnen
    * 4 Wohnquartiere - Eine Idee
    * Aktuelle Projekte
    * Wohnraum kaufen/mieten
  * Arbeiten
    * 6 gute Gründe
    * Unternehmen & Institutionen
    * Aktuelle Projekte
    * Gewerbeflächen kaufen/mieten
  * Lernen & Forschen
    * Wissensstandort
    * Schulen
  ...
---
Search

* * *
  * Fr
  * De
  * En

  * Home
  * Aktuelles
  * Kontakt
  * Sitemap

  * Belval
    * Das neue Belval
    * Geschichte
    * Konversionsprojekt
    * Stadtviertel mit Prädikat
    * Anreise und Parken
  * Wohnen
    * 4 Wohnquartiere - Eine Idee
    * Aktuelle Projekte
    * Wohnraum kaufen/mieten
  * Arbeiten
    * 6 gute Gründe
    * Unternehmen & Institutionen
    * Aktuelle Projekte
    * Gewerbeflächen kaufen/mieten
  * Lernen & Forschen
    * Wissensstandort
    * Schulen
  ..."
386,16,7,386_compagnie_maria_love_textiles,"compagnie, maria, love, textiles, mode, vêtements, événementiel, atelier, animations, réalisations","# Pouce et Compagnie

## Atelier de costumes et créations textiles

Skip to content

  * Accueil
  * Réalisations
    * Mascottes
    * Publicités et vêtements d’image
    * Tenues de scène et costumes d’inspiration historique
    * Déguisements et soirées costumées
    * Réalisations pour l’événementiel et expositions
    * Cérémonies
    * Défilé de mode
  * Atelier
  * Contact
  * Commande
  * Cours et animations
  * Blog

# Réalisations

Pouce et Compagnie vous présente les différentes réali...
---
# Pouce et Compagnie

## Atelier de costumes et créations textiles

Skip to content

  * Accueil
  * Réalisations
    * Mascottes
    * Publicités et vêtements d’image
    * Tenues de scène et costumes d’inspiration historique
    * Déguisements et soirées costumées
    * Réalisations pour l’événementiel et expositions
    * Cérémonies
    * Défilé de mode
  * Atelier
  * Contact
  * Commande
  * Cours et animations
  * Blog

# Accueil

Bienvenue chez Pouce et Compagnie : nous créons les costume...
---
# Pouce et Compagnie

## Atelier de costumes et créations textiles

Skip to content

  * Accueil
  * Réalisations
    * Mascottes
    * Publicités et vêtements d’image
    * Tenues de scène et costumes d’inspiration historique
    * Déguisements et soirées costumées
    * Réalisations pour l’événementiel et expositions
    * Cérémonies
    * Défilé de mode
  * Atelier
  * Contact
  * Commande
  * Cours et animations
  * Blog

# Atelier

Pouce et Compagnie a été créée en 2001 et l'atelier de cost..."
387,15,5,387_lycée_zertifikat_scolaire_sepas,"lycée, zertifikat, scolaire, sepas, classes, élèves, weiterbildung, portes ouvertes, ouvertes, esg","+352 40 39 45 - 1 info@ltb.lu

  * Le lycée
    * Présentation du lycée
    * Direction
    * Administration
    * SePAS, SSE et ESEB
    * Orientation
    * Développement scolaire
    * Portes ouvertes virtuelles
  * Offre scolaire
    * Vue d'ensemble
    * ESG : Classes inférieures
    * ESG : Classes supérieures
    * Formation professionnelle
    * Brevet de technicien supérieur
    * Activités parascolaires
    * Appui scolaire
  * Projets
    * Creator Zone @LTB
    * CoolTour @LTB
    * ...
---
+352 40 39 45 - 1 info@ltb.lu

  * Le lycée
    * Présentation du lycée
    * Direction
    * Administration
    * SePAS, SSE et ESEB
    * Orientation
    * Développement scolaire
    * Portes ouvertes virtuelles
  * Offre scolaire
    * Vue d'ensemble
    * ESG : Classes inférieures
    * ESG : Classes supérieures
    * Formation professionnelle
    * Brevet de technicien supérieur
    * Activités parascolaires
    * Appui scolaire
  * Projets
    * Creator Zone @LTB
    * CoolTour @LTB
    * ...
---
+352 40 39 45 - 1 info@ltb.lu

  * Le lycée
    * Présentation du lycée
    * Direction
    * Administration
    * SePAS, SSE et ESEB
    * Orientation
    * Développement scolaire
    * Portes ouvertes virtuelles
  * Offre scolaire
    * Vue d'ensemble
    * ESG : Classes inférieures
    * ESG : Classes supérieures
    * Formation professionnelle
    * Brevet de technicien supérieur
    * Activités parascolaires
    * Appui scolaire
  * Projets
    * Creator Zone @LTB
    * CoolTour @LTB
    * ..."
388,15,5,388_ds_berline_suv_lion,"ds, berline, suv, lion, véhicules, recettes, modèles, automobiles, découvrez, hybride","ALLER AU CONTENU

  * fr

  *   * MODÈLES DS
    * MODÈLES DS
    *     *     *       * NOS MODÈLES
      * Collections
      * NOS MODÈLES
      * Collections
      * Véhicules d’occasion 
      * Estimez votre reprise
      * Demandez une offre
## Gamme DS

  * L'EXPÉRIENCE DS
    * L'EXPÉRIENCE DS
    * Découvrez la marque
      * Découvrez la marque
      * FRENCH ART OF TRAVEL
      * Héritage
      * Actualités DS
      * The art of DS
      * Partenariats
    * Only You
      * Only You
 ...
---
ALLER AU CONTENU

  * fr

  *   * MODÈLES DS
    * MODÈLES DS
    *     *     *       * NOS MODÈLES
      * Collections
      * NOS MODÈLES
      * Collections
      * Véhicules d’occasion 
      * Estimez votre reprise
      * Demandez une offre
## Gamme DS

  * L'EXPÉRIENCE DS
    * L'EXPÉRIENCE DS
    * Découvrez la marque
      * Découvrez la marque
      * FRENCH ART OF TRAVEL
      * Héritage
      * Actualités DS
      * The art of DS
      * Partenariats
    * Only You
      * Only You
 ...
---
ALLER AU CONTENU

  * fr

  *   * MODÈLES DS
    * MODÈLES DS
    *     *     *       * NOS MODÈLES
      * Collections
      * NOS MODÈLES
      * Collections
      * Véhicules d’occasion 
      * Estimez votre reprise
      * Demandez une offre
## Gamme DS

  * L'EXPÉRIENCE DS
    * L'EXPÉRIENCE DS
    * Découvrez la marque
      * Découvrez la marque
      * FRENCH ART OF TRAVEL
      * Héritage
      * Actualités DS
      * The art of DS
      * Partenariats
    * Only You
      * Only You
 ..."
389,15,9,389_investissement_sustainability_invest_benjamin,"investissement, sustainability, invest, benjamin, risiko, risk, waste, expert, globale, field","* Suche nach:
  * Mein Konto 
  * 0 Artikel | 0,00 €
  *     *     * 

Toggle navigation

  *   * Wer sind wir ?
  * Produkte 
    * Videoüberwachung
    * Zutrittskontrolleanlagen
    * Switch
    * Fluchttuern
    * Einbruchmeldesystem
  * Lösungen 
    * Baustellen und provisorischen Anlagen
    * Renovierung und bestehend Gabaüde
    * Geschäft
    * Hotel
    * Straßenverkehr
    * Logistisch plattform
    * Gemeinde und Körperschaften
    * Parkplatz
    * EDV-Raum
  * Support 
    * Berec...
---
* Suche nach:
  * Mein Konto 
  * 0 Artikel | 0,00 €
  *     *     * 

Toggle navigation

  *   * Wer sind wir ?
  * Produkte 
    * Videoüberwachung
    * Zutrittskontrolleanlagen
    * Switch
    * Fluchttuern
    * Einbruchmeldesystem
  * Lösungen 
    * Baustellen und provisorischen Anlagen
    * Renovierung und bestehend Gabaüde
    * Geschäft
    * Hotel
    * Straßenverkehr
    * Logistisch plattform
    * Gemeinde und Körperschaften
    * Parkplatz
    * EDV-Raum
  * Support 
    * Berec...
---
* Suche nach:
  * Mein Konto 
  * 0 Artikel | 0,00 €
  *     *     * 

Toggle navigation

  *   * Wer sind wir ?
  * Produkte 
    * Videoüberwachung
    * Zutrittskontrolleanlagen
    * Switch
    * Fluchttuern
    * Einbruchmeldesystem
  * Lösungen 
    * Baustellen und provisorischen Anlagen
    * Renovierung und bestehend Gabaüde
    * Geschäft
    * Hotel
    * Straßenverkehr
    * Logistisch plattform
    * Gemeinde und Körperschaften
    * Parkplatz
    * EDV-Raum
  * Support 
    * Berec..."
390,15,6,390_accessibilité_lieux_devis gratuit_bâtiments,"accessibilité, lieux, devis gratuit, bâtiments, loi, sols, logements, gratuit, vitres, ménage","43 11 68 • info@adomus.lu

Conditions générales  Mentions légales  Réserver online  Login

Devis gratuit

  * Accueil 
  * Nos services 
    * Nettoyage 
    * Femme de ménage 
    * Lavage de vitres 
    * Bricolage 
    * Espaces verts 
    * Déneigement 
    * Rénovation des sols 
    * FAQ 
  * Rénovation des sols 
    * Moquette / Tapis/ Canapés /Sièges 
    * Parquet 
    * Carrelage / Sols en terre cuite 
    * Marbres / Pierre naturelle 
    * Granit 
    * Béton 
    * Linoléum/ sols pl...
---
* Accueil
    *       * Back
      * Login
      * Accueil
      * Vidéo ADAPTH
  * Conseil
    *       * Back
      * Bâtiments
      * Voirie et espaces publics
      * Assurance Dépendance
      * Aides techniques
      * Adaptation du logement
      * Poste de travail/scolaire
      * MEGA
  * News
  * Etudes
    *       * Back
      * Voirie
      * Lieux ouverts au public
      * Logement
      * Visites de lieux
  * Références
  * Liens
  * Contact
  * Loi et RGD accessibilité

L'ADAPTH e...
---
* Accueil
    *       * Back
      * Login
      * Accueil
      * Vidéo ADAPTH
  * Conseil
    *       * Back
      * Bâtiments
      * Voirie et espaces publics
      * Assurance Dépendance
      * Aides techniques
      * Adaptation du logement
      * Poste de travail/scolaire
      * MEGA
  * News
  * Etudes
    *       * Back
      * Voirie
      * Lieux ouverts au public
      * Logement
      * Visites de lieux
  * Références
  * Liens
  * Contact
  * Loi et RGD accessibilité

Centre de ..."
391,15,5,391_réparations_maintenance_reparation_informatique,"réparations, maintenance, reparation, informatique, smartphones, 365, réparation, regulatory, belgique, hp","Au Luxembourg, réparations électroménagers, consoles, ordinateurs et
multimédia.

MENU

  * ACCUEIL
  * NOS SERVICES
    * Réparations smartphones
    * Réparations consoles de jeux
    * Réparations ordinateurs
    * Réparations Télévisions
  * NOTRE SOCIETE
  * CONTACTEZ-NOUS

#### Besoin d'aide ?

(+352) 26 31 39 36

#### Nos horaires

09h30 - 13h00 lundi, mercredi et vendredi / 9h30-18h le mardi et jeudi

#### Contact

contact@rcmplay-reparation.lu

# Vente pièces détachées

RCMPLAY-REPARATI...
---
Au Luxembourg, réparations électroménagers, consoles, ordinateurs et
multimédia.

MENU

  * ACCUEIL
  * NOS SERVICES
    * Réparations smartphones
    * Réparations consoles de jeux
    * Réparations ordinateurs
    * Réparations Télévisions
  * NOTRE SOCIETE
  * CONTACTEZ-NOUS

#### Besoin d'aide ?

(+352) 26 31 39 36

#### Nos horaires

09h30 - 13h00 lundi, mercredi et vendredi / 9h30-18h le mardi et jeudi

#### Contact

contact@rcmplay-reparation.lu

#### RÉPARATIONS

Toutes marques

#### UN ...
---
Au Luxembourg, réparations électroménagers, consoles, ordinateurs et
multimédia.

MENU

  * ACCUEIL
  * NOS SERVICES
    * Réparations smartphones
    * Réparations consoles de jeux
    * Réparations ordinateurs
    * Réparations Télévisions
  * NOTRE SOCIETE
  * CONTACTEZ-NOUS

#### Besoin d'aide ?

(+352) 26 31 39 36

#### Nos horaires

09h30 - 13h00 lundi, mercredi et vendredi / 9h30-18h le mardi et jeudi

#### Contact

contact@rcmplay-reparation.lu

# Réparations ordinateurs

RCMPLAY-REPARAT..."
392,15,5,392_stone_revêtement_sol_revêtements sol,"stone, revêtement, sol, revêtements sol, natural, façades, revêtements, peintures, façade, required","zënter 1937

  *  
  *  

  * Accueil
  * Façades
    * Isolation thermique
    * Peintures pour façades
    * Ravalement de façade
    * Imprégnation
    * Peintures pour portes et fenêtres
    * Revêtement en bois
  * Murs
    * Travaux de tapissiers
    * Papier-peint en 3D
    * Revêtement pour mur design
    * Des techniques de peintures innovantes
    * Enduit décoratif et spatulage
  * Sols
    * Sol stratifié
    * Revêtements de sol design d’Amtico
    * Tapis-plein
    * Linoleum
    *...
---
zënter 1937

  *  
  *  

  * Accueil
  * Façades
    * Isolation thermique
    * Peintures pour façades
    * Ravalement de façade
    * Imprégnation
    * Peintures pour portes et fenêtres
    * Revêtement en bois
  * Murs
    * Travaux de tapissiers
    * Papier-peint en 3D
    * Revêtement pour mur design
    * Des techniques de peintures innovantes
    * Enduit décoratif et spatulage
  * Sols
    * Sol stratifié
    * Revêtements de sol design d’Amtico
    * Tapis-plein
    * Linoleum
    *...
---
zënter 1937

  *  
  *  

  * Accueil
  * Façades
    * Isolation thermique
    * Peintures pour façades
    * Ravalement de façade
    * Imprégnation
    * Peintures pour portes et fenêtres
    * Revêtement en bois
  * Murs
    * Travaux de tapissiers
    * Papier-peint en 3D
    * Revêtement pour mur design
    * Des techniques de peintures innovantes
    * Enduit décoratif et spatulage
  * Sols
    * Sol stratifié
    * Revêtements de sol design d’Amtico
    * Tapis-plein
    * Linoleum
    *..."
393,15,12,393_gefunden_wëllkomm_gallerie_gin,"gefunden, wëllkomm, gallerie, gin, js, theme, seite, search, 30h, follow","* Wëllkomm
  * Haaptviirstand
  * Delegéiert
  * News
  * Gallerie
  * Member gin
  * Kontakt

  * Wëllkomm
  * Haaptviirstand
  * Delegéiert
  * News
  * Gallerie
  * Member gin
  * Kontakt

NVGL | Seite nicht gefunden
15752

error404,ajax_updown,page_not_loaded,,vertical_menu_enabled,qode_grid_1200,side_area_uncovered_from_content,qode-
theme-ver-16.1,qode-theme-bridge,disabled_footer_top,wpb-js-composer js-comp-
ver-6.1,vc_responsive

# 404 - Page not found

##  The page you are looking for i...
---
* Wëllkomm
  * Haaptviirstand
  * Delegéiert
  * News
  * Gallerie
  * Member gin
  * Kontakt

  * Wëllkomm
  * Haaptviirstand
  * Delegéiert
  * News
  * Gallerie
  * Member gin
  * Kontakt

NVGL | Seite nicht gefunden
15748

error404,ajax_updown,page_not_loaded,,vertical_menu_enabled,qode_grid_1200,side_area_uncovered_from_content,qode-
theme-ver-16.1,qode-theme-bridge,disabled_footer_top,wpb-js-composer js-comp-
ver-6.1,vc_responsive

# 404 - Page not found

##  The page you are looking for i...
---
* Wëllkomm
  * Haaptviirstand
  * Delegéiert
  * News
  * Gallerie
  * Member gin
  * Kontakt

  * Wëllkomm
  * Haaptviirstand
  * Delegéiert
  * News
  * Gallerie
  * Member gin
  * Kontakt

NVGL | Seite nicht gefunden
0

error404,ajax_updown,page_not_loaded,,vertical_menu_enabled,qode_grid_1200,side_area_uncovered_from_content,qode-
theme-ver-16.1,qode-theme-bridge,disabled_footer_top,wpb-js-composer js-comp-
ver-6.1,vc_responsive

# 404 - Page not found

##  The page you are looking for is no..."
394,15,11,394_réserver_massage_séances_sauna,"réserver, massage, séances, sauna, corps, 65, séance, soins, visage, cadeau","* +352 2 767 4374
  * +352 6 61 509 508
  * contact.lavillab@gmail.com

  *   *   * 

  * Accueil
  * LaVillaB Luxembourg
  * Soins & prestations
    * Nos Tarifs
    * Carte cadeau
  * Galerie
  * Contactez-Nous

Menu

  * Accueil
  * LaVillaB Luxembourg
  * Soins & prestations
    * Nos Tarifs
    * Carte cadeau
  * Galerie
  * Contactez-Nous

Réservez

BIEN-ÊTRE

# Réservez vos séances en ligne

LaVillaB Luxembourg vous accueille dans un espace cosy et chaleureux, on se
veut l’adresse qui reg...
---
* +352 2 767 4374
  * +352 6 61 509 508
  * contact.lavillab@gmail.com

  *   *   * 

  * Accueil
  * LaVillaB Luxembourg
  * Soins & prestations
    * Nos Tarifs
    * Carte cadeau
  * Galerie
  * Contactez-Nous

Menu

  * Accueil
  * LaVillaB Luxembourg
  * Soins & prestations
    * Nos Tarifs
    * Carte cadeau
  * Galerie
  * Contactez-Nous

Réservez

# Institut de beauté LaVillaB

Votre espace bien-être et d'amincissement au Luxembourg.

Nous vous accueillons dans un cadre luxueux avec un s...
---
* +352 2 767 4374
  * +352 6 61 509 508
  * contact.lavillab@gmail.com

  *   *   * 

  * Accueil
  * LaVillaB Luxembourg
  * Soins & prestations
    * Nos Tarifs
    * Carte cadeau
  * Galerie
  * Contactez-Nous

Menu

  * Accueil
  * LaVillaB Luxembourg
  * Soins & prestations
    * Nos Tarifs
    * Carte cadeau
  * Galerie
  * Contactez-Nous

Réservez

### La VillaB Minceur luxembourg vous propose

#### Maderotheraphie Corps & Vacuum 65 Body

Qui n'a jamais rêvé de dire adieu à ses bourrelets..."
395,15,5,395_partnership_personal data_alliance_sector,"partnership, personal data, alliance, sector, engineering, personal, testing, data, global, explore","To menu  To main content

Search

Worldwide

Search

Search

  * Belgium
  * Finland
  * France
  * Germany
  * Ireland
  * Netherlands
  * Norway
  * Spain
  * Sweden
  * Sogeti UK
  * USA
  * sogeti.com

  * About us
About us

    * Sogeti in short
    * Our Leadership Team
    * Our presence
    * History
    * SogetiLabs
    * Corporate Social Responsibility
    * Celebrating 20 years
  * Why us?
Why us?

    * Clients Around the World
    * Know-how
    * Offshore Delivery
    * High Custom...
---
To menu  To main content

Search

Worldwide

Search

Search

  * Belgium
  * Finland
  * France
  * Germany
  * Ireland
  * Netherlands
  * Norway
  * Spain
  * Sweden
  * Sogeti UK
  * USA
  * sogeti.com

  * About us
About us

    * Sogeti in short
    * Our Leadership Team
    * Our presence
    * History
    * SogetiLabs
    * Corporate Social Responsibility
    * Celebrating 20 years
  * Why us?
Why us?

    * Clients Around the World
    * Know-how
    * Offshore Delivery
    * High Custom...
---
To menu  To main content

Search

Worldwide

Search

Search

  * Belgium
  * Finland
  * France
  * Germany
  * Ireland
  * Netherlands
  * Norway
  * Spain
  * Sweden
  * Sogeti UK
  * USA
  * sogeti.com

  * About us
About us

    * Sogeti in short
    * Our Leadership Team
    * Our presence
    * History
    * SogetiLabs
    * Corporate Social Responsibility
    * Celebrating 20 years
  * Why us?
Why us?

    * Clients Around the World
    * Know-how
    * Offshore Delivery
    * High Custom..."
396,15,6,396_wordpress_rédaction_animation_stratégie,"wordpress, rédaction, animation, stratégie, création, edition, print, contenu, resources, seo","* Contact
  * Devis
  * Blog
  * Références
  * Languages

  * Web Factory
    * Audit
    * Conseil
    * Création de site WordPress
    * Développements WordPress
    * Gestion de site WordPress
    * Optimisation WordPress
    * Webmarketing
    * Intranet
  * Features and tools
  * Online Edition
    * Animation éditoriale
    * Blogging
    * Formation Online Edition
    * Rédaction Web
    * Rewriting
    * SEO
    * Stratégie de contenu
    * Traductions
  * Prepress and Print
    * Créat...
---
* Contact
  * Devis
  * Blog
  * Références
  * Languages

  * Web Factory
    * Audit
    * Conseil
    * Création de site WordPress
    * Développements WordPress
    * Gestion de site WordPress
    * Optimisation WordPress
    * Webmarketing
    * Intranet
  * Features and tools
  * Online Edition
    * Animation éditoriale
    * Blogging
    * Formation Online Edition
    * Rédaction Web
    * Rewriting
    * SEO
    * Stratégie de contenu
    * Traductions
  * Prepress and Print
    * Créat...
---
* Contact
  * Devis
  * Blog
  * Références
  * Languages

  * Web Factory
    * Audit
    * Conseil
    * Création de site WordPress
    * Développements WordPress
    * Gestion de site WordPress
    * Optimisation WordPress
    * Webmarketing
    * Intranet
  * Features and tools
  * Online Edition
    * Animation éditoriale
    * Blogging
    * Formation Online Edition
    * Rédaction Web
    * Rewriting
    * SEO
    * Stratégie de contenu
    * Traductions
  * Prepress and Print
    * Créat..."
397,15,3,397_pass_visage_charme_orient,"pass, visage, charme, orient, error, lunch, corps, ajouter panier, panier ajouter, soins","Votre navigateur ne supporte pas javascript !

close

Pour l'arrivée du printemps -20% sur une sélection de produits et 10% sur le
massage 4 mains !  

Menu

Chercher

Rechercher

close search Rechercher close

Panier0 0

Compte

Boutique Produits Auriège keyboard_arrow_right

keyboard_arrow_leftBoutique Produits Auriège

Produits Visage Auriège

keyboard_arrow_right

keyboard_arrow_left Produits Visage Auriège

  * Chrono Démaq / Nettoyage & Démaquillage
  * Chrono Source / Hydratation
  * Chro...
---
Votre navigateur ne supporte pas javascript !

close

Pour l'arrivée du printemps -20% sur une sélection de produits et 10% sur le
massage 4 mains !  

Menu

Chercher

Rechercher

close search Rechercher close

Panier0 0

Compte

Boutique Produits Auriège keyboard_arrow_right

keyboard_arrow_leftBoutique Produits Auriège

Produits Visage Auriège

keyboard_arrow_right

keyboard_arrow_left Produits Visage Auriège

  * Chrono Démaq / Nettoyage & Démaquillage
  * Chrono Source / Hydratation
  * Chro...
---
Votre navigateur ne supporte pas javascript !

close

Pour l'arrivée du printemps -20% sur une sélection de produits et 10% sur le
massage 4 mains !  

Menu

Chercher

Rechercher

close search Rechercher close

Panier0 0

Compte

Boutique Produits Auriège keyboard_arrow_right

keyboard_arrow_leftBoutique Produits Auriège

Produits Visage Auriège

keyboard_arrow_right

keyboard_arrow_left Produits Visage Auriège

  * Chrono Démaq / Nettoyage & Démaquillage
  * Chrono Source / Hydratation
  * Chro..."
398,15,6,398_26 58_352 80_youth_avenue gare,"26 58, 352 80, youth, avenue gare, 58, niederkorn, fax 26, jugendhaus, schieren, differdange","JUGENDTREFF DÉIFFERDANG

  * WELCOME 
  * Maisons 
    * Differdange 
    * Niederkorn 
    * Lasauvage 
    * JugendFabrik 
  * PROGRAMME 
  * Equipe 
  * ASBL 
  * Outreach 
  * Projets 
    * DJ Workshop 
    * Studio - Proufsall 
    * Animateam 
    * Jugendkonschtwoch 
    * Animapark 
    * Soapbox 
    * CAPS.lu 
    * 6eme annee 
    * Jobcoaching 
  * Contact 
    * Links 
  * Documents 

##  
​PROJETs

​Animateam  
Keep the Caps  
Studio d'enregistrement  
Jobcoaching​  
6eme annee  
...
---
JUGENDTREFF DÉIFFERDANG

  * WELCOME 
  * Maisons 
    * Differdange 
    * Niederkorn 
    * Lasauvage 
    * JugendFabrik 
  * PROGRAMME 
  * Equipe 
  * ASBL 
  * Outreach 
  * Projets 
    * DJ Workshop 
    * Studio - Proufsall 
    * Animateam 
    * Jugendkonschtwoch 
    * Animapark 
    * Soapbox 
    * CAPS.lu 
    * 6eme annee 
    * Jobcoaching 
  * Contact 
    * Links 
  * Documents 

##  
​equipe educatiVE

L'equipe educative se compose comme suit:  
  
Philippa, Joe, Vlady, Tim, ...
---
JUGENDTREFF DÉIFFERDANG

  * WELCOME 
  * Maisons 
    * Differdange 
    * Niederkorn 
    * Lasauvage 
    * JugendFabrik 
  * PROGRAMME 
  * Equipe 
  * ASBL 
  * Outreach 
  * Projets 
    * DJ Workshop 
    * Studio - Proufsall 
    * Animateam 
    * Jugendkonschtwoch 
    * Animapark 
    * Soapbox 
    * CAPS.lu 
    * 6eme annee 
    * Jobcoaching 
  * Contact 
    * Links 
  * Documents 

JUGENDTREFF DÉIFFERDANG  
5, Rue Roosevelt  
L-4662 Differdange  
Tel: 26 58 06 29  
Fax: 26 58 09..."
399,15,6,399_countries_crisis_crise_expertise,"countries, crisis, crise, expertise, communication, companies, company, opportunités, relations, statistics","* Accueil
  * Expertise
  * Équipe
  * Sharing expertise
  * Contact
  * 

  * FR
  *  / 
  * EN

#  Apollo Strategists est une société de conseil luxembourgeoise indépendante
spécialisée dans les domaines de la communication stratégique, de la
communication de crise, des relations avec les médias, de gestion de la
réputation et des affaires publiques et gouvernementales.

## Sharing expertise.

MAI 30 2023

### Le Luxembourg, carrefour multiculturel et berceau d’opportunités avec une
communicat...
---
* Home
  * Expertise
  * Team
  * Sharing expertise
  * Contact
  * 

  * FR
  *  / 
  * EN

#  Apollo Strategists is an independent Luxembourg PR advisory company
specialized in strategic communications, crisis communications, media
relations, reputation management and public & government affairs.

Sharing expertise.

## Luxembourg, a multicultural crossroads and cradle of opportunity with
cosmopolitan communication

MAY 30 2023 \- Focus on the key figures in the new STATEC report that
highligh...
---
* Home
  * Expertise
  * Team
  * Sharing expertise
  * Contact
  * 

  * FR
  *  / 
  * EN

#  Apollo Strategists is an independent Luxembourg PR advisory company
specialized in strategic communications, crisis communications, media
relations, reputation management and public & government affairs.

## Sharing expertise.

MAY 30 2023

### Luxembourg, a multicultural crossroads and cradle of opportunity with
cosmopolitan communication

Focus on the key figures in the new STATEC report that highli..."
400,15,3,400_mail contact_contact sélectionner_luxembourg mail_sélectionner,"mail contact, contact sélectionner, luxembourg mail, sélectionner, imprimantes, filtres, telecom, connecter, accessoires, aime","public Luxembourg

translate Français

add_circle_outline Ajouter une société add_circle_outline Ajouter un produit

account_circle Compte

  * Se connecter
  * S'inscrire

search

place

search

domain Entreprises shopping_cart Shopping business_center Sectorpages

filter_list Filtres

close

Filtres:

clear

helpline

clear

Troisvierges

clear

Pays: Luxembourg

add Liste restreinte  assignment Demande de renseignements

# helpline dans Troisvierges

Environ 5 des résultats.

Voir les résulta...
---
public Luxembourg

translate Français

add_circle_outline Ajouter une société add_circle_outline Ajouter un produit

account_circle Compte

  * Se connecter
  * S'inscrire

search

place

search

domain Entreprises shopping_cart Shopping business_center Sectorpages

filter_list Filtres

close

Filtres:

clear

hébergement

clear

Pays: Luxembourg

Pays:

Région:

District De Luxembourg

Diekirch

Distrikt Dikrech

Distrikt Luxemburg

Grevenmacher

Ville:

Luxembourg

Esch-sur-Alzette

Vianden

L...
---
public Luxembourg

translate Français

add_circle_outline Ajouter une société add_circle_outline Ajouter un produit

account_circle Compte

  * Se connecter
  * S'inscrire

search

place

search

domain Entreprises shopping_cart Shopping business_center Sectorpages

filter_list Filtres

close

Filtres:

clear

helpline

clear

Pays: Luxembourg

add Liste restreinte  assignment Demande de renseignements

# helpline dans Luxembourg

Environ 19 des résultats.

Voir les résultats sur la carte

Sélec..."
401,15,6,401_partei_fu_defense_kids,"partei, fu, defense, kids, vorstand, uploads 2019, png, classes, content uploads, uploads","Défends -Toi!

  * HOME
  * NEWS
    * BLOG
  * CLASSES
    * ESSAI GRATUIT
    * KAE DO
    * KAE DO DEFENSE
    * KUNG FU KIDS
    * SHI BA LUO HAN SHOU
    * SIU LAM WING TJUN KUNG FU
  * TIMETABLE
    * ALL CLASSES
    * KAE DO
    * KAE DO DEFENSE
    * KUNG FU KIDS
    * SHI BA LUO HAN SHOU
    * SIU LAM WING TJUN KUNG FU
  * PHOTOS
  * CONTACT

  * HOME
  * NEWS
    * BLOG
  * CLASSES
    * ESSAI GRATUIT
    * KAE DO
    * KAE DO DEFENSE
    * KUNG FU KIDS
    * SHI BA LUO HAN SHOU
    * ...
---
Défends -Toi!

  * HOME
  * NEWS
    * BLOG
  * CLASSES
    * ESSAI GRATUIT
    * KAE DO
    * KAE DO DEFENSE
    * KUNG FU KIDS
    * SHI BA LUO HAN SHOU
    * SIU LAM WING TJUN KUNG FU
  * TIMETABLE
    * ALL CLASSES
    * KAE DO
    * KAE DO DEFENSE
    * KUNG FU KIDS
    * SHI BA LUO HAN SHOU
    * SIU LAM WING TJUN KUNG FU
  * PHOTOS
  * CONTACT

  * HOME
  * NEWS
    * BLOG
  * CLASSES
    * ESSAI GRATUIT
    * KAE DO
    * KAE DO DEFENSE
    * KUNG FU KIDS
    * SHI BA LUO HAN SHOU
    * ...
---
Défends -Toi!

  * HOME
  * NEWS
    * BLOG
  * CLASSES
    * ESSAI GRATUIT
    * KAE DO
    * KAE DO DEFENSE
    * KUNG FU KIDS
    * SHI BA LUO HAN SHOU
    * SIU LAM WING TJUN KUNG FU
  * TIMETABLE
    * ALL CLASSES
    * KAE DO
    * KAE DO DEFENSE
    * KUNG FU KIDS
    * SHI BA LUO HAN SHOU
    * SIU LAM WING TJUN KUNG FU
  * PHOTOS
  * CONTACT

  * HOME
  * NEWS
    * BLOG
  * CLASSES
    * ESSAI GRATUIT
    * KAE DO
    * KAE DO DEFENSE
    * KUNG FU KIDS
    * SHI BA LUO HAN SHOU
    * ..."
402,15,10,402_vidéo_animation_photographie_vidéos,"vidéo, animation, photographie, vidéos, graphique, témoignages, studio, production, view, video","top of page

  * Accueil
  * Nos services
    * Vidéo promotionnelle
    * Vidéo explicative
    * Vidéo d'entreprise
    * Vidéo de témoignages
    * Vidéo évenementielle
    * Animation
    * Vidéo aérienne - Drône
    * Vidéo de contenu
    * Photographie
  * Work
  * Notre studio
  * Contact
  * More

Use tab to navigate through the menu items.

  *   * 

# Notre studio

Nous mettons notre expertise a votre service pour concretiser vos idees et
creer des videos qui captivent votre audience. ...
---
top of page

  * Accueil
  * Nos services
    * Vidéo promotionnelle
    * Vidéo explicative
    * Vidéo d'entreprise
    * Vidéo de témoignages
    * Vidéo évenementielle
    * Animation
    * Vidéo aérienne - Drône
    * Vidéo de contenu
    * Photographie
  * Work
  * Notre studio
  * Contact
  * More

Use tab to navigate through the menu items.

  *   * 

# Un projet ? Discutons-en.

Prénom

Nom

E-mail

Téléphone

Message

Envoyer

Merci pour votre envoi

Pret a vous lancer ?

Contactez-nou...
---
top of page

  * Accueil
  * Nos services
    * Vidéo promotionnelle
    * Vidéo explicative
    * Vidéo d'entreprise
    * Vidéo de témoignages
    * Vidéo évenementielle
    * Animation
    * Vidéo aérienne - Drône
    * Vidéo de contenu
    * Photographie
  * Work
  * Notre studio
  * Contact
  * More

Use tab to navigate through the menu items.

  *   * 

# Nos realisations video

Explorez nos projets vrealises avec passion et expertise, mettant en lumiere
des marques, des evenements memorab..."
403,15,2,403_réunion conseil_réunion_conseil communal_communal,"réunion conseil, réunion, conseil communal, communal, conseil, vianden, mercredi, réunions, 63, vendredi","Contenu en pleine largeur

Administration communale de la Ville de Vianden

(+352) 83 48 21 - 1 Place Vic. Abens / L-9410 Vianden / Adresse postale B.P.10
/ L-9401 Viandensecretariat@vianden.lu

Login

Administration Communale Vianden

Site Internet de l'administration communale de la ville de Vianden

  * Home
  * News
  * Politique
    * Commissions consultatives
  * Réunions du conseil communal
    * Réunions Conseil Communal 2023
      * Réunion du Conseil Communal le vendredi 26 mai 2023
  ...
---
Zum Inhalt springen

Administration communale de la Ville de Vianden

(+352) 83 48 21 - 1 Place Vic. Abens / L-9410 Vianden / Adresse postale B.P.10
/ L-9401 Viandensecretariat@vianden.lu

Login

Administration Communale Vianden

Internetseite de Gemeinde Vianden

  * Home
  * News
  * Politik
    * Commissions consultatives
  * Réunions du conseil communal
    * Réunions Conseil Communal 2023
      * Réunion du Conseil Communal le vendredi 26 mai 2023
      * Réunion du Conseil Communal le vend...
---
Zum Inhalt springen

Administration communale de la Ville de Vianden

(+352) 83 48 21 - 1 Place Vic. Abens / L-9410 Vianden / Adresse postale B.P.10
/ L-9401 Viandensecretariat@vianden.lu

Login

Administration Communale Vianden

Internetseite de Gemeinde Vianden

  * Home
  * News
  * Politik
    * Commissions consultatives
  * Réunions du conseil communal
    * Réunions Conseil Communal 2023
      * Réunion du Conseil Communal le vendredi 26 mai 2023
      * Réunion du Conseil Communal le vend..."
404,15,4,404_dp_partei_norden_regierung,"dp, partei, norden, regierung, troisvierges, amicale, magazin, verschiedenes, europa, zentrum","Skip to content

  * Wie mir sinn
    * Partei
      * Parteistrukturen
      * Comité Directeur
      * Bureau exécutif
      * Regionalcomité Norden
      * Regionalcomité Osten
      * Regionalcomité Süden
      * Regionalcomité Zentrum
    * Regierung
    * Chamber
    * Europa
    * Gemengen
    * DP International
  * Fir wat mir stinn
  * Zesumme mat iech
    * Kalenner
    * Stay tuned
      * Magazin
      * Kaffispaus
    * FutureLab
    * Begéint eis
      * Meet&Greet
      * Chamberv...
---
Zum Inhalt springen

  * Wer wir sind
    * Partei
      * Parteistrukturen
      * Parteivorstand
      * Exekutiver Vorstand
      * Regionalvorstand Norden
      * Regionalvorstand Osten
      * Regionalvorstand Süden
      * Regionalvorstand Zentrum
    * Regierung
    * Parlament
    * Europa
    * Gemeinden
    * DP International
  * Für was stehen wir?
  * Zusammen mit euch
    * Kalender
    * Stay tuned
      * Magazin
      * Kaffispaus
    * FutureLab
    * Kennenlernen
      * Meet&G...
---
Zum Inhalt springen

  * Wer wir sind
    * Partei
      * Parteistrukturen
      * Parteivorstand
      * Exekutiver Vorstand
      * Regionalvorstand Norden
      * Regionalvorstand Osten
      * Regionalvorstand Süden
      * Regionalvorstand Zentrum
    * Regierung
    * Parlament
    * Europa
    * Gemeinden
    * DP International
  * Für was stehen wir?
  * Zusammen mit euch
    * Kalender
    * Stay tuned
      * Magazin
      * Kaffispaus
    * FutureLab
    * Kennenlernen
      * Meet&G..."
405,15,8,405_matelas_lits_200_extra,"matelas, lits, 200, extra, couette, eis, array, lit, 140, informatiounen","Magasins

Service client

LU

  * BE

Mon compte

Mes favoris

Mon panier

Rechercher

Rechercher

Recherche avancée

Rechercher

Menu

  * Matelas
Matelas

    * Matelas à ressorts
    * Matelas à ressorts ensachés
    * Matelas en mousse
    * Matelas à mémoire de forme
    * Matelas en latex
    * Matelas enfant
    * Matelas 1 personne
    * Matelas 2 personnes
    * Matelas 90 x 200 cm
    * Matelas 140 x 200 cm
    * Matelas 160 x 200 cm
    * Matelas 180 x 200 cm
    * Matelas orthopédiqu...
---
Magasins

Service client

LU

  * BE

Mon compte

Mes favoris

Mon panier

Rechercher

Rechercher

Recherche avancée

Rechercher

Menu

  * Matelas
Matelas

    * Matelas à ressorts
    * Matelas à ressorts ensachés
    * Matelas en mousse
    * Matelas à mémoire de forme
    * Matelas en latex
    * Matelas enfant
    * Matelas 1 personne
    * Matelas 2 personnes
    * Matelas 90 x 200 cm
    * Matelas 140 x 200 cm
    * Matelas 160 x 200 cm
    * Matelas 180 x 200 cm
    * Matelas orthopédiqu...
---
Magasins

Service client

LU

  * BE

Mon compte

Mes favoris

Mon panier

Rechercher

Rechercher

Recherche avancée

Rechercher

Menu

  * Matelas
Matelas

    * Matelas à ressorts
    * Matelas à ressorts ensachés
    * Matelas en mousse
    * Matelas à mémoire de forme
    * Matelas en latex
    * Matelas enfant
    * Matelas 1 personne
    * Matelas 2 personnes
    * Matelas 90 x 200 cm
    * Matelas 140 x 200 cm
    * Matelas 160 x 200 cm
    * Matelas 180 x 200 cm
    * Matelas orthopédiqu..."
406,15,5,406_tax_item_reach_überblick,"tax, item, reach, überblick, advisory, global, audit, firms, javascript, accounting","For full functionality of this site it is necessary to enable JavaScript. Here
are the  instructions how to enable JavaScript in your web browser .

Global site Close Global reach Close reach

  * Global site
  * Africa
  * Americas
  * Asia Pacific
  * Europe
  * Middle East

  * Skip to content
  * Skip to navigation

MySmartOffice Login

Open Global reach Global reach

Open Global search Search

Search Close Global search

Toggle Menu

  * Insights
  * Services
  * Industries
  * Training Cen...
---
For full functionality of this site it is necessary to enable JavaScript. Here
are the  instructions how to enable JavaScript in your web browser .

Global site Close Global reach Close reach

  * Global site
  * Africa
  * Americas
  * Asia Pacific
  * Europe
  * Middle East

  * Skip to content
  * Skip to navigation

MySmartOffice Login

Open Global reach Global reach

Open Global search Search

Search Close Global search

Toggle Menu

  * Insights
  * Services
  * Industries
  * Training Cen...
---
For full functionality of this site it is necessary to enable JavaScript. Here
are the  instructions how to enable JavaScript in your web browser .

Global site Close Global reach Close reach

  * Global site
  * Africa
  * Americas
  * Asia Pacific
  * Europe
  * Middle East

  * Skip to content
  * Skip to navigation

MySmartOffice Login

Open Global reach Global reach

Open Global search Search

Search Close Global search

Toggle Menu

  * Insights
  * Services
  * Industries
  * Training Cen..."
407,15,3,407_jaguar_pace_envoyez mail_352 29,"jaguar, pace, envoyez mail, 352 29, recueillons, envoyez, demandez, 71, 18 30, 74","## Jaguar Sud

http://www.jaguarlandrover.lu

Jaguar Sud

  * Lieu et heures d'ouverture
  * Fixez un rendez-vous (en ligne)
  * Demandez un essai
  * Demandez un entretien

Jaguar Sud

Modeles

E‑PACE

F-PACE

I-PACE

XE

XF BERLINE & SPORTBRAKE

F-TYPE

Stock vehicules neufs

Nos occasions

Financements & assurances

Jaguar Financial Services

Particuliers Societes

Jaguar Insurance

Nos services

Garantie Jaguar

Jaguar Assistance

Jaguar InControl

Notre carrosserie

Accessoires

Actualites
...
---
## Jaguar Luxembourg

info@arnoldkontz.lu

Tel  +352 29 71 74

http://www.arnoldkontz-group.com/home.html

Jaguar Luxembourg

  * Lieu et heures d'ouverture
  * Fixez un rendez-vous (en ligne)
  * Demandez un essai
  * Demandez un entretien

Jaguar Luxembourg

Modeles

E‑PACE

F-PACE

I-PACE

XE

XF BERLINE & SPORTBRAKE

F-TYPE

Stock vehicules neufs

Nos occasions

Financements & assurances

Jaguar Financial Services

Particuliers Societes

Jaguar Insurance

Nos services

Notre carrosserie

Gar...
---
## Jaguar Luxembourg

info@arnoldkontz.lu

Tel  +352 29 71 74

http://www.arnoldkontz-group.com/home.html

Jaguar Luxembourg

  * Lieu et heures d'ouverture
  * Fixez un rendez-vous (en ligne)
  * Demandez un essai
  * Demandez un entretien

Jaguar Luxembourg

Modeles

E‑PACE

F-PACE

I-PACE

XE

XF BERLINE & SPORTBRAKE

F-TYPE

Stock vehicules neufs

Nos occasions

Financements & assurances

Jaguar Financial Services

Particuliers Societes

Jaguar Insurance

Nos services

Notre carrosserie

Gar..."
408,15,7,408_vorschau_kaufen_china_preis,"vorschau, kaufen, china, preis, kommentare, kommentar, kunst, 352 46, artikel, möbel","Tél. : +352 46 73 16

Tél. : +352 46 73 16

Sprache:

  *   *   * 
Français English Deutsch



ok Suche

 Anmelden

  * Empfang 
  * Unsere Geschichte und Werte 
  * Asiatische Deko-Objekte 
  * Chinesische Möbel 
  *   China. Kunst & Kultur 
    *   Traditionelles Chinesisches Handwerk 
    *   Philosophie & Religion in China 
    *   Chinesische Provinzen & Vielfalt 
    *   Die Han-, Sui-, Tang und Ming-Dynastien. Die Künste 
  *   Portfolio 
    * Asiatische-deko Ideen 
    * U...
---
Tél. : +352 46 73 16

Tél. : +352 46 73 16

Sprache:

  *   *   * 
Français English Deutsch



ok Suche

 Anmelden

  * Empfang 
  * Unsere Geschichte und Werte 
  * Asiatische Deko-Objekte 
  * Chinesische Möbel 
  *   China. Kunst & Kultur 
    *   Traditionelles Chinesisches Handwerk 
    *   Philosophie & Religion in China 
    *   Chinesische Provinzen & Vielfalt 
    *   Die Han-, Sui-, Tang und Ming-Dynastien. Die Künste 
  *   Portfolio 
    * Asiatische-deko Ideen 
    * U...
---
Tél. : +352 46 73 16

Tél. : +352 46 73 16

Sprache:

  *   *   * 
Français English Deutsch



ok Suche

 Anmelden

  * Empfang 
  * Unsere Geschichte und Werte 
  * Asiatische Deko-Objekte 
  * Chinesische Möbel 
  *   China. Kunst & Kultur 
    *   Traditionelles Chinesisches Handwerk 
    *   Philosophie & Religion in China 
    *   Chinesische Provinzen & Vielfalt 
    *   Die Han-, Sui-, Tang und Ming-Dynastien. Die Künste 
  *   Portfolio 
    * Asiatische-deko Ideen 
    * U..."
409,15,5,409_2019_kontakt tab_programm_gala,"2019, kontakt tab, programm, gala, concert, harmonie, tab navigate, navigate menu, menu items, eis","top of page

#    HARMONIE UNION TROISVIERGES

# since 1889

  * START
  * CHRONIK
  * EIS MUSIK
    * Musikanten
    * Dirigent
    * Comite
    * Eis Sänger
  * AGENDA
  * HIGHLIGHTS
    * 2022
    * 2021
    * 2020
    * 2019
    * 2018
    * 2017
  * KONTAKT
  * LINKS
  * GUESTBOOK
  * Photo Albums
  * More

Use tab to navigate through the menu items.

Anmelden

# 2017

(C) 2021 Hut.

  * 

bottom of page
---
top of page

#    HARMONIE UNION TROISVIERGES

# since 1889

  * START
  * CHRONIK
  * EIS MUSIK
    * Musikanten
    * Dirigent
    * Comite
    * Eis Sänger
  * AGENDA
  * HIGHLIGHTS
    * 2022
    * 2021
    * 2020
    * 2019
    * 2018
    * 2017
  * KONTAKT
  * LINKS
  * GUESTBOOK
  * Photo Albums
  * More

Use tab to navigate through the menu items.

Anmelden

# 2020

## Fotoen : Alice Enders

(C) 2021 Hut.

  * 

bottom of page
---
top of page

#    HARMONIE UNION TROISVIERGES

# since 1889

  * START
  * CHRONIK
  * EIS MUSIK
    * Musikanten
    * Dirigent
    * Comite
    * Eis Sänger
  * AGENDA
  * HIGHLIGHTS
    * 2022
    * 2021
    * 2020
    * 2019
    * 2018
    * 2017
  * KONTAKT
  * LINKS
  * GUESTBOOK
  * Photo Albums
  * More

Use tab to navigate through the menu items.

Anmelden

# 2019

## Impressioune vam Ant Deister

## all Fotoen op RTL.lu

(C) 2021 Hut.

  * 

bottom of page"
410,15,6,410_cancer_forschung_footer_patienten,"cancer, forschung, footer, patienten, spenden, tabac, fondation, risiko, behandlungen, relais","Direkt zum Inhalt

  * fr
  * de

  * Facebook

## Menu header top

  *   * News & Agenda
  * Media
  * Publikationen
  * Kontakt

  * Facebook

  * fr
  * de

## Navigation principale

  * Leben mit Krebs
## Leben mit Krebs

Eine Krebsdiagnose erschüttert jeden. In erster Linie den Patienten, aber auch
seine Familie und oft auch seine engen Freunde und Kollegen. Die Fondation
Cancer begleitet Sie auf Ihrem Weg.

    * ####  Hilfe finden
      * Psychologische Beratungen
      * Hautpflege und K...
---
Direkt zum Inhalt

  * fr
  * de

  * Facebook

## Menu header top

  *   * News & Agenda
  * Media
  * Publikationen
  * Kontakt

  * Facebook

  * fr
  * de

## Navigation principale

  * Leben mit Krebs
## Leben mit Krebs

Eine Krebsdiagnose erschüttert jeden. In erster Linie den Patienten, aber auch
seine Familie und oft auch seine engen Freunde und Kollegen. Die Fondation
Cancer begleitet Sie auf Ihrem Weg.

    * ####  Hilfe finden
      * Psychologische Beratungen
      * Hautpflege und K...
---
Direkt zum Inhalt

  * fr
  * de

  * Facebook

## Menu header top

  *   * News & Agenda
  * Media
  * Publikationen
  * Kontakt

  * Facebook

  * fr
  * de

## Navigation principale

  * Leben mit Krebs
## Leben mit Krebs

Eine Krebsdiagnose erschüttert jeden. In erster Linie den Patienten, aber auch
seine Familie und oft auch seine engen Freunde und Kollegen. Die Fondation
Cancer begleitet Sie auf Ihrem Weg.

    * ####  Hilfe finden
      * Psychologische Beratungen
      * Hautpflege und K..."
411,15,7,411_hosting_00 12_server_domain,"hosting, 00 12, server, domain, 12, spam, builder, packages, wordpress, shared","﻿

Hosting seit 2002

  * Hilfe & Support
  * +352 20 601 001
  * Kundencenter

  * DomainsTLD & Preise
  * Email HostingPakete & Preise
    * Email Hosting
    * Kerio Connect
    * SpamExperts Anti-SPAM
  * Web HostingPakete & Preise
    * Basis Hosting
    * Profi Hosting
    * WordPress Hosting
    * Reseller Hosting
    * VPS Server
    * Online Speicher
  * Webdesign
  * PC Service
  * Über unsDies & Das
    * Webdesign
    * PC Service
    * Über uns
    * Kontakt

  * ## Domain Service
S...
---
Toggle navigation

  * Home
  * Domain
  * Hosting 
    * Shared Hosting
    * Cloud Hosting
    * E-Mail Hosting
    * Joomla Hosting
    * WordPress Server
    * Online Shop Hosting Packages
    * Nextcloud Server
    * Reseller Server
    * SSL Certificates
    * DataCenter
  * Services 
    * Webdesign
    * PHP programming
    * SSL Certificates
    * Downloads
    * Affiliate Program
  * Contact 
    * Contact us
    * Support Center
    * CMS Security Alerts
    * Imprint
    * Right of w...
---
Toggle navigation

  * Startseite
  * Domain
  * Hosting 
    * Shared Hosting
    * Cloud Hosting
    * E-Mail Hosting
    * Joomla Hosting
    * WordPress Server
    * Online Shop Server
    * Nextcloud Server
    * Reseller Server
    * SSL Zertifikate
    * Datacenter Details
  * Services 
    * Webdesign und Grafikdesign
    * PHP Programmierung
    * SSL Zertifikate
    * Downloads
    * Partnerprogramm
  * Kontakt 
    * Kontakt
    * Support Center
    * CMS Sicherheits Meldungen
    * I..."
412,15,4,412_réf_m²_00 m²_appartement,"réf, m², 00 m², appartement, hall entrée, situé, séjour, hall, wc séparé, séparé","* Ventes
  * Locations
  * références
  * Estimation
  * Notre savoir faire
  * L'agence

272 Route de Thionville L-5884 Howald

T. +352 26 48 04 22| F.+352 26 48 04 72

F. +352 26 48 04 72

E. logilux@logilux.lu

Locations

Trier par :

Sélectionner votre tri Prix croissant Prix décroissant Chambres decroissant
Villes de A-Z Villes de Z-A

Maison

Clemency

2 300 €

180.00 m²

3

2

5

2

La maison se situe au coeur de Clémency et se compose: - AU RDC : hall
d'entrée de 20 m² avec accès au gara...
---
* Ventes
  * Locations
  * références
  * Estimation
  * Notre savoir faire
  * L'agence

272 Route de Thionville L-5884 Howald

T. +352 26 48 04 22| F.+352 26 48 04 72

F. +352 26 48 04 72

E. logilux@logilux.lu

Ventes

Trier par :

Sélectionner votre tri Prix croissant Prix décroissant Chambres decroissant
Villes de A-Z Villes de Z-A

Commerce

Luxembourg-gare

1 300 000 €

176.38 m²

Surface commerciale pour tout type d'activité située au début de la rue Joseph
Junck. Surfaces : Commerce / m...
---
* Ventes
  * Locations
  * références
  * Estimation
  * Notre savoir faire
  * L'agence

272 Route de Thionville L-5884 Howald

T. +352 26 48 04 22| F.+352 26 48 04 72

F. +352 26 48 04 72

E. logilux@logilux.lu

Ventes

Trier par :

Sélectionner votre tri Prix croissant Prix décroissant Chambres decroissant
Villes de A-Z Villes de Z-A

Commerce

Luxembourg-gare

1 300 000 €

176.38 m²

Surface commerciale pour tout type d'activité située au début de la rue Joseph
Junck. Surfaces : Commerce / m..."
413,15,4,413_cfl_mobilität_dudelange_öffentlichen,"cfl, mobilität, dudelange, öffentlichen, logistik, maßgeschneiderte, öffentliche, gruppe, hub, gerät","* Reisende
  * Fracht
  * Gruppe

Menu

  * DE 
EN FR

  * 
Kundenbereich

  * Unsere Leistungen 
    * Unsere Leistungen 
    * Schiene 
      * Schiene 
      * Kombinierter Verkehr 
      * Eisenbahntraktion 
      * Konventioneller Schienenguterverkehr 
      * Wartung 
    * Multimodaler Hub 
      * Multimodaler Hub 
      * Intermodaler Terminal 
      * Gesicherter Truckstop 
      * Rangierbahnhof 
      * Wartung 
      * Verkauf und Vermietung von Containern 
    * Logistik 
      * L...
---
* Reisende
  * Fracht
  * Gruppe

Menu

  * DE 
EN FR

  * 
Kundenbereich

  * Unsere Leistungen 
    * Unsere Leistungen 
    * Schiene 
      * Schiene 
      * Kombinierter Verkehr 
      * Eisenbahntraktion 
      * Konventioneller Schienenguterverkehr 
      * Wartung 
    * Multimodaler Hub 
      * Multimodaler Hub 
      * Intermodaler Terminal 
      * Gesicherter Truckstop 
      * Rangierbahnhof 
      * Wartung 
      * Verkauf und Vermietung von Containern 
    * Logistik 
      * L...
---
* Reisende
  * Fracht
  * Gruppe

Menu

  * DE 
EN FR

  * 
Kundenbereich

  * Unsere Leistungen 
    * Unsere Leistungen 
    * Schiene 
      * Schiene 
      * Kombinierter Verkehr 
      * Eisenbahntraktion 
      * Konventioneller Schienenguterverkehr 
      * Wartung 
    * Multimodaler Hub 
      * Multimodaler Hub 
      * Intermodaler Terminal 
      * Gesicherter Truckstop 
      * Rangierbahnhof 
      * Wartung 
      * Verkauf und Vermietung von Containern 
    * Logistik 
      * L..."
414,15,12,414_chambres chambres_m²_chambres_appartement chambres,"chambres chambres, m², chambres, appartement chambres, appartement, vente, infos, verkaufen, immo, vianden","Toggle navigation

  * Accueil
  * Vente
  * Location
  * Neuf
  * Gestion locative
  * Contact

## Recherche Immobilière

Choisissez catégorie

Maisons  - Maison  - Maison jumelée Appartements  - Appartement  - Duplex  -
Triplex Terrains  - Terrain Résidences  - Résidence Locaux commerciaux  -
Local commercial  - Commerce

Choisir la localité

Luxembourg     Elvange     Esch-sur-Alzette     Kayl     Luxembourg-Gasperich
Nospelt     Sassel France     Angevillers     Cattenom     Thionville
Zouff...
---
+352 26 11 97 11  

share

Toggle navigation

  * Accueil
  * Vente
  * Location
  * Etranger
    * Belgique
    * France
    * Portugal
    * Allemagne
  * Projets
  * Estimation
  * Financement
  * Contact

## Recherche Immobilière

Choisir la localité

Choisir la localité Luxembourg     Bertrange     Dippach     Esch-sur-Alzette
Mamer

Choisissez catégorie

Maisons  - Maison  - Maison jumelée Appartements  - Appartement Garages  -
Garage Immeubles de rapports  - Immeuble de rapport

Chambres
...
---
Toggle navigation

  *   * Estimation
  * Vente
  * Location
  * Vendus / Loués
  * Financer
  * Contact

## Recherche Immobilière

Choisissez catégorie

Maisons  - Maison  - Maison mitoyenne  - Maison bi-familiale Appartements  -
Appartement  - Chambre  - Duplex Garages  - Emplacement intérieur Résidences
- Nouvelle construction Locaux commerciaux  - Local pour professions libérales

Choisir la localité

Luxembourg     Bertrange     Beyren     Esch-sur-Alzette     Grevenmacher
Hesperange     It..."
415,15,5,415_saeul_communal_vidéo_pétange,"saeul, communal, vidéo, pétange, station, communaux, conseil communal, communales, gérer, département","* La commune
    * CHIFFRES ET STATISTIQUES
    * LES VILLES JUMELÉES
      * Gemeinde Schiffweiler (D)
      * Ville de Maribor (SLO)
      * Ville de Schio (I)
    * PLAN DE LA COMMUNE
    * VISITE VIRTUELLE
  * Administration
    * Vie politique
      * Bourgmestre
      * Collège échevinal
      * Conseil communal
      * Séances du conseil communal
      * Kannergemengerot / Conseil communal pour enfants
      * Commissions consultatives
      * Syndicats intercommunaux et autres
      * Rè...
---
* La commune
    * CHIFFRES ET STATISTIQUES
    * LES VILLES JUMELÉES
      * Gemeinde Schiffweiler (D)
      * Ville de Maribor (SLO)
      * Ville de Schio (I)
    * PLAN DE LA COMMUNE
    * VISITE VIRTUELLE
  * Administration
    * Vie politique
      * Bourgmestre
      * Collège échevinal
      * Conseil communal
      * Séances du conseil communal
      * Kannergemengerot / Conseil communal pour enfants
      * Commissions consultatives
      * Syndicats intercommunaux et autres
      * Rè...
---
* La commune
    * CHIFFRES ET STATISTIQUES
    * LES VILLES JUMELÉES
      * Gemeinde Schiffweiler (D)
      * Ville de Maribor (SLO)
      * Ville de Schio (I)
    * PLAN DE LA COMMUNE
    * VISITE VIRTUELLE
  * Administration
    * Vie politique
      * Bourgmestre
      * Collège échevinal
      * Conseil communal
      * Séances du conseil communal
      * Kannergemengerot / Conseil communal pour enfants
      * Commissions consultatives
      * Syndicats intercommunaux et autres
      * Rè..."
416,15,2,416_20 03_membership_03 2023_twitter linkedin,"20 03, membership, 03 2023, twitter linkedin, insights, senior, vacancies, corporate social, ukraine, academy","Skip to content

  * \+ 352 28 68 19
  * lpea-office@lpea.lu
  * 12, rue Erasme, L-1468 LUXEMBOURG

  *   *   *   *   * 

  * Home
  * ABOUT
    * ABOUT
    * Governance
    * Corporate Social Responsibility
    * TEAM
    * COMMITTEES
    * CLUBS
    * Support Ukraine
  * WHAT IS PE
  * MEMBERSHIP
    * MEMBERSHIP
    * Members list
    * ARTICLES OF ASSOCIATION
  * ACADEMY

  * Home
  * ABOUT
    * ABOUT
    * Governance
    * Corporate Social Responsibility
    * TEAM
    * COMMITTEES
    * C...
---
Skip to content

  * \+ 352 28 68 19
  * lpea-office@lpea.lu
  * 12, rue Erasme, L-1468 LUXEMBOURG

  *   *   *   *   * 

  * Home
  * ABOUT
    * ABOUT
    * Governance
    * Corporate Social Responsibility
    * TEAM
    * COMMITTEES
    * CLUBS
    * Support Ukraine
  * WHAT IS PE
  * MEMBERSHIP
    * MEMBERSHIP
    * Members list
    * ARTICLES OF ASSOCIATION
  * ACADEMY

  * Home
  * ABOUT
    * ABOUT
    * Governance
    * Corporate Social Responsibility
    * TEAM
    * COMMITTEES
    * C...
---
Skip to content

  * \+ 352 28 68 19
  * lpea-office@lpea.lu
  * 12, rue Erasme, L-1468 LUXEMBOURG

  *   *   *   *   * 

  * Home
  * ABOUT
    * ABOUT
    * Governance
    * Corporate Social Responsibility
    * TEAM
    * COMMITTEES
    * CLUBS
    * Support Ukraine
  * WHAT IS PE
  * MEMBERSHIP
    * MEMBERSHIP
    * Members list
    * ARTICLES OF ASSOCIATION
  * ACADEMY

  * Home
  * ABOUT
    * ABOUT
    * Governance
    * Corporate Social Responsibility
    * TEAM
    * COMMITTEES
    * C..."
417,15,9,417_expiration_function_365_registrieren,"expiration, function, 365, registrieren, days, funktion, passwort, französisch, anmelden, cookie policy","Diese Webseite verwendet Cookies, um Ihnen den bestmöglichen Service zu
gewährleisten. Wenn Sie auf der Seite weitersurfen stimmen Sie der Cookie-
Nutzung zu.  ×

Toggle navigation

  *   * Registrieren
  * Anmelden 
  * DE 
    * Deutsch 
    * Französisch 

  * Registrieren
  * Anmeldung für Kunden 
    * Benutzername
Passwort

Anmelden

Passwort vergessen?

  * DE 
    * Deutsch 
    * Französisch 

Alle

Toggle navigation

Die Meldungen sind nur für angemeldete Benutzer sichtbar Verpassen Si...
---
Cookie Policy (EU) - Ns kids

×

  * LA Crèche
  * Les Groupes
  * L’équipe
  * Galerie
  * Notre Philosophie
  * Contact
  * Documentation

Inscription

This Cookie Policy was last updated on July 25, 2023 and applies to citizens
and legal permanent residents of the European Economic Area and Switzerland.  

## 1\. Introduction

Our website, https://nskids.lu (hereinafter: ""the website"") uses cookies and
other related technologies (for convenience all technologies are referred to
as ""cookies"")....
---
Skip to content

  * Home
  * About
  * Consulting & Interim Management
  * Digitalization
  * Knowledge
  * Mission | Vision | Approach

## Cookie Policy (EU)

## Browse:

  * Home
  * Cookie Policy (EU)

This Cookie Policy was last updated on September 3, 2021 and applies to
citizens and legal permanent residents of the European Economic Area and
Switzerland.  

## 1\. Introduction

Our website, https://sybxgroup.lu (hereinafter: ""the website"") uses cookies
and other related technologies (for ..."
418,15,5,418_audit_26 27_funktion_weiterbildung,"audit, 26 27, funktion, weiterbildung, job, dienstleistungen, image, willkommen, consulting, verwaltung","* Willkommen
  * Unser Team
  * Unser Ansatz
  * Unsere Dienstleistungen
    * Auslagerung der HR Funktion
    * HR Audit & HR Consulting
    * HR Weiterbildung
    * Coaching und Outplacement
    * Auswahl und Testverfahren
  * Veranstaltungen
    * 10 Jahre HR Services
    * 5 Jahre HR Services
  * Kontakt
  * Contact Support

  *   * 

  *   *   * 

#

The Human Resources specialists. Local knowledge. Global understanding.

  *   *   *   *   *   *   *   *   *   *   *   *   * 

Startseite Unse...
---
* Willkommen
  * Unser Team
  * Unser Ansatz
  * Unsere Dienstleistungen
    * Auslagerung der HR Funktion
    * HR Audit & HR Consulting
    * HR Weiterbildung
    * Coaching und Outplacement
    * Auswahl und Testverfahren
  * Veranstaltungen
    * 10 Jahre HR Services
    * 5 Jahre HR Services
  * Kontakt
  * Contact Support

  *   * 

  *   *   * 

#

The Human Resources specialists. Local knowledge. Global understanding.

  *   *   *   *   *   *   *   *   *   *   *   *   * 

Startseite Cont...
---
* Willkommen
  * Unser Team
  * Unser Ansatz
  * Unsere Dienstleistungen
    * Auslagerung der HR Funktion
    * HR Audit & HR Consulting
    * HR Weiterbildung
    * Coaching und Outplacement
    * Auswahl und Testverfahren
  * Veranstaltungen
    * 10 Jahre HR Services
    * 5 Jahre HR Services
  * Kontakt
  * Contact Support

  *   * 

  *   *   * 

#

The Human Resources specialists. Local knowledge. Global understanding.

  *   *   *   *   *   *   *   *   *   *   *   *   * 

Startseite Cont..."
419,15,6,419_vietnam_transparency_association_événements,"vietnam, transparency, association, événements, transparence, soutenir, enfants, devenir, international, financer","* Accueil
  * Qui sommes-nous ?
    * Histoire de l’association
    * Présentation du conseil d’administration
    * Vie au Vietnam
    * Ce qui nous différencie
  * Nous soutenir
    * Devenir Membre
    * Devenir Parrain ou nous aider à en trouver
    * Faire un Don
    * Participer aux évènements
    * Notre transparence fiancière
  * Nos Projets
    * Projets réalisés
    * Projets en cours / à financer
  * Événements
    * Événements passés
    * Événements à venir
  * Photos
    * Vietnam ...
---
* Accueil
  * Qui sommes-nous ?
    * Histoire de l’association
    * Présentation du conseil d’administration
    * Vie au Vietnam
    * Ce qui nous différencie
  * Nous soutenir
    * Devenir Membre
    * Devenir Parrain ou nous aider à en trouver
    * Faire un Don
    * Participer aux évènements
    * Notre transparence fiancière
  * Nos Projets
    * Projets réalisés
    * Projets en cours / à financer
  * Événements
    * Événements passés
    * Événements à venir
  * Photos
    * Vietnam ...
---
* Accueil
  * Qui sommes-nous ?
    * Histoire de l’association
    * Présentation du conseil d’administration
    * Vie au Vietnam
    * Ce qui nous différencie
  * Nous soutenir
    * Devenir Membre
    * Devenir Parrain ou nous aider à en trouver
    * Faire un Don
    * Participer aux évènements
    * Notre transparence fiancière
  * Nos Projets
    * Projets réalisés
    * Projets en cours / à financer
  * Événements
    * Événements passés
    * Événements à venir
  * Photos
    * Vietnam ..."
420,15,8,420_mejs_défini_cookie défini_crèche,"mejs, défini, cookie défini, crèche, cookies catégorie, utilisateur cookies, consentement utilisateur, stocker consentement, enfants, analytiques","Frontière Belgique - Luxembourg, E25 sortie 33  
+352 26 37 54 77 \- +352 691 83 46 56

Accès parents

Toggle navigation

  * Accueil
  * La crèche
    * La philosophie
    * Les repas
    * L'équipe
    * Pré-inscriptions
    * Les chèques service
  * Projet pédagogique
    * Les valeurs
    * La période d’adaptation
    * Les activités
      * Bébés 2-16 mois
      * Enfants 16 mois à 4 ans
    * Une journée à la crèche
  * FAQ
  * Actualités
    * Menus
    * Nouvelles
  * Contact

Crèche But...
---
Frontière Belgique - Luxembourg, E25 sortie 33  
+352 26 37 54 77 \- +352 691 83 46 56

Accès parents

Toggle navigation

  * Accueil
  * La crèche
    * La philosophie
    * Les repas
    * L'équipe
    * Pré-inscriptions
    * Les chèques service
  * Projet pédagogique
    * Les valeurs
    * La période d’adaptation
    * Les activités
      * Bébés 2-16 mois
      * Enfants 16 mois à 4 ans
    * Une journée à la crèche
  * FAQ
  * Actualités
    * Menus
    * Nouvelles
  * Contact

Crèche But...
---
Frontière Belgique - Luxembourg, E25 sortie 33  
+352 26 37 54 77 \- +352 691 83 46 56

Accès parents

Toggle navigation

  * Accueil
  * La crèche
    * La philosophie
    * Les repas
    * L'équipe
    * Pré-inscriptions
    * Les chèques service
  * Projet pédagogique
    * Les valeurs
    * La période d’adaptation
    * Les activités
      * Bébés 2-16 mois
      * Enfants 16 mois à 4 ans
    * Une journée à la crèche
  * FAQ
  * Actualités
    * Menus
    * Nouvelles
  * Contact

Crèche But..."
421,15,5,421_organisateur_juin_kataloge_juin 2023,"organisateur, juin, kataloge, juin 2023, ligne, 2023 00, einstellungen speichern, einstellungen, sport, 26 55","Zum Inhalt wechseln

  * Zare Ouest 5 L-4384 Ehlerange
  * contact@ramirezelectro.lu
  * +352 26 55 45 1

Suche

Suche

  *   * 

Linkedin Instagram Facebook

  * Präsentation
    * Wer sind wir?
    * Geschichte
    * Zertifizierungen
  * Sie sind…
  * Dienstleistungen
    * Verkaufsabteilung
    * Gasdetektoren Wartung und Kalibrierung
    * Planung und Inbetriebnahme von Projekten
    * Ausbildung und Support
  * Nachrichten
  * Kataloge
  * Webshop
  * Kontakt
    * Uns kontaktieren?
    * D...
---
Zum Inhalt wechseln

  * Zare Ouest 5 L-4384 Ehlerange
  * contact@ramirezelectro.lu
  * +352 26 55 45 1

Suche

Suche

  *   * 

Linkedin Instagram Facebook

  * Präsentation
    * Wer sind wir?
    * Geschichte
    * Zertifizierungen
  * Sie sind…
  * Dienstleistungen
    * Verkaufsabteilung
    * Gasdetektoren Wartung und Kalibrierung
    * Planung und Inbetriebnahme von Projekten
    * Ausbildung und Support
  * Nachrichten
  * Kataloge
  * Webshop
  * Kontakt
    * Uns kontaktieren?
    * D...
---
Zum Inhalt wechseln

  * Zare Ouest 5 L-4384 Ehlerange
  * contact@ramirezelectro.lu
  * +352 26 55 45 1

Suche

Suche

  *   * 

Linkedin Instagram Facebook

  * Präsentation
    * Wer sind wir?
    * Geschichte
    * Zertifizierungen
  * Sie sind…
  * Dienstleistungen
    * Verkaufsabteilung
    * Gasdetektoren Wartung und Kalibrierung
    * Planung und Inbetriebnahme von Projekten
    * Ausbildung und Support
  * Nachrichten
  * Kataloge
  * Webshop
  * Kontakt
    * Uns kontaktieren?
    * D..."
422,14,3,422_external_approach_principles_google webfonts,"external, approach, principles, google webfonts, webfonts, ip address, cookies strictly, prime, offices, audit","* FOCUShttps://jpartners.lu/value-add/
    * VALUE ADD
    * PRIME
  * COMPANYhttps://jpartners.lu/approach/
    * APPROACH
    * PRINCIPLES
    * OFFICES
  * COMPETENCEhttps://jpartners.lu/strength/
    * STRENGTHS
    * EXPERIENCE
    * TRACK RECORD
  * Menu

  * FOCUS
    * VALUE ADD
    * PRIME
  * COMPANY
    * APPROACH
    * PRINCIPLES
    * OFFICES
  * COMPETENCE
    * STRENGTHS
    * EXPERIENCE
    * TRACK RECORD

# PRIME

Core and Core+ residential, office, retail or hotel properties

T...
---
* FOCUShttps://jpartners.lu/value-add/
    * VALUE ADD
    * PRIME
  * COMPANYhttps://jpartners.lu/approach/
    * APPROACH
    * PRINCIPLES
    * OFFICES
  * COMPETENCEhttps://jpartners.lu/strength/
    * STRENGTHS
    * EXPERIENCE
    * TRACK RECORD
  * Menu

  * FOCUS
    * VALUE ADD
    * PRIME
  * COMPANY
    * APPROACH
    * PRINCIPLES
    * OFFICES
  * COMPETENCE
    * STRENGTHS
    * EXPERIENCE
    * TRACK RECORD

# OFFICES

Jargonnant Partners S.A.  
35, rue Glesener

1631 Luxembourg

e...
---
* FOCUShttps://jpartners.lu/value-add/
    * VALUE ADD
    * PRIME
  * COMPANYhttps://jpartners.lu/approach/
    * APPROACH
    * PRINCIPLES
    * OFFICES
  * COMPETENCEhttps://jpartners.lu/strength/
    * STRENGTHS
    * EXPERIENCE
    * TRACK RECORD
  * Menu

  * FOCUS
    * VALUE ADD
    * PRIME
  * COMPANY
    * APPROACH
    * PRINCIPLES
    * OFFICES
  * COMPETENCE
    * STRENGTHS
    * EXPERIENCE
    * TRACK RECORD

# OFFICES

Jargonnant Partners S.A.  
35, rue Glesener

1631 Luxembourg

e..."
423,14,5,423_00 00_blog kontakt_21_reservierung,"00 00, blog kontakt, 21, reservierung, providers, 26 88, trip, fotoen, 14h00, instagram","* FACEBOOK
  * INSTAGRAM

June 4th, 2023

All Joer um Ouschterweekend zu Nouspelt

menu

  * News
  * Ouschterméindeg
    * Ouschterméindeg
    * Péckvillercher 2023
  * Providers
  * THE NOISEMAKES
  * Navette
  * Kontakt
  * eis Partner
  * Fotoen
    * Emaischen 2018
    * Emaischen 2017
    * Emaischen 2016
    * Emaischen 2015
    * Emaischen on Tour

  * News
  * Ouschterméindeg
    * Ouschterméindeg
    * Péckvillercher 2023
  * Providers
  * THE NOISEMAKES
  * Navette
  * Kontakt
  * eis...
---
* FACEBOOK
  * INSTAGRAM

June 4th, 2023

All Joer um Ouschterweekend zu Nouspelt

menu

  * News
  * Ouschterméindeg
    * Ouschterméindeg
    * Péckvillercher 2023
  * Providers
  * THE NOISEMAKES
  * Navette
  * Kontakt
  * eis Partner
  * Fotoen
    * Emaischen 2018
    * Emaischen 2017
    * Emaischen 2016
    * Emaischen 2015
    * Emaischen on Tour

  * News
  * Ouschterméindeg
    * Ouschterméindeg
    * Péckvillercher 2023
  * Providers
  * THE NOISEMAKES
  * Navette
  * Kontakt
  * eis...
---
* FACEBOOK
  * INSTAGRAM

June 4th, 2023

All Joer um Ouschterweekend zu Nouspelt

menu

  * News
  * Ouschterméindeg
    * Ouschterméindeg
    * Péckvillercher 2023
  * Providers
  * THE NOISEMAKES
  * Navette
  * Kontakt
  * eis Partner
  * Fotoen
    * Emaischen 2018
    * Emaischen 2017
    * Emaischen 2016
    * Emaischen 2015
    * Emaischen on Tour

  * News
  * Ouschterméindeg
    * Ouschterméindeg
    * Péckvillercher 2023
  * Providers
  * THE NOISEMAKES
  * Navette
  * Kontakt
  * eis..."
424,14,8,424_buttek_februar_hrs_beggen,"buttek, februar, hrs, beggen, bettembourg, generalversammlung, mai 2021, findet, enger, lamadelaine","* Assemblée générale le 27 mars 2023 Arthur Zeimet Président d'Honneur
  * A propos 
    * Den Cent Buttek 
    * Historique 
    * Les bénévoles 
    * Sponsors 
    * Actualités 
  * Les magasins 
    * Beggen 
    * Bettembourg 
    * Pétange 

  * Aidez-nous 
  * Contact Questions?

Suivez nous sur

# Aidez-nous

## Contactez-nous

Cent Buttek Beggen  
166, rue de Beggen  
L-1220 LUXEMBOURG

ouvert: Lundi de 15 à 18 hrs Mercredi de 15 à 18 hrs Vendredi de 13 à 15 hrs

Gérant /Responsable:  
...
---
* Assemblée générale le 27 mars 2023 Arthur Zeimet Président d'Honneur
  * A propos 
    * Den Cent Buttek 
    * Historique 
    * Les bénévoles 
    * Sponsors 
    * Actualités 
  * Les magasins 
    * Beggen 
    * Bettembourg 
    * Pétange 

  * Aidez-nous 
  * Contact Questions?

Suivez nous sur

## Actualités

###

### Tous les magasins « Cent Buttek » sont ouverts sous les conditions
sanitaires des magasins d'alimentation:

  * ### CB Beggen les lundis, mercredis et vendredis 
  * ### C...
---
* Assemblée générale le 27 mars 2023 Arthur Zeimet Président d'Honneur
  * A propos 
    * Den Cent Buttek 
    * Historique 
    * Les bénévoles 
    * Sponsors 
    * Actualités 
  * Les magasins 
    * Beggen 
    * Bettembourg 
    * Pétange 

  * Aidez-nous 
  * Contact Questions?

Suivez nous sur

# Contact

## Contactez-nous

Cent Buttek Beggen  
166, rue de Beggen  
L-1220 LUXEMBOURG

ouvert: Lundi de 15 à 18 hrs Mercredi de 15 à 18 hrs Vendredi de 13 à 15 hrs

Gérant /Responsable:  
Ave..."
425,14,3,425_space_january_author_july,"space, january, author, july, linkedin youtube, meeting, chat, storage access, technical storage, federation","Skip to main content

  * twitter
  * linkedin
  * youtube
  * email

Hit enter to search or ESC to close

Close Search

search account

Menu

  * Home
  * Who we are
  * Our support
  * Eligibility & selection criteria
  * Apply for support
  * Our cohorts
  * News
  * Portal
  * Contact us

  * search
  * account

Monthly Archives

# December 2018

General

###  Call for expression of interest for 2019-1 Cohort

#### Recent Posts

  * ICFA Climate Finance Forum 2023
  * Amel Hanafi joins ICFA ...
---
Skip to main content

  * twitter
  * linkedin
  * youtube
  * email

Hit enter to search or ESC to close

Close Search

search account

Menu

  * Home
  * Who we are
  * Our support
  * Eligibility & selection criteria
  * Apply for support
  * Our cohorts
  * News
  * Portal
  * Contact us

  * search
  * account

Monthly Archives

# October 2019

General

###  Luxembourg: a financial centre at the heart of sustainable finance

#### Recent Posts

  * ICFA Climate Finance Forum 2023
  * Amel Ha...
---
Skip to main content

  * twitter
  * linkedin
  * youtube
  * email

Hit enter to search or ESC to close

Close Search

search account

Menu

  * Home
  * Who we are
  * Our support
  * Eligibility & selection criteria
  * Apply for support
  * Our cohorts
  * News
  * Portal
  * Contact us

  * search
  * account

Monthly Archives

# May 2019

General

###  ICFA Cohort 2019-1 Spring

#### Recent Posts

  * ICFA Climate Finance Forum 2023
  * Amel Hanafi joins ICFA Luxembourg as Summer Associat..."
426,14,4,426_hockey_league_boys_ice,"hockey, league, boys, ice, girls, season, schedule, u9, game, committee","X

Log in

Luxembourg Hockey Club

  * Home 
  * Club 
    * News 
    * Committee 
    * Code of conduct 
    * Registration form 
    * Membership fees 
    * Courses 
    * Volunteering 
    * Events 
    * Data protection 
  * Calendar 
  * League 
    * Matches scores 
    * Matches reports 
    * Season calendar 
  * Youth hockey 
    * News 
    * Year timeline 
    * Training 
    * Competition 
    * Rules & Regulation 
    * Hockey camps 
    * Useful addresses 
  * Adult hockey 
    *...
---
X

Log in

Luxembourg Hockey Club

  * Home 
  * Club 
    * News 
    * Committee 
    * Code of conduct 
    * Registration form 
    * Membership fees 
    * Courses 
    * Volunteering 
    * Events 
    * Data protection 
  * Calendar 
  * League 
    * Matches scores 
    * Matches reports 
    * Season calendar 
  * Youth hockey 
    * News 
    * Year timeline 
    * Training 
    * Competition 
    * Rules & Regulation 
    * Hockey camps 
    * Useful addresses 
  * Adult hockey 
    *...
---
X

Log in

Luxembourg Hockey Club

  * Home 
  * Club 
    * News 
    * Committee 
    * Code of conduct 
    * Registration form 
    * Membership fees 
    * Courses 
    * Volunteering 
    * Events 
    * Data protection 
  * Calendar 
  * League 
    * Matches scores 
    * Matches reports 
    * Season calendar 
  * Youth hockey 
    * News 
    * Year timeline 
    * Training 
    * Competition 
    * Rules & Regulation 
    * Hockey camps 
    * Useful addresses 
  * Adult hockey 
    *..."
427,14,7,427_law_avocats_lawyer_352 44,"law, avocats, lawyer, 352 44, litigation, intellectual, lawyers, 37, intellectual property, telecom","<

  * FR
  * EN

  * HOME
  * EXPERTISE
    * IT - eCommerce
    * CORPORATE LAW
    * INTELLECTUAL PROPERTY
    * ENTERTAINMENT, TELECOM & MEDIA
    * DATA PROTECTION
    * EMPLOYMENT
    * MERGERS & ACQUISITION
    * COMPETITION LAW
    * CORPORATE SERVICES AND DOMICILIATION
    * LITIGATION
    * INSOLVENCY
    * FOOD LAW
    * FINANCE
  * WHY LG AVOCATS ?
  * ABOUT
  * PUBLICATIONS
  * CONTACT
  * TERMS OF BUSINESS

  *   *   * 

8-10 rue Mathias Hardt L-1717 Luxembourg  
T: +352.44.37.37.1...
---
<

  * FR
  * EN

  * HOME
  * EXPERTISE
    * IT - eCommerce
    * CORPORATE LAW
    * INTELLECTUAL PROPERTY
    * ENTERTAINMENT, TELECOM & MEDIA
    * DATA PROTECTION
    * EMPLOYMENT
    * MERGERS & ACQUISITION
    * COMPETITION LAW
    * CORPORATE SERVICES AND DOMICILIATION
    * LITIGATION
    * INSOLVENCY
    * FOOD LAW
    * FINANCE
  * WHY LG AVOCATS ?
  * ABOUT
  * PUBLICATIONS
  * CONTACT
  * TERMS OF BUSINESS

  *   *   * 

8-10 rue Mathias Hardt L-1717 Luxembourg  
T: +352.44.37.37.1...
---
* FR
  * EN

  * HOME
  * EXPERTISE
    * IT - eCommerce
    * CORPORATE LAW
    * INTELLECTUAL PROPERTY
    * ENTERTAINMENT, TELECOM & MEDIA
    * DATA PROTECTION
    * EMPLOYMENT
    * MERGERS & ACQUISITION
    * COMPETITION LAW
    * CORPORATE SERVICES AND DOMICILIATION
    * LITIGATION
    * INSOLVENCY
    * FOOD LAW
    * FINANCE
  * WHY LG AVOCATS ?
  * ABOUT
  * PUBLICATIONS
  * CONTACT
  * TERMS OF BUSINESS

  * FR
  * EN

  * HOME
  * EXPERTISE
    * IT - eCommerce
    * CORPORATE LAW
 ..."
428,14,7,428_référencement_création_seo_commerce,"référencement, création, seo, commerce, 26 66, cloud, remove, hosting, marketing, stratégie","* Accueil
  * Nos services
    * Référencement naturel
    * Google Ads
    * Création de sites internet
    * Stratégie digitale
    * Agence web WordPress
    * Création de sites e-commerce
    * Refonte de sites
    * Création de site WordPress
  * Nos références
  * CONTACTEZ-NOUS

Sélectionner une page

# 4

par admin_lew | Mai 26, 2020
#### Articles récents

  * 10 tendances du webdesign en 2022

#### Nos services

  * Agence SEO spécialisée en référencement naturel
  * UX/UI design
  * Cr...
---
* Accueil
  * Nos services
    * Référencement naturel
    * Google Ads
    * Création de sites internet
    * Stratégie digitale
    * Agence web WordPress
    * Création de sites e-commerce
    * Refonte de sites
    * Création de site WordPress
  * Nos références
  * CONTACTEZ-NOUS

Sélectionner une page

# 1

par admin_lew | Mai 26, 2020
#### Articles récents

  * 10 tendances du webdesign en 2022

#### Nos services

  * Agence SEO spécialisée en référencement naturel
  * UX/UI design
  * Cr...
---
* Accueil
  * Nos services
    * Référencement naturel
    * Google Ads
    * Création de sites internet
    * Stratégie digitale
    * Agence web WordPress
    * Création de sites e-commerce
    * Refonte de sites
    * Création de site WordPress
  * Nos références
  * CONTACTEZ-NOUS

Sélectionner une page

# CMS

par Damien Ozer | Jan 13, 2021
#### Articles récents

  * 10 tendances du webdesign en 2022

#### Nos services

  * Agence SEO spécialisée en référencement naturel
  * UX/UI design
  ..."
429,14,5,429_tuesday_mix_reply_https,"tuesday, mix, reply, https, people, projects, 01 2022, space, podcast, jul","###  syn2cat

The Geek and Hacker Community

  * About us
  * Where to find us
  * Join us!
  * Contact

  * » Wiki
  * » Level2
  * » Planet
  * » Github

  1.  
  2. Posts tagged: GA

##  2011 is going to become hack-tacular!

Jan

2

2011

In the name of syn2cat's administrative council, I'd like to wish you all a
happy new year 2011! While 2010 has been a great year for syn2cat, 2011 is
going to become even more spectacular. And you, as a member and supporter of
our hackerspace are a guarant...
---
#  syn2cat

The Geek and Hacker Community

  * About us
  * Where to find us
  * Join us!
  * Contact

  * » Wiki
  * » Level2
  * » Planet
  * » Github

  1.  
  2. Blog

1 2 3 4 5 6 … 16 Next »

##  Projects 2023

Oct

20

2022

Come to the syn2cat hackerspace to socialise, to learn and to attend the
workshops you can find on our projects page: SolderingMarble
adderMicrocontroller programmingRetrogamingHome Automation Workshops calendar
will be available soon, please contact us to share your i...
---
#  syn2cat

The Geek and Hacker Community

  * About us
  * Where to find us
  * Join us!
  * Contact

  * » Wiki
  * » Level2
  * » Planet
  * » Github

  1.  
  2. Blog

1 2 3 4 5 6 … 16 Next »

##  Projects 2023

Oct

20

2022

Come to the syn2cat hackerspace to socialise, to learn and to attend the
workshops you can find on our projects page: SolderingMarble
adderMicrocontroller programmingRetrogamingHome Automation Workshops calendar
will be available soon, please contact us to share your i..."
430,14,9,430_352 92_einrichtungen_referenzen_referenzen kontakt,"352 92, einrichtungen, referenzen, referenzen kontakt, hosingen, geschenke, kraft, karten, 64, 92","Unsere Website verwendet Cookies, um das Nutzungsverhalten auf dieser Website
zu verbessern. Wenn Sie unsere Website weiter nutzen, erklaren Sie sich mit
der Verwendung der Cookies einverstanden, wie in unserer Datenschutz- und
Cookie-Politik detailliert.

Bestatigen

  * +352 92.13.64
  * info@dohm.lu

Deutsch

  * Franzosisch 

Die Tradition eines Familienunternehmens seit 1871

  * +352 92.13.64
  * info@dohm.lu

Deutsch

  * Franzosisch 

Toggle navigation

  *   * Prasentation
    * Betrieb...
---
Unsere Website verwendet Cookies, um das Nutzungsverhalten auf dieser Website
zu verbessern. Wenn Sie unsere Website weiter nutzen, erklaren Sie sich mit
der Verwendung der Cookies einverstanden, wie in unserer Datenschutz- und
Cookie-Politik detailliert.

Bestatigen

  * +352 92.13.64
  * info@dohm.lu

Deutsch

  * Franzosisch 

Die Tradition eines Familienunternehmens seit 1871

  * +352 92.13.64
  * info@dohm.lu

Deutsch

  * Franzosisch 

Toggle navigation

  *   * Prasentation
    * Betrieb...
---
Unsere Website verwendet Cookies, um das Nutzungsverhalten auf dieser Website
zu verbessern. Wenn Sie unsere Website weiter nutzen, erklaren Sie sich mit
der Verwendung der Cookies einverstanden, wie in unserer Datenschutz- und
Cookie-Politik detailliert.

Bestatigen

  * +352 92.13.64
  * info@dohm.lu

Deutsch

  * Franzosisch 

Die Tradition eines Familienunternehmens seit 1871

  * +352 92.13.64
  * info@dohm.lu

Deutsch

  * Franzosisch 

Toggle navigation

  *   * Prasentation
    * Betrieb..."
431,14,13,431_button_size_column_rhoncus,"button, size, column, rhoncus, default, etiam, elit sed, accumsan, porta, url","+352 26 11 97 11  

share

Toggle navigation

  * Accueil
  * Vente
  * Location
  * Etranger
    * Belgique
    * France
    * Portugal
    * Allemagne
  * Projets
  * Estimation
  * Financement
  * Contact

##  Buttons

[realtobutton size= »mini » title= »Button » link_url= »# »]  
[realtobutton size= »small » title= »Button » link_url= »# »]  
[realtobutton size= »default » title= »Button » link_url= »# »]  
[realtobutton size= »large » title= »Button » link_url= »# »]

### Default Bootstrap ...
---
Toggle navigation

  * Accueil
  * Vente
  * Location
  * Neuf
  * Gestion locative
  * Contact

##  Buttons

[realtobutton size= »mini » title= »Button » link_url= »# »]  
[realtobutton size= »small » title= »Button » link_url= »# »]  
[realtobutton size= »default » title= »Button » link_url= »# »]  
[realtobutton size= »large » title= »Button » link_url= »# »]

### Default Bootstrap Buttons

[button size= »mini » type= »primary » title= »Button Mini » link_url= »# »]
[button size= »mini » type...
---
* Accueil
  * Vente
  * Location
  * Neuf
  * Gérance
  * Contact

  
  

Toggle navigation

##  Buttons

[realtobutton size= »mini » title= »Button » link_url= »# »]  
[realtobutton size= »small » title= »Button » link_url= »# »]  
[realtobutton size= »default » title= »Button » link_url= »# »]  
[realtobutton size= »large » title= »Button » link_url= »# »]

### Default Bootstrap Buttons

[button size= »mini » type= »primary » title= »Button Mini » link_url= »# »]
[button size= »mini » type= »d..."
432,14,4,432_englisch_isolierung_französisch_review,"englisch, isolierung, französisch, review, toitures, luxemburgisch, ausgabe, book, verschiedenes, fassade","* Home
  * Philosophie
  * Produkte
    * Alle Produkte
    * Allgemein
      * Allgemeines Deutsch
      * Allgemeines Englisch
      * Allgemeines Französisch
      * Allgemeines Luxemburgisch
    * Wirtschaft
      * Wirtschaftsdeutsch
      * Wirtschaftsenglisch
      * Wirtschaftsfranzösisch
      * Wirtschaftsluxemburgisch
    * Juristisches
      * Juristisches Deutsch
      * Juristisches Englisch
      * Juristisches Französisch
      * Juristisches Luxemburgisch
    * Medizinisches
   ...
---
* Home
  * Philosophie
  * Produkte
    * Alle Produkte
    * Allgemein
      * Allgemeines Deutsch
      * Allgemeines Englisch
      * Allgemeines Französisch
      * Allgemeines Luxemburgisch
    * Wirtschaft
      * Wirtschaftsdeutsch
      * Wirtschaftsenglisch
      * Wirtschaftsfranzösisch
      * Wirtschaftsluxemburgisch
    * Juristisches
      * Juristisches Deutsch
      * Juristisches Englisch
      * Juristisches Französisch
      * Juristisches Luxemburgisch
    * Medizinisches
   ...
---
* Home
  * Philosophie
  * Produkte
    * Alle Produkte
    * Allgemein
      * Allgemeines Deutsch
      * Allgemeines Englisch
      * Allgemeines Französisch
      * Allgemeines Luxemburgisch
    * Wirtschaft
      * Wirtschaftsdeutsch
      * Wirtschaftsenglisch
      * Wirtschaftsfranzösisch
      * Wirtschaftsluxemburgisch
    * Juristisches
      * Juristisches Deutsch
      * Juristisches Englisch
      * Juristisches Französisch
      * Juristisches Luxemburgisch
    * Medizinisches
   ..."
433,14,9,433_bild_cabinet_animaux_animal,"bild, cabinet, animaux, animal, compagnie, med, urgences, 12h, clinique, chirurgie","Skip to content

  * ACCUEIL
  * A PROPOS
  * EQUIPE
  * SERVICES
  * ANIMAUX TROUVÉS
  * LIENS
    * Urgences
    * St Hubert
    * Voyages
    * Normes européennes
  * CONTACT

AccueilWeeb Agency2022-10-24T07:45:01+00:00

# Cabinet vétérinaire Keispelt

Cabinet vétérinaire pour le bien-être et la santé de vos animaux.

Notre cabinet

### Heures d'ouverture

Lundi - Vendredi 8:30 - 18:00  
Samedi 10:00 - 12:00  
Dimanche Fermé  
###  +352/26.30.26.70

###  [email protected]

## Bienvenue au Cab...
---
* Accueil
  * Informations
  * l'équipe
  * les services
  * contact
  * Rendez-Vous !

Sélectionner une page

CABINET Vétérinaire à Munsbach - Luxembourg

Entrez sur le site

Lieu & Horaires

Le cabinet vétérinaire Animal Practice Proment et Wieczorek est situé au cœur
du beau village de Munsbach, à deux pas de la gare.

N

Notre adresse : 212, rue Principale, L-5366 MUNSBACH. Parking privé devant le
cabinet et sur le côté gauche de la maison.

N

Le cabinet vétérinaire Animal Practice est spac...
---
﻿

Cabinet vétérinaire  Mag. med. vet. Gitzinger  24 rue de la Cité  
Remich, Luxemburg  
  
Consultation sur rendez vous:  
(+352) 621 522 428

  * Startseite
  * Praxis
  * über mich
  * Leistungen
  * Links
  * Sprechstunden
  * Kontakt

#  Impressum

##  

##  Tierarztpraxis (Cabinet vétérinaire)  
  
Mag. med. vet. Gitzinger  
Rue de la Cité 24  
Luxemburg - Remich 5517  
  
(+352) 621 522 428  
vet.gitzinger@gmail.com  
  
Anfahrt (Googlemap)  
www.tierarzt-gitzinger-remich.lu  
  
Inhaber..."
434,14,6,434_bildergalerie_preisliste_schneider_brouch,"bildergalerie, preisliste, schneider, brouch, 94, 87, carrières, àr, daten, senningerberg","* fr
  * de

  * Unsere Standorte 
    * Ernzen 
    * Altwies 
    * Brouch 
    * Folschette 
    * Senningerberg 
  * Steinbruchprodukte 
    * Daten 
  * Feidt Recycling 
    * Daten 
  * Bruchstein 
    * Bildergalerie 
    * Daten 
    * Kontakt 
  * Gabionen 
    * Bildergalerie 
    * Daten 
    * Kontakt 
  * Bearbeitete Steine 
    * Bildergalerie 
    * Daten 
    * Kontakt 
  * Steinbruch und Natur 
    * Bildergalerie 
  * Unsere Geräte 
    * Bildergalerie 

  * Privatpersonen 
  *...
---
* fr
  * de

  * Unsere Standorte 
    * Ernzen 
    * Altwies 
    * Brouch 
    * Folschette 
    * Senningerberg 
  * Steinbruchprodukte 
    * Daten 
  * Feidt Recycling 
    * Daten 
  * Bruchstein 
    * Bildergalerie 
    * Daten 
    * Kontakt 
  * Gabionen 
    * Bildergalerie 
    * Daten 
    * Kontakt 
  * Bearbeitete Steine 
    * Bildergalerie 
    * Daten 
    * Kontakt 
  * Steinbruch und Natur 
    * Bildergalerie 
  * Unsere Geräte 
    * Bildergalerie 

  * Privatpersonen 
  *...
---
* fr
  * de

  * Unsere Standorte 
    * Ernzen 
    * Altwies 
    * Brouch 
    * Folschette 
    * Senningerberg 
  * Steinbruchprodukte 
    * Daten 
  * Feidt Recycling 
    * Daten 
  * Bruchstein 
    * Bildergalerie 
    * Daten 
    * Kontakt 
  * Gabionen 
    * Bildergalerie 
    * Daten 
    * Kontakt 
  * Bearbeitete Steine 
    * Bildergalerie 
    * Daten 
    * Kontakt 
  * Steinbruch und Natur 
    * Bildergalerie 
  * Unsere Geräte 
    * Bildergalerie 

  * Privatpersonen 
  *..."
435,14,6,435_food_waste_distribution_days,"food, waste, distribution, days, planet, assemblée, rotondes, loss, assemblée générale, ginn","Skip to content

Foodsharing Luxembourg

Reducing food waste

Menu

  * Home
  * News
    * Press Release
    * In the press
  * Info
    * Political Demands
    * Our Story
    * Shelf-life of food
    * Members and Foodsavers
    * Foodsharing Points
    * For the Press
  * Participate
    * As business
    * As member
      * Group Agreement
    * As donator
  * English
    * English
    * Lëtzebuergesch
    * Français

  * Our Facebook
  * Our Instagram

# For the Press

Foodsaving by Lia Bl...
---
Skip to content

Foodsharing Luxembourg

Reducing food waste

Menu

  * Home
  * News
    * Press Release
    * In the press
  * Info
    * Political Demands
    * Our Story
    * Shelf-life of food
    * Members and Foodsavers
    * Foodsharing Points
    * For the Press
  * Participate
    * As business
    * As member
      * Group Agreement
    * As donator
  * English
    * English
    * Lëtzebuergesch
    * Français

  * Our Facebook
  * Our Instagram

# News

## Political demands against ...
---
Skip to content

Foodsharing Luxembourg

Reducing food waste

Menu

  * Home
  * News
    * Press Release
    * In the press
  * Info
    * Political Demands
    * Our Story
    * Shelf-life of food
    * Members and Foodsavers
    * Foodsharing Points
    * For the Press
  * Participate
    * As business
    * As member
      * Group Agreement
    * As donator
  * English
    * English
    * Lëtzebuergesch
    * Français

  * Our Facebook
  * Our Instagram

# Home

Welcome to Foodsharing Luxemb..."
436,14,5,436_doheem_hëllef_projekt_fonds,"doheem, hëllef, projekt, fonds, stiftung, menu toggle, pflege, bedarf, stockage accès, accès technique","#

## Aides et soins au Luxembourg

Newsletter 40 20 80 Nous trouver

Toggle menu

  * Startseite
  * Ihr Bedarf
    * Bedarf zu Hause
      * Hilfe im alltäglichen Leben
      * Aktivitäten zur Unterstützung der Unabhängigkeit
      * Propper Doheem
      * Häusliche Pflege
      * Wundmanagement
      * Spezialisierte Pflege
      * Palliativpflege
      * Brückenpflege
      * Unsere Nachtwachen
      * Téléalarme
      * Senior Plus
    * Tagesstätten
      * uns finden ?
  * Projekte
    * ...
---
## Aides et soins au Luxembourg

Newsletter 40 20 80 Nous trouver

Toggle menu

  * Startseite
  * Ihr Bedarf
    * Bedarf zu Hause
      * Hilfe im alltäglichen Leben
      * Aktivitäten zur Unterstützung der Unabhängigkeit
      * Propper Doheem
      * Häusliche Pflege
      * Wundmanagement
      * Spezialisierte Pflege
      * Palliativpflege
      * Brückenpflege
      * Unsere Nachtwachen
      * Téléalarme
      * Senior Plus
    * Tagesstätten
      * uns finden ?
  * Projekte
    * Das...
---
## Aides et soins au Luxembourg

Newsletter 40 20 80 Nous trouver

Toggle menu

  * Startseite
  * Ihr Bedarf
    * Bedarf zu Hause
      * Hilfe im alltäglichen Leben
      * Aktivitäten zur Unterstützung der Unabhängigkeit
      * Propper Doheem
      * Häusliche Pflege
      * Wundmanagement
      * Spezialisierte Pflege
      * Palliativpflege
      * Brückenpflege
      * Unsere Nachtwachen
      * Téléalarme
      * Senior Plus
    * Tagesstätten
      * uns finden ?
  * Projekte
    * Das..."
437,14,4,437_ligue_league_coupe_dames hommes,"ligue, league, coupe, dames hommes, dames, hommes, stroossen, championnat, coupe luxembourg, walfer","*   * 

Menu

  * WELCOME
  * NEWS
  * RESULTS
    * News
    * Championnat
      * Dames
      * Hommes
      * Cadettes / Cadets U19
      * Scolaires
      * Minimes
    * Coupe de Luxembourg
      * Dames
      * Hommes
      * Cadettes
      * Cadets U19
    * Coupe FLVB
      * Dames
      * Hommes
    * Super CUP
      * Dames
      * Hommes
    * Coupe d'Europe
      * Dames
      * Hommes
  * LIVE TICKER
  * FLVB SITE

  * WELCOME
  * NEWS
  * RESULTS 
###  INDOOR NEWS

    * Stroossen ...
---
*   * 

Menu

  * WELCOME
  * NEWS
  * RESULTS
    * News
    * Championnat
      * Dames
      * Hommes
      * Cadettes / Cadets U19
      * Scolaires
      * Minimes
    * Coupe de Luxembourg
      * Dames
      * Hommes
      * Cadettes
      * Cadets U19
    * Coupe FLVB
      * Dames
      * Hommes
    * Super CUP
      * Dames
      * Hommes
    * Coupe d'Europe
      * Dames
      * Hommes
  * LIVE TICKER
  * FLVB SITE

  * WELCOME
  * NEWS
  * RESULTS 
###  INDOOR NEWS

    * Stroossen ...
---
*   * 

Menu

  * WELCOME
  * NEWS
  * RESULTS
    * News
    * Championnat
      * Dames
      * Hommes
      * Cadettes / Cadets U19
      * Scolaires
      * Minimes
    * Coupe de Luxembourg
      * Dames
      * Hommes
      * Cadettes
      * Cadets U19
    * Coupe FLVB
      * Dames
      * Hommes
    * Super CUP
      * Dames
      * Hommes
    * Coupe d'Europe
      * Dames
      * Hommes
  * LIVE TICKER
  * FLVB SITE

  * WELCOME
  * NEWS
  * RESULTS 
###  INDOOR NEWS

    * Stroossen ..."
438,14,11,438_2023 clubee_clubee_2010 2023_copyright 2010,"2023 clubee, clubee, 2010 2023, copyright 2010, dt, impressum cookie, 2010, dateschutzerklärung notzungsbedengungen, clubee virbehalen, virbehalen notéiert","# Cookies settings

Copyright (C) 2010 - 2023 Clubee. All Rechter virbehalen Notéiert weg, beim
Besichen vun deser Säit akzeptéiert Dir   Dateschutzerklärung an
Notzungsbedengungen. Impressum. Cookie Astellungen.
---
# Cookies settings

Copyright (C) 2010 - 2023 Clubee. All Rechter virbehalen Notéiert weg, beim
Besichen vun deser Säit akzeptéiert Dir   Dateschutzerklärung an
Notzungsbedengungen. Impressum. Cookie Astellungen.
---
# Cookies settings

Copyright (C) 2010 - 2023 Clubee. All Rechter virbehalen Notéiert weg, beim
Besichen vun deser Säit akzeptéiert Dir   Dateschutzerklärung an
Notzungsbedengungen. Impressum. Cookie Astellungen."
439,14,9,439_20h00_08h00_fleurs_09h00,"20h00, 08h00, fleurs, 09h00, plantes, décorations, mariage, 21h00, anniversaire, fermé","Skip to content

+352 48 39 82  | +352 621 1691 13 |Mardi au vendredi: 8h30-12h / 14h-18h30 Samedi : 8h30-18h Dimanche : 9h-12h 
  * Accueil
  * Présentation
  * Nos prestations
    * Compositions florales, bouquets et plantes en pots
    * Mariage, anniversaire, baptême
    * Deuil
  * Décorations
  * Nos créations
  * Contact

Menu Fermer

  * Accueil
  * Présentation
  * Nos prestations
    * Compositions florales, bouquets et plantes en pots
    * Mariage, anniversaire, baptême
    * Deuil
 ...
---
Skip to main content

105  Enseignes  
A VOTRE SERVICE

Aujourd'hui

Galerie  
09h00 - 20h00 Cactus  
08h00 - 21h00

Horaires pour cette semaine (du 05.06 au 11.06)

Lundi

09h00 - 20h00

08h00 - 20h00

Mardi

09h00 - 20h00

08h00 - 20h00

Mercredi

09h00 - 20h00

08h00 - 20h00

Jeudi

09h00 - 20h00

08h00 - 20h00

Vendredi

09h00 - 20h00

08h00 - 21h00

Samedi

09h00 - 19h00

08h00 - 20h00

Dimanche

Fermé

Fermé

Lundi

08h00 - 20h00

Mardi

08h00 - 20h00

Mercredi

08h00 - 20h00

Jeudi

08h00...
---
Skip to main content

105  Enseignes  
A VOTRE SERVICE

Aujourd'hui

Galerie  
09h00 - 20h00 Cactus  
08h00 - 21h00

Horaires pour cette semaine (du 29.05 au 04.06)

Lundi Férié

Fermé

Fermé

Mardi

09h00 - 20h00

08h00 - 20h00

Mercredi

09h00 - 20h00

08h00 - 20h00

Jeudi

09h00 - 20h00

08h00 - 20h00

Vendredi

09h00 - 20h00

08h00 - 21h00

Samedi

09h00 - 19h00

08h00 - 20h00

Dimanche

Fermé

Fermé

Lundi Férié

Fermé

Mardi

08h00 - 20h00

Mercredi

08h00 - 20h00

Jeudi

08h00 - 20h00

Ve..."
440,14,5,440_fleisch_wood_paypal_cart,"fleisch, wood, paypal, cart, kunde, products cart, lieferzeit, verkäufer, zzgl versandkosten, versandkosten","0

  * No products in the cart.

Cart  Total:0,00 €

  * Home
  * Über uns
  * Galloways
  * Galloway Fleisch
  * Gallery
  * Shop
    * Fleisch
    * Gewürze
    * Grillen
    * Messer
      * Deejo
        * deejo black
        * deejo composite
        * deejo exeption
        * deejo serration
        * deejo Linkshänder
        * deejo Nacked
        * deejo Tattoo
          * Tattoo 27g
          * Tattoo 37g
        * deejo wood colors
        * deejo wood natural
        * deejo Zubehöhr...
---
0

  * No products in the cart.

Cart  Total:0,00 €

  * Home
  * Über uns
  * Galloways
  * Galloway Fleisch
  * Gallery
  * Shop
    * Fleisch
    * Gewürze
    * Grillen
    * Messer
      * Deejo
        * deejo black
        * deejo composite
        * deejo exeption
        * deejo serration
        * deejo Linkshänder
        * deejo Nacked
        * deejo Tattoo
          * Tattoo 27g
          * Tattoo 37g
        * deejo wood colors
        * deejo wood natural
        * deejo Zubehöhr...
---
0

  * No products in the cart.

Cart  Total:0,00 €

  * Home
  * Über uns
  * Galloways
  * Galloway Fleisch
  * Gallery
  * Shop
    * Fleisch
    * Gewürze
    * Grillen
    * Messer
      * Deejo
        * deejo black
        * deejo composite
        * deejo exeption
        * deejo serration
        * deejo Linkshänder
        * deejo Nacked
        * deejo Tattoo
          * Tattoo 27g
          * Tattoo 37g
        * deejo wood colors
        * deejo wood natural
        * deejo Zubehöhr..."
441,14,6,441_laser_épilation_traitements_behandlung,"laser, épilation, traitements, behandlung, lesen, appareil, traitement, rdv, patients, fermer","Aller au contenu

  * Accueil
  * Espace patients
    * Fermer
    * Traitements de la peau
      * Injection PRP
      * Détatouage
      * Lifting laser 4D
      * Injection acide hyaluronique
      * Peeling visage
      * Traitement des cicatrices et vergetures au laser
      * Traitement de l'acné et des cicatrices d'acné
      * Traitement des taches pigmentaires
      * TightSculpting® – Traitement du relâchement cutané
      * Resurfacing laser
    * Traitements esthétiques
      * Épila...
---
Aller au contenu

  * Accueil
  * Espace patients
    * Fermer
    * Traitements de la peau
      * Injection PRP
      * Détatouage
      * Lifting laser 4D
      * Injection acide hyaluronique
      * Peeling visage
      * Traitement des cicatrices et vergetures au laser
      * Traitement de l'acné et des cicatrices d'acné
      * Traitement des taches pigmentaires
      * TightSculpting® – Traitement du relâchement cutané
      * Resurfacing laser
    * Traitements esthétiques
      * Épila...
---
Aller au contenu

  * Accueil
  * Espace patients
    * Fermer
    * Traitements de la peau
      * Injection PRP
      * Détatouage
      * Lifting laser 4D
      * Injection acide hyaluronique
      * Peeling visage
      * Traitement des cicatrices et vergetures au laser
      * Traitement de l'acné et des cicatrices d'acné
      * Traitement des taches pigmentaires
      * TightSculpting® – Traitement du relâchement cutané
      * Resurfacing laser
    * Traitements esthétiques
      * Épila..."
442,14,4,442_détails_immo_heureux_cliquez,"détails, immo, heureux, cliquez, thermiques, proposer, m², surface habitable, appartement, duplex","* Connexion
  *   *   * 

contact@ecimmo.lu

EC IMMO

  * Acheter Vendre ou Louer
  * Estimation
  * Nos Services
  * L' Agence
  * Contact

Nous recrutons

International

Investisseurs

# Location Appartement Studio ESCH SUR ALZETTE  
EC IMMO

  * Accueil
  * Acheter Vendre ou Louer
  * Appartement Studio

## Appartement Studio - ESCH SUR ALZETTE

* * *
##### Description

ESCH SUR ALZETTE  LOCATION NON MEUBLEE     VIENT D ETRE LOUE  
  
EC IMMO Luxembourg est heureux de vous proposer en exclusi...
---
* Connexion
  *   *   * 

contact@ecimmo.lu

EC IMMO

  * Acheter Vendre ou Louer
  * Estimation
  * Nos Services
  * L' Agence
  * Contact

Nous recrutons

International

Investisseurs

# Achat, Vente & Location à LUXEMBOURG  
EC IMMO

  * Accueil
  * Acheter Vendre ou Louer

##### Filtres de Recherche

Villes / Secteurs : Toutes les villes DUDELANGE ESCH SUR ALZETTE LUXEMBOURG
Gasperich Luxembourg Hollerich Luxembourg Weimerskirch PETANGE REMICH RODANGE
SOLEUVRE

Vente/Location : Tous types Ve...
---
* Connexion
  *   *   * 

contact@ecimmo.lu

EC IMMO

  * Acheter Vendre ou Louer
  * Estimation
  * Nos Services
  * L' Agence
  * Contact

Nous recrutons

International

Investisseurs

# Achat, Vente & Location à LUXEMBOURG  
EC IMMO

  * Accueil
  * Acheter Vendre ou Louer

##### Filtres de Recherche

Villes / Secteurs : Toutes les villes DUDELANGE ESCH SUR ALZETTE LUXEMBOURG
Gasperich Luxembourg Hollerich Luxembourg Weimerskirch PETANGE REMICH RODANGE
SOLEUVRE

Vente/Location : Tous types Ve..."
443,14,6,443_filing_certificate_rcs_electronic,"filing, certificate, rcs, electronic, account, completed, documents, screen, create, person","# General information

Notes presented by the LUXEMBOURG BUSINESS REGISTERS:

  * Are of a general nature and are not aimed at any particular situation of a natural person or legal entity ;
  * Are of an explanatory and documentary nature ;
  * Aim at answering a number of questions raised by RCS or RBE users ;
  * Are of no legal value, and no liability may be imparted to the LUXEMBOURG BUSINESS REGISTERS following these notes ;
  * Are not necessarily complete, exhaustive or up to date ;
  * M...
---
# General information

Notes presented by the LUXEMBOURG BUSINESS REGISTERS:

  * Are of a general nature and are not aimed at any particular situation of a natural person or legal entity ;
  * Are of an explanatory and documentary nature ;
  * Aim at answering a number of questions raised by RCS or RBE users ;
  * Are of no legal value, and no liability may be imparted to the LUXEMBOURG BUSINESS REGISTERS following these notes ;
  * Are not necessarily complete, exhaustive or up to date ;
  * M...
---
# General information

Notes presented by the LUXEMBOURG BUSINESS REGISTERS:

  * Are of a general nature and are not aimed at any particular situation of a natural person or legal entity ;
  * Are of an explanatory and documentary nature ;
  * Aim at answering a number of questions raised by RCS or RBE users ;
  * Are of no legal value, and no liability may be imparted to the LUXEMBOURG BUSINESS REGISTERS following these notes ;
  * Are not necessarily complete, exhaustive or up to date ;
  * M..."
444,14,5,444_romeo_cat_immobilière_000,"romeo, cat, immobilière, 000, accueil vente, 000 000, 116, rue principale, schuttrange, hotel","Luxury home in Luxembourg

  * Accueil
  * Vente
  * Location
  * Services
  * Contact
  *   * 

massimo@romeo.lu

+352 621 26 75 26

  *   *   *   * 

Envoyez-nous un e-mail à : massimo@romeo.lu

Luxury home in Luxembourg

Menu

  * Accueil
  * Vente
  * Location
  * Services
  * Contact
  *   * 

  * Accueil
  * Vente
  * Location
  * Services
  * Contact
  *   * 

##  +352 621 26 75 26

# ROMEO Immobilière SARL

## ROMEO Immobilière SARL

Depuis 2017, l’Agence ROMEO Immobilière met à votre se...
---
Luxury home in Luxembourg

  * Accueil
  * Vente
  * Location
  * Services
  * Contact
  *   * 

massimo@romeo.lu

+352 621 26 75 26

  *   *   *   * 

Envoyez-nous un e-mail à : massimo@romeo.lu

Luxury home in Luxembourg

Menu

  * Accueil
  * Vente
  * Location
  * Services
  * Contact
  *   * 

  * Accueil
  * Vente
  * Location
  * Services
  * Contact
  *   * 

##  +352 621 26 75 26

# Commerce

Tries Par:   Ordre par défaut Prix bas à haut  Prix élevé à bas Date ancienne
à nouvelle Date n...
---
Luxury home in Luxembourg

  * Accueil
  * Vente
  * Location
  * Services
  * Contact
  *   * 

massimo@romeo.lu

+352 621 26 75 26

  *   *   *   * 

Envoyez-nous un e-mail à : massimo@romeo.lu

Luxury home in Luxembourg

Menu

  * Accueil
  * Vente
  * Location
  * Services
  * Contact
  *   * 

  * Accueil
  * Vente
  * Location
  * Services
  * Contact
  *   * 

##  +352 621 26 75 26

# Location

Tries Par:   Ordre par défaut Prix bas à haut  Prix élevé à bas Date ancienne
à nouvelle Date n..."
445,14,8,445_handicap_school_secondary_primary,"handicap, school, secondary, primary, thema, activities, 2022 23, elections, mi, bereich","Close

  * Home
  * Über uns
    * Dienstleistungen
    * Verwaltungsrat
    * Mitglieder
    * Team
  * Galerie
  * Dokumente
    * Dokumente
    * Weblinks
  * Veröffentlichungen
    * Guide du Handicap
    * Bulletin
    * Nachrichten
    * Newsflash
    * Aktivitätsbericht
    * Radio Spots
    * Top Thema
    * Resolux
  * Support
    * Sponsoren
    * Spenden
  * Kontakt
    * Kontaktdaten
    * Stellenausschreibung
    * Veranstaltung hinzufügen
  * 

##

#### Die Dienststelle Info-Handic...
---
* 43 20 82 422
  * office@apeeel1.lu

  * Home
  * Activities
    * Extracurricular Activities
    * Newsletters
    * Interparents
    * School Fête
    * Social Fund
    * Ukraine
    * Project Lollipop
  * Working groups
    * Nursery & Primary
    * Secondary
    * Canteen
    * Educational Support
    * Health & Safety
      * COVID-19
        * Remote teaching
        * Parental solidarity
        * Exit strategy
        * Updates from APEEEL1
    * SWALS
    * Transport & Access
    * Wel...
---
* 43 20 82 422
  * office@apeeel1.lu

  * Home
  * Activities
    * Extracurricular Activities
    * Newsletters
    * Interparents
    * School Fête
    * Social Fund
    * Ukraine
    * Project Lollipop
  * Working groups
    * Nursery & Primary
    * Secondary
    * Canteen
    * Educational Support
    * Health & Safety
      * COVID-19
        * Remote teaching
        * Parental solidarity
        * Exit strategy
        * Updates from APEEEL1
    * SWALS
    * Transport & Access
    * Wel..."
446,14,6,446_mitglieder_anmeldung_transports_weiterlesen,"mitglieder, anmeldung, transports, weiterlesen, medien, sarl, charity, partner, wall, offene","Skip to main content

  * HelloFuture 
  * Écho des Entreprises 

de

  * fr
  * en

  * Unsere Mitglieder 
    * Mitgliedsverzeichnis 
    * Warum Mitglied werden? 
    * Mitglied werden 
  * Unsere Themen 
    * Digitalisierung & Innovation 
    * Umwelt & Energie 
    * Arbeitsverhältnisse & Talente 
    * Andere Themen 
  * Unsere Medien 
    * Positionen 
    * Publikationen 
    * Pressemeldungen 
    * Projekte 
    * Podcasts 
  * Mitglieder News 
  * Agenda 
  * Über uns 
    * Wer sind...
---
Skip to main content

  * HelloFuture 
  * Écho des Entreprises 

de

  * fr
  * en

  * Unsere Mitglieder 
    * Mitgliedsverzeichnis 
    * Warum Mitglied werden? 
    * Mitglied werden 
  * Unsere Themen 
    * Digitalisierung & Innovation 
    * Umwelt & Energie 
    * Arbeitsverhältnisse & Talente 
    * Andere Themen 
  * Unsere Medien 
    * Positionen 
    * Publikationen 
    * Pressemeldungen 
    * Projekte 
    * Podcasts 
  * Mitglieder News 
  * Agenda 
  * Über uns 
    * Wer sind...
---
Skip to main content

  * HelloFuture 
  * Écho des Entreprises 

de

  * fr
  * en

  * Unsere Mitglieder 
    * Mitgliedsverzeichnis 
    * Warum Mitglied werden? 
    * Mitglied werden 
  * Unsere Themen 
    * Digitalisierung & Innovation 
    * Umwelt & Energie 
    * Arbeitsverhältnisse & Talente 
    * Andere Themen 
  * Unsere Medien 
    * Positionen 
    * Publikationen 
    * Pressemeldungen 
    * Projekte 
    * Podcasts 
  * Mitglieder News 
  * Agenda 
  * Über uns 
    * Wer sind..."
447,14,6,447_chambre commerce_opportunités_tourisme_fondation,"chambre commerce, opportunités, tourisme, fondation, devenez, chambre, membres, prise contact, vision mission, projekte","Skip to content

  * A Propos
    * Présentation
    * Notre vision
    * Notre mission
    * Conseil d'Administration
    * Statuts de la Chambre
    * Confidentialité
  * Nos services
    * Networking et prise de contact avec les entreprises
    * Marketing et gestion d'évènements commerciaux
    * Etude de marché et opportunités au Pérou en Europe et au Luxembourg
    * Consulting et assistance pour réaliser des affaires
  * Nos membres
    * Membres Actifs
    * Membres de Soutien
    * Deve...
---
Skip to content

  * A Propos
    * Présentation
    * Notre vision
    * Notre mission
    * Conseil d'Administration
    * Statuts de la Chambre
    * Confidentialité
  * Nos services
    * Networking et prise de contact avec les entreprises
    * Marketing et gestion d'évènements commerciaux
    * Etude de marché et opportunités au Pérou en Europe et au Luxembourg
    * Consulting et assistance pour réaliser des affaires
  * Nos membres
    * Membres Actifs
    * Membres de Soutien
    * Deve...
---
Skip to content

  * A Propos
    * Présentation
    * Notre vision
    * Notre mission
    * Conseil d'Administration
    * Statuts de la Chambre
    * Confidentialité
  * Nos services
    * Networking et prise de contact avec les entreprises
    * Marketing et gestion d'évènements commerciaux
    * Etude de marché et opportunités au Pérou en Europe et au Luxembourg
    * Consulting et assistance pour réaliser des affaires
  * Nos membres
    * Membres Actifs
    * Membres de Soutien
    * Deve..."
448,14,6,448_troubles_kinésithérapie_rééducation_manuelle,"troubles, kinésithérapie, rééducation, manuelle, marnach, maladie, lire suite, thérapie, patient, suite","* Luxkine est le site officiel de l'Association Luxembourgeoise des Kinésithérapeutes (ALK) pour les patients.

info@alk.lu

Search for:

Search for:

  * Trouvez un Kinésithérapeute
  * Renseignements Pratiques
  * Kinésithérapie
  * Pathologies
    * Pathologies
      * Cardiologie
      * Cancer du Sein
      * Gériatrie
      * Gynécologie/Urologie
      * Neuropédiatrie
      * Temporo-Mandibulaires
      * Vestibulaire
      * Traitement à Domicile
    * Le Dos
      * Introduction
      *...
---
* Luxkine est le site officiel de l'Association Luxembourgeoise des Kinésithérapeutes (ALK) pour les patients.

info@alk.lu

Search for:

Search for:

  * Trouvez un Kinésithérapeute
  * Renseignements Pratiques
  * Kinésithérapie
  * Pathologies
    * Pathologies
      * Cardiologie
      * Cancer du Sein
      * Gériatrie
      * Gynécologie/Urologie
      * Neuropédiatrie
      * Temporo-Mandibulaires
      * Vestibulaire
      * Traitement à Domicile
    * Le Dos
      * Introduction
      *...
---
* Luxkine est le site officiel de l'Association Luxembourgeoise des Kinésithérapeutes (ALK) pour les patients.

info@alk.lu

Search for:

Search for:

  * Trouvez un Kinésithérapeute
  * Renseignements Pratiques
  * Kinésithérapie
  * Pathologies
    * Pathologies
      * Cardiologie
      * Cancer du Sein
      * Gériatrie
      * Gynécologie/Urologie
      * Neuropédiatrie
      * Temporo-Mandibulaires
      * Vestibulaire
      * Traitement à Domicile
    * Le Dos
      * Introduction
      *..."
449,14,3,449_rééducation_raider_gérer_technical storage,"rééducation, raider, gérer, technical storage, storage access, afficher préférences, storage, classes, réinitialiser, diagnostic","* La commune
    * Politique
      * Le bourgmestre
      * Le collège échevinal
      * Le conseil communal
      * Les commissions consultatives
    * Administration
      * Secrétariat
      * Bureau de la population
      * Etat civil
      * Recette
      * Service Technique
    * Education
      * Ecole fondamentale
      * Maison relais
    * Histoire
  * Citoyens
    * A-Z
      * Allocation de vie chère de l’état
      * Autorisation parentale
      * Carte d’identité
      * Certificat...
---
* La commune
    * Politique
      * Le bourgmestre
      * Le collège échevinal
      * Le conseil communal
      * Les commissions
    * Présentation
      * Statistiques
      * Armoiries
      * Jumelage
      * Bourscheid – Histoire courte
    * Patrimoine et tourisme
  * Administration
    * Population/Etat civil
    * Recettes
    * Secrétariat
    * Service Médiation
    * Service technique
    * Atelier
  * Citoyens
    * Guide du citoyen
    * Démarches
      * Autorisation parentale
 ...
---
* La commune
    * Politique
      * Le bourgmestre
      * Le collège échevinal
      * Le conseil communal
      * Les commissions consultatives
    * Administration
      * Secrétariat
      * Bureau de la population
      * Etat civil
      * Recette
      * Service Technique
    * Education
      * Ecole fondamentale
      * Maison relais
    * Histoire
  * Citoyens
    * A-Z
      * Allocation de vie chère de l’état
      * Autorisation parentale
      * Carte d’identité
      * Certificat..."
450,14,9,450_asset management_asset_management_spirit,"asset management, asset, management, spirit, investment, ucits, funds, risks, joined, managed","* CHI SIAMO
  *   * SERVIZI
  *   * AREA  
DOWNLOAD

  *   * CONTATTI

  *   * 

  * CHI SIAMO
  * COMPANY PROFILE
  * SERVIZI
  * AREA DOWNLOAD
  * CONTATTI

  * IT
  * EN

DOWNLOAD  
COMPANY PROFILE

  * INTRODUZIONE
  * MANAGEMENT
  * MISSION

LA NOSTRA PASSIONE

PER I VOSTRI INTERESSI

NASCE DA LONTANO

Zeus Asset Management SA è una Società di Gestione autorizzata a svolgere, in
Lussemburgo, attività di gestione di fondi comuni di investimento.  
In qualità di Management Company Zeus Asset ...
---
* HOME
  * SPIRIT AM
  * INVESTMENT FUNDS
  * OUR SERVICES
  * RESPONSIBLE INVESTMENT
  * LEGAL DOCUMENTS
  * PRESS RELEASES
  * OUR PEOPLE
  * ENGLISH
    * Français
    * Deutsch

# Spirit Asset Management S.A.

Spirit Asset Management / Spirit Asset Management S.A.

Spirit Asset Management S.A. („SAM“) is a wealth manager incorporated in
Luxembourg.

Spirit Asset Management is fully regulated by the Commission de Surveillance
du Secteur Financier („CSSF“) of the Grand-Duchy of Luxembourg, and...
---
* HOME
  * SPIRIT AM
  * INVESTMENT FUNDS
  * OUR SERVICES
  * RESPONSIBLE INVESTMENT
  * LEGAL DOCUMENTS
  * PRESS RELEASES
  * OUR PEOPLE
  * ENGLISH
    * Français
    * Deutsch

# Our People

Spirit Asset Management / Our People

#### François-Régis Montazel

François-Régis is CEO and co-founder of Spirit Asset Management and Member of
its Board of Directors.

Prior, FR was Managing Director of EFG Bank (Luxembourg) S.A. since the
setting up of the Bank in 2006 (banking license received in J..."
451,14,8,451_bad_toiture_inhalte_freie,"bad, toiture, inhalte, freie, seiten, generale, büros, activite, lënster, junglinster","Zum Inhalt springen

00352 - 24 51 48 99kontakt@activite-lensterbierg.lu

Activité Lensterbierg Luxembourg

Handwerksbetriebe Küchengalerie Restaurant Junglinster

  * Home
  * FIRMEN
    * Küchen Galerie
    * Glasaspekt
    * Electricite Generale Wampach Pierre
    * Restaurant V8
    * Ihr Schreiner
    * Peinture Robling
    * Schlien Bad & Heizung
    * Lënster Bad
    * Carrelages Design
  * JOBS
  * FREIE BÜROS
  * Kontakt

  * Home
  * FIRMEN
    * Küchen Galerie
    * Glasaspekt
    * E...
---
Zum Inhalt springen

00352 - 24 51 48 99kontakt@activite-lensterbierg.lu

Activité Lensterbierg Luxembourg

Handwerksbetriebe Küchengalerie Restaurant Junglinster

  * Home
  * FIRMEN
    * Küchen Galerie
    * Glasaspekt
    * Electricite Generale Wampach Pierre
    * Restaurant V8
    * Ihr Schreiner
    * Peinture Robling
    * Schlien Bad & Heizung
    * Lënster Bad
    * Carrelages Design
  * JOBS
  * FREIE BÜROS
  * Kontakt

  * Home
  * FIRMEN
    * Küchen Galerie
    * Glasaspekt
    * E...
---
Zum Inhalt springen

00352 - 24 51 48 99kontakt@activite-lensterbierg.lu

Activité Lensterbierg Luxembourg

Handwerksbetriebe Küchengalerie Restaurant Junglinster

  * Home
  * FIRMEN
    * Küchen Galerie
    * Glasaspekt
    * Electricite Generale Wampach Pierre
    * Restaurant V8
    * Ihr Schreiner
    * Peinture Robling
    * Schlien Bad & Heizung
    * Lënster Bad
    * Carrelages Design
  * JOBS
  * FREIE BÜROS
  * Kontakt

  * Home
  * FIRMEN
    * Küchen Galerie
    * Glasaspekt
    * E..."
452,14,12,452_mai 2023_developer_mai_engineer,"mai 2023, developer, mai, engineer, immobilier, operational, études, kyc, java, ingénieurs","Passer au contenu

Menu

  * Identité
    * La société
    * Nos valeurs
    * Nos références
  * Nos compétences
    * Notre mission
    * Nos compétences
  * Acceuil
  * Carrière
  * Contact

  * Français
  * English

# Senior Business Analyst

iKe Solutions est une entreprise à taille humaine du secteur des technologies
de l'information, qui accompagne ses clients des secteurs secondaire et
tertiaire dans la transformation numérique et l'évolution de leurs systèmes
d'information. Et cela à tr...
---
Passer au contenu

Menu

  * Identité
    * La société
    * Nos valeurs
    * Nos références
  * Nos compétences
    * Notre mission
    * Nos compétences
  * Acceuil
  * Carrière
  * Contact

  * Français
  * English

# Devops Engineer

iKe Solutions is a human-sized company in the IT industry, which guides its
clients from the secondary and tertiary sectors into the digital
transformation and evolution of their information systems. And this through
project management, business/functional anal...
---
Passer au contenu

Menu

  * Identité
    * La société
    * Nos valeurs
    * Nos références
  * Nos compétences
    * Notre mission
    * Nos compétences
  * Acceuil
  * Carrière
  * Contact

  * Français
  * English

# Senior PHP/Symfony Developer

iKe. Solutions is a human-sized company in the IT industry, which guides its
clients from the secondary and tertiary sectors into the digital
transformation and evolution of their information systems. And this through
project management, business/f..."
453,14,7,453_court_el_architecture_casa,"court, el, architecture, casa, contacter 352, una, press zoom, hésitez contacter, zoom, del","top of page

# Court Architecture

## Luxembourg

  * ACCUEIL
  * PROJETS
  * PHILOSOPHIE
  * GERARDO COURT
  * SERVICES
  * CONTACT
  * BLOG
  * more...

Use tab to navigate through the menu items.

# Le soleil qui rentre dans votre coeur

  *   *   * 

L'un des aspects qui me passionne le plus dans l'architecture est sa capacite
a creer un monde meilleur et a influencer positivement les gens. L'architecte,
a travers l'exercice de sa profession, essaie de manipuler l'espace existant,
de creer d...
---
top of page

# Court Architecture

## Luxemburgo

  * INICIO
  * PROYECTOS
  * FILOSOFÍA
  * GERARDO COURT
  * SERVICIO
  * CONTACTO
  * BLOG
  * more...

Use tab to navigate through the menu items.

###### Reforma de  
Apartamento (Luxemburgo)

Minimalismo y funcionalidad como leitmotiv, aprovechamiento al maximo de los
espacios residuales...

###### Reforma de  
Casa unifamiliar (Luxemburgo)

La interrelacion entre el espacio del interior de la casa y el jardin,
mediante la generacion de vista...
---
top of page

# Court Architecture

## Luxemburgo

  * INICIO
  * PROYECTOS
  * FILOSOFÍA
  * GERARDO COURT
  * SERVICIO
  * CONTACTO
  * BLOG
  * more...

Use tab to navigate through the menu items.

##### Reforma de inmueble en el Plateau Bourbon - VdL [Luxemburgo] - II

Ver un tour de realidad virtual

Rénovation immeuble Plateau Bourbon II

Pour plus d'informations n'hésitez pas à nous contacter au +352 27 84 93 13
[Court Architecture Luxembourg]

press to zoom

Rénovation immeuble Plateau Bo..."
454,14,3,454_carrosserie_mécanique_visiteurs_présentation services,"carrosserie, mécanique, visiteurs, présentation services, contrôle technique, accueil présentation, fonctionnalités, catégorisés, cookies catégorisés, réaliser","Skip to content

+352 24 84 02 25  | info@autocarrosserie.lu |Lundi au Vendredi: 8h00 - 12h | 13h - 18h et le samedi : 08h00 - 12h00, seulement sur RDV. 
  * Accueil
  * Présentation
  * Nos services
    * Carrosserie / Peinture
    * Mécanique
    * Pneumatique
    * Contrôle technique
  * Nos actualités
  * Contact
  * Toggle website search

Menu Fermer

  * Accueil
  * Présentation
  * Nos services
    * Carrosserie / Peinture
    * Mécanique
    * Pneumatique
    * Contrôle technique
  * Nos...
---
Skip to content

+352 24 84 02 25  | info@autocarrosserie.lu |Lundi au Vendredi: 8h00 - 12h | 13h - 18h et le samedi : 08h00 - 12h00, seulement sur RDV. 
  * Accueil
  * Présentation
  * Nos services
    * Carrosserie / Peinture
    * Mécanique
    * Pneumatique
    * Contrôle technique
  * Nos actualités
  * Contact
  * Toggle website search

Menu Fermer

  * Accueil
  * Présentation
  * Nos services
    * Carrosserie / Peinture
    * Mécanique
    * Pneumatique
    * Contrôle technique
  * Nos...
---
Skip to content

+352 24 84 02 25  | info@autocarrosserie.lu |Lundi au Vendredi: 8h00 - 12h | 13h - 18h et le samedi : 08h00 - 12h00, seulement sur RDV. 
  * Accueil
  * Présentation
  * Nos services
    * Carrosserie / Peinture
    * Mécanique
    * Pneumatique
    * Contrôle technique
  * Nos actualités
  * Contact
  * Toggle website search

Menu Fermer

  * Accueil
  * Présentation
  * Nos services
    * Carrosserie / Peinture
    * Mécanique
    * Pneumatique
    * Contrôle technique
  * Nos..."
455,14,4,455_schlafzimmer_haus_m²_kaufen,"schlafzimmer, haus, m², kaufen, verkaufen, häuser, wohnung, 000, saeul, 000 00","* Kaufen
  * Mieten
  * Bewertung
  * Verkaufen
  * Umzug
  * Finanzierung
  * Versichern
  * Veröffentlichen

  * Profi-Zugang

  * DE
  * EN
  * FR

  * Veröffentlichen
  * Suchaufträge
  * Favoriten
  * 

DE

  * EN
  * FR

  * Kaufen
  * Mieten
  * Bewertung
  * Verkaufen
  * Umzug
  * Finanzierung
  * Versichern
  * Veröffentlichen

Immobilien Haus Kell

Kaufen

  * Kaufen
  * Mieten

Kell (DE)

Haus

  * Alle
  * Haus
    * Haus
    * Einfamilienhaus
    * Reihenhaus
    * Doppelhaushälfte...
---
* Kaufen
  * Mieten
  * Bewertung
  * Verkaufen
  * Umzug
  * Finanzierung
  * Versichern
  * Veröffentlichen

  * Profi-Zugang

  * DE
  * EN
  * FR

  * Veröffentlichen
  * Suchaufträge
  * Favoriten
  * 

DE

  * EN
  * FR

  * Kaufen
  * Mieten
  * Bewertung
  * Verkaufen
  * Umzug
  * Finanzierung
  * Versichern
  * Veröffentlichen

Immobilien Haus Vaux

Kaufen

  * Kaufen
  * Mieten

Vaux (FR)

Haus

  * Alle
  * Haus
    * Haus
    * Einfamilienhaus
    * Reihenhaus
    * Doppelhaushälfte...
---
* Kaufen
  * Mieten
  * Bewertung
  * Verkaufen
  * Umzug
  * Finanzierung
  * Versichern
  * Veröffentlichen

  * Profi-Zugang

  * DE
  * EN
  * FR

  * Veröffentlichen
  * Suchaufträge
  * Favoriten
  * 

DE

  * EN
  * FR

  * Kaufen
  * Mieten
  * Bewertung
  * Verkaufen
  * Umzug
  * Finanzierung
  * Versichern
  * Veröffentlichen

Immobilien Haus Perl

Kaufen

  * Kaufen
  * Mieten

Perl (DE)

Haus

  * Alle
  * Haus
    * Haus
    * Einfamilienhaus
    * Reihenhaus
    * Doppelhaushälfte..."
456,14,3,456_traitement_traitement données_données_finalités,"traitement, traitement données, données, finalités, données personnelles, personnelles, divulgation, intégrité, assurer, remplir obligation",", 18, Kettengaass - L-5680 Dalheim | Tél.: +352 26 311 992 / +352621758643 | Email: info@immocontact.lu
Suivez-nous sur

  * Accueil
  * Ventes
  * Locations
  * Neufs
  * Contact

## Politique de confidentialité

La présente politique de confidentialité définit et vous informe de la manière
dont IMMO-CONTACT S.à r.l. utilise et protège les informations que vous nous
transmettez, le cas échéant, lorsque vous utilisez le présent site accessible
à partir de l'URL suivante : http://www.immocontact....
---
, 18, Kettengaass - L-5680 Dalheim | Tél.: +352 26 311 992 / +352621758643 | Email: info@immocontact.lu
Suivez-nous sur

  * Accueil
  * Ventes
  * Locations
  * Neufs
  * Contact

## Politique de confidentialité

La présente politique de confidentialité définit et vous informe de la manière
dont IMMO-CONTACT S.à r.l. utilise et protège les informations que vous nous
transmettez, le cas échéant, lorsque vous utilisez le présent site accessible
à partir de l'URL suivante : http://www.immocontact....
---
, 18, Kettengaass - L-5680 Dalheim | Tél.: +352 26 311 992 / +352621758643 | Email: info@immocontact.lu
Suivez-nous sur

  * Accueil
  * Ventes
  * Locations
  * Neufs
  * Contact

## Politique de confidentialité

La présente politique de confidentialité définit et vous informe de la manière
dont IMMO-CONTACT S.à r.l. utilise et protège les informations que vous nous
transmettez, le cas échéant, lorsque vous utilisez le présent site accessible
à partir de l'URL suivante : http://www.immocontact...."
457,14,8,457_référence_352 55_années_graphique,"référence, 352 55, années, graphique, publicitaires, compter, gamme produits, réactivité, propositions, excellente","contact

### Prise de contact rapide

## Parlons de votre projet

  
  
  
J’accepte les conditions et la politique de confidentialité.  

Fermer

  * Accueil
  * Produits
    * Objets publicitaires
    * Textiles
    * Atelier graphique
  * Stanley/Stella
  * Atlantis Headwear
  * A propos
  * Actualites
  * Contact

fr

en

de

# A propos d'Ipso Facto

IPSO FACTO est votre agence de communication par l’objet, inévitable sur le
Luxembourg pour concevoir ou modeler votre marque à votre image.

L...
---
contact

### Prise de contact rapide

## Parlons de votre projet

  
  
  
J’accepte les conditions et la politique de confidentialité.  

Fermer

  * Accueil
  * Produits
    * Objets publicitaires
    * Textiles
    * Atelier graphique
  * Stanley/Stella
  * Atlantis Headwear
  * A propos
  * Actualites
  * Contact

fr

en

de

# We brand your brand !

IPSO FACTO, c'est votre spécialiste de l'objet publicitaire et du cadeau
personnalisé situé au Grand-Duché du Luxembourg, mais pas seulement …
...
---
contact

### Prise de contact rapide

## Parlons de votre projet

  
  
  
J’accepte les conditions et la politique de confidentialité.  

Fermer

  * Accueil
  * Produits
    * Objets publicitaires
    * Textiles
    * Atelier graphique
  * Stanley/Stella
  * Atlantis Headwear
  * A propos
  * Actualites
  * Contact

fr

en

de

# Contact

Vous êtes à la recherche d'un objet publicitaire personnalisé pour vos
clients, vos partenaires ou vos employés et désirez être recontacté par nos
experts po..."
458,14,6,458_àr_agence immobilière_passe_propose vente,"àr, agence immobilière, passe, propose vente, réinitialiser, connexion, immobilière, agence, appartement, revenir","* Ventes
  * Locations
  * Estimation
  * Nos vidéos
  * Contact

EN FR

### Connexion

Connexion

Créer un compte > Inscrivez-vous ici ! Mot de passe oublié ?

### S'inscrire

Sélectionnez le type d'utilisateur Voir les conditions générales du site

S'inscrire

Retour à la page de connexion

### Réinitialiser mot de passe

Réinitialiser mot de passe

Revenir à la connexion

  * +352 23 65 06 89  info@maramax.lu 

  * Ventes
  * Locations
  * Estimation
  * Nos vidéos
  * Contact
  * EN
  * FR

...
---
* Ventes
  * Locations
  * Estimation
  * Nos vidéos
  * Contact

EN FR

### Connexion

Connexion

Créer un compte > Inscrivez-vous ici ! Mot de passe oublié ?

### S'inscrire

Sélectionnez le type d'utilisateur Voir les conditions générales du site

S'inscrire

Retour à la page de connexion

### Réinitialiser mot de passe

Réinitialiser mot de passe

Revenir à la connexion

  * +352 23 65 06 89  info@maramax.lu 

  * Ventes
  * Locations
  * Estimation
  * Nos vidéos
  * Contact
  * EN
  * FR

...
---
* ACCUEIL
  * ACHAT
  * LOCATION
  * VENTE
  * FINANCEMENT
  * CONTACT

### S'identifier

S'identifier

Besoin d'un compte? Inscrivez-vous ici! Mot de passe oublié?

Connectez-vous avec Google

### registre

Sélectionnez le type d'utilisateur je suis d'accord avectermes et conditions
registre

Retour connexion

### réinitialiser le mot de passe

réinitialiser le mot de passe

Retour à la connexion

  * ACCUEIL
  * ACHAT
  * LOCATION
  * VENTE
  * FINANCEMENT
  * CONTACT

cliquez pour activer le ..."
459,14,6,459_matelas_médecins_1er_détails,"matelas, médecins, 1er, détails, 352 44, praxis, wemperhardt, 9h30, expert, tissus","skip to Main Content

A proposMagasins / ContactActu & VidéosProfessionnelsParticuliers

Service client (+352) 44 88 60|info@matelas.lu

  *   * 

  * Matelas
  * Sommiers
  * Linge lit & maison
  * Lits, mobilier & placards sur-mesure
  * Couettes & oreillers
  * Jardin
  * Expos

Open Mobile Menu

# Soldes

# Offres spéciales

# du 2 janvier au 28 janvier 2023 inclus.

# 👉 Jusqu’à 25% de remise sur les matelas de la marque STOLL.

# 👉 10% de remise sur toutes les commandes de lits, meubles et ...
---
skip to Main Content

A proposMagasins / ContactActu & VidéosProfessionnelsParticuliers

Service client (+352) 44 88 60|info@matelas.lu

  *   * 

  * Matelas
  * Sommiers
  * Linge lit & maison
  * Lits, mobilier & placards sur-mesure
  * Couettes & oreillers
  * Jardin
  * Expos

Open Mobile Menu

# Contact

### Magasin & Production – Ehlerange

Z.A.R.E. Ouest L-4384 Ehlerange  
Tél : (+352) 44 88 60  
Email : info@matelas.lu  
Ouvert du lundi au samedi de 9h30 à 18h00

facebooklinkedin

### C...
---
skip to Main Content

A proposMagasins / ContactActu & VidéosProfessionnelsParticuliers

Service client (+352) 44 88 60|info@matelas.lu

  *   * 

  * Matelas
  * Sommiers
  * Linge lit & maison
  * Lits, mobilier & placards sur-mesure
  * Couettes & oreillers
  * Jardin
  * Expos

Open Mobile Menu

## -20% sur TOUT le MOBILIER de JARDIN du 19 au 31 mai inclus ! Plus d'infos
ici.

  * MOBILIER de JARDIN ! Offre spéciale du 19 au 31 mai inclus. 
Meubles KETTLER en expo et sur commande dans tous n..."
460,14,6,460_trace_twitter linkedin_pinterest_animal,"trace, twitter linkedin, pinterest, animal, print, facebook twitter, comments, share, facebook, animaux","* Home
  * Luxembourg news
  * International news
  * Latest research
  * Events
  * Animal Dignity Platform
    * Say hello
    * Newsletter archive
    * Member login
  * Library

\-- Select A Page --  Home Luxembourg news International news Latest research
Events Animal Dignity Platform    Say hello    Newsletter archive    Member
login Library

Blog

## Belgique: Une campagne de Gaia dévoile des méthodes indignes d'élevage de
dindes

Selon Gaia, on compterait deux élevages de dindes en Wallo...
---
* Home
  * Luxembourg news
  * International news
  * Latest research
  * Events
  * Animal Dignity Platform
    * Say hello
    * Newsletter archive
    * Member login
  * Library

\-- Select A Page --  Home Luxembourg news International news Latest research
Events Animal Dignity Platform    Say hello    Newsletter archive    Member
login Library

Blog

## IARC 2020's presentations now available on Youtube

The videos from the first digital International Animal Rights Conference are
being uploa...
---
* Home
  * Luxembourg news
  * International news
  * Latest research
  * Events
  * Animal Dignity Platform
    * Say hello
    * Newsletter archive
    * Member login
  * Library

\-- Select A Page --  Home Luxembourg news International news Latest research
Events Animal Dignity Platform    Say hello    Newsletter archive    Member
login Library

Blog

## Kloertext: Vegan leben in Zeiten von Corona

Weiterempfehlen Kloertext Vegan leben in Zeiten von Corona journal.lu -
07.08.2020 1 Foto „Glob..."
461,14,5,461_kalenner_ausstellung_eise_ginn,"kalenner, ausstellung, eise, ginn, photo, club, comité, galerie, lucien, wëllkomm","* Wëllkomm 
  * De Club 
    * Virstellung 
    * Comité 
    * Kalenner 
    * Eise Studio 
    * Member ginn 
  * Galerie 
    * Galerie
    * Memberalben 
    * Online-Ausstellung 
  * Links 
  * Kontakt 

Login

Menü

  * Wëllkomm 
  * De Club 
    * Virstellung 
      * Virstellung 
    * Comité 
      * Comité 
    * Kalenner 
      * Kalenner 
    * Eise Studio 
      * Eise Studio 
    * Member ginn 
      * Member ginn 
  * Galerie 
    * Galerie 
    * Memberalben 
      * Memberalben ...
---
* Wëllkomm 
  * De Club 
    * Virstellung 
    * Comité 
    * Kalenner 
    * Eise Studio 
    * Member ginn 
  * Galerie 
    * Galerie
    * Memberalben 
    * Online-Ausstellung 
  * Links 
  * Kontakt 

Login

Menü

  * Wëllkomm 
  * De Club 
    * Virstellung 
      * Virstellung 
    * Comité 
      * Comité 
    * Kalenner 
      * Kalenner 
    * Eise Studio 
      * Eise Studio 
    * Member ginn 
      * Member ginn 
  * Galerie 
    * Galerie 
    * Memberalben 
      * Memberalben ...
---
* Wëllkomm 
  * De Club 
    * Virstellung 
    * Comité 
    * Kalenner 
    * Eise Studio 
    * Member ginn 
  * Galerie 
    * Galerie
    * Memberalben 
    * Online-Ausstellung 
  * Links 
  * Kontakt 

Login

Menü

  * Wëllkomm 
  * De Club 
    * Virstellung 
      * Virstellung 
    * Comité 
      * Comité 
    * Kalenner 
      * Kalenner 
    * Eise Studio 
      * Eise Studio 
    * Member ginn 
      * Member ginn 
  * Galerie 
    * Galerie 
    * Memberalben 
      * Memberalben ..."
462,14,6,462_astellungen_lëtzebuerg_cookie astellungen_dateschutzerklärung,"astellungen, lëtzebuerg, cookie astellungen, dateschutzerklärung, roude, kalenner, hutt, virbehalen, ginn, umellen","###

Vespa Club Roude Léiw Lëtzebuerg

Vespa Club Roude Léiw Lëtzebuerg

#### Umellen

Home

Member Ginn

Shop

Kalenner

Regelen

Multimedia

Technik

Sponsoren

Links

Kontakt

Archiv

Data

Zréck op de Kalenner

###

Giro della Scarpa 2023

Datum

22/07/2023 - 23/07/2023

Zäit

09h00

Spillort

Vespanascht

19 Huelstrooss, Recken op der Mess

#### Eng Kaart vu Google Maps gouf blockéiert well Dir net erlaabt hutt, datt
se geluede gëtt

Wann Dir de blockéierten Inhalt luet, ginn Är Privatsphär...
---
###

Vespa Club Roude Léiw Lëtzebuerg

Vespa Club Roude Léiw Lëtzebuerg

#### Umellen

Home

Member Ginn

Shop

Kalenner

Regelen

Multimedia

Technik

Sponsoren

Links

Kontakt

Archiv

Data

Zréck op de Kalenner

###

Ofschloss Tour 2023

Datum

17/09/2023

Zäit

09h00 - 18h00

Spillort

Vespanascht

19 Huelstrooss, Recken op der Mess

#### Eng Kaart vu Google Maps gouf blockéiert well Dir net erlaabt hutt, datt
se geluede gëtt

Wann Dir de blockéierten Inhalt luet, ginn Är Privatsphär-Astellu...
---
###

Vespa Club Roude Léiw Lëtzebuerg

Vespa Club Roude Léiw Lëtzebuerg

#### Umellen

Home

Member Ginn

Shop

Kalenner

Regelen

Multimedia

Technik

Sponsoren

Links

Kontakt

Archiv

Data

Zréck op de Kalenner

###

Primavera Tour 2023

Datum

23/04/2023

Zäit

09h00 - 18h00

Spillort

Vespanascht

19 Huelstrooss, Recken op der Mess

#### Eng Kaart vu Google Maps gouf blockéiert well Dir net erlaabt hutt, datt
se geluede gëtt

Wann Dir de blockéierten Inhalt luet, ginn Är Privatsphär-Astellu..."
463,13,6,463_bars_steel_cooperation_square,"bars, steel, cooperation, square, facilities, references, career, upcoming events, products, upcoming","* HOME
  * ABOUT L.C.M.A. S.A.
    * OUR TEAM
    * CAREER
    * CERTIFICATES
    * PRODUCTION FACILITIES
    * BUSINESS COOPERATION
    * REFERENCES
    * RESPONSIBILITIES
  * NEWS
  * CONTACT US
  * PRODUCTS
    * Bars
    * Wire
    * Sheets & Plates
    * Forging bars
    * Ingots
    * Square
    * Tubes
    * Slabs
    * Forged blocks
  * SERVICES
  * SPECIAL OFFERS
  * OUR STOCK

  * HOME
  * ABOUT L.C.M.A. S.A.
    * OUR TEAM
    * CAREER
    * CERTIFICATES
    * PRODUCTION FACILITIES
  ...
---
* HOME
  * ABOUT L.C.M.A. S.A.
    * OUR TEAM
    * CAREER
    * CERTIFICATES
    * PRODUCTION FACILITIES
    * BUSINESS COOPERATION
    * REFERENCES
    * RESPONSIBILITIES
  * NEWS
  * CONTACT US
  * PRODUCTS
    * Bars
    * Wire
    * Sheets & Plates
    * Forging bars
    * Ingots
    * Square
    * Tubes
    * Slabs
    * Forged blocks
  * SERVICES
  * SPECIAL OFFERS
  * OUR STOCK

  * HOME
  * ABOUT L.C.M.A. S.A.
    * OUR TEAM
    * CAREER
    * CERTIFICATES
    * PRODUCTION FACILITIES
  ...
---
* HOME
  * ABOUT L.C.M.A. S.A.
    * OUR TEAM
    * CAREER
    * CERTIFICATES
    * PRODUCTION FACILITIES
    * BUSINESS COOPERATION
    * REFERENCES
    * RESPONSIBILITIES
  * NEWS
  * CONTACT US
  * PRODUCTS
    * Bars
    * Wire
    * Sheets & Plates
    * Forging bars
    * Ingots
    * Square
    * Tubes
    * Slabs
    * Forged blocks
  * SERVICES
  * SPECIAL OFFERS
  * OUR STOCK

  * HOME
  * ABOUT L.C.M.A. S.A.
    * OUR TEAM
    * CAREER
    * CERTIFICATES
    * PRODUCTION FACILITIES
  ..."
464,13,9,464_sit amet_amet_sit_ipsum,"sit amet, amet, sit, ipsum, ipsum dolor, dolor sit, diam, dolor, lorem ipsum, lorem","*   * Recherche
    * 

  * Accueil
  * Nos services
  * Présentation
  * Contact

## Goodys

Lorem ipsum dolor sit amet, consetetur sadipscing elitr, sed diam nonumy
eirmod tempor invidunt ut labore et dolore magna aliquyam erat, sed diam
voluptua. At vero eos et accusam et justo duo dolores et ea rebum. Stet clita
kasd gubergren, no sea takimata sanctus est Lorem ipsum dolor sit amet. Lorem
ipsum dolor sit amet, consetetur sadipscing elitr, sed diam nonumy eirmod
tempor invidunt ut labore et d...
---
*   * Recherche
    * 

  * Accueil
  * Nos services
  * Présentation
  * Contact

## Decoration

Lorem ipsum dolor sit amet, consetetur sadipscing elitr, sed diam nonumy
eirmod tempor invidunt ut labore et dolore magna aliquyam erat, sed diam
voluptua. At vero eos et accusam et justo duo dolores et ea rebum. Stet clita
kasd gubergren, no sea takimata sanctus est Lorem ipsum dolor sit amet. Lorem
ipsum dolor sit amet, consetetur sadipscing elitr, sed diam nonumy eirmod
tempor invidunt ut labore ...
---
*   * Recherche
    * 

  * Accueil
  * Nos services
  * Présentation
  * Contact

## Wall Paper

Lorem ipsum dolor sit amet, consetetur sadipscing elitr, sed diam nonumy
eirmod tempor invidunt ut labore et dolore magna aliquyam erat, sed diam
voluptua. At vero eos et accusam et justo duo dolores et ea rebum. Stet clita
kasd gubergren, no sea takimata sanctus est Lorem ipsum dolor sit amet. Lorem
ipsum dolor sit amet, consetetur sadipscing elitr, sed diam nonumy eirmod
tempor invidunt ut labore ..."
465,13,9,465_achat immédiat_immédiat_achat_sauté,"achat immédiat, immédiat, achat, sauté, maki, riz, ordre, porc, nouilles, signaler abus","# Riz et Nouilles

Accueil / Magasin / Riz et Nouilles

Trier par

Nous vous recommandons Nouveautés Prix : ordre croissant Prix : ordre
décroissant Nom : A à Z Nom : Z à A

70\. Ris sauté à la façon du chef

70\. Ris sauté à la façon du chef

Poulet, scampis et jambon

12.80 €

Achat immédiat

71\. Ris sauté à l'ananas et à l'émincé de poulet

71\. Ris sauté à l'ananas et à l'émincé de poulet

11.80 €

Achat immédiat

73\. Riz sauté au bœuf ou au poulet

73\. Riz sauté au bœuf ou au poulet

11....
---
# Boeuf

Accueil / Magasin / Boeuf

Trier par

Nous vous recommandons Nouveautés Prix : ordre croissant Prix : ordre
décroissant Nom : A à Z Nom : Z à A

50.Boeuf style Sichuan (piquant)

15.80 €

Achat immédiat

51.Boeuf aux légumes

15.00 €

Achat immédiat

52.Boeuf aux champignons chinois

15.80 €

Achat immédiat

53.Boeuf au red curry et lait de coco

16.50 €

Achat immédiat

55.Filet de Boeuf façon WOK

19.00 €

Achat immédiat

58.Boeuf aux curry

16.00 €

Achat immédiat

  * Mon Compte 
  ...
---
# Pâtes

Accueil / Magasin / Pâtes

Trier par

Nous vous recommandons Nouveautés Prix : ordre croissant Prix : ordre
décroissant Nom : A à Z Nom : Z à A

Lasagnes

17.00 €

Achat immédiat

Penne bolognaise

15.00 €

Achat immédiat

Penne carbonara

15.50 €

Achat immédiat

Spaghetti bolognaise

14.00 €

Achat immédiat

Spaghetti carbonara

14.50 €

Achat immédiat

Tagliatelle fruits de mer

16.00 €

Achat immédiat

Tagliatelle aux scampis

17.50 €

Achat immédiat

  * Mon Compte 
  * Suivi de co..."
466,13,9,466_détails produit_réf_expiration_détails,"détails produit, réf, expiration, détails, produit, foot, luminaires, fonction, baby, déco","* Accueil
  * Shop
    * Billards
    * Baby-foot
    * Luminaires
    * Jardin
    * Mobilier
    * Déco
  * Mon compte
  * A propos
  * Contact

  * Accueil
  * Shop
    * Billards
    * Baby-foot
    * Luminaires
    * Jardin
    * Mobilier
    * Déco
  * Mon compte
  * A propos
  * Contact

  Mon panier

Le panier est vide

Gestion des cookies

Ce site utilise des cookies pour assurer la meilleure expérience. Nous ne
collectons pas de données d'audience, seulement ceux nécessaires au bon
fon...
---
* Accueil
  * Shop
    * Billards
    * Baby-foot
    * Luminaires
    * Jardin
    * Mobilier
    * Déco
  * Mon compte
  * A propos
  * Contact

  * Accueil
  * Shop
    * Billards
    * Baby-foot
    * Luminaires
    * Jardin
    * Mobilier
    * Déco
  * Mon compte
  * A propos
  * Contact

  Mon panier

Le panier est vide

Gestion des cookies

Ce site utilise des cookies pour assurer la meilleure expérience. Nous ne
collectons pas de données d'audience, seulement ceux nécessaires au bon
fon...
---
* Accueil
  * Shop
    * Billards
    * Baby-foot
    * Luminaires
    * Jardin
    * Mobilier
    * Déco
  * Mon compte
  * A propos
  * Contact

  * Accueil
  * Shop
    * Billards
    * Baby-foot
    * Luminaires
    * Jardin
    * Mobilier
    * Déco
  * Mon compte
  * A propos
  * Contact

  Mon panier

Le panier est vide

Gestion des cookies

Ce site utilise des cookies pour assurer la meilleure expérience. Nous ne
collectons pas de données d'audience, seulement ceux nécessaires au bon
fon..."
467,13,3,467_rover_land rover_range rover_land,"rover, land rover, range rover, land, range, 352 29, discovery, demandez, recueillons, 71","## Land Rover Luxembourg

  * info@arnoldkontz.lu
  * Tel+352 29 71 74
  * http://www.arnoldkontz-group.com/home.html

  * Lieu et heures d'ouverture
  * +352 29 71 74
  * Fixez un rendez-vous (en ligne)
  * Demandez un essai
  * Demandez un entretien
  * 

  *   *     * Lieu et heures d'ouverture 
    * Fixez un rendez-vous (en ligne) 
    * Demandez un essai 
    * Demandez un entretien 

  * Modeles 
    * RANGE ROVER 
    * NOUVEAU RANGE ROVER SPORT 
    * RANGE ROVER VELAR 
    * RANGE ROVE...
---
## Land Rover Luxembourg

  * info@arnoldkontz.lu
  * Tel+352 29 71 74
  * http://www.arnoldkontz-group.com/home.html

  * Lieu et heures d'ouverture
  * +352 29 71 74
  * Fixez un rendez-vous (en ligne)
  * Demandez un essai
  * Demandez un entretien
  * 

  *   *     * Lieu et heures d'ouverture 
    * Fixez un rendez-vous (en ligne) 
    * Demandez un essai 
    * Demandez un entretien 

  * Modeles 
    * RANGE ROVER 
    * NOUVEAU RANGE ROVER SPORT 
    * RANGE ROVER VELAR 
    * RANGE ROVE...
---
## Land Rover Luxembourg

  * info@arnoldkontz.lu
  * Tel+352 29 71 74
  * http://www.arnoldkontz-group.com/home.html

  * Lieu et heures d'ouverture
  * +352 29 71 74
  * Fixez un rendez-vous (en ligne)
  * Demandez un essai
  * Demandez un entretien
  * 

  *   *     * Lieu et heures d'ouverture 
    * Fixez un rendez-vous (en ligne) 
    * Demandez un essai 
    * Demandez un entretien 

  * Modeles 
    * RANGE ROVER 
    * NOUVEAU RANGE ROVER SPORT 
    * RANGE ROVER VELAR 
    * RANGE ROVE..."
468,13,4,468_road_2013_moutfort_114,"road, 2013, moutfort, 114, special, motorräder, street, publié, limited, 63","## Our locations

close

  * phone
Harley-Davidson Luxembourg® 26883883

Anfahrt & Öffnungszeiten

+352 26 883 883

Harley-Davidson Luxembourg® Route de remich , 63, L - 5330 Moutfort

Route de remich , 63, L - 5330 Moutfort

Suche

German

FrançaisEnglishGerman

+352 26 883 883 Menu

Motorräder 2023

  * Sport
    * Nightster™ 
    * Nightster™ Special 
    * Sportster™ S 
  * Cruiser
    * Softail™ Standard 
    * Street Bob™ 114 
    * Sport Glide™
    * Fat Bob™ 114 
    * Low Rider™ S 
    ...
---
## Our locations

close

  * phone
Harley-Davidson Luxembourg® 26883883

Anfahrt & Öffnungszeiten

+352 26 883 883

Harley-Davidson Luxembourg® Route de remich , 63, L - 5330 Moutfort

Route de remich , 63, L - 5330 Moutfort

Suche

German

FrançaisEnglishGerman

+352 26 883 883 Menu

Motorräder 2023

  * Sport
    * Nightster™ 
    * Nightster™ Special 
    * Sportster™ S 
  * Cruiser
    * Softail™ Standard 
    * Street Bob™ 114 
    * Sport Glide™
    * Fat Bob™ 114 
    * Low Rider™ S 
    ...
---
## Our locations

close

  * phone
Harley-Davidson Luxembourg® 26883883

Anfahrt & Öffnungszeiten

+352 26 883 883

Harley-Davidson Luxembourg® Route de remich , 63, L - 5330 Moutfort

Route de remich , 63, L - 5330 Moutfort

Suche

German

FrançaisEnglishGerman

+352 26 883 883 Menu

Motorräder 2023

  * Sport
    * Nightster™ 
    * Nightster™ Special 
    * Sportster™ S 
  * Cruiser
    * Softail™ Standard 
    * Street Bob™ 114 
    * Sport Glide™
    * Fat Bob™ 114 
    * Low Rider™ S 
    ..."
469,13,9,469_mbr_mbr wp_https mbr_jpg https,"mbr, mbr wp, https mbr, jpg https, content uploads, uploads, wp content, wp, jpg, uploads 2018","Zum Inhalt springen

  * Startseite
  * Komitee MBR
  * Büropersonal
  * Statuten
  * Servert S.à r.l.
  * Betriebshilfe
  * Weiterbildungskursen
  * Spritzpasskurse
  * Tarife
  * Maschineninventar
  * Verkehrssicherheit
  * GPS-Steuerung
  * Wetterinfo und Berichte
  * POST Telecom
  * Flowey
  * Formulare
  * Fotobuch
  * LINKS
  * Impressum
  * Klauen-Kalender
  * Kontakt

MBR LETZEBUERG  
Association agricole

12A, Cité Morisacker  
L-7735 COLMAR BERG  
  
Tél: (+352) 85 94 74 - 1  
Fax: (+...
---
Zum Inhalt springen

  * Startseite
  * Komitee MBR
  * Büropersonal
  * Statuten
  * Servert S.à r.l.
  * Betriebshilfe
  * Weiterbildungskursen
  * Spritzpasskurse
  * Tarife
  * Maschineninventar
  * Verkehrssicherheit
  * GPS-Steuerung
  * Wetterinfo und Berichte
  * POST Telecom
  * Flowey
  * Formulare
  * Fotobuch
  * LINKS
  * Impressum
  * Klauen-Kalender
  * Kontakt

MBR LETZEBUERG  
Association agricole

12A, Cité Morisacker  
L-7735 COLMAR BERG  
  
Tél: (+352) 85 94 74 - 1  
Fax: (+...
---
Zum Inhalt springen

  * Startseite
  * Komitee MBR
  * Büropersonal
  * Statuten
  * Servert S.à r.l.
  * Betriebshilfe
  * Weiterbildungskursen
  * Spritzpasskurse
  * Tarife
  * Maschineninventar
  * Verkehrssicherheit
  * GPS-Steuerung
  * Wetterinfo und Berichte
  * POST Telecom
  * Flowey
  * Formulare
  * Fotobuch
  * LINKS
  * Impressum
  * Klauen-Kalender
  * Kontakt

MBR LETZEBUERG  
Association agricole

12A, Cité Morisacker  
L-7735 COLMAR BERG  
  
Tél: (+352) 85 94 74 - 1  
Fax: (+..."
470,13,5,470_bücher_aktion_agricole_foire,"bücher, aktion, agricole, foire, ettelbruck, 2023 30, champion, bilder, revue, neuheiten","# Letzebuerger Ardenner Studbook a.s.b.l.

Suchen

Primäres Menü Zum Inhalt springen

  * Willkommen
  * Ardenner
  * News
  * Kontakt
  * Presse
    * Allgemeines
    * L.A.S.
  * SHOP
    * Kleidung mit Ardennerlogo
    * Bücher/Zeitschriften…
  * Vorstand
  * Deckhengste
    * Decksaison 2010
    * Decksaison 2011
    * Decksaison 2012
    * Decksaison 2013
    * DECKSAISON 2014
    * Decksaison 2016
    * Decksaison 2017
    * DECKSAISON 2018
    * Decksaison 2019
    * DECKSAISON 2020
    *...
---
# Letzebuerger Ardenner Studbook a.s.b.l.

Suchen

Primäres Menü Zum Inhalt springen

  * Willkommen
  * Ardenner
  * News
  * Kontakt
  * Presse
    * Allgemeines
    * L.A.S.
  * SHOP
    * Kleidung mit Ardennerlogo
    * Bücher/Zeitschriften…
  * Vorstand
  * Deckhengste
    * Decksaison 2010
    * Decksaison 2011
    * Decksaison 2012
    * Decksaison 2013
    * DECKSAISON 2014
    * Decksaison 2016
    * Decksaison 2017
    * DECKSAISON 2018
    * Decksaison 2019
    * DECKSAISON 2020
    *...
---
# Letzebuerger Ardenner Studbook a.s.b.l.

Suchen

Primäres Menü Zum Inhalt springen

  * Willkommen
  * Ardenner
  * News
  * Kontakt
  * Presse
    * Allgemeines
    * L.A.S.
  * SHOP
    * Kleidung mit Ardennerlogo
    * Bücher/Zeitschriften…
  * Vorstand
  * Deckhengste
    * Decksaison 2010
    * Decksaison 2011
    * Decksaison 2012
    * Decksaison 2013
    * DECKSAISON 2014
    * Decksaison 2016
    * Decksaison 2017
    * DECKSAISON 2018
    * Decksaison 2019
    * DECKSAISON 2020
    *..."
471,13,7,471_prévention_engins_formations_conduite,"prévention, engins, formations, conduite, 352 671, 671, lamadelaine, professionnelle, partenariat, hauteur","Close

Skip to content

CONTACTEZ-NOUS: Tél: +352 671 188 884 ADRESSE:  Z.I. PED AVENUE DE L'EUROPE
L-4821 LAMADELAINE

  * À propos
  * Services
    * Formations
      * Conduite d’engins
      * Sécurité & Prévention
      * Travaux en hauteur
      * HACCP
      * Informatique
      * Habilitations Électriques
    * Reconversion professionnelle
    * Prévention des accidents
  * Catalogue
  * Liens utiles
  * Partenariat
  * Actualités
  * Contact

# Partenariat

Accueil » Partenariat

## Par...
---
Close

Skip to content

CONTACTEZ-NOUS: Tél: +352 671 188 884 ADRESSE:  Z.I. PED AVENUE DE L'EUROPE
L-4821 LAMADELAINE

  * À propos
  * Services
    * Formations
      * Conduite d’engins
      * Sécurité & Prévention
      * Travaux en hauteur
      * HACCP
      * Informatique
      * Habilitations Électriques
    * Reconversion professionnelle
    * Prévention des accidents
  * Catalogue
  * Liens utiles
  * Partenariat
  * Actualités
  * Contact

# Contact

Accueil » Contact

## Contact

##...
---
Close

Skip to content

CONTACTEZ-NOUS: Tél: +352 671 188 884 ADRESSE:  Z.I. PED AVENUE DE L'EUROPE
L-4821 LAMADELAINE

  * À propos
  * Services
    * Formations
      * Conduite d’engins
      * Sécurité & Prévention
      * Travaux en hauteur
      * HACCP
      * Informatique
      * Habilitations Électriques
    * Reconversion professionnelle
    * Prévention des accidents
  * Catalogue
  * Liens utiles
  * Partenariat
  * Actualités
  * Contact

# Actualités

Accueil » Actualités

Actualit..."
472,13,4,472_chauffe_téléchargez_eau_gaz,"chauffe, téléchargez, eau, gaz, brochure, electronique, 73, model, 352 48, securite","top of page

##### Chauffe-eau instantanes pour alimenter les douches

###### Clage

Les chauffe-eau instantanes compacts ont ete developpes specialement pour les
douches. Ils permettent d'economiser 40 % d'energie par rapport a un petit
chauffe-eau a accumulation

CEX9 - electronique (230 V)

CEX - electronique (400 V)

Téléchargez la brochure ICI

Téléchargez le catalogue ICI

  * HVAC
    * Chauffage
    * Comptage
    * Cuivres
    * Echangeurs
    * ECS & Chaudronnerie
    * Froid & Climati...
---
top of page

##### Chauffe-eau instantanes pour alimenter les douches

###### Clage

Les chauffe-eau instantanes compacts ont ete developpes specialement pour les
douches. Ils permettent d'economiser 40 % d'energie par rapport a un petit
chauffe-eau a accumulation

CEX9 - electronique (230 V)

CEX - electronique (400 V)

Téléchargez la brochure ICI

Téléchargez le catalogue ICI

  * HVAC
    * Chauffage
    * Comptage
    * Cuivres
    * Echangeurs
    * ECS & Chaudronnerie
    * Froid & Climati...
---
top of page

##### Chauffe-eau instantanes pour alimenter les douches

###### Clage

Les chauffe-eau instantanes compacts ont ete developpes specialement pour les
douches. Ils permettent d'economiser 40 % d'energie par rapport a un petit
chauffe-eau a accumulation

CEX9 - electronique (230 V)

CEX - electronique (400 V)

Téléchargez la brochure ICI

Téléchargez le catalogue ICI

  * HVAC
    * Chauffage
    * Comptage
    * Cuivres
    * Echangeurs
    * ECS & Chaudronnerie
    * Froid & Climati..."
473,13,4,473_verein_vorstand_kehlen_wall,"verein, vorstand, kehlen, wall, bestellung, kalender, aktivitäten, fotos, frënn, vum","Frënn vum Brennereimusee

Login

  * News 
  * Verein 
  * Musee 
  * Distillerie 
  * Social Wall 
  * Kontakt 
  * Kalender 
  * Fotos 
  * Aktivitäten 
  * Datenschutz 

  * DE 
  * FR 
  * EN 

  * News 
  * Verein 
  * Musee 
  * Distillerie 
  * Social Wall 
  * Kontakt 
  * Kalender 
  * Fotos 
  * Aktivitäten 
  * Datenschutz 

  * DE 
  * FR 
  * EN 

Menü

Menü

  * News 
    * News 
    * DE 
      * DE 
    * FR 
      * FR 
    * EN 
      * EN 
  * Verein 
    * Verein 
    * Vorst...
---
Frënn vum Brennereimusee

Login

  * News 
  * Verein 
  * Musee 
  * Distillerie 
  * Social Wall 
  * Kontakt 
  * Kalender 
  * Fotos 
  * Aktivitäten 
  * Datenschutz 

  * DE 
  * FR 
  * EN 

  * News 
  * Verein 
  * Musee 
  * Distillerie 
  * Social Wall 
  * Kontakt 
  * Kalender 
  * Fotos 
  * Aktivitäten 
  * Datenschutz 

  * DE 
  * FR 
  * EN 

Menü

Menü

  * News 
    * News 
    * DE 
      * DE 
    * FR 
      * FR 
    * EN 
      * EN 
  * Verein 
    * Verein 
    * Vorst...
---
Frënn vum Brennereimusee

Login

  * News 
  * Verein 
  * Musee 
  * Distillerie 
  * Social Wall 
  * Kontakt 
  * Kalender 
  * Fotos 
  * Aktivitäten 
  * Datenschutz 

  * DE 
  * FR 
  * EN 

  * News 
  * Verein 
  * Musee 
  * Distillerie 
  * Social Wall 
  * Kontakt 
  * Kalender 
  * Fotos 
  * Aktivitäten 
  * Datenschutz 

  * DE 
  * FR 
  * EN 

Menü

Menü

  * News 
    * News 
    * DE 
      * DE 
    * FR 
      * FR 
    * EN 
      * EN 
  * Verein 
    * Verein 
    * Vorst..."
474,13,1,474_studios_berdorf_instruments_team contact,"studios, berdorf, instruments, team contact, references, music, equipment, sound, main content, skip main","Skip to main content

Tritone Studios  
50, rue de Grundhof  
L-6550 Berdorf  
Luxembourg

home | the studios | equipment | instruments | references | the team | contact | links
  

  
  

  
  

### Get in touch

Tritone Studios  
50, rue de Grundhof  
L-6550 Berdorf  
Luxembourg

Tel:+352 691 600 252

  
  

### Map

Powered by GoogleMaps - click to go to enlarge

### Your message / question

my name:  
mail me @:  
my subject:  
my message:  
### Imprint

The Tritone Studios are exclusively r...
---
Skip to main content

Tritone Studios  
50, rue de Grundhof  
L-6550 Berdorf  
Luxembourg

home | the studios | equipment | instruments | references | the team | contact | links
  

  
  

  
  

### Georges Majerus

Mind Body and Soul of the Tritone Studios. Runs the business, pays for the
gear. Loves to produce music and blow his horns.

### Andreas Hirschmann

Pianist - Composer - Arranger.  
Proficient on everything that has black and white keys, Andreas is the musical
director of the Triton...
---
Skip to main content

Tritone Studios  
50, rue de Grundhof  
L-6550 Berdorf  
Luxembourg

home | the studios | equipment | instruments | references | the team | contact | links
  

  
  

  
  

### Georges Majerus

Mind Body and Soul of the Tritone Studios. Runs the business, pays for the
gear. Loves to produce music and blow his horns.

### Andreas Hirschmann

Pianist - Composer - Arranger.  
Proficient on everything that has black and white keys, Andreas is the musical
director of the Triton..."
475,13,3,475_teilnehmer_männliche_weibliche_gäste,"teilnehmer, männliche, weibliche, gäste, pot, kinder, mtb, erwachsene, jeunesse, remerschen","*     * Deutsch
    * English
    * Francais

SHARE YOUTH HOSTELS

  * Kontaktieren Sie uns! 
  * Blog 
  * Newsletters 
  * Mitglied werden 
  * Restaurants Melting Pot 
  * Kinderbetreuung und Jugendangebote 
  * Jobs 
  * Ticketshop 

  * 

  * Startseite 
  * Jugendherbergen 
    * Beaufort 
    * Echternach 
    * Esch-sur-Alzette 
    * Hollenfels 
    * Larochette 
    * Lultzhausen 
    * Luxemburg-Stadt 
    * Remerschen/Schengen 
    * Vianden 
  * Familien 
  * Aktivitäten 
    * Even...
---
*     * Deutsch
    * English
    * Francais

SHARE YOUTH HOSTELS

  * Kontaktieren Sie uns! 
  * Blog 
  * Newsletters 
  * Mitglied werden 
  * Restaurants Melting Pot 
  * Kinderbetreuung und Jugendangebote 
  * Jobs 
  * Ticketshop 

  * 

  * Startseite 
  * Jugendherbergen 
    * Beaufort 
    * Echternach 
    * Esch-sur-Alzette 
    * Hollenfels 
    * Larochette 
    * Lultzhausen 
    * Luxemburg-Stadt 
    * Remerschen/Schengen 
    * Vianden 
  * Familien 
  * Aktivitäten 
    * Even...
---
*     * Deutsch
    * English
    * Francais

SHARE YOUTH HOSTELS

  * Kontaktieren Sie uns! 
  * Blog 
  * Newsletters 
  * Mitglied werden 
  * Restaurants Melting Pot 
  * Kinderbetreuung und Jugendangebote 
  * Jobs 
  * Ticketshop 

  * 

  * Startseite 
  * Jugendherbergen 
    * Beaufort 
    * Echternach 
    * Esch-sur-Alzette 
    * Hollenfels 
    * Larochette 
    * Lultzhausen 
    * Luxemburg-Stadt 
    * Remerschen/Schengen 
    * Vianden 
  * Familien 
  * Aktivitäten 
    * Even..."
476,13,6,476_30 09_banque_67_16h00,"30 09, banque, 67, 16h00, wind, nationalen, gesamten, deutschen, 352 27, 78","Skip to Content

  * Galerie des médias 
  * Français 
    * English 
  * 

  * Français
    * English 
  * Galerie des médias 

Chercher press.degroofpetercam.lu

##  Logo

#####  A propos de Banque Degroof Petercam Luxembourg

Fondée en 1871, Degroof Petercam est une maison d’investissement de référence
avec un ancrage Belge qui repose sur plus de 150 ans d’expertise financière
intégrée. Détenus par des actionnaires privés familiaux engagés à long terme,
nous sommes indépendants par structure ...
---
Skip to Content

  * Galerie des médias 
  * Français 
    * English 
  * 

  * Français
    * English 
  * Galerie des médias 

Chercher press.degroofpetercam.lu

##  La direction de Degroof Petercam Luxembourg/The management of Degroof
Petercam Luxembourg

#####  A propos de Banque Degroof Petercam Luxembourg

Fondée en 1871, Degroof Petercam est une maison d’investissement de référence
avec un ancrage Belge qui repose sur plus de 150 ans d’expertise financière
intégrée. Détenus par des action...
---
Skip to Content

  * Galerie des médias 
  * Français 
    * English 
  * 

  * Français
    * English 
  * Galerie des médias 

Chercher press.degroofpetercam.lu

# Degroof Petercam : Résultats consolidés pour 2022

## Forte augmentation du résultat net, solidité financière confirmée.
Résultats commerciaux qui reflètent un environnement de marché difficile.

Lundi 8 mai 2023

## Nomination de Christophe Vandewiele en tant que nouveau Chief
Representative Officer du bureau de représentation de B..."
477,13,5,477_30 00_day_00 00_00 18,"30 00, day, 00 00, 00 18, recycling, pdf, öffentliche, kontaktieren, nachrichten, 18 00","Zum Inhalt springen

  * Der blaue Sack 
  * Abfuhrkalender 
  * Recycling in Luxemburg 
    * Der blaue Sack 
    * Recycelbare Verpackungen 
  * Wiederverwendbare Produkte 
    * Die Öko-Tasche 
    * Superbag® 
  * Spin New
  * Blaue Säcke bestellen 
  * Mitglieder 
    * Mitglied werden 
    * Valbase Online 
    * FAQ 
    * Mitgliederliste 
    * Verpackungsnews 
  * Valorlux 
    * Mission der Valorlux 
    * News 
  * Mediathek 
  * Support 

  * Mitglieder
    * Mitglied werden
    * Va...
---
Zum Inhalt springen

  * Der blaue Sack 
  * Abfuhrkalender 
  * Recycling in Luxemburg 
    * Der blaue Sack 
    * Recycelbare Verpackungen 
  * Wiederverwendbare Produkte 
    * Die Öko-Tasche 
    * Superbag® 
  * Spin New
  * Blaue Säcke bestellen 
  * Mitglieder 
    * Mitglied werden 
    * Valbase Online 
    * FAQ 
    * Mitgliederliste 
    * Verpackungsnews 
  * Valorlux 
    * Mission der Valorlux 
    * News 
  * Mediathek 
  * Support 

  * Mitglieder
    * Mitglied werden
    * Va...
---
Zum Inhalt springen

  * Der blaue Sack 
  * Abfuhrkalender 
  * Recycling in Luxemburg 
    * Der blaue Sack 
    * Recycelbare Verpackungen 
  * Wiederverwendbare Produkte 
    * Die Öko-Tasche 
    * Superbag® 
  * Spin New
  * Blaue Säcke bestellen 
  * Mitglieder 
    * Mitglied werden 
    * Valbase Online 
    * FAQ 
    * Mitgliederliste 
    * Verpackungsnews 
  * Valorlux 
    * Mission der Valorlux 
    * News 
  * Mediathek 
  * Support 

  * Mitglieder
    * Mitglied werden
    * Va..."
478,13,3,478_accounting_kyc_corporate_corporate services,"accounting, kyc, corporate, corporate services, aml, categories, partners, csr, regulatory, vat","Skip to content

Menu

  * Home
  * Services
    * Fund Administration
    * Accounting
    * Consolidation
    * Corporate Tax
    * VAT
    * Corporate Services
    * AML & KYC Services
    * Regulatory Services
  * Jobs
  * About Us
    * Our company
    * CSR
    * Key people
  * News
  * Contact Us

Menu

  * Home
  * Services
    * Fund Administration
    * Accounting
    * Consolidation
    * Corporate Tax
    * VAT
    * Corporate Services
    * AML & KYC Services
    * Regulatory Servic...
---
Skip to content

Menu

  * Home
  * Services
    * Fund Administration
    * Accounting PERE
    * Consolidation
    * Corporate Tax
    * VAT
    * Corporate Services
    * AML & KYC Services
    * Regulatory Services
  * Jobs
  * About Us
    * Our company
    * CSR
    * Key people
  * News
  * Contact Us

Menu

  * Home
  * Services
    * Fund Administration
    * Accounting PERE
    * Consolidation
    * Corporate Tax
    * VAT
    * Corporate Services
    * AML & KYC Services
    * Regulat...
---
Skip to content

Menu

  * Home
  * Services
    * Fund Administration
    * Accounting PERE
    * Consolidation
    * Corporate Tax
    * VAT
    * Corporate Services
    * AML & KYC Services
    * Regulatory Services
  * Jobs
  * About Us
    * Our company
    * CSR
    * Key people
  * News
  * Contact Us

Menu

  * Home
  * Services
    * Fund Administration
    * Accounting PERE
    * Consolidation
    * Corporate Tax
    * VAT
    * Corporate Services
    * AML & KYC Services
    * Regulat..."
479,13,4,479_presse_diddeleng_évènements_dec,"presse, diddeleng, évènements, dec, ordinaire, assemblée générale, assemblée, 2017, amicale, camp","# Fotoclub Diddeleng

## Founded in 1904

# Menu

Skip to content

  * WELCOME
  * About
  * Contact
  * Presse
  * Collaboration
  * Expo
    * Expo 2019-2020
    * Vernissage 2019
    * Finissage 2020
  * Events
    * Concours #ondiraitengpostkaart 2018
    * So so summer 2019
    * Assemblée Générale Ordinaire 2017
    * Assemblée Générale Ordinaire 2018

# B0Slides-02

Leave a comment

### Leave a Reply Cancel reply

Enter your comment here...

Fill in your details below or click an icon to ...
---
# Fotoclub Diddeleng

## Founded in 1904

# Menu

Skip to content

  * WELCOME
  * About
  * Contact
  * Presse
  * Collaboration
  * Expo
    * Expo 2019-2020
    * Vernissage 2019
    * Finissage 2020
  * Events
    * Concours #ondiraitengpostkaart 2018
    * So so summer 2019
    * Assemblée Générale Ordinaire 2017
    * Assemblée Générale Ordinaire 2018

# Expo

### Teilen mit:

  * Twitter
  * Facebook
  * 

### Like this:

Like Loading...

Widgets

Search for:

# Text-Widget

Dies ist ein ...
---
# Fotoclub Diddeleng

## Founded in 1904

# Menu

Skip to content

  * WELCOME
  * About
  * Contact
  * Presse
  * Collaboration
  * Expo
    * Expo 2019-2020
    * Vernissage 2019
    * Finissage 2020
  * Events
    * Concours #ondiraitengpostkaart 2018
    * So so summer 2019
    * Assemblée Générale Ordinaire 2017
    * Assemblée Générale Ordinaire 2018

# WELCOME

### Teilen mit:

  * Twitter
  * Facebook
  * 

Widgets

Search for:

# Text-Widget

Dies ist ein Text-Widget. Dies ist ein Text..."
480,13,5,480_neubau_umbau_remich_sanierung,"neubau, umbau, remich, sanierung, 07 2023, 08 2023, background, repeat, 06 2023, 07","* aktuell
  * ( R a u m )
  * büro
  * kontakt

( a u f g e l e g t )

  * Projekt
:

Neubau einer Fertigungs- und Lagerhalle mit administrativen Trakt

  * Ort
:

Hosingen

  * Fertigstellung
:

2013

  * Bauherr
:

Majerus Parmentier sarl

  *   *   *   * 

####

( r a u m g e f ü g e )

#####

Neubau eines Wohnhauses

####

( q u a d r a t i s c h   p r a k t i s c h   g u t )

2021_12_22 (hausmusik) - 18_14_Hammes-Steichen_Eschdorf

#####

Neubau eines Wohnhauses

####

( h a u s m u s i k )...
---
* aktuell
  * ( R a u m )
  * büro
  * kontakt

( b l a c k   &   w h i t e )

  * Projekt
:

Neubau eines Therapiezentrums

  * Ort
:

Rambrouch

  * Fertigstellung
:

2012

  * Bauherr
:

privat

  * Fotos
:

Linda Blatzek // Fotografie

  *   *   *   *   *   *   *   *   *   *   * 

####

( r a u m g e f ü g e )

#####

Neubau eines Wohnhauses

####

( q u a d r a t i s c h   p r a k t i s c h   g u t )

2021_12_22 (hausmusik) - 18_14_Hammes-Steichen_Eschdorf

#####

Neubau eines Wohnhauses

#...
---
* aktuell
  * ( R a u m )
  * büro
  * kontakt

( l a v a b o o k )

  * Projekt
:

Neubau es Appartementgebäude

  * Ort
:

Diekirch

  * Fertigstellung
:

2013

  * Bauherr
:

privat

  *   *   *   * 

####

( r a u m g e f ü g e )

#####

Neubau eines Wohnhauses

####

( q u a d r a t i s c h   p r a k t i s c h   g u t )

2021_12_22 (hausmusik) - 18_14_Hammes-Steichen_Eschdorf

#####

Neubau eines Wohnhauses

####

( h a u s m u s i k )

#####

Umbau und Sanierung eines Bauernhauses

####

(..."
481,13,4,481_hair_agricole_cactus_salons,"hair, agricole, cactus, salons, coiffure, sepas, etoile, style, cheveux, share","* Facebook

  * BOOK ONLINE

  * BOOK ONLINE
  * Groupe Ferber
    * Histoire
    * Emplois
      * Nous recrutons ‼️💈
      * Apprenti(e) (h/f)
      * L'apprentissage chez Ferber
    * Questionnaire de satisfaction
    * Cliente Mystère
  * Salons de coiffure
    * Bertrange Belle Etoile
    * Barbershop Belle Etoile
    * Bascharage Cactus
    * Bascharage Smatch
    * Bettembourg Cactus
    * Bonnevoie Luxembourg
    * Barbershop Bonnevoie
    * Cloche d’Or
    * Dudelange Centre
    * Foetz...
---
* Facebook

  * BOOK ONLINE

  * BOOK ONLINE
  * Groupe Ferber
    * Histoire
    * Emplois
      * Nous recrutons ‼️💈
      * Apprenti(e) (h/f)
      * L'apprentissage chez Ferber
    * Questionnaire de satisfaction
    * Cliente Mystère
  * Salons de coiffure
    * Bertrange Belle Etoile
    * Barbershop Belle Etoile
    * Bascharage Cactus
    * Bascharage Smatch
    * Bettembourg Cactus
    * Bonnevoie Luxembourg
    * Barbershop Bonnevoie
    * Cloche d’Or
    * Dudelange Centre
    * Foetz...
---
* Facebook

  * BOOK ONLINE

  * BOOK ONLINE
  * Groupe Ferber
    * Histoire
    * Emplois
      * Nous recrutons ‼️💈
      * Apprenti(e) (h/f)
      * L'apprentissage chez Ferber
    * Questionnaire de satisfaction
    * Cliente Mystère
  * Salons de coiffure
    * Bertrange Belle Etoile
    * Barbershop Belle Etoile
    * Bascharage Cactus
    * Bascharage Smatch
    * Bettembourg Cactus
    * Bonnevoie Luxembourg
    * Barbershop Bonnevoie
    * Cloche d’Or
    * Dudelange Centre
    * Foetz..."
482,13,5,482_camera_digital_espace_livraisons,"camera, digital, espace, livraisons, menus, fête, salle, richtlinie sitemap, structures, zuklappen","* Accueil
  * Biographie
  * Partenaires
  * Menus de la semaine clients
  * Menus de la semaine structures d'accueil
  * Bon de Commande structures d'accueil
  * Commande en ligne
  * Les 14 allergènes
  * L'emballage écologique
  * Le calendrier des fruits de saison
  * Livraisons - Emporter
  * Livraisons des structures
  * Location de salle et matériel
  * Conditions générales salle de fête
  * Conditions générales
  * Photos
  * Contact
  * Espace - Collaborateurs
  * Bon de commande pour l...
---
* Accueil
  * Biographie
  * Partenaires
  * Menus de la semaine clients
  * Menus de la semaine structures d'accueil
  * Bon de Commande structures d'accueil
  * Commande en ligne
  * Les 14 allergènes
  * L'emballage écologique
  * Le calendrier des fruits de saison
  * Livraisons - Emporter
  * Livraisons des structures
  * Location de salle et matériel
  * Conditions générales salle de fête
  * Conditions générales
  * Photos
  * Contact
  * Espace - Collaborateurs
  * Bon de commande pour l...
---
* Lëtzebuergesch
    * Français
    * English

  * Home
  * Reservatioun
  * Menüskaarten
  * Lounge
  * Gallerie
  * Facebook
  * Kontakt
  * Agenda

Select Page

OLYMPUS DIGITAL CAMERA

OLYMPUS DIGITAL CAMERA

OLYMPUS DIGITAL CAMERA

OLYMPUS DIGITAL CAMERA

OLYMPUS DIGITAL CAMERA

OLYMPUS DIGITAL CAMERA

OLYMPUS DIGITAL CAMERA

OLYMPUS DIGITAL CAMERA

OLYMPUS DIGITAL CAMERA

OLYMPUS DIGITAL CAMERA

OLYMPUS DIGITAL CAMERA

OLYMPUS DIGITAL CAMERA

OLYMPUS DIGITAL CAMERA

OLYMPUS DIGITAL CAMERA

..."
483,13,11,483_events_calendar_events events_day,"events, calendar, events events, day, outlook, event, june, export, sat, views","Toggle Navigation

  * Accueil
  * News
  * Agenda
  * All Branchen 
    * Beaver
    * Wëllefcher
    * Scouten
    * Explorer
    * Rover
    * Cheffen
  * Documents
  * Iwwert eis
  * Aloggen
  * Search for:

# Events

Loading view.

##  Events Search and Views Navigation

Search

Enter Keyword. Search for Events by Keyword.

Find Events

###  Event Views Navigation

List

  * List 
  * Month 

  *   * 
Today

Upcoming  Upcoming  Select date.

##  June 2023

Sat  10

10 June @ 16:00 \- 21:00
...
---
Toggle Navigation

  * Home
  * Pour les Pilotes
  * Infos 
    * Calendrier
    * News
    * Tarifs
    * Voyages
    * à Vendre
  * Album
  * Login

# Events

Loading view.

## Calendrier Aeroplume

##  Events Search and Views Navigation

Search

Enter Keyword. Search for Events by Keyword.

Find Events

###  Event Views Navigation

List

  * List 
  * Month 

  *   * 
Today

Upcoming  Upcoming  Select date.

##  June 2023

Sun  11

11 June

###  Aerodej Vesoul

LFQW  Vesoul - Frotey, France

...
---
Toggle Navigation

  * Home
  * Pour les Pilotes
  * Infos 
    * Calendrier
    * News
    * Tarifs
    * Voyages
    * à Vendre
  * Album
  * Login

# Events

Loading view.

## Calendrier Aeroplume

##  Events Search and Views Navigation

Search

Enter Keyword. Search for Events by Keyword.

Find Events

###  Event Views Navigation

Month

  * List 
  * Month 

  *   * 
This Month

09-06-2023  June 2023  Select date.

##  Calendar of Events

###  M  Mon

###  T  Tue

###  W  Wed

###  T  Thu

..."
484,13,4,484_esch2022_europäische_dimension_nordstad,"esch2022, europäische, dimension, nordstad, ready, aktiv, minett, käerjeng, politik, nachhaltigkeit","* Esch2022
    * Esch2022
    * Was ist eine Europäische Kulturhauptstadt?
    * Europäische Dimension
    * Ready to remix?
    * Partnerstädte
  * Updates
    * Neueste
    * European Capitals of Culture – Official Handover 2023
    * La Gazette
    * Politik
    * Programm
    * International
    * Esch2022-News
    * Territorium
    * Nachhaltigkeit
  * Agenda
  * Gazette
  * Erlebe die Region
    * Shopping Pass
    * Region
    * Minett trail
    * Kenns du de Minett? | Brettspiel
    * Un...
---
* Esch2022
    * Esch2022
    * Was ist eine Europäische Kulturhauptstadt?
    * Europäische Dimension
    * Ready to remix?
    * Partnerstädte
  * Updates
    * Neueste
    * European Capitals of Culture – Official Handover 2023
    * La Gazette
    * Politik
    * Programm
    * International
    * Esch2022-News
    * Territorium
    * Nachhaltigkeit
  * Agenda
  * Gazette
  * Erlebe die Region
    * Shopping Pass
    * Region
    * Minett trail
    * Kenns du de Minett? | Brettspiel
    * Un...
---
* Esch2022
    * Esch2022
    * Was ist eine Europäische Kulturhauptstadt?
    * Europäische Dimension
    * Ready to remix?
    * Partnerstädte
  * Updates
    * Neueste
    * European Capitals of Culture – Official Handover 2023
    * La Gazette
    * Politik
    * Programm
    * International
    * Esch2022-News
    * Territorium
    * Nachhaltigkeit
  * Agenda
  * Gazette
  * Erlebe die Region
    * Shopping Pass
    * Region
    * Minett trail
    * Kenns du de Minett? | Brettspiel
    * Un..."
485,13,5,485_000_000 000_000 voir_voir détail,"000, 000 000, 000 voir, voir détail, détail, chambres prix, surface, ares, détail maison, prix","* Accueil
  * Ventes
  * Locations
  * Contact

RECHERCHE

    
Transaction

     achatlocation
    
neuf

Localité

     - Differdange Dudelange Esch-sur-alzette Kayl Lenningen Michelau Moutfort Niederkorn Nocher Nocher-route Petange Rosport Schifflange Senningen Boust (57570) Breistroff-la-grande (57570) Volmerange-les-mines (57330) Nittel
Type de bien

     - Appartement Immeuble de rapport Maison
Budget

     - 100 000 150 000 200 000 250 000 300 000 350 000 400 000 450 000 500 000 550 000 6...
---
* Accueil
  * Ventes
  * Locations
  * Contact

RECHERCHE

    
Transaction

     achatlocation
    
neuf

Localité

     - Differdange Dudelange Esch-sur-alzette Kayl Lenningen Michelau Moutfort Niederkorn Nocher Nocher-route Petange Rosport Schifflange Senningen Boust (57570) Breistroff-la-grande (57570) Volmerange-les-mines (57330) Nittel
Type de bien

     - Appartement Immeuble de rapport Maison
Budget

     - 100 000 150 000 200 000 250 000 300 000 350 000 400 000 450 000 500 000 550 000 6...
---
* Accueil
  * Ventes
  * Locations
  * Contact

RECHERCHE

    
Transaction

     achatlocation
    
neuf

Localité

     - Differdange Dudelange Esch-sur-alzette Kayl Lenningen Michelau Moutfort Niederkorn Nocher Nocher-route Petange Rosport Schifflange Senningen Boust (57570) Breistroff-la-grande (57570) Volmerange-les-mines (57330) Nittel
Type de bien

     - Appartement Immeuble de rapport Maison
Budget

     - 100 000 150 000 200 000 250 000 300 000 350 000 400 000 450 000 500 000 550 000 6..."
486,13,6,486_golf_fédération_fédération luxembourgeoise_83,"golf, fédération, fédération luxembourgeoise, 83, 87, country, club, mobil, multimédia, luxembourgeoise","###

Fédération Luxembourgeoise de Golf

FLG

#### Se connecter

Home

La Fédération

Cadres

Compétitions

Jouer

Multimédia

Sponsors

Contact

## Fédération Luxembourgeoise de Golf

Bienvenue sur le site officiel de la FLG

###

Fédération Luxembourgeoise de Golf

* * *
Politique de confidentialité

Paramètres des cookies

Conditions d'utilisation

Mentions légales

Copyright © 2010 - 2023 Clubee. Tous droits réservés.
---
* About us
  * Our events
  * Gallery
  * Sponsors
  * Members
  * Contact

Join us

WIB Golf Trophy 06/2023

Play

07/06/2023 12:00 pm

Golf de Luxembourg - Belenhaff (Junglinster)

We are delighted to announce that the Women in Business Golf Trophy 2023 will
take place at the Golf de Luxembourg-Belenhaff (Junglinster), on June 7th.  
  
Formula

- You are a golf player with an index between 36 and 54 or you don’t have enough time to play 18 holes? Play 12 holes. 85 EUR.  
- You are a golf play...
---
* Home
  * News & Infos
  * Club Apartment
  * Team
  * Platzinfo
  * PC Caddie
  * Preise
  * Suche
  * Menü Menü

## Claus Uwe Leske · Präsident · Captain

President Golf & Country Club Christnach  
Manager Golf & Country Club Christnach  
Manger Hotel & Golf des Cascades Mullerthal

Fon: +352 - 87 83 83  
Fax: +352 - 87 95 64

## Jürgen Kanther · Vizepräsident

Vizepräsident Golf Club Christnach  
Vizepräsident Golf F.L.G

## Mario Adami · Captain

Mobil: +352 - 621 408535

## Manfred Kusber
..."
487,13,3,487_michael_artists_james_magic,"michael, artists, james, magic, george, band, vincent, rock, martin, bruno","Designing Entertainment

  * Home 
  * Artists/Entertainment 
    * Tribute Artists >
      * Just Whitney 
      * My Winehouse 
      * Lareena as Adele 
      * Natalie as Adele 
      * Tania as Amy Winehouse 
      * Tania as Cher 
      * Janet as Tina Turner 
      * Alexandra as Celine Dion 
      * Ariana Grande Experience 
      * Rachael as Shirley Bassey 
      * Rock Chick Stacy 
      * Nayah as Celine Dion 
      * Patsy Lee Tribute to the 50's Diva's 
      * Marc as Buddy Holly ...
---
Designing Entertainment

  * Home 
  * Artists/Entertainment 
    * Tribute Artists >
      * Just Whitney 
      * My Winehouse 
      * Lareena as Adele 
      * Natalie as Adele 
      * Tania as Amy Winehouse 
      * Tania as Cher 
      * Janet as Tina Turner 
      * Alexandra as Celine Dion 
      * Ariana Grande Experience 
      * Rachael as Shirley Bassey 
      * Rock Chick Stacy 
      * Nayah as Celine Dion 
      * Patsy Lee Tribute to the 50's Diva's 
      * Marc as Buddy Holly ...
---
Designing Entertainment

  * Home 
  * Artists/Entertainment 
    * Tribute Artists >
      * Just Whitney 
      * My Winehouse 
      * Lareena as Adele 
      * Natalie as Adele 
      * Tania as Amy Winehouse 
      * Tania as Cher 
      * Janet as Tina Turner 
      * Alexandra as Celine Dion 
      * Ariana Grande Experience 
      * Rachael as Shirley Bassey 
      * Rock Chick Stacy 
      * Nayah as Celine Dion 
      * Patsy Lee Tribute to the 50's Diva's 
      * Marc as Buddy Holly ..."
488,13,9,488_ical_kalenner_astellungen_itzig,"ical, kalenner, astellungen, itzig, veräin, sponsoren, säit akzeptéiert, notzungsbedengungen impressum, notéiert besichen, deser säit","#  Société de Gymnastique Wiltz

Umellen

  * Home 
  * Sektiounen 
    * Zeréck
    * Horaire 
  * Multimedia 
    * Zeréck
    * Galerie 
  * Kalenner 
  * Comité 
  * Sponsors 
  * Links 
  * Kontakt 

Leschten Mount Nexten Mount Haut

Normalen Kalenner

## Download de Kalenner a bléift automatesch um neiste Stand

Dir kënnt Iech hei den iCal eroflueden an dëse mat Ärem Kalenner
synchroniséieren. D'Evenementer vun Ärem Veräin ginn automatesch aktualiséiert
an Dir bléift ëmmer um neiste Stand....
---
#  DËSCH-TENNIS BIISSEN

Umellen

  * Home 
  * Eise Club 
    * Zeréck
    * Eis Geschicht 
    * Palmarès 
  * Training 
  * Eis Equippen 
  * Multimedia 
    * Zeréck
    * Fotoën 
  * Kalenner 
  * News 
  * Sponsoren 
  * Kontakt 

Leschten Mount Nexten Mount Haut

Normalen Kalenner

## Download de Kalenner a bléift automatesch um neiste Stand

Dir kënnt Iech hei den iCal eroflueden an dëse mat Ärem Kalenner
synchroniséieren. D'Evenementer vun Ärem Veräin ginn automatesch aktualiséiert
an D...
---
#  Footing Club Itzig asbl

Umellen

  * Home 
  * Kalenner 
  * Néiegkeeten 
  * Galerie 
  * Multimedia 
    * Zeréck
    * Videoen 
  * Sponsoren 
  * Kontakt 

Leschten Mount Nexten Mount Haut

Normalen Kalenner

## Download de Kalenner a bléift automatesch um neiste Stand

Dir kënnt Iech hei den iCal eroflueden an dëse mat Ärem Kalenner
synchroniséieren. D'Evenementer vun Ärem Veräin ginn automatesch aktualiséiert
an Dir bléift ëmmer um neiste Stand. Vill Programmer ënnerstëtzen den iCal,
ë..."
489,13,4,489_start_proudly powered_wordpress theme_ready,"start, proudly powered, wordpress theme, ready, proudly, powered wordpress, reset, button, rock, theme","Skip to content

  * ACCUEIL
  * VENTES
  * LOCATIONS
  * NOTRE AGENCE
  * CONTACT

## READY TO ROCK?

Click the button below to start exploring our website and learn more about our
awesome company

Start exploring

## Nos biens à vendre  
_

  *   *   * 

  1.   2.   3. 

#### Luxembourg Beggen

###### Appartement à vendre

Appartement de standing, année de construction 2010, dans petite résidence de
4 étages, plus de 150m², 3 chambres, 2 salles de bain, cuisine équipée, salon,
salle à manger e...
---
Skip to content

  * ACCUEIL
  * VENTES
  * LOCATIONS
  * NOTRE AGENCE
  * CONTACT

## READY TO ROCK?

Click the button below to start exploring our website and learn more about our
awesome company

Start exploring

Cette publication est protégée par un mot de passe. Pour la voir, veuillez
saisir votre mot de passe ci-dessous :

Mot de passe :

###### Nos horaires

Lundi au vendredi de 09h00 à 18h00

###### A2 immo

85D route de Thionville L-2611 Luxembourg

+352 28 80 03 88

contact[at]a2immo.l...
---
Skip to content

  * ACCUEIL
  * VENTES
  * LOCATIONS
  * NOTRE AGENCE
  * CONTACT

## READY TO ROCK?

Click the button below to start exploring our website and learn more about our
awesome company

Start exploring

###### Nos horaires

Lundi au vendredi de 09h00 à 18h00

###### A2 immo

70-72 Muhlenweg L-2155 LUXEMBOURG

+352 28 80 03 88

contact[at]a2immo.lu

###### Nos horaires

Lundi au vendredi de 09h00 à 18h00

###### A2 immo

85D route de Thionville L-2611 Luxembourg

+352 28 80 03 88

co..."
490,13,3,490_scouten_scouts_europa_scout,"scouten, scouts, europa, scout, sech, lëtzebuerg, huet, schuttrange, zesummen, fnel","Aller au contenu principal

Europa Scouten vu Lëtzebuerg

Bienvenue chez les Europa Scouten vu Lëtzebuerg !

Menu

  * Accueil
  * Découvrez
  * La pédagogie
  * Contacts
  * Les ESL en photos
  * Evènements
  * Notre paroisse
  * Liens amis

# Les ESL en photos

Découvrez nos activités en photos!

### Share this:

  * Twitter
  * Facebook
  * 

### WordPress:

J’aime chargement…

Créez un site Web ou un blog gratuitement sur WordPress.com.

Confidentialité & Cookies : Ce site utilise des cookie...
---
Skip to content

# Les Castors

Les Castors Schuttrange, d' Scouten vun der FNEL an der Gemeng Schëtter

Menu

  * Home
  * Branchen
  * Fotoen
  * Downloads
  * Chalet
  * Kontakt

Scroll down to content

## Les Castors

“Les Castors” ass e Scoutsgrupp vu Schëtter, dee Member vun der FNEL ass, dem
nationale laizistesche Scoutsverbond.

D’ FNEL (“Féderation Nationale des Éclaireurs et Éclaireuses du Luxembourg”)
ass eng laizistesch Associatioun, déi fir jiddereen op ass, egal wat fir enger
Relio...
---
Aller au contenu principal

Europa Scouten vu Lëtzebuerg

Bienvenue chez les Europa Scouten vu Lëtzebuerg !

Menu

  * Accueil
  * Découvrez
  * La pédagogie
  * Contacts
  * Les ESL en photos
  * Evènements
  * Notre paroisse
  * Liens amis

# Bienvenue chez les Europa Scouten vu Lëtzebuerg !

Bienvenue chez les Europa Scouten vu Lëtzebuerg, les Scouts d'Europe à
Luxembourg!

Héritiers du scoutisme de toujours, les Europa Scouten vu Lëtzebuerg sont
membres de l'Union internationale des Guides e..."
491,13,5,491_analyses_réseau_ressources_stockage accès,"analyses, réseau, ressources, stockage accès, accès technique, statistiques, stockage, technique, gérer, préférences","* Le SIDERE se présente
    * Historique
    * Présentation et statuts
    * SIDERE en chiffres
    * Capacité réservée
    * Ressources
    * Réseau
    * Statistiques
  * Organisation
    * Le bureau
    * Le comité
    * Service administratif
    * Service Technique – Direction
    * Service maintenance
  * Analyses
  * Evènements
  * Espace Membres
  * Media Centre
    * Publications
    * Albums photos
  * Contact
    * Contactez-nous

# SIDERE

## SYNDICAT INTERCOMMUNAL POUR LA DISTRIBUTIO...
---
* Le SIDERE se présente
    * Historique
    * Présentation et statuts
    * SIDERE en chiffres
    * Capacité réservée
    * Ressources
    * Réseau
    * Statistiques
  * Organisation
    * Le bureau
    * Le comité
    * Service administratif
    * Service Technique – Direction
    * Service maintenance
  * Analyses
  * Evènements
  * Espace Membres
  * Media Centre
    * Publications
    * Albums photos
  * Contact
    * Contactez-nous

Accueil > Actualités

# Actualités

Accueil > Actualité...
---
* Le SIDERE se présente
    * Historique
    * Présentation et statuts
    * SIDERE en chiffres
    * Capacité réservée
    * Ressources
    * Réseau
    * Statistiques
  * Organisation
    * Le bureau
    * Le comité
    * Service administratif
    * Service Technique – Direction
    * Service maintenance
  * Analyses
  * Evènements
  * Espace Membres
  * Media Centre
    * Publications
    * Albums photos
  * Contact
    * Contactez-nous

Accueil > Le SIDERE se présente

# Le SIDERE se présent..."
492,13,5,492_26 25_comptabilité_76_352 47,"26 25, comptabilité, 76, 352 47, societes, salaires, comptabilite, news contact, contact liens, constitution","+352 - 47 18 17

reception@intercorp.lu

Espace client

FR  EN  DE  IT  
  * Accueil 
  * Services 
    * Constitution de société
    * Les entreprises
    * Siège social et gestion annuelle
    * Fiscalité
    * Comptabilité
    * Autres services
  * Equipe 
  * News 
  * Contact 
  * Liens 

Home / Services / Comptabilité

## Comptabilité

Notre service comptabilite comprend la tenue de votre comptabilite sur notre
systeme informatique specialise.  
Le plan comptable est adapte suivant votre a...
---
+352 - 47 18 17

reception@intercorp.lu

Espace client

FR  EN  DE  IT  
  * Accueil 
  * Services 
    * Constitution de société
    * Les entreprises
    * Siège social et gestion annuelle
    * Fiscalité
    * Comptabilité
    * Autres services
  * Equipe 
  * News 
  * Contact 
  * Liens 

  * # Constitution de société
####  Il est essentiel pour tout projet d'être bien conçu dès le début

Plus d'infos

  * # Siège social et gestion annuelle
####  Nous avons obtenus le status de professionne...
---
+352 - 47 18 17

reception@intercorp.lu

Espace client

FR  EN  DE  IT  
  * Accueil 
  * Services 
    * Constitution de société
    * Les entreprises
    * Siège social et gestion annuelle
    * Fiscalité
    * Comptabilité
    * Autres services
  * Equipe 
  * News 
  * Contact 
  * Liens 

* * *
### Constitution de société

Il est essentiel pour tout projet d'etre bien conçu des le debut. Tout notre
savoir-faire pour vous donner les moyens de bien choisir.

### Les entreprises

Societes anon..."
493,13,4,493_palfinger_mercedes benz_benz_mercedes,"palfinger, mercedes benz, benz, mercedes, volvo, volkswagen, renault, peugeot, typ, fiat","* News
  * COVID-19
  * RGPD

Carrosserie Roemen

www.roemen.lu

  * Home
  * Unternehmen
    * Geschichte
    * Qualität & Zertifizierung
    * Karriere
    * Prospekte
    * Videos
  * Produkte
  * Service
  * Kontakt

Menu

  * Home
  * Unternehmen
    * Geschichte
    * Qualität & Zertifizierung
    * Karriere
    * Prospekte
    * Videos
  * Produkte
  * Service
  * Kontakt
  * News
  * COVID-19
  * RGPD

#  
Willkommen bei Carrosserie ROEMEN sàrl

##### Individueller Fahrzeugbau ist unsere...
---
* News
  * COVID-19
  * RGPD

Carrosserie Roemen

www.roemen.lu

  * Home
  * Unternehmen
    * Geschichte
    * Qualität & Zertifizierung
    * Karriere
    * Prospekte
    * Videos
  * Produkte
  * Service
  * Kontakt

Menu

  * Home
  * Unternehmen
    * Geschichte
    * Qualität & Zertifizierung
    * Karriere
    * Prospekte
    * Videos
  * Produkte
  * Service
  * Kontakt
  * News
  * COVID-19
  * RGPD

Carrosserie fourgon,  Coffre Typ Mirovan,  Dhollandia DH-LMA,  Hayon-
élévateur,  Volk...
---
* News
  * COVID-19
  * RGPD

Carrosserie Roemen

www.roemen.lu

  * Home
  * Unternehmen
    * Geschichte
    * Qualität & Zertifizierung
    * Karriere
    * Prospekte
    * Videos
  * Produkte
  * Service
  * Kontakt

Menu

  * Home
  * Unternehmen
    * Geschichte
    * Qualität & Zertifizierung
    * Karriere
    * Prospekte
    * Videos
  * Produkte
  * Service
  * Kontakt
  * News
  * COVID-19
  * RGPD

Lève-conteneur,  Systèmes hivernal,  Volvo,  Volvo FM

# Abrollkipper

05/05/2023 /

D..."
494,13,9,494_möbel_küchen_erfahren_thill,"möbel, küchen, erfahren, thill, geschlossen, kontakt news, kataloge, meubles, küche, marken","* Möbel
  * Küchen
  * Schnäppchen
  * Über uns
  * Kontakt
  * News
  * Kataloge
  * Deutsch 
  * Français 
  * English 

Meubles Oestreicher info@thill.lu 92 30 30 1 Anfahrt

  * Möbel
  * Küchen
  * Schnäppchen
  * Über uns
  * Kontakt
  * News
  * Kataloge
    * Deutsch
    * Français
    * English

  *   *   *   * 

Büro

# Arbeiten ohne Kompromisse

Ameublements Thill

## Möbel in Luxemburg – natürlich von Thill

Bei Ameublements Thill, Ihrem Möbelhaus im Norden Luxemburgs, setzen wir auf
...
---
* Möbel
  * Küchen
  * Boutique
  * Schnäppchen
  * Über uns
  * Kontakt
  * News
  * Kataloge
  * Deutsch 
  * Français 
  * English 

Ameublements Thill info@wunnen.lu +352 92 19 24 1 Anfahrt

  * Möbel
  * Küchen
  * Boutique
  * Schnäppchen
  * Über uns
  * Kontakt
  * News
  * Kataloge
    * Deutsch
    * Français
    * English

  *   *   *   * 

Über uns

# 100 Jahre Möbel großer Marken in Luxemburg

Das Team von Meubles Oestreicher

## Möbel und Küchen in Luxemburg – natürlich von Meubles...
---
* Möbel
  * Küchen
  * Boutique
  * Schnäppchen
  * Über uns
  * Kontakt
  * News
  * Kataloge
  * Deutsch 
  * Français 
  * English 

Ameublements Thill info@wunnen.lu +352 92 19 24 1 Anfahrt

  * Möbel
  * Küchen
  * Boutique
  * Schnäppchen
  * Über uns
  * Kontakt
  * News
  * Kataloge
    * Deutsch
    * Français
    * English

  *   *   *   * 

Möbel

# Hochwertige Möbel besonderer Marken in Luxemburg

Meubles & Cuisines Oestreicher

## Möbel und Küchen in Luxemburg – natürlich von Meuble..."
495,13,4,495_gris_weine_schengen_fairtrade,"gris, weine, schengen, fairtrade, rosé, crémant, pinot, shop kontakt, crémants, 23 66","Zur Navigation springen Zum Inhalt springen

  * Registrieren/Mein Konto

Suche nach: Suche

Menü

  * Home
  * Über uns
    * Über uns
    * Geschichte
    * Weinberge
    * Weinherstellung
  * Unsere Weine
    * Unsere Weine
    * … und Crémants
  * Weinstube
  * Shop
  * Kontakt

  * Home
  * Über uns
    * Über uns
    * Geschichte
    * Weinberge
    * Weinherstellung
  * Unsere Weine
    * Unsere Weine
    * … und Crémants
  * Weinstube
  * Shop
  * Kontakt

  * 0,00€ 0 Artikel
  * 

Start...
---
Zur Navigation springen Zum Inhalt springen

  * Registrieren/Mein Konto

Suche nach: Suche

Menü

  * Home
  * Über uns
    * Über uns
    * Geschichte
    * Weinberge
    * Weinherstellung
  * Unsere Weine
    * Unsere Weine
    * … und Crémants
  * Weinstube
  * Shop
  * Kontakt

  * Home
  * Über uns
    * Über uns
    * Geschichte
    * Weinberge
    * Weinherstellung
  * Unsere Weine
    * Unsere Weine
    * … und Crémants
  * Weinstube
  * Shop
  * Kontakt

  * 0,00€ 0 Artikel
  * 

Start...
---
Zur Navigation springen Zum Inhalt springen

  * Registrieren/Mein Konto

Suche nach: Suche

Menü

  * Home
  * Über uns
    * Über uns
    * Geschichte
    * Weinberge
    * Weinherstellung
  * Unsere Weine
    * Unsere Weine
    * … und Crémants
  * Weinstube
  * Shop
  * Kontakt

  * Home
  * Über uns
    * Über uns
    * Geschichte
    * Weinberge
    * Weinherstellung
  * Unsere Weine
    * Unsere Weine
    * … und Crémants
  * Weinstube
  * Shop
  * Kontakt

  * 0,00€ 0 Artikel
  * 

# Übe..."
496,13,4,496_police_question_résultats_parties,"police, question, résultats, parties, lëtzebuerg, écrite, devenir membre, 09 2021, jouer, comité","Zum Inhalt springen

Menü

  * Startseite
  * Comité SNPGL
    * Comité SNPGL
    * Devenir Membre
    * Notre Association
    * Organigramme
    * SPFP
  * Addresses utiles
  * Services
    * Fonds de Secours
    * CGFP Assurances
    * DKV Luxembourg
    * Loisirs
    * ARAL
    * BHW
  * Pourquoi syndicat
  * Documentations
  * Contact
    * Newsletter
    * Dateschutz Erklärungen
  * Links
    * Nos Partenaires
    * Clubs dans la Police
  * SPFP
    * Causa Schleck
    * Réunion d'informati...
---
Zum Inhalt springen

Menü

  * Startseite
  * Comité SNPGL
    * Comité SNPGL
    * Devenir Membre
    * Notre Association
    * Organigramme
    * SPFP
  * Addresses utiles
  * Services
    * Fonds de Secours
    * CGFP Assurances
    * DKV Luxembourg
    * Loisirs
    * ARAL
    * BHW
  * Pourquoi syndicat
  * Documentations
  * Contact
    * Newsletter
    * Dateschutz Erklärungen
  * Links
    * Nos Partenaires
    * Clubs dans la Police
  * SPFP
    * Causa Schleck
    * Réunion d'informati...
---
Zum Inhalt springen

Menü

  * Startseite
  * Comité SNPGL
    * Comité SNPGL
    * Devenir Membre
    * Notre Association
    * Organigramme
    * SPFP
  * Addresses utiles
  * Services
    * Fonds de Secours
    * CGFP Assurances
    * DKV Luxembourg
    * Loisirs
    * ARAL
    * BHW
  * Pourquoi syndicat
  * Documentations
  * Contact
    * Newsletter
    * Dateschutz Erklärungen
  * Links
    * Nos Partenaires
    * Clubs dans la Police
  * SPFP
    * Causa Schleck
    * Réunion d'informati..."
497,12,8,497_2022 2023_saison 2022_saison_dezember,"2022 2023, saison 2022, saison, dezember, championnat, phase, januar, februar, resultater, résultats","* 

# DT Nouspelt

Wëllkomm beim DT Nouspelt

# Menu

Skip to content

  * Virwuert
  * News
  * Eise Veräin
    * Geschicht
    * Palmarès
    * Kontakt
    * Manifestatiounen
    * Nëtzlech Adressen
    * Trainingszäiten an Trainingsdatumer
  * Klassementer
  * Ranglescht
  * Galerie
    * Gebuertsdagsbrochuren
    * Fotoen
    * Sportleréierung vun der Gemeng Kielen 2019
    * Médiathéik
  * Spillbetrieb
    * Spillplang
    * Seniorsequippen
    * Jugendspiller
  * Res. Training
  * Sponsore...
---
* 

# DT Nouspelt

Wëllkomm beim DT Nouspelt

# Menu

Skip to content

  * Virwuert
  * News
  * Eise Veräin
    * Geschicht
    * Palmarès
    * Kontakt
    * Manifestatiounen
    * Nëtzlech Adressen
    * Trainingszäiten an Trainingsdatumer
  * Klassementer
  * Ranglescht
  * Galerie
    * Gebuertsdagsbrochuren
    * Fotoen
    * Sportleréierung vun der Gemeng Kielen 2019
    * Médiathéik
  * Spillbetrieb
    * Spillplang
    * Seniorsequippen
    * Jugendspiller
  * Res. Training
  * Sponsore...
---
* 

# DT Nouspelt

Wëllkomm beim DT Nouspelt

# Menu

Skip to content

  * Virwuert
  * News
  * Eise Veräin
    * Geschicht
    * Palmarès
    * Kontakt
    * Manifestatiounen
    * Nëtzlech Adressen
    * Trainingszäiten an Trainingsdatumer
  * Klassementer
  * Ranglescht
  * Galerie
    * Gebuertsdagsbrochuren
    * Fotoen
    * Sportleréierung vun der Gemeng Kielen 2019
    * Médiathéik
  * Spillbetrieb
    * Spillplang
    * Seniorsequippen
    * Jugendspiller
  * Res. Training
  * Sponsore..."
498,12,7,498_bücher_herausgeber_livres_buch,"bücher, herausgeber, livres, buch, benutzer, weiterlesen, roland, benutzers, meyer, webshop","* Skip to main content
  * Skip to secondary navigation
  * Zur Fußzeile springen

Op der Lay

Säit 30 Joer der Literatur verschriwwen.

  * Home
  * News
  * Bücher
  * Kontakt
    * Uns kontaktieren
    * Manuskripteinsendung
  * Shop
    * Alle Bücher
    * Mein Konto
    * Warenkorb
    * Zur Kasse
  * 

  * Kinderbücher
  * Jugendbücher
  * Monographie
  * Literatur
  * Alle Bücher

Aktuelle Seite: Startseite / Archiv für 2021

# 2021

## 4 neue Bücher!

November 22, 2021 von Op der Lay

Au...
---
* Skip to main content
  * Skip to secondary navigation
  * Zur Fußzeile springen

Op der Lay

Säit 30 Joer der Literatur verschriwwen.

  * Home
  * News
  * Bücher
  * Kontakt
    * Uns kontaktieren
    * Manuskripteinsendung
  * Shop
    * Alle Bücher
    * Mein Konto
    * Warenkorb
    * Zur Kasse
  * 

  * Kinderbücher
  * Jugendbücher
  * Monographie
  * Literatur
  * Alle Bücher

# Warenkorb

Dein Warenkorb ist gegenwärtig leer.

Zurück zum Shop

## Footer

### Kontakt

  * Facebook
  * ...
---
* Skip to main content
  * Skip to secondary navigation
  * Zur Fußzeile springen

Op der Lay

Säit 30 Joer der Literatur verschriwwen.

  * Home
  * News
  * Bücher
  * Kontakt
    * Uns kontaktieren
    * Manuskripteinsendung
  * Shop
    * Alle Bücher
    * Mein Konto
    * Warenkorb
    * Zur Kasse
  * 

  * Kinderbücher
  * Jugendbücher
  * Monographie
  * Literatur
  * Alle Bücher

Aktuelle Seite: Startseite / Archiv für 2023

# 2023

## Neit Kannerbuch fir erwuesse Leit: Monster Malya vum..."
499,12,3,499_66_352 55_données caractère_caractère personnel,"66, 352 55, données caractère, caractère personnel, energy, 55, caractère, emergency, gas, gaz","24/7 emergency number in case of problems: (+352) 55 66 55 66 or (+352) 24 66
16 11

FRDEEN

  * Natural Gas
    * Products
    * Network
  * Service
    * Become a Customer
    * Report a move
    * Meter Reading
    * Your Bill
    * Feedback
    * Save Energy
    * Emergency
    * FAQ
  * Renewables
    * Solar Power Plants
    * Wind Power Plants
  * News
    * Current Issues
    * SUDgazette
    * Press Area
    * Business Reports
  * About Us
    * The Company
    * Sustainability
    * Hi...
---
24/7 emergency number in case of problems: (+352) 55 66 55 66 or (+352) 24 66
16 11

FRDEEN

  * Natural Gas
    * Products
    * Network
  * Service
    * Become a Customer
    * Report a move
    * Meter Reading
    * Your Bill
    * Feedback
    * Save Energy
    * Emergency
    * FAQ
  * Renewables
    * Solar Power Plants
    * Wind Power Plants
  * News
    * Current Issues
    * SUDgazette
    * Press Area
    * Business Reports
  * About Us
    * The Company
    * Sustainability
    * Hi...
---
24/7 emergency number in case of problems: (+352) 55 66 55 66 or (+352) 24 66
16 11

FRDEEN

  * Natural Gas
    * Products
    * Network
  * Service
    * Become a Customer
    * Report a move
    * Meter Reading
    * Your Bill
    * Feedback
    * Save Energy
    * Emergency
    * FAQ
  * Renewables
    * Solar Power Plants
    * Wind Power Plants
  * News
    * Current Issues
    * SUDgazette
    * Press Area
    * Business Reports
  * About Us
    * The Company
    * Sustainability
    * Hi..."
500,12,4,500_wedding_gift_women_amour,"wedding, gift, women, amour, aimez, book, protected, blog, image, appointment","* HOME
  * TUXEDO
  * MEN
  * WOMEN
  * WEDDING
  * E-SHOP
  * WATCHES
  * GIFT
  * KNOW-HOW
  * BLOG
  * … 
    * HOME
    * TUXEDO
    * MEN
    * WOMEN
    * WEDDING
    * E-SHOP
    * WATCHES
    * GIFT
    * KNOW-HOW
    * BLOG

  *   *   *     * English
    * Français

BOOK AN APPOINTMENT

  * HOME
  * TUXEDO
  * MEN
  * WOMEN
  * WEDDING
  * E-SHOP
  * WATCHES
  * GIFT
  * KNOW-HOW
  * BLOG
  * … 
    * HOME
    * TUXEDO
    * MEN
    * WOMEN
    * WEDDING
    * E-SHOP
    * WATCHES
    *...
---
* HOME
  * TUXEDO
  * MEN
  * WOMEN
  * WEDDING
  * E-SHOP
  * WATCHES
  * GIFT
  * KNOW-HOW
  * BLOG
  * … 
    * HOME
    * TUXEDO
    * MEN
    * WOMEN
    * WEDDING
    * E-SHOP
    * WATCHES
    * GIFT
    * KNOW-HOW
    * BLOG

  *   *   *     * English
    * Français

BOOK AN APPOINTMENT

  * HOME
  * TUXEDO
  * MEN
  * WOMEN
  * WEDDING
  * E-SHOP
  * WATCHES
  * GIFT
  * KNOW-HOW
  * BLOG
  * … 
    * HOME
    * TUXEDO
    * MEN
    * WOMEN
    * WEDDING
    * E-SHOP
    * WATCHES
    *...
---
* HOME
  * TUXEDO
  * MEN
  * WOMEN
  * WEDDING
  * E-SHOP
  * WATCHES
  * GIFT
  * KNOW-HOW
  * BLOG
  * … 
    * HOME
    * TUXEDO
    * MEN
    * WOMEN
    * WEDDING
    * E-SHOP
    * WATCHES
    * GIFT
    * KNOW-HOW
    * BLOG

  * 

BOOK AN APPOINTMENT

  * HOME
  * TUXEDO
  * MEN
  * WOMEN
  * WEDDING
  * E-SHOP
  * WATCHES
  * GIFT
  * KNOW-HOW
  * BLOG
  * … 
    * HOME
    * TUXEDO
    * MEN
    * WOMEN
    * WEDDING
    * E-SHOP
    * WATCHES
    * GIFT
    * KNOW-HOW
    * BLOG

  *..."
501,12,3,501_orient_maçonnerie_grand_manger,"orient, maçonnerie, grand, manger, août 2022, salon, liberté, ateliers, collections, jeu","## GOL

### Grand Orient de Luxembourg

### Menu principal (Mainmenu)

  * Accueil
  * Login Membres
  * Contact

Rechercher Valider

MENU

  * Accueil
    * Actualités
    * Les Ateliers du GOL
      * De Ruwe Kassei
      * Diogenes
      * Europe et Fraternité
      * Fiat Lux
      * La Fayette
      * Liberté
      * Licht und Wahrheit
      * Socrate
      * Tolérance
      * Tradition et progrès
    * Solidarité
      * Actions - Dons
      * Manifestations
  * Liens fraternels
    * Le C...
---
## GOL

### Grand Orient de Luxembourg

### Menu principal (Mainmenu)

  * Accueil
  * Login Membres
  * Contact

Rechercher Valider

MENU

  * Accueil
    * Actualités
    * Les Ateliers du GOL
      * De Ruwe Kassei
      * Diogenes
      * Europe et Fraternité
      * Fiat Lux
      * La Fayette
      * Liberté
      * Licht und Wahrheit
      * Socrate
      * Tolérance
      * Tradition et progrès
    * Solidarité
      * Actions - Dons
      * Manifestations
  * Liens fraternels
    * Le C...
---
## GOL

### Grand Orient de Luxembourg

### Menu principal (Mainmenu)

  * Accueil
  * Login Membres
  * Contact

Rechercher Valider

MENU

  * Accueil
    * Actualités
    * Les Ateliers du GOL
      * De Ruwe Kassei
      * Diogenes
      * Europe et Fraternité
      * Fiat Lux
      * La Fayette
      * Liberté
      * Licht und Wahrheit
      * Socrate
      * Tolérance
      * Tradition et progrès
    * Solidarité
      * Actions - Dons
      * Manifestations
  * Liens fraternels
    * Le C..."
502,12,3,502_hotel_wellness_bel_clervaux,"hotel, wellness, bel, clervaux, air, spa, hôtel, commerce, wind, day","Hôtel Bel-Air, Sport & Wellness

{{current_weather.dt | momentjs( atts.date )}} {{current_weather.temp | temp}} °{{units}} {{day.dt | momentjs(atts.date)}} {{day.temp | temp}} °{{day.temp_min | temp}} °{{units}}
####

{{current_weather.temp | temp}} ° Humidity: {{current_weather.humidity}}%  
Clouds: {{current_weather.clouds}}%  
Wind ({{current_weather.wind.deg}}):
{{current_weather.wind.speed}}{{units_wind}}

{{current_weather.desc}}

{{day.dt | momentjs(atts.date)}}
{{day.temp | temp}}° {{day...
---
Hôtel Bel-Air, Sport & Wellness

{{current_weather.dt | momentjs( atts.date )}} {{current_weather.temp | temp}} °{{units}} {{day.dt | momentjs(atts.date)}} {{day.temp | temp}} °{{day.temp_min | temp}} °{{units}}
####

{{current_weather.temp | temp}} ° Humidity: {{current_weather.humidity}}%  
Clouds: {{current_weather.clouds}}%  
Wind ({{current_weather.wind.deg}}):
{{current_weather.wind.speed}}{{units_wind}}

{{current_weather.desc}}

{{day.dt | momentjs(atts.date)}}
{{day.temp | temp}}° {{day...
---
Hôtel Bel-Air, Sport & Wellness

{{current_weather.dt | momentjs( atts.date )}} {{current_weather.temp | temp}} °{{units}} {{day.dt | momentjs(atts.date)}} {{day.temp | temp}} °{{day.temp_min | temp}} °{{units}}
####

{{current_weather.temp | temp}} ° Humidity: {{current_weather.humidity}}%  
Clouds: {{current_weather.clouds}}%  
Wind ({{current_weather.wind.deg}}):
{{current_weather.wind.speed}}{{units_wind}}

{{current_weather.desc}}

{{day.dt | momentjs(atts.date)}}
{{day.temp | temp}}° {{day..."
503,12,6,503_afficher_change_asia_huiles,"afficher, change, asia, huiles, market, durabilité, region, énergies, chauffage, carburant","Passer au contenu principal

Accueil - Shell Luxembourg

Menu

  * Accueil
  * Particuliers
Particuliers

Afficher Particuliers

    * Particuliers
    * Afficher Particuliers
    * Localisateur de station Shell
    * Carburants Shell
Carburants Shell

Afficher Carburants Shell

      * Particuliers
      * Carburants Shell
      * Afficher Carburants Shell
      * Prix de Vente Officiel
      * Shell V-Power SP98 et Shell V-Power Diesel
      * AdBlue
      * La Technologie Shell DYNAFLEX
    *...
---
Passer au contenu principal

Accueil - Shell Luxembourg

Menu

  * Accueil
  * Particuliers
Particuliers

Afficher Particuliers

    * Particuliers
    * Afficher Particuliers
    * Localisateur de station Shell
    * Carburants Shell
Carburants Shell

Afficher Carburants Shell

      * Particuliers
      * Carburants Shell
      * Afficher Carburants Shell
      * Prix de Vente Officiel
      * Shell V-Power SP98 et Shell V-Power Diesel
      * AdBlue
      * La Technologie Shell DYNAFLEX
    *...
---
Passer au contenu principal

Accueil - Shell Luxembourg

Menu

  * Accueil
  * Particuliers
Particuliers

Afficher Particuliers

    * Particuliers
    * Afficher Particuliers
    * Localisateur de station Shell
    * Carburants Shell
Carburants Shell

Afficher Carburants Shell

      * Particuliers
      * Carburants Shell
      * Afficher Carburants Shell
      * Prix de Vente Officiel
      * Shell V-Power SP98 et Shell V-Power Diesel
      * AdBlue
      * La Technologie Shell DYNAFLEX
    *..."
504,12,5,504_safari_beaufort_mullerthal_übernachten,"safari, beaufort, mullerthal, übernachten, syndicat initiative, guide, park, tél, 83, grand rue","Toggle Navigation

  * Home
  * Klimapakt
    * Allgemeines
    * Nutzen
    * Mitmachen
  * Kontakt
  * Vëlo am Westen
    * Kaart Vëlo
  * Safari am Wëlle Westen
    * Safari Biekerech
    * Safari Einer
    * Safari Eischt
    * Safari Sëll
    * Safari Useldeng
    * Safari Foulscht
    * Safari Koulbich
    * Safari Rued
    * Safari Rëmmereg
    * Safari Schweech
    * Safari Wal
    * Safari Mäerzeg
    * Safari Dellen
    * Safari Kéiber
    * Safari Pärel
    * Safari Misärbréck
    * S...
---
Toggle Navigation

  * Home
  * Klimapakt
    * Allgemeines
    * Nutzen
    * Mitmachen
  * Kontakt
  * Vëlo am Westen
    * Kaart Vëlo
  * Safari am Wëlle Westen
    * Safari Biekerech
    * Safari Einer
    * Safari Eischt
    * Safari Sëll
    * Safari Useldeng
    * Safari Foulscht
    * Safari Koulbich
    * Safari Rued
    * Safari Rëmmereg
    * Safari Schweech
    * Safari Wal
    * Safari Mäerzeg
    * Safari Dellen
    * Safari Kéiber
    * Safari Pärel
    * Safari Misärbréck
    * S...
---
Toggle Navigation

  * Home
  * Klimapakt
    * Allgemeines
    * Nutzen
    * Mitmachen
  * Kontakt
  * Vëlo am Westen
    * Kaart Vëlo
  * Safari am Wëlle Westen
    * Safari Biekerech
    * Safari Einer
    * Safari Eischt
    * Safari Sëll
    * Safari Useldeng
    * Safari Foulscht
    * Safari Koulbich
    * Safari Rued
    * Safari Rëmmereg
    * Safari Schweech
    * Safari Wal
    * Safari Mäerzeg
    * Safari Dellen
    * Safari Kéiber
    * Safari Pärel
    * Safari Misärbréck
    * S..."
505,12,4,505_mep_herunterladen_national_convention,"mep, herunterladen, national, convention, räume, berlin, november, germany, destination, medien","Search for:

### Menu

  * About us
    * About MEP
    * LAML MEP Teachers
      * Odile Linden
  * Calendar
  * Contact
  * Home
  * Impressum
  * MEP International
  * Photos
    * 51st MEP in Malta 2019
    * EU Parliament in Brussels
    * MEP 2011 in Skopje, Republic of Macedonia
    * MEP 2012 in Madrid, Spain
    * MEP 2013 in Vilnius, Lithuania
    * MEP 2014 in Luxembourg
      * 10th November 2014: Opening Ceremony
        * Presentation of the delegations
        * Reception
      * ...
---
Search for:

### Menu

  * About us
    * About MEP
    * LAML MEP Teachers
      * Odile Linden
  * Calendar
  * Contact
  * Home
  * Impressum
  * MEP International
  * Photos
    * 51st MEP in Malta 2019
    * EU Parliament in Brussels
    * MEP 2011 in Skopje, Republic of Macedonia
    * MEP 2012 in Madrid, Spain
    * MEP 2013 in Vilnius, Lithuania
    * MEP 2014 in Luxembourg
      * 10th November 2014: Opening Ceremony
        * Presentation of the delegations
        * Reception
      * ...
---
Search for:

### Menu

  * About us
    * About MEP
    * LAML MEP Teachers
      * Odile Linden
  * Calendar
  * Contact
  * Home
  * Impressum
  * MEP International
  * Photos
    * 51st MEP in Malta 2019
    * EU Parliament in Brussels
    * MEP 2011 in Skopje, Republic of Macedonia
    * MEP 2012 in Madrid, Spain
    * MEP 2013 in Vilnius, Lithuania
    * MEP 2014 in Luxembourg
      * 10th November 2014: Opening Ceremony
        * Presentation of the delegations
        * Reception
      * ..."
506,12,12,506_https support_supprimer cookies_supprimer_visitez,"https support, supprimer cookies, supprimer, visitez, internet explorer, mémoriser, google chrome, navigateurs, pouvez, chrome","# Politique sur les cookies

## Qu'est-ce que sont les cookies ?

Les cookies sont de petits fichiers de données (fichiers de mémoire) stockés
sur votre ordinateur ou votre appareil via votre navigateur par les sites que
vous visitez. Comme c'est la pratique courante sur presque tous les sites Web,
ce site utilise des cookies pour améliorer votre expérience en mémorisant vos
préférences et en activant d'autres fonctions basées sur les cookies (par
exemple, l'analyse), soit pour une seule visite ...
---
# Politique sur les cookies

## Qu'est-ce que sont les cookies ?

Les cookies sont de petits fichiers de données (fichiers de mémoire) stockés
sur votre ordinateur ou votre appareil via votre navigateur par les sites que
vous visitez. Comme c'est la pratique courante sur presque tous les sites Web,
ce site utilise des cookies pour améliorer votre expérience en mémorisant vos
préférences et en activant d'autres fonctions basées sur les cookies (par
exemple, l'analyse), soit pour une seule visite ...
---
# Politique sur les cookies

## Qu'est-ce que sont les cookies ?

Les cookies sont de petits fichiers de données (fichiers de mémoire) stockés
sur votre ordinateur ou votre appareil via votre navigateur par les sites que
vous visitez. Comme c'est la pratique courante sur presque tous les sites Web,
ce site utilise des cookies pour améliorer votre expérience en mémorisant vos
préférences et en activant d'autres fonctions basées sur les cookies (par
exemple, l'analyse), soit pour une seule visite ..."
507,12,4,507_commentaire_nutrition_pascal_troubles,"commentaire, nutrition, pascal, troubles, poids, santé, micro, psychologie, effets, peau","Skip to content

jeudi, juin 1, 2023

  * Accueil
  * Psychologie
  * Sexualité & Couples
  * Nutrition
  * Addictions
  * Femmes & Beauté
  * Séniors
  * Enfants
  * Troubles divers
  * Bien-être

Vous êtes ici

  * Accueil
  * Addictions

# Catégorie : Addictions

Addictions

## Des experts en environnement et des médecins prouvent l’impact des
cigarettes électroniques sur la santé

mai 17, 2023mai 17, 2023 AFP Services0 commentaire

Le 30 avril 2023, un collectif d’experts a exprimé son désac...
---
Skip to content

jeudi, juin 1, 2023

  * Accueil
  * Psychologie
  * Sexualité & Couples
  * Nutrition
  * Addictions
  * Femmes & Beauté
  * Séniors
  * Enfants
  * Troubles divers
  * Bien-être

Derniers articles

  * Créez des vidéos de cours de yoga captivantes : Guide complet 
  * La thérapie de la reconsolidation avec la méthode Brunet : une révolution dans le monde des neurosciences 
  * Des experts en environnement et des médecins prouvent l’impact des cigarettes électroniques sur la sa...
---
Skip to content

jeudi, juin 1, 2023

  * Accueil
  * Psychologie
  * Sexualité & Couples
  * Nutrition
  * Addictions
  * Femmes & Beauté
  * Séniors
  * Enfants
  * Troubles divers
  * Bien-être

Vous êtes ici

  * Accueil
  * Nutrition

# Catégorie : Nutrition

Nutrition

## Brûleurs de graisse et nutrition : tout ce qu'il faut savoir

février 10, 2023 AFP Services0 commentaire

Vous avez décidé de prendre en main votre santé et votre silhouette ? Vous
êtes à la recherche d’un complément alim..."
508,12,5,508_kit_ponts_lavage_haute pression,"kit, ponts, lavage, haute pression, pression, système, haute, air, laboratoire, zone","Aller au contenu

  * Equipement de garage et carrosserie
    * Adas
    * Analyseur
      * Analyseur – Gaz
      * Analyseur – Diesel
      * Analyseur – Options
    * Aspiration
      * Aspiration – Fumées de soudure – découpe / échappement
      * Aspiration – Poussières
      * Aspiration – Station centrale
      * Aspiration – Bornes
      * Aspirations – Autres
    * Banc de test
      * Banc de test – Freins
      * Banc de test – Géometries
      * Banc de test – Suspensions
      * Ban...
---
Aller au contenu

  * Equipement de garage et carrosserie
    * Adas
    * Analyseur
      * Analyseur – Gaz
      * Analyseur – Diesel
      * Analyseur – Options
    * Aspiration
      * Aspiration – Fumées de soudure – découpe / échappement
      * Aspiration – Poussières
      * Aspiration – Station centrale
      * Aspiration – Bornes
      * Aspirations – Autres
    * Banc de test
      * Banc de test – Freins
      * Banc de test – Géometries
      * Banc de test – Suspensions
      * Ban...
---
Aller au contenu

  * Equipement de garage et carrosserie
    * Adas
    * Analyseur
      * Analyseur – Gaz
      * Analyseur – Diesel
      * Analyseur – Options
    * Aspiration
      * Aspiration – Fumées de soudure – découpe / échappement
      * Aspiration – Poussières
      * Aspiration – Station centrale
      * Aspiration – Bornes
      * Aspirations – Autres
    * Banc de test
      * Banc de test – Freins
      * Banc de test – Géometries
      * Banc de test – Suspensions
      * Ban..."
509,12,3,509_sign_password_lunch_lieferzeit,"sign, password, lunch, lieferzeit, visitors, account, log, receive, passwort, restaurants","Lunch

  *   * 

Lunch

Lieferzeit: 11:15 - 12:15

  *   *   *   *   * 0
  *   * DE
    * EN
    * FR

Lunch

Lieferzeit: 11:15 - 12:15

Suchen

Restaurants

Filter

  * EN
  * FR
  * DE

# Meine Favoriten

Entschuldigung, Sie müssen angemeldet sein, um Ihre Favoriten zu sehen.

#### Über uns

Foozo hat es sich zur Aufgabe gemacht, die Art und Weise zu verändern, wie
Menschen Essen bei der Arbeit erleben. Deshalb bieten wir ein umfassendes
Angebot an Liefer- und Cateringservices, einschließlich ...
---
Lunch

  *   * 

Lunch

Lieferzeit: 11:15 - 12:15

  *   *   *   *   * 0
  *   * DE
    * EN
    * FR

Lunch

Lieferzeit: 11:15 - 12:15

Suchen

Restaurants

Filter

  * EN
  * FR
  * DE

# My account

You must be logged in to see your account. You can login hier

#### Über uns

Foozo hat es sich zur Aufgabe gemacht, die Art und Weise zu verändern, wie
Menschen Essen bei der Arbeit erleben. Deshalb bieten wir ein umfassendes
Angebot an Liefer- und Cateringservices, einschließlich intelligenter
K...
---
Lunch

  *   * 

Lunch

Lieferzeit: 11:15 - 12:15

  *   *   *   *   * 0
  *   * DE
    * EN
    * FR

Lunch

Lieferzeit: 11:15 - 12:15

Suchen

Restaurants

Filter

  * EN
  * FR
  * DE

# My account

You must be logged in to see your account. You can login hier

#### Über uns

Foozo hat es sich zur Aufgabe gemacht, die Art und Weise zu verändern, wie
Menschen Essen bei der Arbeit erleben. Deshalb bieten wir ein umfassendes
Angebot an Liefer- und Cateringservices, einschließlich intelligenter
K..."
510,12,4,510_protect_shipping_shoes_easy,"protect, shipping, shoes, easy, lalux, item, geschäftskunden, mailing list, downloads, select","Your Cart

Your basket is empty

Please check this box to agree to our terms and conditions

##### €0.00

#### €0.00

total cart value

Place your order

Continue Shopping  

Only €50.00 away from getting Free Shipping!

Free Shipping!

Only €80.00 away from getting Free Shipping!

Free Shipping!

Only €95.00 away from getting Free Shipping!

Free Shipping!

Free Shipping options available! For further information Shipping

  *   * Children shoes
  * Clothing & Accessories
  * Home & travel
  * ...
---
Skip to content

## Your cart is empty

Continue shopping

## Your cart

Loading...

## Subtotal

€0,00 EUR

Tax included and shipping calculated at checkout

Update  Check out

+352 23676845 | marco.putz@agence.lalux.lu 
  * Home 
  * Unsere Agentur 
  * Geschäftskunden 
Geschäftskunden

    * Easy- PROTECT PRO 
    * Aprobat 
    * LALUX Staff Protect 
  * Privatkunden 
Privatkunden

    * Easy-PROTECT Auto 
    * Easy-PROTECT Haus und Wohnung 
    * easyPROTECT Unfall 
    * Reiseversicherung...
---
Skip to content

## Your cart is empty

Continue shopping

## Your cart

Loading...

## Subtotal

€0,00 EUR

Tax included and shipping calculated at checkout

Update  Check out

+352 23676845 | marco.putz@agence.lalux.lu 
  * Home 
  * Unsere Agentur 
  * Geschäftskunden 
Geschäftskunden

    * Easy- PROTECT PRO 
    * Aprobat 
    * LALUX Staff Protect 
  * Privatkunden 
Privatkunden

    * Easy-PROTECT Auto 
    * Easy-PROTECT Haus und Wohnung 
    * easyPROTECT Unfall 
    * Reiseversicherung..."
511,12,4,511_judo_tournoi_fotoen_informatiounen,"judo, tournoi, fotoen, informatiounen, cercle, resultater, club, entraînements, saison, entraînement","# Judo Club Ettelbruck

## Club de Judo et Jujitsu affilié à la FLAM

Menu Aller au contenu

  * Le Club
    * Comité
    * Historique du club
    * Le Dojo
    * Horaires des entraînements
  * Judo
    * Jigoro Kano – le fondateur du Judo
    * Horaires des entraînements
    * Le Dojo
    * Les moniteurs
    * Judo – saison 2022-2023
    * Judo – saison 2021-2022
    * Judo – saison 2018/2019
    * Judo – saison 2017/2018
    * Judo – saison 2016/2017
    * Judo – saison 2015/2016
  * Ju-Jitsu
...
---
# Judo Club Ettelbruck

## Club de Judo et Jujitsu affilié à la FLAM

Menu Aller au contenu

  * Le Club
    * Comité
    * Historique du club
    * Le Dojo
    * Horaires des entraînements
  * Judo
    * Jigoro Kano – le fondateur du Judo
    * Horaires des entraînements
    * Le Dojo
    * Les moniteurs
    * Judo – saison 2022-2023
    * Judo – saison 2021-2022
    * Judo – saison 2018/2019
    * Judo – saison 2017/2018
    * Judo – saison 2016/2017
    * Judo – saison 2015/2016
  * Ju-Jitsu
...
---
# Judo Club Ettelbruck

## Club de Judo et Jujitsu affilié à la FLAM

Menu Aller au contenu

  * Le Club
    * Comité
    * Historique du club
    * Le Dojo
    * Horaires des entraînements
  * Judo
    * Jigoro Kano – le fondateur du Judo
    * Horaires des entraînements
    * Le Dojo
    * Les moniteurs
    * Judo – saison 2022-2023
    * Judo – saison 2021-2022
    * Judo – saison 2018/2019
    * Judo – saison 2017/2018
    * Judo – saison 2016/2017
    * Judo – saison 2015/2016
  * Ju-Jitsu
..."
512,12,4,512_med_dr_therapie_ärzte,"med, dr, therapie, ärzte, foto, französisch, häufig gestellte, häufig, gestellte fragen, gestellte","Zum Inhalt springen

  * Mitglied werden

  *   * 

  * Home
  * Lipödem
    * Was ist Lipödem?
    * Fakten über Lipödem
    * Symptome
    * Diagnose stellen
    * Stadien und Typen
    * Ähnliche Krankheiten
    * Sekundär- und Begleiterkrankungen
    * Galerie
    * Ärzte
  * Therapie
    * Kompressionstherapie
    * Manuelle Lymphdrainage (MLD)
    * Bewegungstherapie
    * Kur
    * Operative Therapie
    * Kostenübernahme
  * Über uns
    * Gründung der a.s.b.l.
    * Vorstand
    * Unser...
---
Zum Inhalt springen

  * Mitglied werden

  *   * 

  * Home
  * Lipödem
    * Was ist Lipödem?
    * Fakten über Lipödem
    * Symptome
    * Diagnose stellen
    * Stadien und Typen
    * Ähnliche Krankheiten
    * Sekundär- und Begleiterkrankungen
    * Galerie
    * Ärzte
  * Therapie
    * Kompressionstherapie
    * Manuelle Lymphdrainage (MLD)
    * Bewegungstherapie
    * Kur
    * Operative Therapie
    * Kostenübernahme
  * Über uns
    * Gründung der a.s.b.l.
    * Vorstand
    * Unser...
---
Zum Inhalt springen

  * Mitglied werden

  *   * 

  * Home
  * Lipödem
    * Was ist Lipödem?
    * Fakten über Lipödem
    * Symptome
    * Diagnose stellen
    * Stadien und Typen
    * Ähnliche Krankheiten
    * Sekundär- und Begleiterkrankungen
    * Galerie
    * Ärzte
  * Therapie
    * Kompressionstherapie
    * Manuelle Lymphdrainage (MLD)
    * Bewegungstherapie
    * Kur
    * Operative Therapie
    * Kostenübernahme
  * Über uns
    * Gründung der a.s.b.l.
    * Vorstand
    * Unser..."
513,12,3,513_umschalten_camping_dag_rezeption,"umschalten, camping, dag, rezeption, day, aug, animation, extra, umgebung, campingplatz","Zum Inhalt springen

  *   *   *   * 

  * Preisliste
  * Anfahrt
  * Lageplan
  * Info
  * Impressum
  * FAQs

MENÜ MENÜ

  *   * CampingMenü umschalten
    * StandardstellplätzeW
    * KomfortstellplätzeWl
    * Wohnmobilstellplätze
    * SaisonplätzeFUUSSEKA
    * Fuussekaul Camping
  * VermietungenMenü umschalten
    * Glamping UnterkünfteA
  
  
  

    * Safari- & Tipizelte F
    * Ferienwohnungen FUUSSE
    * Mietmobilheim Standard
  

    * Mietmobilheime Komfort
  

  * AktivitätenMenü ...
---
Zum Inhalt springen

  *   *   *   * 

  * Preisliste
  * Anfahrt
  * Lageplan
  * Info
  * Impressum
  * FAQs

MENÜ MENÜ

  *   * CampingMenü umschalten
    * StandardstellplätzeW
    * KomfortstellplätzeWl
    * Wohnmobilstellplätze
    * SaisonplätzeFUUSSEKA
    * Fuussekaul Camping
  * VermietungenMenü umschalten
    * Glamping UnterkünfteA
  
  
  

    * Safari- & Tipizelte F
    * Ferienwohnungen FUUSSE
    * Mietmobilheim Standard
  

    * Mietmobilheime Komfort
  

  * AktivitätenMenü ...
---
*   *   * 

Direkt reservieren

00352 879391

MENU

  * Home
  * Campingplatz
Campingplatz Aktivitäten Karte Umgebung Preise Reservieren Fotobuch Terug

  * Mieten
Mieten Neimillen Mobilheim Beaufort Mobilhome O'hara Mobilheim Neptunes
Mobilheim Eekhoorn Mobilheim Neumuhle Mobilheim Ermsdorf Mobilheim Egel
Mobilheim Mercure Mobilheim Estiva Mobilheim Loggia Mobilheim Titania
Mobilheim Karte Preise Reservieren Fotobuch Terug

  * Aktivitäten
Aktivitäten Schwimmbad Spielmöglichkeiten Essen und tri..."
514,12,4,514_baywa_weitergeleitet_cancel_solar,"baywa, weitergeleitet, cancel, solar, switch, schließen, anfragen, nordic, luxemburgischen, frankreich","Suche

Menu

Benelux

  * Polen
  * Australien
  * Dänemark
  * Finnland
  * Frankreich
  * Deutschland
  * Italien
  * Luxemburg
  * Niederlande
  * Norwegen
  * Schweden
  * Südostasien
  * USA
  * Schweiz
  * Mexiko
  * Spanien
  * Kanada

DE

  * EN
  * FR
  * NL

Webshop Login

  * Karriere
  * BayWa r.e.

  * Produkte
    * Nach Kategorie
      * Solarmodule
      * Wechselrichter
      * Montagesysteme
      * Wechselrichterzubehör
      * Speichersysteme
      * Anlagenzubehör
      * E-...
---
Suche

Menu

Benelux

  * Polen
  * Australien
  * Dänemark
  * Finnland
  * Frankreich
  * Deutschland
  * Italien
  * Luxemburg
  * Niederlande
  * Norwegen
  * Schweden
  * Südostasien
  * USA
  * Schweiz
  * Mexiko
  * Spanien
  * Kanada

DE

  * EN
  * FR
  * NL

Webshop Login

  * Karriere
  * BayWa r.e.

  * Produkte
    * Nach Kategorie
      * Solarmodule
      * Wechselrichter
      * Montagesysteme
      * Wechselrichterzubehör
      * Speichersysteme
      * Anlagenzubehör
      * E-...
---
Suche

Menu

Benelux

  * Polen
  * Australien
  * Dänemark
  * Finnland
  * Frankreich
  * Deutschland
  * Italien
  * Luxemburg
  * Niederlande
  * Norwegen
  * Schweden
  * Südostasien
  * USA
  * Schweiz
  * Mexiko
  * Spanien
  * Kanada

DE

  * EN
  * FR
  * NL

Webshop Login

  * Karriere
  * BayWa r.e.

  * Produkte
    * Nach Kategorie
      * Solarmodule
      * Wechselrichter
      * Montagesysteme
      * Wechselrichterzubehör
      * Speichersysteme
      * Anlagenzubehör
      * E-..."
515,12,3,515_isolierung_badezimmer_wellness_fliesen,"isolierung, badezimmer, wellness, fliesen, parkett, sanitär, beton, betreiber, türen, 352 43","Menu

  * ÜBER UNS
    * AUSSTELLUNG
    * FACHKENNTNISSE
      * FLIESENVERLEGUNG
      * BADEZIMMER VON A BIS Z
      * RENOVIERUNGEN
      * GEWACHSTER BETON
      * SANITÄR UND WELLNESS
      * TÜREN UND PARKETT
    * VIDEOS
    * HISTORIE
    * UNSERE WERTE
    * JOBS
  * PRODUKTE
    * Tiefbau
      * Blecke und Ziegel
      * Rohre
      * Fassade
      * Rinnen
    * Werkzeug
      * Fliesenschneider
      * Rührer
      * Bohrer, Bohrehammer, Winkelschleifer
      * Sicherheitskleidung
...
---
Menu

  * ÜBER UNS
    * AUSSTELLUNG
    * FACHKENNTNISSE
      * FLIESENVERLEGUNG
      * BADEZIMMER VON A BIS Z
      * RENOVIERUNGEN
      * GEWACHSTER BETON
      * SANITÄR UND WELLNESS
      * TÜREN UND PARKETT
    * VIDEOS
    * HISTORIE
    * UNSERE WERTE
    * JOBS
  * PRODUKTE
    * Tiefbau
      * Blecke und Ziegel
      * Rohre
      * Fassade
      * Rinnen
    * Werkzeug
      * Fliesenschneider
      * Rührer
      * Bohrer, Bohrehammer, Winkelschleifer
      * Sicherheitskleidung
...
---
Menu

  * ÜBER UNS
    * AUSSTELLUNG
    * FACHKENNTNISSE
      * FLIESENVERLEGUNG
      * BADEZIMMER VON A BIS Z
      * RENOVIERUNGEN
      * GEWACHSTER BETON
      * SANITÄR UND WELLNESS
      * TÜREN UND PARKETT
    * VIDEOS
    * HISTORIE
    * UNSERE WERTE
    * JOBS
  * PRODUKTE
    * Tiefbau
      * Blecke und Ziegel
      * Rohre
      * Fassade
      * Rinnen
    * Werkzeug
      * Fliesenschneider
      * Rührer
      * Bohrer, Bohrehammer, Winkelschleifer
      * Sicherheitskleidung
..."
516,12,3,516_hbk_entraînement_fitness_u17,"hbk, entraînement, fitness, u17, musculation, u11, wall, programm, forschung, musculaire","Schreiwt eis : contact @ hbk.lu

Toggle navigation

  * Home
  * HBK Handballcamp
  * Info
    * Info Club
  * News
  * Kalenner
    * HBK Trainingsplang 2022-2023
    * HBK Manifestatiounen
    * Woche-Spill-Programm
    * Programm U8 & U11
  * Equippen
    * HBK Hären 1
    * HBK Dammen
    * HBK Jongen
    * HBK Meedercher
  * Shops
    * Online Fan Shop
    * HBK Store
  * Fotosalbum

  * Home
  * HBK Handballcamp
  * Info
    * Info Club
  * News
  * Kalenner
    * HBK Trainingsplang 2022-2...
---
Schreiwt eis : contact @ hbk.lu

Toggle navigation

  * Home
  * HBK Handballcamp
  * Info
    * Info Club
  * News
  * Kalenner
    * HBK Trainingsplang 2022-2023
    * HBK Manifestatiounen
    * Woche-Spill-Programm
    * Programm U8 & U11
  * Equippen
    * HBK Hären 1
    * HBK Dammen
    * HBK Jongen
    * HBK Meedercher
  * Shops
    * Online Fan Shop
    * HBK Store
  * Fotosalbum

  * Home
  * HBK Handballcamp
  * Info
    * Info Club
  * News
  * Kalenner
    * HBK Trainingsplang 2022-2...
---
Schreiwt eis : contact @ hbk.lu

Toggle navigation

  * Home
  * HBK Handballcamp
  * Info
    * Info Club
  * News
  * Kalenner
    * HBK Trainingsplang 2022-2023
    * HBK Manifestatiounen
    * Woche-Spill-Programm
    * Programm U8 & U11
  * Equippen
    * HBK Hären 1
    * HBK Dammen
    * HBK Jongen
    * HBK Meedercher
  * Shops
    * Online Fan Shop
    * HBK Store
  * Fotosalbum

  * Home
  * HBK Handballcamp
  * Info
    * Info Club
  * News
  * Kalenner
    * HBK Trainingsplang 2022-2..."
517,12,4,517_inclusion_landwirtschaft_digital_donate,"inclusion, landwirtschaft, digital, donate, producteurs, café, fairtrade, support, class, smartphones","Menu

  * Home
  * About Us
    * Our goals
    * The Team
    * Job Offers
    * History
    * Awards
    * Media & News coverage
    * Partners
    * Sponsors
    * Logo and Flyers
    * Data Protection and Privacy
    * Asbl info and Conseil d’Administration
  * Get Support
    * Get a free second hand computer
    * Computer repair and support
    * Digital Inclusion’s smartphone re-use program
    * Material support for refugee camps
    * Support for Social and Eco Projects
    * Personal ...
---
Menu

  * Home
  * About Us
    * Our goals
    * The Team
    * Job Offers
    * History
    * Awards
    * Media & News coverage
    * Partners
    * Sponsors
    * Logo and Flyers
    * Data Protection and Privacy
    * Asbl info and Conseil d’Administration
  * Get Support
    * Get a free second hand computer
    * Computer repair and support
    * Digital Inclusion’s smartphone re-use program
    * Material support for refugee camps
    * Support for Social and Eco Projects
    * Personal ...
---
Menu

  * Home
  * About Us
    * Our goals
    * The Team
    * Job Offers
    * History
    * Awards
    * Media & News coverage
    * Partners
    * Sponsors
    * Logo and Flyers
    * Data Protection and Privacy
    * Asbl info and Conseil d’Administration
  * Get Support
    * Get a free second hand computer
    * Computer repair and support
    * Digital Inclusion’s smartphone re-use program
    * Material support for refugee camps
    * Support for Social and Eco Projects
    * Personal ..."
518,12,3,518_cmcm_ausland_44_352 49,"cmcm, ausland, 44, 352 49, mitglied, 352 44, app, 94, 45, anspruch","Zum Hauptinhalt springen

Menu

  * Die CMCM
    * Geschichte
    * Präsentation
    * Unsere hauptverplfichtungen
    * Exekutivausschuss
    * News
    * Erfahrungsberichte
    * Partner
    * Mutualitätsvereine
  * Dienstleistungen
    * Allgemeinregime
    * Prestaplus
    * Denta & Optiplus
  * Mitgliedsbeiträge
  * Business Solutions

  * Aufnahmebedingungen
  * FAQ/Erstattungen
  * Publikationen
  * Jobs
  * Kontakt
  * Suchen
  * Werden Sie Mitglied
  * Garantie hinzufügen

  * FR
  * DE...
---
Zum Hauptinhalt springen

Menu

  * Die CMCM
    * Geschichte
    * Präsentation
    * Unsere hauptverplfichtungen
    * Exekutivausschuss
    * News
    * Erfahrungsberichte
    * Partner
    * Mutualitätsvereine
  * Dienstleistungen
    * Allgemeinregime
    * Prestaplus
    * Denta & Optiplus
  * Mitgliedsbeiträge
  * Business Solutions

  * Aufnahmebedingungen
  * FAQ/Erstattungen
  * Publikationen
  * Jobs
  * Kontakt
  * Suchen
  * Werden Sie Mitglied
  * Garantie hinzufügen

  * FR
  * DE...
---
Zum Hauptinhalt springen

Menu

  * Die CMCM
    * Geschichte
    * Präsentation
    * Unsere hauptverplfichtungen
    * Exekutivausschuss
    * News
    * Erfahrungsberichte
    * Partner
    * Mutualitätsvereine
  * Dienstleistungen
    * Allgemeinregime
    * Prestaplus
    * Denta & Optiplus
  * Mitgliedsbeiträge
  * Business Solutions

  * Aufnahmebedingungen
  * FAQ/Erstattungen
  * Publikationen
  * Jobs
  * Kontakt
  * Suchen
  * Werden Sie Mitglied
  * Garantie hinzufügen

  * FR
  * DE..."
519,12,5,519_solidarité_octobre_septembre_décembre,"solidarité, octobre, septembre, décembre, janvier, novembre, août, gras, février, fond","Open Menu

  * Home
  * L'organisation
  * Actions
    * Nos projets de solidarité
    * Sensibilisation et formation
    * Travail Politique
  * Actualités
  * Publications
  * Faire un don
  * S'engager
  * Evénements

  * Home
  * L'organisation
  * Actions
    * Nos projets de solidarité
    * Sensibilisation et formation
    * Travail Politique
  * Actualités
  * Publications
  * Faire un don
  * S'engager
  * Evénements

### Sensibilisation et Formation

Nos actions d'information, de sensi...
---
Open Menu

  * Home
  * L'organisation
  * Actions
    * Nos projets de solidarité
    * Sensibilisation et formation
    * Travail Politique
  * Actualités
  * Publications
  * Faire un don
  * S'engager
  * Evénements

  * Home
  * L'organisation
  * Actions
    * Nos projets de solidarité
    * Sensibilisation et formation
    * Travail Politique
  * Actualités
  * Publications
  * Faire un don
  * S'engager
  * Evénements

# Je fais un don

50 ans de solidarité en action !

Face aux inégalit...
---
Open Menu

  * Home
  * L'organisation
  * Actions
    * Nos projets de solidarité
    * Sensibilisation et formation
    * Travail Politique
  * Actualités
  * Publications
  * Faire un don
  * S'engager
  * Evénements

  * Home
  * L'organisation
  * Actions
    * Nos projets de solidarité
    * Sensibilisation et formation
    * Travail Politique
  * Actualités
  * Publications
  * Faire un don
  * S'engager
  * Evénements

# #act 4 solidarity NOW

### Ensemble pour un monde solidaire

La pan..."
520,12,6,520_richtige_behandlung_erfahren_technologie,"richtige, behandlung, erfahren, technologie, finden, 352 48, erleben, zubehör, erfahrungen, 8h00","Hören Hörgeräte Ratgeber Blog

8002 3322 Fachgeschäft finden DE Français Deutsch

Search for:

Mon – Frei: 8h00 – 12h30 und 13h00 – 17h00 8002 3322

  * Fachgeschäft finden 
  * Appointment 

  * Home
  * Hören
Hörverlust SchwerhörigkeitHörsturz

Tinnitus Ursachen und SymptomeVorbeugung und Behandlung

Expertenwissen Unsere HörgeräteakustikerHörtestAudiogramm

  * Hörgeräte
Rund um Hörgeräte Hinter-dem-Ohr-Hörsysteme (HdO)Im-Ohr-Hörsysteme (IdO)Ex-
Hörer-Systeme (RIC)LyricArten von HörgerätenWie...
---
Hören Hörgeräte Ratgeber Blog

8002 3322 Fachgeschäft finden DE Français Deutsch

Search for:

Mon – Frei: 8h00 – 12h30 und 13h00 – 17h00 8002 3322

  * Fachgeschäft finden 
  * Appointment 

  * Home
  * Hören
Hörverlust SchwerhörigkeitHörsturz

Tinnitus Ursachen und SymptomeVorbeugung und Behandlung

Expertenwissen Unsere HörgeräteakustikerHörtestAudiogramm

  * Hörgeräte
Rund um Hörgeräte Hinter-dem-Ohr-Hörsysteme (HdO)Im-Ohr-Hörsysteme (IdO)Ex-
Hörer-Systeme (RIC)LyricArten von HörgerätenWie...
---
Hören

Online Hörtest

Finden Sie in 3 Minuten heraus, wie gut Sie hören. Der Online-Hörtest liefert
Ihnen wertvolle Informationen über das Hörvermögen.

Jetzt starten

Hörverlust

  * Schwerhörigkeit
  * Hörsturz

Tinnitus

  * Ursachen und Symptome
  * Vorbeugung und Behandlung

Expertenwissen

  * Unsere Hörgeräteakustiker
  * Hörtest
  * Audiogramm

Hörgeräte

Rund um Hörgeräte

  * Hinter-dem-Ohr-Hörsysteme (HdO)
  * Im-Ohr-Hörsysteme (IdO)
  * Ex-Hörer-Systeme (RIC)
  * Lyric
  * Arten von..."
521,12,4,521_cours_zertifikat_cap_europäischen,"cours, zertifikat, cap, europäischen, covid, langue, termin, rezept, ergebnis, enthält","+352 24 84 52 1

contact@caplangues.lu

Diagnostic offert

  * Accueil
  * Formations
    * FlexN'Talk
    * Cours de langue générale et langue business
    * Cours spécifique métier
    * Cours thématique
    * Cours de conversation
    * Cours crash et en immersion
    * Préparation aux examens internationaux
    * Cours e-interactif E-Cap
    * Formule multi-cours Booster
    * Nationalité luxembourgeoise
  * A propos
  * Equipe
  * Contact
  * Recrutement
  * 

Mots-clés

Localisation

Poste...
---
+352 24 84 52 1

contact@caplangues.lu

Diagnostic offert

  * Accueil
  * Formations
    * FlexN'Talk
    * Cours de langue générale et langue business
    * Cours spécifique métier
    * Cours thématique
    * Cours de conversation
    * Cours crash et en immersion
    * Préparation aux examens internationaux
    * Cours e-interactif E-Cap
    * Formule multi-cours Booster
    * Nationalité luxembourgeoise
  * A propos
  * Equipe
  * Contact
  * Recrutement
  * 

Avez-vous déjà un compte ?

Co...
---
+352 24 84 52 1

contact@caplangues.lu

Diagnostic offert

  * Accueil
  * Formations
    * FlexN'Talk
    * Cours de langue générale et langue business
    * Cours spécifique métier
    * Cours thématique
    * Cours de conversation
    * Cours crash et en immersion
    * Préparation aux examens internationaux
    * Cours e-interactif E-Cap
    * Formule multi-cours Booster
    * Nationalité luxembourgeoise
  * A propos
  * Equipe
  * Contact
  * Recrutement
  * 

Vous devez être connecté pour ..."
522,12,7,522_di_banken_della_del,"di, banken, della, del, alla, centrale, bank, investment, che, management","info@natam.lu ITA ENG

  * Home
    * La società
    * Il gruppo
    * La direzione
    * Mission e valori
  * Servizi
    * Gestione e supervisione dei fondi
    * Risk management & investment compliance
    * Set-up & compliance legale
    * Supporto amministrativo
    * Supporto alla corporate - governance
    * Marketing & distribuzione
  * Documenti, ESG
  * I nostri fondi
  * News
    * Rassegne stampa
  * Contatti

  * Home
  * News

# NEWS

## NATAM seleziona candidature con il seguente ...
---
* CHI SIAMO
  *   * MISSION
  *   * AREA  
DOWNLOAD

  *   * CONTATTI

  *   * 

  * CHI SIAMO
  * COMPANY PROFILE
  * MISSION
  * AREA DOWNLOAD
  * CONTATTI

  * IT
  * EN

DOWNLOAD  
COMPANY PROFILE

  * INTRODUZIONE
  * MANAGEMENT

LA NOSTRA PASSIONE

PER I VOSTRI INTERESSI

NASCE DA LONTANO

ZEUS CAPITAL ALTERNATIVE GP

Zeus Capital Alternative GP è un Alternative Investment Fund Manager
registrato secondo l’Articolo (3) 2 della legge lussemburghese del 12 Luglio
2013 sugli Alternative Inve...
---
info@natam.lu ITA ENG

  * Home
    * La società
    * Il gruppo
    * La direzione
    * Mission e valori
  * Servizi
    * Gestione e supervisione dei fondi
    * Risk management & investment compliance
    * Set-up & compliance legale
    * Supporto amministrativo
    * Supporto alla corporate - governance
    * Marketing & distribuzione
  * Documenti, ESG
  * I nostri fondi
  * News
    * Rassegne stampa
  * Contatti

  * NATAM
  * Il gruppo

# NATAM

## Il gruppo

Le origini di Banca Finnat..."
523,12,4,523_pergolas_pergola_aluminium_mètres,"pergolas, pergola, aluminium, mètres, toit, vitrage, showroom, extension, dimensions, france","* Mon Compte
    * Panier

Articles 0

  * Accueil
  * A propos
    * Tyko Luxembourg
    * Tyko France - Grand Est
    * Tyko France - Côte d’Azur
    * Tyko USA - New York
  * Nos produits
    * Pergolas Bioclimatiques
    * Pergolas en Aluminium
    * Pergolas à toile rétractable
    * Vitrages
    * Stores Extérieurs
    * Voiles d’ombrage
  * Devis
  * Contactez-nous
    * Luxembourg
    * France
    * Etats-Unis

Sélectionner une page

# OFFRE EXCEPTIONNELLE !  
-30 % de Remise   
sur coll...
---
* Mon Compte
    * Panier

Articles 0

  * Accueil
  * A propos
    * Tyko Luxembourg
    * Tyko France - Grand Est
    * Tyko France - Côte d’Azur
    * Tyko USA - New York
  * Nos produits
    * Pergolas Bioclimatiques
    * Pergolas en Aluminium
    * Pergolas à toile rétractable
    * Vitrages
    * Stores Extérieurs
    * Voiles d’ombrage
  * Devis
  * Contactez-nous
    * Luxembourg
    * France
    * Etats-Unis

Sélectionner une page

# Pergolas en Aluminium

Sur-mesure ou standard, adoss...
---
* Mon Compte
    * Panier

Articles 0

  * Accueil
  * A propos
    * Tyko Luxembourg
    * Tyko France - Grand Est
    * Tyko France - Côte d’Azur
    * Tyko USA - New York
  * Nos produits
    * Pergolas Bioclimatiques
    * Pergolas en Aluminium
    * Pergolas à toile rétractable
    * Vitrages
    * Stores Extérieurs
    * Voiles d’ombrage
  * Devis
  * Contactez-nous
    * Luxembourg
    * France
    * Etats-Unis

Sélectionner une page

# PERGOLAS BIOCLIMATIQUES

Les pergolas bioclimatiques..."
524,12,6,524_larochette_thermique_activites_creche,"larochette, thermique, activites, creche, 23 66, énergie, belvaux, bascharage, führung, elektro","###

‹ › ×

Toggle navigation

  * fr
  * en
  * de
  * nl

  * fr
  * en
  * de
  * nl

  * Larochette 
  * Entdecken 
    * Kunst & Kultur 
    * Besondere Events 
    * Schlösser und Burgen 
    * Kirchen 
    * Natur & Ausflüge 
    * Sport & Freizeit 
  * Essen & Übernachten 
    * Hotels 
    * Jugendherberge 
    * Campingplätze 
    * Bed&Breakfast;
    * Vermietung 
    * Restaurants 
  * Veranstaltungskalender 
  * Informationen 
    * Geschäfte 
    * Links 
    * Anfahrt nach Laroche...
---
###

‹ › ×

Toggle navigation

  * fr
  * en
  * de
  * nl

  * fr
  * en
  * de
  * nl

  * Larochette 
  * Entdecken 
    * Kunst & Kultur 
    * Besondere Events 
    * Schlösser und Burgen 
    * Kirchen 
    * Natur & Ausflüge 
    * Sport & Freizeit 
  * Essen & Übernachten 
    * Hotels 
    * Jugendherberge 
    * Campingplätze 
    * Bed&Breakfast;
    * Vermietung 
    * Restaurants 
  * Veranstaltungskalender 
  * Informationen 
    * Geschäfte 
    * Links 
    * Anfahrt nach Laroche...
---
###

‹ › ×

Toggle navigation

  * fr
  * en
  * de
  * nl

  * fr
  * en
  * de
  * nl

  * Larochette 
  * Entdecken 
    * Kunst & Kultur 
    * Besondere Events 
    * Schlösser und Burgen 
    * Kirchen 
    * Natur & Ausflüge 
    * Sport & Freizeit 
  * Essen & Übernachten 
    * Hotels 
    * Jugendherberge 
    * Campingplätze 
    * Bed&Breakfast;
    * Vermietung 
    * Restaurants 
  * Veranstaltungskalender 
  * Informationen 
    * Geschäfte 
    * Links 
    * Anfahrt nach Laroche..."
525,12,5,525_luctus_eget_vel_ultrices,"luctus, eget, vel, ultrices, purus, 30, congue, urna, facilisis, consequat","## Online

# Reservation

Integer congue malesuada eros congue varius. Sed malesuada dolor eget velit
pretium. Etiam porttitor finibus. Nam suscipit vel ligula at dharetra

  
1 Person2 Person3 Person4 Person5 Person6 Person7 Person8 Person9 Person10
Person11 Person12 Person13 Person14 Person15 Person16 Person17 Person18
Person19 Person20 Person  
12:00 am12:30 am1:00 am1:30 am2:00 am2:30 am3:00 am3:30 am4:00 am4:30 am5:00
am5:30 am6:00 am6:30 am7:00 am7:30 am8:00 am8:30 am9:00 am9:30 am10:00 am...
---
## Online

# Reservation

Integer congue malesuada eros congue varius. Sed malesuada dolor eget velit
pretium. Etiam porttitor finibus. Nam suscipit vel ligula at dharetra

  
1 Person2 Person3 Person4 Person5 Person6 Person7 Person8 Person9 Person10
Person11 Person12 Person13 Person14 Person15 Person16 Person17 Person18
Person19 Person20 Person  
12:00 am12:30 am1:00 am1:30 am2:00 am2:30 am3:00 am3:30 am4:00 am4:30 am5:00
am5:30 am6:00 am6:30 am7:00 am7:30 am8:00 am8:30 am9:00 am9:30 am10:00 am...
---
## Online

# Reservation

Integer congue malesuada eros congue varius. Sed malesuada dolor eget velit
pretium. Etiam porttitor finibus. Nam suscipit vel ligula at dharetra

  
1 Person2 Person3 Person4 Person5 Person6 Person7 Person8 Person9 Person10
Person11 Person12 Person13 Person14 Person15 Person16 Person17 Person18
Person19 Person20 Person  
12:00 am12:30 am1:00 am1:30 am2:00 am2:30 am3:00 am3:30 am4:00 am4:30 am5:00
am5:30 am6:00 am6:30 am7:00 am7:30 am8:00 am8:30 am9:00 am9:30 am10:00 am..."
526,12,6,526_feuchtigkeit_isolation_26 31_rufen,"feuchtigkeit, isolation, 26 31, rufen, keller, tipps, haus, fassade, einfache, hauses","FRDE

  * Über Murprotec
  * Einfache Bezahlung
  * Nachrichten und Tipps
  * Jobs2
  * Kontakt
  * GRATISGUTACHTEN

seit  
1954

  * 26 31 02 01
Rufen Sie uns kostenlos an

  * Startseite 
  * Feuchtigkeit im Haus 
    * Feuchte Fassade 
    * Feuchtigkeit in der Wand 
    * Feuchtigkeit im Keller 
    * Feuchtigkeit an den Fenstern 
    * Feuchtigkeit an der Decke 
    * Feuchtigkeit in der Küche 
    * Feuchtigkeit im Badezimmer 
    * Feuchtigkeit im Schlafzimmer 
  * Feuchtigkeitsprobleme 
...
---
FRDE

  * Über Murprotec
  * Einfache Bezahlung
  * Nachrichten und Tipps
  * Jobs2
  * Kontakt
  * GRATISGUTACHTEN

seit  
1954

  * 26 31 02 01
Rufen Sie uns kostenlos an

  * Startseite 
  * Feuchtigkeit im Haus 
    * Feuchte Fassade 
    * Feuchtigkeit in der Wand 
    * Feuchtigkeit im Keller 
    * Feuchtigkeit an den Fenstern 
    * Feuchtigkeit an der Decke 
    * Feuchtigkeit in der Küche 
    * Feuchtigkeit im Badezimmer 
    * Feuchtigkeit im Schlafzimmer 
  * Feuchtigkeitsprobleme 
...
---
FRDE

  * Über Murprotec
  * Einfache Bezahlung
  * Nachrichten und Tipps
  * Jobs2
  * Kontakt
  * GRATISGUTACHTEN

seit  
1954

  * 26 31 02 01
Rufen Sie uns kostenlos an

  * Startseite 
  * Feuchtigkeit im Haus 
    * Feuchte Fassade 
    * Feuchtigkeit in der Wand 
    * Feuchtigkeit im Keller 
    * Feuchtigkeit an den Fenstern 
    * Feuchtigkeit an der Decke 
    * Feuchtigkeit in der Küche 
    * Feuchtigkeit im Badezimmer 
    * Feuchtigkeit im Schlafzimmer 
  * Feuchtigkeitsprobleme 
..."
527,12,5,527_2ème_fromages_mode_recevez,"2ème, fromages, mode, recevez, jeans, retourner, collection, robes, shorts, remise","Livraison gratuite à partir de €30

Tailles du 40 au 54

Retour gratuit en magasin

aide magasins

×

Selectionnez votre pays et votre langue

  * Nederland \- 
Nederlands

  * Belgie \- 
Nederlands

  * Belgique \- 
Français

  * France \- 
Français

  * Luxembourg \- 
Français

  * Deutschland \- 
Deutsch

  * Österreich \- 
Deutsch

  * España \- 
Español

  * Nouveautés 
    * Retourner
    * Nouvelles Arrivées 
    * FSTVL: Vitamin C
    * MS Studio: A Retro Summer 
    * MS Collection: Res...
---
Livraison gratuite à partir de €30

Tailles du 40 au 54

Retour gratuit en magasin

aide magasins

×

Selectionnez votre pays et votre langue

  * Nederland \- 
Nederlands

  * Belgie \- 
Nederlands

  * Belgique \- 
Français

  * France \- 
Français

  * Luxembourg \- 
Français

  * Deutschland \- 
Deutsch

  * Österreich \- 
Deutsch

  * España \- 
Español

  * Nouveautés 
    * Retourner
    * Nouvelles Arrivées 
    * FSTVL: Vitamin C
    * MS Studio: A Retro Summer 
    * MS Collection: Res...
---
Livraison gratuite à partir de €30

Tailles du 40 au 54

Retour gratuit en magasin

aide magasins

×

Selectionnez votre pays et votre langue

  * Nederland \- 
Nederlands

  * Belgie \- 
Nederlands

  * Belgique \- 
Français

  * France \- 
Français

  * Luxembourg \- 
Français

  * Deutschland \- 
Deutsch

  * Österreich \- 
Deutsch

  * España \- 
Español

  * Nouveautés 
    * Retourner
    * Nouvelles Arrivées 
    * FSTVL: Vitamin C
    * MS Studio: A Retro Summer 
    * MS Collection: Res..."
528,12,3,528_wasser_übersicht_produkte_apps,"wasser, übersicht, produkte, apps, portal, industrie, häufig gestellte, tools, gestellte fragen, gestellte","* Installateur finden

Partner Portal

DE

  * FR

DE

  * FR

  * Produkte 
    * Zurück
    * Produkte Übersicht 
    * Neue Produkte
    * Beliebte Produkte
      * Zurück
      * Beliebte Produkte Übersicht 
      * Wärmepumpen
      * Gasheizung
      * Photovoltaik
    * Alle Produkte
  * Wissenswertes 
    * Zurück
    * Wissenswertes Übersicht 
    * Aktuelles
      * Zurück
      * Aktuelles Übersicht 
      * Für die Zukunft des blauen Planeten
      * Förderungen 
      * Die neue sch...
---
* Installateur finden

Partner Portal

DE

  * FR

DE

  * FR

  * Produkte 
    * Zurück
    * Produkte Übersicht 
    * Neue Produkte
    * Beliebte Produkte
      * Zurück
      * Beliebte Produkte Übersicht 
      * Wärmepumpen
      * Gasheizung
      * Photovoltaik
    * Alle Produkte
  * Wissenswertes 
    * Zurück
    * Wissenswertes Übersicht 
    * Aktuelles
      * Zurück
      * Aktuelles Übersicht 
      * Für die Zukunft des blauen Planeten
      * Förderungen 
      * Die neue sch...
---
* Installateur finden

Partner Portal

DE

  * FR

DE

  * FR

  * Produkte 
    * Zurück
    * Produkte Übersicht 
    * Neue Produkte
    * Beliebte Produkte
      * Zurück
      * Beliebte Produkte Übersicht 
      * Wärmepumpen
      * Gasheizung
      * Photovoltaik
    * Alle Produkte
  * Wissenswertes 
    * Zurück
    * Wissenswertes Übersicht 
    * Aktuelles
      * Zurück
      * Aktuelles Übersicht 
      * Für die Zukunft des blauen Planeten
      * Förderungen 
      * Die neue sch..."
529,12,11,529_xml_sitemap_generated_template,"xml, sitemap, generated, template, https, plugin, programs, follow, processed, wordpress","# XML Sitemap Index

This is a XML Sitemap which is supposed to be processed by search engines
which follow the XML Sitemap standard like Ask.com, Bing, Google and Yahoo.  
It was generated using the WordPress content management system and the Google
Sitemap Generator Plugin by Arne Brachhold.  
You can find more information about XML sitemaps on sitemaps.org and Google's
list of sitemap programs.  
  
This file contains links to sub-sitemaps, follow them to see the actual
sitemap content.

URL ...
---
XML Sitemap

# XML Sitemap Index

This is a XML Sitemap which is supposed to be processed by search engines
which follow the XML Sitemap standard like Ask.com, Bing, Google and Yahoo.  
It was generated using the WordPress content management system and the XML
Sitemap Generator Plugin by Arne Brachhold.  
You can find more information about XML sitemaps on sitemaps.org and Google's
list of sitemap programs.  
  
This file contains links to sub-sitemaps, follow them to see the actual
sitemap cont...
---
XML Sitemap

# XML Sitemap Index

This is a XML Sitemap which is supposed to be processed by search engines
which follow the XML Sitemap standard like Ask.com, Bing, Google and Yahoo.  
It was generated using the WordPress content management system and the XML
Sitemap Generator Plugin by Arne Brachhold.  
You can find more information about XML sitemaps on sitemaps.org and Google's
list of sitemap programs.  
  
This file contains links to sub-sitemaps, follow them to see the actual
sitemap cont..."
530,12,6,530_26 51_projet_projets réalisés_projets,"26 51, projet, projets réalisés, projets, construction, vendredi 8h00, promotion, showroom, finitions, réalisés","+352 26 51 29 99

Lundi - Vendredi: 8h00 - 12h00 & 13h00 - 17h00

batiments@asa.lu

  * Accueil
  * Le Groupe
    * Construction
    * Promotion
    * Finitions
    * Matériaux
    * Showroom
  * Les Projets
    * Projets en vente
    * Projets réalisés
  * Contactez-nous
  * Jobs

  * Accueil
  * Le Groupe
    * Construction
    * Promotion
    * Finitions
    * Matériaux
    * Showroom
  * Les Projets
    * Projets en vente
    * Projets réalisés
  * Contactez-nous
  * Jobs

  * +352 26 51 29 ...
---
+352 26 51 29 99

Lundi - Vendredi: 8h00 - 12h00 & 13h00 - 17h00

batiments@asa.lu

  * Accueil
  * Le Groupe
    * Construction
    * Promotion
    * Finitions
    * Matériaux
    * Showroom
  * Les Projets
    * Projets en vente
    * Projets réalisés
  * Contactez-nous
  * Jobs

  * Accueil
  * Le Groupe
    * Construction
    * Promotion
    * Finitions
    * Matériaux
    * Showroom
  * Les Projets
    * Projets en vente
    * Projets réalisés
  * Contactez-nous
  * Jobs

  * +352 26 51 29 ...
---
+352 26 51 29 99

Lundi - Vendredi: 8h00 - 12h00 & 13h00 - 17h00

batiments@asa.lu

  * Accueil
  * Le Groupe
    * Construction
    * Promotion
    * Finitions
    * Matériaux
    * Showroom
  * Les Projets
    * Projets en vente
    * Projets réalisés
  * Contactez-nous
  * Jobs

  * Accueil
  * Le Groupe
    * Construction
    * Promotion
    * Finitions
    * Matériaux
    * Showroom
  * Les Projets
    * Projets en vente
    * Projets réalisés
  * Contactez-nous
  * Jobs

  * +352 26 51 29 ..."
531,12,3,531_precise_common_prüfung_lcd,"precise, common, prüfung, lcd, club, pictures, training, club luxembourg, flat, entry","* HOME
  * CLUB
    * Der Vorstand
    * Satzungen
    * Datenschutzerklärung RCL
  * MITGLIED ANMELDEFORMULAR
  * TRAININGSKURSE & -ZEITEN
    * Kurse & Zeiten
    * Trainerteam
  * PROGRAMM 2023
  * SEMINARE & VERANSTALTUNGEN
    * Mupperallye 2023
    * Kommunikationsrunde
  * DIE 6 RETRIEVERRASSEN
    * Labrador Retriever
    * Golden Retriever
    * Flat Coated Retriever
    * Chesapeake Bay Retriever
    * Curly Coated Retriever
    * Nova Scotia Duck Tolling Retriever
  * WELPEN(FCI) / NO...
---
fr

de

en

Visitor Anonymous

Home ornitho.de / ornitho.lu  
Legal body and partners  
Support  
News and events  
 - 
Latest news  
Birds of Germany  
  Observations

    - 
Last 2 days

    - 
Last 7 days

     Distribution
       - 
Red Kite 2023

       - 
Common Crane 2023

       - 
Whinchat 2023

       - 
Glossy Ibis 2023

       - 
Red-footed Falcon 2023

       - 
Pallid Harrier 2023

       - 
Black-winged Stilt 2023

       - 
Caspian Tern 2023

       - 
Common Swift 2023

       -...
---
fr

de

en

Visitor Anonymous

Home ornitho.de / ornitho.lu  
Legal body and partners  
Support  
News and events  
 - 
Latest news  
Birds of Germany  
  Observations

    - 
Last 2 days

    - 
Last 7 days

     Distribution
       - 
Red Kite 2023

       - 
Common Crane 2023

       - 
Whinchat 2023

       - 
Glossy Ibis 2023

       - 
Red-footed Falcon 2023

       - 
Pallid Harrier 2023

       - 
Black-winged Stilt 2023

       - 
Caspian Tern 2023

       - 
Common Swift 2023

       -..."
532,12,4,532_permanent_beauty_treatments_royal,"permanent, beauty, treatments, royal, maquillage, prices, contact tab, extensions, tab navigate, navigate menu","top of page

INFO@RBOL.LU

(+352) 661 88 44 11

  *   * 

0

## Royal Beauty of Luxembourg

### Makeup Artist · Beauty Salon

  * Home
  * About
  * Treatments
    * Microblading Eyebrows
    * Lips Permanent Makeup
    * Eyeliner Permanent Makeup
    * Eyelash Extensions
    * Laser
    * Manicure
    * Microneedling
    * Solarium (Tanning Booth)
  * Prices
  * Contact
  * More

Use tab to navigate through the menu items.

# The Story of Royal Beauty of Luxembourg

We are a group of certified ...
---
top of page

INFO@RBOL.LU

(+352) 661 88 44 11

  *   * 

0

## Royal Beauty of Luxembourg

### Makeup Artist · Beauty Salon

  * Home
  * About
  * Treatments
    * Microblading Eyebrows
    * Lips Permanent Makeup
    * Eyeliner Permanent Makeup
    * Eyelash Extensions
    * Laser
    * Manicure
    * Microneedling
    * Solarium (Tanning Booth)
  * Prices
  * Contact
  * More

Use tab to navigate through the menu items.

### The Home of Beauty and Aesthetics

# ROYAL BEAUTY OF LUXEMBOURG

Ge...
---
top of page

INFO@RBOL.LU

(+352) 661 88 44 11

  *   * 

0

## Royal Beauty of Luxembourg

### Makeup Artist · Beauty Salon

  * Home
  * About
  * Treatments
    * Microblading Eyebrows
    * Lips Permanent Makeup
    * Eyeliner Permanent Makeup
    * Eyelash Extensions
    * Laser
    * Manicure
    * Microneedling
    * Solarium (Tanning Booth)
  * Prices
  * Contact
  * More

Use tab to navigate through the menu items.

Pigments

Microblading Tools

Hygienic Equipment

19, Rue Guillaume Cap..."
533,12,5,533_iii_352 55_32_42,"iii, 352 55, 32, 42, direction, contacts, départements, spéciaux, logistique, français deutsch","# Navigation

  * Saut au contenu

Cimalux

français

  * Deutsch

Notre groupe

  * français 
    * Deutsch
Notre groupe

  * Accueil
  * Entreprise 
    * A propos de nous 
    * Code de Conduite 
    * Historique 
    * Direction 
    * Assurance Qualité 
    * Conseil & Information 
  * Produits 
    * Ciments en vrac 
      * CEM II/A-S 42,5 R CE PM NF BENOR 
      * CEM II/A-S 42,5 N CE PM NF BENOR 
      * CEM II/C-M (S-LL) 32,5 R Ü NF BENOR 
      * CEM III/A 42,5 N CE NF LA BENOR 
     ...
---
# Navigation

  * Saut au contenu

Cimalux

français

  * Deutsch

Notre groupe

  * français 
    * Deutsch
Notre groupe

  * Accueil
  * Entreprise 
    * A propos de nous 
    * Code de Conduite 
    * Historique 
    * Direction 
    * Assurance Qualité 
    * Conseil & Information 
  * Produits 
    * Ciments en vrac 
      * CEM II/A-S 42,5 R CE PM NF BENOR 
      * CEM II/A-S 42,5 N CE PM NF BENOR 
      * CEM II/C-M (S-LL) 32,5 R Ü NF BENOR 
      * CEM III/A 42,5 N CE NF LA BENOR 
     ...
---
# Navigation

  * Saut au contenu

Cimalux

français

  * Deutsch

Notre groupe

  * français 
    * Deutsch
Notre groupe

  * Accueil
  * Entreprise 
    * A propos de nous 
    * Code de Conduite 
    * Historique 
    * Direction 
    * Assurance Qualité 
    * Conseil & Information 
  * Produits 
    * Ciments en vrac 
      * CEM II/A-S 42,5 R CE PM NF BENOR 
      * CEM II/A-S 42,5 N CE PM NF BENOR 
      * CEM II/C-M (S-LL) 32,5 R Ü NF BENOR 
      * CEM III/A 42,5 N CE NF LA BENOR 
     ..."
534,12,9,534_bettendorf_electricité_installations_électricité,"bettendorf, electricité, installations, électricité, installation, clients, 26 80, techniciens, bâtiments, travaux","+352 26 80 36 41

  *   * 
info@sce-international.lu

  * Home
  * Projekte
  * Jobs
  * Blog
  * Kontakt 
  * Deutsch
    * Français
    * English

Seite auswählen

# Energie  

SCE ist Ihr Partner für die Bereitstellung und Wartung einer zuverlässigen
Energieversorgung in ganz Luxemburg. Wir errichten flächendeckende
Infrastrukturen, bauen Nieder-, und Mittelspannungsanlagen, und gewährleisten
einen sicheren langlebigen Betrieb der Anlagen unserer Kunden.

## Integration von Ladestationen für ...
---
* La Societé
  * Nos Services
  * Réalisations
  * Thermomix - Vorwerk
  * Dépannage
  * Contact
  *   *   * 

# A propos de nous

## A propos

###### Electricité Bettendorf depuis 1992

L’entreprise Electricité Bettendorf a été constituée par M. Bettendorf Francis
et Mme Bettendorf-Reinert Chantal le 1er avril 1992 à Consdorf. Tous les
travaux électriques ont été effectués par M. Bettendorf Francis lui-même et
tous les travaux administratifs comme les devis, les factures ainsi que la
comptabili...
---
* Accueil
  * Nos services
  * Thermomix
  * Réalisations
  * À propos
  * Contact

Sélectionner une page

# À propos

Electricité Bettendorf depuis 1992

## Electricité Bettendorf

L’entreprise Electricité Bettendorf a été constituée par M. Bettendorf Francis
et Mme Bettendorf-Reinert Chantal le 1er avril 1992 à Consdorf. Tous les
travaux électriques ont été effectués par M. Bettendorf Francis lui-même et
tous les travaux administratifs comme les devis, les factures ainsi que la
comptabilité pa..."
535,12,11,535_domain_extensions_registered_registration,"domain, extensions, registered, registration, unavailable, learn, manage, public, view, consulting","# This domain name has been registered with Gandi.net

View the WHOIS results of emprou.lu to get the domain’s public registration
information.

emprou.lu  
is unavailable

Want your own domain name?  
Learn more about the domain name extensions we manage  
Find a domain name similar to emprou.lu
---
# This domain name has been registered with Gandi.net

View the WHOIS results of ace-academie.lu to get the domain’s public
registration information.

ace-academie.lu  
is unavailable

Want your own domain name?  
Learn more about the domain name extensions we manage  
Find a domain name similar to ace-academie.lu
---
# This domain name has been registered with Gandi.net

View the WHOIS results of higher-group.lu to get the domain’s public
registration information.

higher-group.lu  
is unavailable

Want your own domain name?  
Learn more about the domain name extensions we manage  
Find a domain name similar to higher-group.lu"
536,12,3,536_dienst_sozial_inter_dienste,"dienst, sozial, inter, dienste, begleitung, einrichtung, mitglied, betroffenen, spenden, fondation","* Dienste und Strukturen
    * Beratungsdienste
      * Psychologischer Dienst
      * Sozial- und Koordinationsdienst
      * Therapeutischer Dienst
      * Kurs für Angehörige
      * Familljekrees
      * Selbsthilfegruppe
      * Beratungstelle in Wintger
      * Helpline
    *       * Ambulante Dienste
        * Ala Plus
        * Tagesstätten
        * Aufnahme
      * Stationäre Einrichtung
        * Wohn- und Pflegeheim  
„Beim Goldknapp“

        * Aufnahme
    *       * Ethikkommission...
---
* Dienste und Strukturen
    * Beratungsdienste
      * Psychologischer Dienst
      * Sozial- und Koordinationsdienst
      * Therapeutischer Dienst
      * Kurs für Angehörige
      * Familljekrees
      * Selbsthilfegruppe
      * Beratungstelle in Wintger
      * Helpline
    *       * Ambulante Dienste
        * Ala Plus
        * Tagesstätten
        * Aufnahme
      * Stationäre Einrichtung
        * Wohn- und Pflegeheim  
„Beim Goldknapp“

        * Aufnahme
    *       * Ethikkommission...
---
* Dienste und Strukturen
    * Beratungsdienste
      * Psychologischer Dienst
      * Sozial- und Koordinationsdienst
      * Therapeutischer Dienst
      * Kurs für Angehörige
      * Familljekrees
      * Selbsthilfegruppe
      * Beratungstelle in Wintger
      * Helpline
    *       * Ambulante Dienste
        * Ala Plus
        * Tagesstätten
        * Aufnahme
      * Stationäre Einrichtung
        * Wohn- und Pflegeheim  
„Beim Goldknapp“

        * Aufnahme
    *       * Ethikkommission..."
537,12,7,537_rse_co2_carbone_sustainability,"rse, co2, carbone, sustainability, entreprises, recyclage, eau, label, posted, communiquer","#

  * About us
  * Our CSR offers
    * Carbon footprint
    * Projet Zéro mégot
  * Gallery
  * Contact
  *     * 

Accueil » News

# News

View more

###  Comment communiquer sur son label RSE ?

Posted by shimelu

Communiquer sur son label RSE est essentiel pour obtenir des résultats sur sa
marque.

Lire plus

View more

###  Pourquoi se faire labéliser RSE? - Label RSE

Posted by shimelu

La Responsabilité Sociétale des Entreprises (RSE) est devenue un enjeu majeur
pour les entreprises de t...
---
#

  * A propos
  * Offres RSE
    * Accompagnement RSE
    * Bilan carbone
    * Ateliers thématiques
    * Projet Zéro mégot
  * Blog
  * Galerie
  * Contact
  *     * 

# Responsabilité sociale des entreprises (RSE)

CABINET DE CONSEIL & AUDIT

# Développement durable

En savoir plus

Accueil

# Accueil

### LES ENTREPRISES ENGAGÉES SONT LES PRÉCURSEURS DES ENTREPRISES DE DEMAIN

Depuis 2019, nous agissons pour le développement durable des entreprises. Nous
vous accompagnons dans l'élaboratio...
---
#

  * A propos
  * Offres RSE
    * Accompagnement RSE
    * Bilan carbone
    * Ateliers thématiques
    * Projet Zéro mégot
  * Blog
  * Galerie
  * Contact
  *     * 

# Responsabilité sociale des entreprises (RSE)

CABINET DE CONSEIL & AUDIT

# Développement durable

En savoir plus

Accueil

# Accueil

### LES ENTREPRISES ENGAGÉES SONT LES PRÉCURSEURS DES ENTREPRISES DE DEMAIN

Depuis 2019, nous agissons pour le développement durable des entreprises. Nous
vous accompagnons dans l'élaboratio..."
538,12,9,538_syndic_gestion_gestion locative_locative,"syndic, gestion, gestion locative, locative, copropriété, vendre, vendre louer, ingeldorf, max, frank","* Location
  * Vente
  * Gestion locative
  * Syndic
  * Conseils d’experts
  * Dossier de location
  * À propos
  * Contact

1-3 rue JP Bausch  
BP.58 L-3701 Rumelange

  *   * 

Des questions ? N’hésitez pas à nous contacter.

# Syndic

# Syndic

En tant que représentant de l’ensemble des co-propriétaires de votre bien
résidentiel, nous nous occupons :

de la gestion administrative, financière et technique de vos parties communes.

Grâce à une expérience confirmée de 25 ans et un outil informa...
---
* Location
  * Vente
  * Gestion locative
  * Syndic
  * Conseils d’experts
  * Dossier de location
  * À propos
  * Contact

1-3 rue JP Bausch  
BP.58 L-3701 Rumelange

  *   * 

Des questions ? N’hésitez pas à nous contacter.

# Gestion locative

# Gestion locative

Vous avez investi dans l'immobilier, nous vous en félicitons et vous
soutiendrons.

Les relations entre propriétaire et locataire ont changé.

Le marché locatif actuel est très mouvementé, la législation en perpétuelle
mutation. Le...
---
* Syndic d’immeuble  
Gérance de propriété

  * Administration  
de bien

  * Vendre ou louer  
votre bien

  * Achat ou location  
de bien

+352 27 51 01 03

FR

DE

  * Syndic d’immeuble Gérance de propriété
  * Administration de bien
  * Vendre ou louer votre bien
  * Achat ou Location De bien

+352 27 51 01 03

contact@protego.com

Mentions légales

  * Syndic d’immeuble  
Gérance de propriété

  * Administration  
de bien

  * Vendre ou louer  
votre bien

  * Achat ou location  
de bien

0..."
539,12,5,539_branchen_rouges_intermédiaire_chef,"branchen, rouges, intermédiaire, chef, dvd, danse, 20 00, grupp, 00 20, diddeleng","Skip to content

## LES PEAUX – ROUGES

  * Eise Grupp
    * Branchen
    * Cheféquipe
    * Les Anciens PRD
    * Comité
    * Historique
  * Agenda
    * Programmer Branchen
    * Kalenner
  * Home „Um Roudebierg“
  * Media
    * Fotoen
    * Video
    * Downloads
  * Kontakt
  * 

  * Eise Grupp
    * Branchen
    * Cheféquipe
    * Les Anciens PRD
    * Comité
    * Historique
  * Agenda
    * Programmer Branchen
    * Kalenner
  * Home „Um Roudebierg“
  * Media
    * Fotoen
    * Video
    ...
---
Skip to content

## LES PEAUX – ROUGES

  * Eise Grupp
    * Branchen
    * Cheféquipe
    * Les Anciens PRD
    * Comité
    * Historique
  * Agenda
    * Programmer Branchen
    * Kalenner
  * Home „Um Roudebierg“
  * Media
    * Fotoen
    * Video
    * Downloads
  * Kontakt
  * 

  * Eise Grupp
    * Branchen
    * Cheféquipe
    * Les Anciens PRD
    * Comité
    * Historique
  * Agenda
    * Programmer Branchen
    * Kalenner
  * Home „Um Roudebierg“
  * Media
    * Fotoen
    * Video
    ...
---
Skip to content

## LES PEAUX – ROUGES

  * Eise Grupp
    * Branchen
    * Cheféquipe
    * Les Anciens PRD
    * Comité
    * Historique
  * Agenda
    * Programmer Branchen
    * Kalenner
  * Home „Um Roudebierg“
  * Media
    * Fotoen
    * Video
    * Downloads
  * Kontakt
  * 

  * Eise Grupp
    * Branchen
    * Cheféquipe
    * Les Anciens PRD
    * Comité
    * Historique
  * Agenda
    * Programmer Branchen
    * Kalenner
  * Home „Um Roudebierg“
  * Media
    * Fotoen
    * Video
    ..."
540,12,3,540_service technique_commune_juin 2023_scolaire,"service technique, commune, juin 2023, scolaire, bourgmestre, communal, éducation, communaux, transport scolaire, école","* Infos communales
    * Présentation de la commune
      * Découvrir la commune
      * Histoire
      * Armoirie
    * La commune en chiffre
    * Politique
      * Le Bourgmestre
      * Le Collège des bourgmestre et échevins
      * Le Conseil communal
    * Administration
      * Bureau de la population
      * Secrétariat
      * Secrétariat du bourgmestre
      * Recette
      * Service technique
      * Atelier communal
      * Protection des données
    * Service nature et forêts
    * ...
---
* La commune
    * Politique
      * Bourgmestre
      * Collège échevinal
      * Conseil communal
      * Commissions consultatives
      * Syndicats
      * Budget
    * Ma commune
      * Historique
      * Bâtiments communaux
      * Location de salles
      * Cimetières
      * Aires de jeux
      * Circuit VTT
      * Randonnées
      * Fairtrade
      * SMS2CITIZEN
      * Chiffres clés
    * Mobilité
      * Horaires de bus
      * WeiliBus
      * Transport scolaire
      * LateNightBu...
---
* La commune
    * Politique
      * Bourgmestre
      * Collège échevinal
      * Conseil communal
      * Commissions consultatives
      * Syndicats
      * Budget
    * Ma commune
      * Historique
      * Bâtiments communaux
      * Location de salles
      * Cimetières
      * Aires de jeux
      * Circuit VTT
      * Randonnées
      * Fairtrade
      * SMS2CITIZEN
      * Chiffres clés
    * Mobilité
      * Horaires de bus
      * WeiliBus
      * Transport scolaire
      * LateNightBu..."
541,11,10,541_embedded_data_images_commentaire,"embedded, data, images, commentaire, comments, stone, commentaires, visitor, personal data, interaction","* Home
  * Payroll & PEO
    * Independent Contractors
    * Recruitment Consultancies
    * Contract Management Partner
    * Payroll FAQ
  * IT Services
    * SQL Server Consulting
    * Data Storage Solutions
    * Software Testing
  * About
    * Our Company
    * Our Philosophy
  * Contact

#  Privacy Policy

## Who we are

Our website address is: https://www.claremont.lu.

## What personal data we collect and why we collect it

### Comments

When visitors leave comments on the site we coll...
---
* Startseite
  * Geschichte
  * Dienstleistungen
  * Fuhrpark
  * Busanmietung
  * Job-Angebote
  * Kontakt

* Français
* Deutsch
* English
  * Startseite
  * Geschichte
  * Dienstleistungen
  * Fuhrpark
  * Busanmietung
  * Job-Angebote
  * Kontakt

Français Deutsch English

## Who we are

Our website address is: http://emilefrisch.isamazing.net.

## What personal data we collect and why we collect it

### Comments

When visitors leave comments on the site we collect the data shown in the
comme...
---
* Home
  * Maisons
  * Appartements
  * Locations
  * Autres
  * Rental candidate

##

## Who we are

##

Our website address is: https://lux-immo.lu.

##

## What personal data we collect and why we collect it

##

### Comments

##

When visitors leave comments on the site we collect the data shown in the
comments form, and also the visitor’s IP address and browser user agent string
to help spam detection.

##

An anonymized string created from your email address (also called a hash) may
be pro..."
542,11,4,542_default description_reserve_default_expiration,"default description, reserve, default, expiration, mme, super, choice, description, follow, english","English (US)

English (US) Français

* * *
  * Home
  * Menu
  * Delivery
  * Reserve a table
  * Events
  * Gallery
  * Jobs
  * About Us
  * Contact us

English (US)

English (US) Français

* * *
##### Follow us

info@portanova.lu

+352 22 34 32

#  Tender bar  

* * *
#  Coming soon !

  * ​
  *   *   *   * ​

Previous Next

  * Home
  * Menu 
  * Reserve a table 
  * About us 
  * Contact us

##### Follow us

Copyright © Porta Nova

Powered by  \- Create a free website
---
English (US)

English (US) Français

* * *
  * Home
  * Menu
  * Delivery
  * Reserve a table
  * Events
  * Gallery
  * Jobs
  * About Us
  * Contact us

English (US)

English (US) Français

* * *
##### Follow us

info@portanova.lu

+352 22 34 32

#

  

##  Menu  

* * *
Click here to discorver all of our delicious dishes.

See more  

###  Suggestions

###  Dishes of the day

* * *
Click here to see all the suggestions of our chef.

See more  

##  Tender  

* * *
Click here to see our daily ...
---
fren

##  
Contact us

# News

Nous sommes tres satisfaits de la prestation de Maria aujourd'hui, c'est
tellement agreable de rentrer dans une maison propre !! Merci a elle  
Mme G. Luxembourg ville

Vanessa s'occupe bien de ma fille et elle la coiffe a merveille (tous les
jours Enza a des compliments!).  
Mme P. Luxembourg Gasperich

Je vous informe que je suis assez satisfait du travail preste.  
Mr C. Grevenmacher

Un service efficace et des prestations serieuse. Le systeme est extremement
bi..."
543,11,3,543_traiteur_steffen_share_399,"traiteur, steffen, share, 399, personnaliser, idées, entrées, desserts, 650, buffet","* Catalogs
  * Advice
  * Contact

  * Private
  * Business

  * fr
  * en

  * About us
  * Venues
  * Collections
  * Catalogs & News
  * Services
  * Advice
  * Gallery
  * Testimonials
  * Customers
  * Contact

  * Private culinary events
    * Weddings
    * Communion
    * Baptism
    * Parties with family or friends

  * Business events
    * Company reception
    * Cocktail dinner buffet
    * Show cooking
    * Seated meals
    * Buffets

# About us

  * History
  * Our promise
  * Awa...
---
* Catalogues
  * Conseils
  * Contact

  * Privés
  * Business

  * fr
  * en

  * Notre univers
  * Lieux de réception
  * Collections
  * Catalogues & Nouveautés
  * Services
  * Conseils
  * Photos
  * Témoignages
  * Clients
  * Contact

  * Événements privés gourmands
    * Mariage
    * Communion
    * Baptême
    * Fête en famille ou entre amis

  * Événements business couture
    * Réception d'entreprise
    * Cocktail dînatoire
    * Show cooking
    * Repas assis
    * Buffet

# Le goû...
---
* Catalogues
  * Conseils
  * Contact

  * Privés
  * Business

  * fr
  * en

  * Notre univers
  * Lieux de réception
  * Collections
  * Catalogues & Nouveautés
  * Services
  * Conseils
  * Photos
  * Témoignages
  * Clients
  * Contact

  * Événements privés gourmands
    * Mariage
    * Communion
    * Baptême
    * Fête en famille ou entre amis

  * Événements business couture
    * Réception d'entreprise
    * Cocktail dînatoire
    * Show cooking
    * Repas assis
    * Buffet

# Le goû..."
544,11,7,544_division_classement_vir_honneur,"division, classement, vir, honneur, check, saumon, nationale, veräin, div, saison","Springe zum Inhalt

## Mir wënschen den Spiller an Equipes en gudden Start an d'Saison 2022/2023.

# E.D.F.L.

## Elektronik Darts Federatioun Lëtzebuerg / E.D.U Member

  * Home
  * EDFL
    * E.D.F.L.
    * Comité
    * EDU
  * Clubs
  * Spillplang
    * Calendrier sportif
    * Division Nationale
    * Division d'Honneur
    * 1ière Division
    * 2ième Division
  * Resultater
    * Championnat
      * Division Nationale
      * Division d'Honneur
      * 1ière Division
      * 2ième Division...
---
Springe zum Inhalt

## Mir wënschen den Spiller an Equipes en gudden Start an d'Saison 2022/2023.

# E.D.F.L.

## Elektronik Darts Federatioun Lëtzebuerg / E.D.U Member

  * Home
  * EDFL
    * E.D.F.L.
    * Comité
    * EDU
  * Clubs
  * Spillplang
    * Calendrier sportif
    * Division Nationale
    * Division d'Honneur
    * 1ière Division
    * 2ième Division
  * Resultater
    * Championnat
      * Division Nationale
      * Division d'Honneur
      * 1ière Division
      * 2ième Division...
---
Springe zum Inhalt

## Mir wënschen den Spiller an Equipes en gudden Start an d'Saison 2022/2023.

# E.D.F.L.

## Elektronik Darts Federatioun Lëtzebuerg / E.D.U Member

  * Home
  * EDFL
    * E.D.F.L.
    * Comité
    * EDU
  * Clubs
  * Spillplang
    * Calendrier sportif
    * Division Nationale
    * Division d'Honneur
    * 1ière Division
    * 2ième Division
  * Resultater
    * Championnat
      * Division Nationale
      * Division d'Honneur
      * 1ière Division
      * 2ième Division..."
545,11,3,545_bim_certification_api_ul,"bim, certification, api, ul, infrastructure, href, target, domains, noms, united kingdom","Aller au contenu principal

LU

fr

  * fr

Tous nos sites

Sites pays

  * Groupe Socotec
  * Allemagne
  * Belgique
  * USA
  * France
  * Italy
  * Pays-Bas
  * United Kingdom
  * SOCOTEC Certification International
  * Espagne

LU

  *   * Carrières 
  * 

  * Le Groupe SOCOTEC
    * Procédure d'alerte
  * SOCOTEC Luxembourg
  * Nos solutions
    * Amiante
    * Construction & Immobilier
    * Équipements & Industrie
    * Qualité, Hygiène, Sécurité, Environnement
    * Infrastructures
    *...
---
Aller au contenu principal

LU

fr

  * fr

Tous nos sites

Sites pays

  * Groupe Socotec
  * Allemagne
  * Belgique
  * USA
  * France
  * Italy
  * Pays-Bas
  * United Kingdom
  * SOCOTEC Certification International
  * Espagne

LU

  *   * Carrières 
  * 

  * Le Groupe SOCOTEC
    * Procédure d'alerte
  * SOCOTEC Luxembourg
  * Nos solutions
    * Amiante
    * Construction & Immobilier
    * Équipements & Industrie
    * Qualité, Hygiène, Sécurité, Environnement
    * Infrastructures
    *...
---
Aller au contenu principal

LU

fr

  * fr

Tous nos sites

Sites pays

  * Groupe Socotec
  * Allemagne
  * Belgique
  * USA
  * France
  * Italy
  * Pays-Bas
  * United Kingdom
  * SOCOTEC Certification International
  * Espagne

LU

  *   * Carrières 
  * 

  * Le Groupe SOCOTEC
    * Procédure d'alerte
  * SOCOTEC Luxembourg
  * Nos solutions
    * Amiante
    * Construction & Immobilier
    * Équipements & Industrie
    * Qualité, Hygiène, Sécurité, Environnement
    * Infrastructures
    *..."
546,11,3,546_26 67_plombier_urgence_67,"26 67, plombier, urgence, 67, 77, dalheim, porte, intervention, frisange, assurances","Demandez un devis gratuit

26 67 27 77

Intervention rapide et service de qualité

26 67 27 77

Plomberie du Luxembourg

Plomberie du Luxembourg

  * Accueil
  * Le pays du Luxembourg 
    * La ville de Luxembourg
    * Alzingen
    * Bascharage
    * Beaufort
    * Bech
    * Beckerich
    * Belvaux
    * Berchem
    * Berdorf
    * Bereldange
    * Bertrange
    * Bettembourg
    * Bettendorf
    * Betzdorf
    * Bissen
    * Biwer
    * Boulaide
    * Bourscheid
    * Bous
    * Bridel
    * ...
---
Demandez un devis gratuit

26 67 27 77

Intervention rapide et service de qualité

26 67 27 77

Serrurerie du Luxembourg

Serrurerie du Luxembourg

  * Accueil
  * Le pays du Luxembourg 
    * La ville de Luxembourg
    * Alzingen
    * Bascharage
    * Beaufort
    * Bech
    * Beckerich
    * Belvaux
    * Berchem
    * Berdorf
    * Bereldange
    * Bertrange
    * Bettembourg
    * Bettendorf
    * Betzdorf
    * Bissen
    * Biwer
    * Boulaide
    * Bourscheid
    * Bous
    * Bridel
    ...
---
Demandez un devis gratuit

26 67 27 77

Intervention rapide et service de qualité

26 67 27 77

Serrurerie du Luxembourg

Serrurerie du Luxembourg

  * Accueil
  * Le pays du Luxembourg 
    * La ville de Luxembourg
    * Alzingen
    * Bascharage
    * Beaufort
    * Bech
    * Beckerich
    * Belvaux
    * Berchem
    * Berdorf
    * Bereldange
    * Bertrange
    * Bettembourg
    * Bettendorf
    * Betzdorf
    * Bissen
    * Biwer
    * Boulaide
    * Bourscheid
    * Bous
    * Bridel
    ..."
547,11,6,547_352 31_détection_renouvelables_gaz,"352 31, détection, renouvelables, gaz, service vente, annuel, dépannage, propos contact, installations, salle bain","* À propos
  * |
  * Contact
  * |
  * gazeautherme@internet.lu
  * |
  * Tél : +352 31 80 24-1
  * |
  * Facebook

#

  * Home
  * |
  * Chauffage
  * |
  * Sanitaire
  * |
  * Energies renouvelables
  * |
  * Salle de bain clef en main
  * |
  * Service après-vente
  * |
  * Conditions générales
  * À propos
  * Contact

# Salle de bain clef en main

Moderne ou classique, minimaliste ou baroque, NOUVELLE GAZEAUTHERME redessine
la salle de bain dans un style qui vous ressemble.

Vous souhaitez ...
---
* Accueil
  * A propos
  * Nos services
    * Détection gaz
      * Vente de matériel
      * Mise en service
      * Entretien
      * Dépannage
      * Dossier technique
      * Assistance
  * Contact
  * FAQ

# A propos

HomeA propos

Close

  * Accueil
  * A propos
  * Nos services
    * Détection gaz
      * Vente de matériel
      * Mise en service
      * Entretien
      * Dépannage
      * Dossier technique
      * Assistance
  * Contact
  * FAQ

+352 691 444 502

Lun - Vend : 08:00 - 18...
---
* À propos
  * |
  * Contact
  * |
  * gazeautherme@internet.lu
  * |
  * Tél : +352 31 80 24-1
  * |
  * Facebook

#

  * Home
  * |
  * Chauffage
  * |
  * Sanitaire
  * |
  * Energies renouvelables
  * |
  * Salle de bain clef en main
  * |
  * Service après-vente
  * |
  * Conditions générales
  * À propos
  * Contact

# Chauffage

Notre métier c'est le conseil et le suivi pour une installation dans les
règles de l'art et en accord avec la législation. Les installations sont
effectuées de ma..."
548,11,3,548_umzug_mondiale_streff_lagerung,"umzug, mondiale, streff, lagerung, decided, country, psf, 26 30, control, listen","* Über uns
## Unternehmen

Geschichte

Chronologie

Unser Team

Stellen

## Qualitätsgarantie

Zertifikate

Netzwerke

Qualitätskontrolle

PSF

Allgemeine geschäftsbedingungen

Genehmigungen

## Ressourcen

Fuhrpark

Technologie

Maschinen

  * Corporate
## Reseponsability

Qualitätskontrolle

Service Level Agreement

Anti Bribery & Corruption

Data Protection

Anti Trust Charter-FIDI

DS-GVO Streff SARL

DS-GVO Streff SECS

Info-DSGVO (FR)

Viewer Cookie

  * Umzug
## Umzug

National & Grenzgeb...
---
* Über uns
## Unternehmen

Geschichte

Chronologie

Unser Team

Stellen

## Qualitätsgarantie

Zertifikate

Netzwerke

Qualitätskontrolle

PSF

Allgemeine geschäftsbedingungen

Genehmigungen

## Ressourcen

Fuhrpark

Technologie

Maschinen

  * Corporate
## Reseponsability

Qualitätskontrolle

Service Level Agreement

Anti Bribery & Corruption

Data Protection

Anti Trust Charter-FIDI

DS-GVO Streff SARL

DS-GVO Streff SECS

Info-DSGVO (FR)

Viewer Cookie

  * Umzug
## Umzug

National & Grenzgeb...
---
* Über uns
## Unternehmen

Geschichte

Chronologie

Unser Team

Stellen

## Qualitätsgarantie

Zertifikate

Netzwerke

Qualitätskontrolle

PSF

Allgemeine geschäftsbedingungen

Genehmigungen

## Ressourcen

Fuhrpark

Technologie

Maschinen

  * Corporate
## Reseponsability

Qualitätskontrolle

Service Level Agreement

Anti Bribery & Corruption

Data Protection

Anti Trust Charter-FIDI

DS-GVO Streff SARL

DS-GVO Streff SECS

Info-DSGVO (FR)

Viewer Cookie

  * Umzug
## Umzug

National & Grenzgeb..."
549,11,3,549_91_génie civil_génie_constructions,"91, génie civil, génie, constructions, 81, aménagements extérieurs, civil, travaux, démolition, aménagements","×

  * Bonaria & Fils s.à r.l. 
  * +352 54 41 81 
  * contact@bonaria.lu

Toggle navigation

  * Accueil
  * Projets
  * Services
  * Historique
  * Contact

# Terrassement

  * Home
  * Services
  * Terrassement

  *     * Tous les services
    * Aménagements extérieurs
    * Travaux de routes et Génie civil
    * Constructions traditionnelles
    * Démolition, Déconstruction sélective et Dépollution
    * Terrassement
    * Parc matériel & Atelier

  * ## 
## Terrassements

  * 

  * ### Siég...
---
×

  * Bonaria & Fils s.à r.l. 
  * +352 54 41 81 
  * contact@bonaria.lu

Toggle navigation

  * Accueil
  * Projets
  * Services
  * Historique
  * Contact

# Parc matériel & Atelier

  * Home
  * Services
  * Parc matériel & Atelier

  *     * Tous les services
    * Aménagements extérieurs
    * Travaux de routes et Génie civil
    * Constructions traditionnelles
    * Démolition, Déconstruction sélective et Dépollution
    * Terrassement
    * Parc matériel & Atelier

  * ## 
## Parc matéri...
---
×

  * Bonaria & Fils s.à r.l. 
  * +352 54 41 81 
  * contact@bonaria.lu

Toggle navigation

  * Accueil
  * Projets
  * Services
  * Historique
  * Contact

# Travaux de routes et Génie civil

  * Home
  * Services
  * Travaux de routes et Génie civil

  *     * Tous les services
    * Aménagements extérieurs
    * Travaux de routes et Génie civil
    * Constructions traditionnelles
    * Démolition, Déconstruction sélective et Dépollution
    * Terrassement
    * Parc matériel & Atelier

  * ..."
550,11,3,550_strategies_investing_library_insights,"strategies, investing, library, insights, 26 27, 13 13, investment, range, sweden, 2449 luxembourg","*c-questionc question887625C2-7BF1-4000-B4A3-B26DC9267EA1@3x2F9E87B5-5CC3-4957-855A-0368FBC07B2C@1xGroup 13-Group 13-Group 13+Group 13+c-questionflag-enStroke 1Stroke 1
  * Fund range 
  * Strategies 
  * Solutions 
  * Investing responsibly 
  * Insights 
  * About us 
  * Library 

  * 

Fund range Strategies

Value Equity Corporate Bonds Fixed Income Strategic Asset Allocation
Convertible Bonds

Solutions Investing responsibly

Our Approach ESG Integration Stewardship Exclusions & Ethical Tra...
---
*c-questionc question887625C2-7BF1-4000-B4A3-B26DC9267EA1@3x2F9E87B5-5CC3-4957-855A-0368FBC07B2C@1xGroup 13-Group 13-Group 13+Group 13+c-questionflag-enStroke 1Stroke 1
  * Fund range 
  * Strategies 
  * Solutions 
  * Investing responsibly 
  * Insights 
  * About us 
  * Library 

  * 

Fund range Strategies

Value Equity Corporate Bonds Fixed Income Strategic Asset Allocation
Convertible Bonds

Solutions Investing responsibly

Our Approach ESG Integration Stewardship Exclusions & Ethical Tra...
---
*c-questionc question887625C2-7BF1-4000-B4A3-B26DC9267EA1@3x2F9E87B5-5CC3-4957-855A-0368FBC07B2C@1xGroup 13-Group 13-Group 13+Group 13+c-questionflag-enStroke 1Stroke 1
  * Fund range 
  * Strategies 
  * Solutions 
  * Investing responsibly 
  * Insights 
  * About us 
  * Library 

  * 

Fund range Strategies

Value Equity Corporate Bonds Fixed Income Strategic Asset Allocation
Convertible Bonds

Solutions Investing responsibly

Our Approach ESG Integration Stewardship Exclusions & Ethical Tra..."
551,11,8,551_réf_voir détail_détail_progetis,"réf, voir détail, détail, progetis, estimation, honoraires, type appartement, appartement, oberkorn, favoris","Favoris

Accueil Ventes Locations International Neuf Favoris Vendu L'agence L'équipe
Estimation Contact

  * 

Vente Location

Type de bien Appartement Immeuble de rapport Local commercial Maison Maison de
maître Maison mitoyenne Nouvelle construction Projet de construction

Ville Audun-le-Tiche Belvaux Bissen Caxias - Oeiras  Differdange Erpeldange
(Ettelbruck) Esch-Sur-Alzette Hussigny-Godbrange Kayl Oberkorn Petange Rodange
Rumelange Russange Syren Val de Briey Walferdange

L'agence Immobilie...
---
Favoris

Accueil Ventes Locations International Neuf Favoris Vendu L'agence L'équipe
Estimation Contact

  * 

Vente Location

Type de bien Appartement Immeuble de rapport Local commercial Maison Maison de
maître Maison mitoyenne Nouvelle construction Projet de construction

Ville Audun-le-Tiche Belvaux Bissen Caxias - Oeiras  Differdange Erpeldange
(Ettelbruck) Esch-Sur-Alzette Hussigny-Godbrange Kayl Oberkorn Petange Rodange
Rumelange Russange Syren Val de Briey Walferdange

L'agence Immobilie...
---
Favoris

Accueil Ventes Locations International Neuf Favoris Vendu L'agence L'équipe
Estimation Contact

Vente Location

Type de bien Appartement Immeuble de rapport Local commercial Maison Maison de
maître Maison mitoyenne Nouvelle construction Projet de construction

Ville Audun-le-Tiche Belvaux Bissen Caxias - Oeiras  Differdange Erpeldange
(Ettelbruck) Esch-Sur-Alzette Hussigny-Godbrange Kayl Oberkorn Petange Rodange
Rumelange Russange Syren Val de Briey Walferdange

32 résultat(s)

Tri :  P..."
552,11,4,552_chirurgie_dr_plastique_visage,"chirurgie, dr, plastique, visage, 9h, 17h, esthétique, bras, réduction, med","Aller au contenu

+352 26 27 02 93 | info@dr-assassi.lu | 71, RUE DES GLACIS L-1628 LUXEMBOURG-LIMPERTSBERG
  * Deutsch
  * Français

Menu

  * Deutsch
  * Français

  * Home
  * Traitements
    * Augmentation mammaire
    * Réduction mammaire
    * Gynécomastie
    * Correction des paupières
    * Lifting du visage
    * Rhinoplastie
    * Otoplastie
    * Chirurgie génitale
    * Lipodéme
    * Lipposuccion
    * Operation de raffermissement
    * Acide Hyaluronique BOTOX
  * Le Centre
  * Mé...
---
Aller au contenu

+352 26 27 02 93 | info@dr-assassi.lu | 71, RUE DES GLACIS L-1628 LUXEMBOURG-LIMPERTSBERG
  * Deutsch
  * Français

Menu

  * Deutsch
  * Français

  * Home
  * Traitements
    * Augmentation mammaire
    * Réduction mammaire
    * Gynécomastie
    * Correction des paupières
    * Lifting du visage
    * Rhinoplastie
    * Otoplastie
    * Chirurgie génitale
    * Lipodéme
    * Lipposuccion
    * Operation de raffermissement
    * Acide Hyaluronique BOTOX
  * Le Centre
  * Mé...
---
Aller au contenu

+352 26 27 02 93 | info@dr-assassi.lu | 71, RUE DES GLACIS L-1628 LUXEMBOURG-LIMPERTSBERG
  * Deutsch
  * Français

Menu

  * Deutsch
  * Français

  * Home
  * Traitements
    * Augmentation mammaire
    * Réduction mammaire
    * Gynécomastie
    * Correction des paupières
    * Lifting du visage
    * Rhinoplastie
    * Otoplastie
    * Chirurgie génitale
    * Lipodéme
    * Lipposuccion
    * Operation de raffermissement
    * Acide Hyaluronique BOTOX
  * Le Centre
  * Mé..."
553,11,3,553_conseil administration_mars_invitation_assemblée générale,"conseil administration, mars, invitation, assemblée générale, prof, assemblée, membres, association, conférence, décembre","Aller au contenu

  * ALUC
  * Annonces
  * Publications
  * Qu’est-ce que l’ALUC ?
  * Contact

# ALUC

Depuis 1910, l’Association Luxembourgeoise des Universitaires Catholiques
(ALUC) contribue au rayonnement de la pensée chrétienne, développe entre ses
membres des liens d’amitié sincère et sert les aspirations de la communauté
nationale.

Merci pour votre intérêt pour l'ALUC. Vous pouvez nous joindre à info@aluc.lu

### Les dernières nouvelles :

  * Invitation à la conférence du Prof. Dr. To...
---
Skip to content

ALGG

Association luxembourgeoise de Géronto-Gériatrie

# Author: ALGG

Posted on March 5, 2023March 5, 2023

## 38.ième Journée de Gérontologie le 4 Octobre 2023 à la Fondation Pescatore

  * 4 Octobre 2023: ""Recherche et Education à la pointe du progrès""
    * Prof Michael Heneka (Director - Luxembourg Centre for Systems Biomedecine - Uni.lu) 
      * -""Aktueller Stand der Forschung im Bereich der neuro-degenerativen Erkrankungen""
    * Prof Marie Friedel ( Prof. en sciences i...
---
Skip to content

# ALGG

Association luxembourgeoise de Géronto-Gériatrie

Scroll down to content

## Posts

Posted on September 6, 2012October 27, 2022

### Aktivitäten der ALGG

Die Association Luxembourgeoise de Gérontologie/Gériatrie asbl (ALGG) ist eine
Gesellschaft ohne Gewinnzweck und wurde 1985 ins Leben gerufen.

Im Verwaltungsrat der ALGG sind über 20 Vereinigungen zusammengeschlossen, die
sich auf unterschiedliche Weise mit der Thematik Alter Therapie, Betreuung und
Pflege auseinander..."
554,11,3,554_saison_compétitions_link_résultats,"saison, compétitions, link, résultats, 2014, hubert, clement, bad, entraînements, 2021 2022","# Swimming Club ERA Esch/Alzette

ASSOCIATION SANS BUT LUCRATIF FONDEE EN 1925

# Menu

Skip to content

  * Startseite
  * Le club
    * Saison 2021/2022
    * Saisons 2017/18-2019/20
    * Saisons 2014/15-2016/17
  * ⛔️COVID-19⛔️
  * ASSEMBLÉE GÉNÉRALE 2022
  * Entraînements 2022/2023
  * Résultats
  * SPONSORS
  * Gallerie-Natation
    * Saison 2021/2022 - Compétitions
    * Saison 2020/2021: Compétitions +
    * Saison 2019/2020 - Compétitions
    * Saison 2018/2019-Compétitions
    * Saison...
---
# Swimming Club ERA Esch/Alzette

ASSOCIATION SANS BUT LUCRATIF FONDEE EN 1925

# Menu

Skip to content

  * Startseite
  * Le club
    * Saison 2021/2022
    * Saisons 2017/18-2019/20
    * Saisons 2014/15-2016/17
  * ⛔️COVID-19⛔️
  * ASSEMBLÉE GÉNÉRALE 2022
  * Entraînements 2022/2023
  * Résultats
  * SPONSORS
  * Gallerie-Natation
    * Saison 2021/2022 - Compétitions
    * Saison 2020/2021: Compétitions +
    * Saison 2019/2020 - Compétitions
    * Saison 2018/2019-Compétitions
    * Saison...
---
# Swimming Club ERA Esch/Alzette

ASSOCIATION SANS BUT LUCRATIF FONDEE EN 1925

# Menu

Skip to content

  * Startseite
  * Le club
    * Saison 2021/2022
    * Saisons 2017/18-2019/20
    * Saisons 2014/15-2016/17
  * ⛔️COVID-19⛔️
  * ASSEMBLÉE GÉNÉRALE 2022
  * Entraînements 2022/2023
  * Résultats
  * SPONSORS
  * Gallerie-Natation
    * Saison 2021/2022 - Compétitions
    * Saison 2020/2021: Compétitions +
    * Saison 2019/2020 - Compétitions
    * Saison 2018/2019-Compétitions
    * Saison..."
555,11,2,555_di_transports_offene_una,"di, transports, offene, una, bewerbung, bech, quai, che, moselle, médiation","* Sablière Hein
  * Transports Hein
  * Hein Déchets

  *   *   * 

  *   *   * 

  * News
  * Unternehmen
    * Geschichte
  * Recycling
  * Containerpark
  * Container/Behälter
  * Öffnungszeiten
  * Ansprechpartner
  * Wir suchen
    * Offene Stellen
    * Bewerbung
    * Familie & Beruf
    * Charte de Médiation
  * Anfahrt
  * Downloadcenter
  * Impressum

* * *
* * *
## News  

* * *
* * *
       
         
          
  
1, quai de la Moselle B.P. 74 Tél.:(+352)26662-1 info(at)heingroup.lu...
---
* Sablière Hein
  * Transports Hein
  * Hein Déchets

  *   *   * 

  *   *   * 

  * News
  * Unternehmen
    * Geschichte
  * Recycling
  * Containerpark
  * Container/Behälter
  * Öffnungszeiten
  * Ansprechpartner
  * Wir suchen
    * Offene Stellen
    * Bewerbung
    * Familie & Beruf
    * Charte de Médiation
  * Anfahrt
  * Downloadcenter
  * Impressum

* * *
* * *
## News  

* * *
* * *
       
         
          
  
1, quai de la Moselle B.P. 74 Tél.:(+352)26662-1 info(at)heingroup.lu...
---
* Sablière Hein
  * Transports Hein
  * Hein Déchets

  *   *   * 

  *   *   * 

  * News
  * Unternehmen
    * Geschichte
  * Recycling
  * Containerpark
  * Container/Behälter
  * Öffnungszeiten
  * Ansprechpartner
  * Wir suchen
    * Offene Stellen
    * Bewerbung
    * Familie & Beruf
    * Charte de Médiation
  * Anfahrt
  * Downloadcenter
  * Impressum

* * *
* * *
## News  

* * *
* * *
       
         
          
  
1, quai de la Moselle B.P. 74 Tél.:(+352)26662-1 info(at)heingroup.lu..."
556,11,2,556_traitement_traitement données_données_finalités,"traitement, traitement données, données, finalités, données personnelles, personnelles, immo, divulgation, remplir obligation, visé finalités","﻿Vous avez un bien immobilier à vendre ou à louer ? Contactez-nous !

﻿

﻿  
HERBY IMMO  
96, rue de Noertzange L-3670 Kayl  
(+352) 27 51 95 - 1  
Fax (+352) 27 51 95 - 95

  * Accueil
  * Ventes
    * Toutes les ventes
    * Maisons
    * Appartements
    * Bureaux - Commerces
    * Terrains
  * Locations
    * Toutes les locations
    * Maisons
    * Appartements
    * Bureaux - Commerces
  * Biens vendus
  * Offre spéciale
  * Equipe

## Votre agence immobiliere de confiance  
Toutes transac...
---
﻿Vous avez un bien immobilier à vendre ou à louer ? Contactez-nous !

﻿

﻿  
HERBY IMMO  
96, rue de Noertzange L-3670 Kayl  
(+352) 27 51 95 - 1  
Fax (+352) 27 51 95 - 95

  * Accueil
  * Ventes
    * Toutes les ventes
    * Maisons
    * Appartements
    * Bureaux - Commerces
    * Terrains
  * Locations
    * Toutes les locations
    * Maisons
    * Appartements
    * Bureaux - Commerces
  * Biens vendus
  * Offre spéciale
  * Equipe

## Votre agence immobiliere de confiance  
Toutes transac...
---
﻿Vous avez un bien immobilier à vendre ou à louer ? Contactez-nous !

﻿

﻿  
HERBY IMMO  
96, rue de Noertzange L-3670 Kayl  
(+352) 27 51 95 - 1  
Fax (+352) 27 51 95 - 95

  * Accueil
  * Ventes
    * Toutes les ventes
    * Maisons
    * Appartements
    * Bureaux - Commerces
    * Terrains
  * Locations
    * Toutes les locations
    * Maisons
    * Appartements
    * Bureaux - Commerces
  * Biens vendus
  * Offre spéciale
  * Equipe

## Votre agence immobiliere de confiance  
Toutes transac..."
557,11,3,557_vector_wesentliche_flexible_märz 2023,"vector, wesentliche, flexible, märz 2023, 2023 03, märz, mixed, managers, fiduciaire, 03","Toggle navigation

  * Accueil 
  * Présentation 
    * La Fiduciaire 
    * L'équipe 
    * Domaines d'activité 
  * Nos services 
    * Comptabilité, gestion comptable, comptes annuels, déclarations fiscales 
    * Traitement des salaires et secrétariat social 
    * Démarches administratives, demandes de subventions et d’aides de l’état 
    * (EN) Traitement de la TVA et demande de remboursement 
    * Conseil Fiscal 
  * Actualités 
  * Contact 
    * Contact Rippweiler 
    * Contact Bettb...
---
×

Toggle navigation

  * Grosbous
    * La Commune
    * Armoiries et patrimoine
    * Organes politiques
    * Syndicats et organismes
  * Administration Communale
    * Services communaux
    * Autres services
  * Contact
  * News
    * Actualité
    * Jobs
  * Fusion

  * 13\. April 2023

#  Liste des candidats

Eis Kandidate fir déi nei Fusiounsgemeng Groussbus-Wal. ✖️✍🏼 Aus all Sektioun
kënne maximal 6 Leit gewielt ginn also kann de Wieler 6 Groussbusser a 6 Waler
ukräizen (egal a wat fir ...
---
Toggle navigation

  * Über uns
    * Geschichte
    * Anlagephilosophie
    * Portfoliomanager
    * Presse
  * Performance
    * Navigator
    * Flexible
    * Top Managers Mixed
  * Blog
  * Dokumente
  * Kontakt
  * Abonnieren
    * Zeichnen
  * English
  * Nederlands
  * Deutsch

  *   * EN   NL   DE  

# Documents

Dokumentart \- Alle Arten - Wesentliche Anlegerinformationen Factsheet
Prospekt Bericht Sonstiges

Teilfonds \- Alle Teilfonds - Vector Navigator Vector Flexible Vector Top
Mana..."
558,11,7,558_loft_steel_interior_visiter,"loft, steel, interior, visiter, design, piscine, materiaux, équipements, responsable, interior design","* Accueil
  * Maison sur mesure
    * Design & Conception
    * Structure & materiaux
    * Modulable & evolutive
    * Technologie & domotique
    * Energies renouvelables
    * Performance thermique
    * Ecologique & responsable
    * Economique & accessible
  * Nos services
    * Securite
    * Accompagnement
    * Conciergerie
    * Immobilier
  * A propos
  * Vos projets
  * Contact
  * Le Blog
    * Designer batiment
    * Projets neufs
    * Art & decoration
    * Expertise immobiliere

...
---
* Accueil
  * Maison sur mesure
    * Design & Conception
    * Structure & materiaux
    * Modulable & evolutive
    * Technologie & domotique
    * Energies renouvelables
    * Performance thermique
    * Ecologique & responsable
    * Economique & accessible
  * Nos services
    * Securite
    * Accompagnement
    * Conciergerie
    * Immobilier
  * A propos
  * Vos projets
  * Contact
  * Le Blog
    * Designer batiment
    * Projets neufs
    * Art & decoration
    * Expertise immobiliere

...
---
* Accueil
  * Maison sur mesure
    * Design & Conception
    * Structure & materiaux
    * Modulable & evolutive
    * Technologie & domotique
    * Energies renouvelables
    * Performance thermique
    * Ecologique & responsable
    * Economique & accessible
  * Nos services
    * Securite
    * Accompagnement
    * Conciergerie
    * Immobilier
  * A propos
  * Vos projets
  * Contact
  * Le Blog
    * Designer batiment
    * Projets neufs
    * Art & decoration
    * Expertise immobiliere

..."
559,11,6,559_fahrräder_352 48_bike_zubehör,"fahrräder, 352 48, bike, zubehör, center, sport, vieles, fahrrad, webseite, produkte","Skip to content

Velo Sport Center

Ihr Fachgeschäft für Fahrräder, Pedelecs und vieles mehr in Luxemburg.

  *   * 

Menu

  * Home
  * Über uns
  * News
  * Unsere Produkte
    * Fahrräder
    * Pedelecs
    * Cargobikes
    * Falträder
    * Zubehör
  * Kontakt

# Kontakt

## Contact

VELO SPORT CENTER  
S.à r.l.  
7 Avenue John F. Kennedy, Luxembourg L-1855

Guillaume Smal :  
- Tel : +352 48 02 02  
ou  
- Tel : 26 09 47 74  
Fax : +352 48 06 56  
E-mail : info@vsc.lu  
## Horaires d'ouvert...
---
Skip to content

Velo Sport Center

Ihr Fachgeschäft für Fahrräder, Pedelecs und vieles mehr in Luxemburg.

  *   * 

Menu

  * Home
  * Über uns
  * News
  * Unsere Produkte
    * Fahrräder
    * Pedelecs
    * Cargobikes
    * Falträder
    * Zubehör
  * Kontakt

# Über uns

# Unsere Philosophie

### Das Fahrrad, ein Alltagsfahrzeug? - Ein Freizeitbegleiter? - Oder ein
Fitnessgerät?

Heute bietet Ihnen die Fahrradwelt ein breites Angebot an Möglichkeiten. Wir
möchten Ihnen behilflich sein, dam...
---
Skip to content

Velo Sport Center

Ihr Fachgeschäft für Fahrräder, Pedelecs und vieles mehr in Luxemburg.

  *   * 

Menu

  * Home
  * Über uns
  * News
  * Unsere Produkte
    * Fahrräder
    * Pedelecs
    * Cargobikes
    * Falträder
    * Zubehör
  * Kontakt

# Home

Ihr Fachgeschäft für Fahrräder, Pedelecs und vieles mehr in Luxemburg.  
## Unsere Produkte

Fahrräder

Pedelecs

Cargobikes

Falträder

Zubehör

## News

## Reichweiten-Assistent BOSCH

https://www.bosch-ebike.com/de/service/..."
560,11,7,560_21 30_lager_lieferzeit_90,"21 30, lager, lieferzeit, 90, 21, delivery, days, time, items, 30","My Account (Sign in)

Your basket is empty.

0

Basket

00352 691 234 651

  * English
  * Deutsch
  * Français

Luxembourg

Languages: Deutsch Français English

  * Shop
  * Schematics
  * Manufacturers
  * Sale

  * Rifle Parts
  * Handgun Parts
  * Shotgun Parts
  * Magazines
  * Reloading
  * Shooting Accessories
  * Gunsmith Tools & Supplies
  * Optics & Mounting
  * Gun Cleaning & Chemicals
  * Emergency & Survival Gear
  * --  
--  
--

# Brownells Benelux - World's Largest Supplier of Gu...
---
Mein Konto (Anmelden)

Ihr Warenkorb ist leer.

0

Warenkorb

00352 691 234 651

  * Deutsch
  * Français
  * English

Luxembourg

Sprachen: Deutsch Français English

  * Shop
  * Explosionszeichnungen
  * Hersteller
  * Angebote

  * Büchsen Teile
  * Kurzwaffen Teile
  * Flinten Teile
  * Magazine
  * Wiederladen
  * Schießsport Zubehör
  * Büchsenmacher Tools & Zubehör
  * Optik und Montagen
  * Reinigung
  * Survival und Notfall
  * --  
--  
--

# Brownells Benelux - Einer der größten Liefe...
---
Mein Konto (Anmelden)

Ihr Warenkorb ist leer.

0

Warenkorb

00352 691 234 651

  * Deutsch
  * Français
  * English

Luxembourg

Sprachen: Deutsch Français English

  * Shop
  * Explosionszeichnungen
  * Hersteller
  * Angebote

  * Büchsen Teile
  * Kurzwaffen Teile
  * Flinten Teile
  * Magazine
  * Wiederladen
  * Schießsport Zubehör
  * Büchsenmacher Tools & Zubehör
  * Optik und Montagen
  * Reinigung
  * Survival und Notfall
  * --  
--  
--

# Brownells Benelux - Einer der größten Liefe..."
561,11,3,561_couette_housse_oreiller_drap,"couette, housse, oreiller, drap, bain, tapis, gift, douche, quick view, salle bain","0

  * Accueil
  * Tapis
  * Rideaux
  * Cadeaux
  * Linge de maison
    * Couette
      * 135x200cm
      * 155x220cm
      * 200x200cm
      * 240x220cm
      * 260x240cm
    * Housse couette
      * 140x200cm
      * 155x220cm
      * 200x200cm
      * 240x220cm
      * 260x240cm
    * Protege Matelas
    * Drap housse
      * 90x200cm
      * 120x200cm
      * 140x200cm
      * 180x200cm
    * Oreiller
      * 15x40cm
      * 60x40cm
      * 65x65cm
      * 75x50cm
      * 80x80cm
      * 80...
---
0

  * Accueil
  * Tapis
  * Rideaux
  * Cadeaux
  * Linge de maison
    * Couette
      * 135x200cm
      * 155x220cm
      * 200x200cm
      * 240x220cm
      * 260x240cm
    * Housse couette
      * 140x200cm
      * 155x220cm
      * 200x200cm
      * 240x220cm
      * 260x240cm
    * Protege Matelas
    * Drap housse
      * 90x200cm
      * 120x200cm
      * 140x200cm
      * 180x200cm
    * Oreiller
      * 15x40cm
      * 60x40cm
      * 65x65cm
      * 75x50cm
      * 80x80cm
      * 80...
---
0

  * Accueil
  * Tapis
  * Rideaux
  * Cadeaux
  * Linge de maison
    * Couette
      * 135x200cm
      * 155x220cm
      * 200x200cm
      * 240x220cm
      * 260x240cm
    * Housse couette
      * 140x200cm
      * 155x220cm
      * 200x200cm
      * 240x220cm
      * 260x240cm
    * Protege Matelas
    * Drap housse
      * 90x200cm
      * 120x200cm
      * 140x200cm
      * 180x200cm
    * Oreiller
      * 15x40cm
      * 60x40cm
      * 65x65cm
      * 75x50cm
      * 80x80cm
      * 80..."
562,11,11,562_client_prestataire_paiement_facture,"client, prestataire, paiement, facture, commande, conditions, cas, fourniture, conditions générales, acheteur","Skip to content

cosilux.lu

Maintenance et Vente Informatique

  * Accueil
  * e-Dent
  * News
  * FAQ
  * Liens Web
  * Wallpapers
  * Aspects légaux
    * Nos CGV
  * Contact

# Nos CGV

Conditions générales de vente de produits et services.

  

Conditions applicables

Toutes les ventes de Produits et les fournitures de Services par Cosilux
seront régies par les présentes conditions générales à l’exclusion de toute
autre condition, y compris toutes conditions générales du Client.  
Toutes le...
---
Skip to content

  * Accueil
  * SolutionsExpand
    * Gestion locative
    * Syndic de copropriété
    * Social
  * À propos
  * Contactez-nous
  * LinkedIn

Toggle Menu

##  CONDITIONS GENERALES DE VENTE DE LA SOCIETE  BLINDTRUST SARL EN VIGUEUR AU
1er OCTOBRE 2022 :

Article 1 – Champ d’application du  
contrat de base.  
1-1. Les présentes conditions générales de vente  
constituent le socle unique de la relation  
commerciale entre les parties.  
1-2. Elles ont pour objet de définir les  
c...
---
Ramilux

Fourniture et équipement de restauration commerciale

Appelez nous ! +352 20407417

  * Accueil
  * Conditions de vente et livraison
  * Contactez nous !

# Conditions de vente et livraison

Les présentes conditions générales ont pour objet de définir les modalités et
conditions d’exécution des prestations réalisées par le Prestataire auprès du
Client à la demande de ce dernier ou de leurs préposés et représentants.

Les dispositions des présentes Conditions Générales constituent la loi..."
563,11,3,563_renta_eur_del_fc,"renta, eur, del, fc, printing, el, europa, décoration, sicav, 06 06","Luxembourg

  * Renta 4 Banco 
  * Renta 4 Wealth 
  * Renta 4 Gestora 
  * Renta 4 Pensiones 

es en

How to subscribe? Contact us

¿Qué quieres buscar?

  * 

About Us

Our Services

Our Services

  * MANCO Services

  * Sustainable investment

Our Values

Renta 4 Sicav

Renta 4 Sicav

  * Estructura Renta 4 Sicav

  * Sub-Funds Renta 4

News of interest in Spanish

News of interest in Spanish

  * Opinión de Expertos

  * Noticias Luxemburgo

  * Informes Seguimiento

  * Si lo prefieres cont...
---
Luxemburgo

  * Renta 4 Banco 
  * Renta 4 Wealth 
  * Renta 4 Gestora 
  * Renta 4 Pensiones 

es en

Cómo contratar Contáctanos

¿Qué quieres buscar?

  * 

Quiénes somos

Nuestros Servicios

Nuestros Servicios

  * Servicios MANCO

  * Inversión Sostenible

Nuestros Valores

Renta 4 Sicav

Renta 4 Sicav

  * Estructura Renta 4 Sicav

  * Sub-Fondos Renta 4

Noticias de interés

Noticias de interés

  * Noticias Luxemburgo

  * Informes Seguimiento

  * Opinión de Expertos

  * Si lo prefieres...
---
Luxemburgo

  * Renta 4 Banco 
  * Renta 4 Wealth 
  * Renta 4 Gestora 
  * Renta 4 Pensiones 

es en

Cómo contratar Contáctanos

¿Qué quieres buscar?

  * 

Quiénes somos

Nuestros Servicios

Nuestros Servicios

  * Servicios MANCO

  * Inversión Sostenible

Nuestros Valores

Renta 4 Sicav

Renta 4 Sicav

  * Estructura Renta 4 Sicav

  * Sub-Fondos Renta 4

Noticias de interés

Noticias de interés

  * Noticias Luxemburgo

  * Informes Seguimiento

  * Opinión de Expertos

  * Si lo prefieres..."
564,11,3,564_klima agence_berater_klima_termin vereinbaren,"klima agence, berater, klima, termin vereinbaren, vereinbaren, termin, mobilität, begleiten, zuhause, faqs","Direkt zum Inhalt

  * Gemeinden
    * Wir begleiten Sie
      * Ihr Klima-Agence infopoint
      * Ären Ambassadeur
        * Ambassadeur ginn
        * De Klimapakt kommunizéieren
        * D’Klima-Agence Toolbox 
      * Mobilität
        * Ladeinfrastruktur
    * Ihre Energie- und Klimapolitik
      * EnerCoach
      * Baukontrollen
      * Nachhaltige Beschaffung
        * Kommunale Beschaffung
        * Öffentliche Beschaffung
    * Finanzielle Unterstützung
      * Fonds Climat Énergie
  ...
---
Direkt zum Inhalt

  * Gemeinden
    * Wir begleiten Sie
      * Ihr Klima-Agence infopoint
      * Ären Ambassadeur
        * Ambassadeur ginn
        * De Klimapakt kommunizéieren
        * D’Klima-Agence Toolbox 
      * Mobilität
        * Ladeinfrastruktur
    * Ihre Energie- und Klimapolitik
      * EnerCoach
      * Baukontrollen
      * Nachhaltige Beschaffung
        * Kommunale Beschaffung
        * Öffentliche Beschaffung
    * Finanzielle Unterstützung
      * Fonds Climat Énergie
  ...
---
Direkt zum Inhalt

  * Gemeinden
    * Wir begleiten Sie
      * Ihr Klima-Agence infopoint
      * Ären Ambassadeur
        * Ambassadeur ginn
        * De Klimapakt kommunizéieren
        * D’Klima-Agence Toolbox 
      * Mobilität
        * Ladeinfrastruktur
    * Ihre Energie- und Klimapolitik
      * EnerCoach
      * Baukontrollen
      * Nachhaltige Beschaffung
        * Kommunale Beschaffung
        * Öffentliche Beschaffung
    * Finanzielle Unterstützung
      * Fonds Climat Énergie
  ..."
565,11,5,565_paix_bond_ford_museum,"paix, bond, ford, museum, division, forces, nations, 1940, bastogne, anciens","Skip to content

## Association des Anciens Combattants 1939-1945, des Forces de Nations Unies
et des Soldats de la Paix luxembourgeois

Sous la Présidence d'Honneur de S.A.R le Grand-Duc

  * Bienvenue
  * A propos 
    * Statuts
    * Comité
  * Membres
  * Soutien Moral
  * Kantin
  * Actions 
    * A Soldier’s Christmas 2020
    * Bond of Brotherhood 2021
    * Bond of Brotherhood 2022
  * Activités 
    * Kickertournoi
    * Visite Bastogne Barracks 2019
  * Contact
  * Links

# Bienvenue

...
---
Skip to content

## Association des Anciens Combattants 1939-1945, des Forces de Nations Unies
et des Soldats de la Paix luxembourgeois

Sous la Présidence d'Honneur de S.A.R le Grand-Duc

  * Bienvenue
  * A propos 
    * Statuts
    * Comité
  * Membres
  * Soutien Moral
  * Kantin
  * Actions 
    * A Soldier’s Christmas 2020
    * Bond of Brotherhood 2021
    * Bond of Brotherhood 2022
  * Activités 
    * Kickertournoi
    * Visite Bastogne Barracks 2019
  * Contact
  * Links

# Membre

  *...
---
Skip to content

## Association des Anciens Combattants 1939-1945, des Forces de Nations Unies
et des Soldats de la Paix luxembourgeois

Sous la Présidence d'Honneur de S.A.R le Grand-Duc

  * Bienvenue
  * A propos 
    * Statuts
    * Comité
  * Membres
  * Soutien Moral
  * Kantin
  * Actions 
    * A Soldier’s Christmas 2020
    * Bond of Brotherhood 2021
    * Bond of Brotherhood 2022
  * Activités 
    * Kickertournoi
    * Visite Bastogne Barracks 2019
  * Contact
  * Links

# All posts b..."
566,11,3,566_maisons_résidences_immobilien_m²,"maisons, résidences, immobilien, m², maisons unifamiliales, unifamiliales, vendu, 105, 98, chambres","Find Property:

Des résidences à vivre

Résidences CINQUANTE-4/5/6/7

MAISONS UNIFAMILIALES

MAISONS JUMELÉES

MAISONS EN BANDE

MAISONS UNIFAMILIALES AUTOUR D'UNE COUR INTÉRIEURE

Résidences CINQUANTE-0/1/2

  * Accueil
  * Vision Globale
    * Steinfort
    * Présentation
    * Types d'habitation
      * Résidences exclusives
      * Maisons unifamiliales autour d'une cour intérieure
      * Maisons en bande
      * Maisons jumelées
      * Maisons unifamiliales
  * Disponibilités
    * Appart...
---
Find Property:

Des résidences à vivre

Résidences CINQUANTE-4/5/6/7

MAISONS UNIFAMILIALES

MAISONS JUMELÉES

MAISONS EN BANDE

MAISONS UNIFAMILIALES AUTOUR D'UNE COUR INTÉRIEURE

Résidences CINQUANTE-0/1/2

  * Accueil
  * Vision Globale
    * Steinfort
    * Présentation
    * Types d'habitation
      * Résidences exclusives
      * Maisons unifamiliales autour d'une cour intérieure
      * Maisons en bande
      * Maisons jumelées
      * Maisons unifamiliales
  * Disponibilités
    * Appart...
---
Find Property:

Des résidences à vivre

Résidences CINQUANTE-4/5/6/7

MAISONS UNIFAMILIALES

MAISONS JUMELÉES

MAISONS EN BANDE

MAISONS UNIFAMILIALES AUTOUR D'UNE COUR INTÉRIEURE

Résidences CINQUANTE-0/1/2

  * Accueil
  * Vision Globale
    * Steinfort
    * Présentation
    * Types d'habitation
      * Résidences exclusives
      * Maisons unifamiliales autour d'une cour intérieure
      * Maisons en bande
      * Maisons jumelées
      * Maisons unifamiliales
  * Disponibilités
    * Appart..."
567,11,3,567_rsr_rsr walfer_walfer_fentange,"rsr, rsr walfer, walfer, fentange, brouch, itzig, finale, beach, kayl, dames","#  Volleyball-Club Fentange

Se connecter

  * Home 
  * Calendrier 
  * Club 
    *     * Comité 
    * Comm. des Jeunes 
    * Vizfest 
      *       * Viz Store 
    * Historique 
      *       * 1985-1990 
      * 1995-2000 
      * 1990-1995 
      * 2000-2005 
      * 2005-2010 
      * 2010-2015 
      * 2015-actuel 
    * Links 
  * News 
  * Equipes 
    *     * Seniors Dames 1 
    * Seniors Dames 2 
    * Seniors Dames 3 
    * Seniors Hommes 1 
    * Seniors Hommes 2 
    * Juniors D...
---
#  RSR WALFER VOLLEYBALL

  * Bienvenue
  * Club
    * Le Club se présente
    * Le mot du président
    * Palmarès
    * Le comité
    * Nos Arbitres
    * Nos Sponsors
    * Contactez-nous
    * Impressum
  * News
  * Equipes
    * Equipes Dames 
    * Senior Dames I
    * Senior Dames II
    * Senior Dames III
    * . 
    * Equipes Hommes 
    * Senior Hommes I
    * Senior Hommes II
    * Section Loisir 
    * Loisir
    * Equipes Jeunes 
    * Bouncing Grizzlies
    * Minimes
    * Scolair...
---
#  RSR WALFER VOLLEYBALL

  * Bienvenue
  * Club
    * Le Club se présente
    * Le mot du président
    * Palmarès
    * Le comité
    * Nos Arbitres
    * Nos Sponsors
    * Contactez-nous
    * Impressum
  * News
  * Equipes
    * Equipes Dames 
    * Senior Dames I
    * Senior Dames II
    * Senior Dames III
    * . 
    * Equipes Hommes 
    * Senior Hommes I
    * Senior Hommes II
    * Section Loisir 
    * Loisir
    * Equipes Jeunes 
    * Bouncing Grizzlies
    * Minimes
    * Scolair..."
568,11,4,568_000 000_000_000 500_500 000,"000 000, 000, 000 500, 500 000, traitement, traitement données, 250, 600 000, données, 150","Close

  * Accueil
  * Ventes
  * Locations
  * Cité O'
  * Réalisations
  * Contact

  
# PROM-SCA'

VentesLocations

    
Transaction

     achatlocation
    
neuf

Référence

    
Localité

     - Audun-le-tiche (57390)
Type de bien

     - Appartement
Budget

     - 100 000 150 000 200 000 250 000 300 000 350 000 400 000 450 000 500 000 550 000 600 000 650 000 700 000 800 000 900 000 1 000 000 1 500 000 2 000 000 3 000 000 4 000 000 5 000 000
à

     - 100 000 150 000 200 000 250 000 300 000...
---
* Accueil
  * Ventes
  * Locations
  * Proposer un bien
  * Contact

RECHERCHE

    
Transaction

     achatlocation
    
neuf

Localité

     - Bertrange
Type de bien

     - Appartement
Budget

     - 100 000 150 000 200 000 250 000 300 000 350 000 400 000 450 000 500 000 550 000 600 000 650 000 700 000 800 000 900 000 1 000 000 1 500 000 2 000 000 3 000 000 4 000 000 5 000 000
à

     - 100 000 150 000 200 000 250 000 300 000 350 000 400 000 450 000 500 000 550 000 600 000 650 000 700 000 800...
---
* Accueil
  * Ventes
  * Locations
  * Proposer un bien
  * Contact

RECHERCHE

    
Transaction

     achatlocation
    
neuf

Localité

     - Bertrange
Type de bien

     - Appartement
Budget

     - 100 000 150 000 200 000 250 000 300 000 350 000 400 000 450 000 500 000 550 000 600 000 650 000 700 000 800 000 900 000 1 000 000 1 500 000 2 000 000 3 000 000 4 000 000 5 000 000
à

     - 100 000 150 000 200 000 250 000 300 000 350 000 400 000 450 000 500 000 550 000 600 000 650 000 700 000 800..."
569,11,3,569_union_u9_useldange_zeréck,"union, u9, useldange, zeréck, u15, pupilles, u13, u17, ent, u11","#  Union Mertert Wasserbillig

Umellen

  * Home 
  * Ekippen 
    * Zeréck
    * Seniors 
      * Zeréck
      * 1.Ekipp 
        * Zeréck
        * Resultater 
        * Tabell 
      * 2\. Ekipp 
      * Dammenekipp 
    * Jugend 
      * Zeréck
      * Juniors (U19) 
      * Cadets (U17) 
      * Cadets II (U17) 
      * Scolaires (U15) 
      * Scolaires II (U15) 
      * Scolaires III (U15) 
      * Minimes (U13) 
      * Poussins (U11) 
      * Pupilles 1 (U9) 
      * Pupilles 2 (U9) 
  ...
---
#  Union Mertert Wasserbillig

Umellen

  * Home 
  * Ekippen 
    * Zeréck
    * Seniors 
      * Zeréck
      * 1.Ekipp 
        * Zeréck
        * Resultater 
        * Tabell 
      * 2\. Ekipp 
      * Dammenekipp 
    * Jugend 
      * Zeréck
      * Juniors (U19) 
      * Cadets (U17) 
      * Cadets II (U17) 
      * Scolaires (U15) 
      * Scolaires II (U15) 
      * Scolaires III (U15) 
      * Minimes (U13) 
      * Poussins (U11) 
      * Pupilles 1 (U9) 
      * Pupilles 2 (U9) 
  ...
---
#  Union Mertert Wasserbillig

Umellen

  * Home 
  * Ekippen 
    * Zeréck
    * Seniors 
      * Zeréck
      * 1.Ekipp 
        * Zeréck
        * Resultater 
        * Tabell 
      * 2\. Ekipp 
      * Dammenekipp 
    * Jugend 
      * Zeréck
      * Juniors (U19) 
      * Cadets (U17) 
      * Cadets II (U17) 
      * Scolaires (U15) 
      * Scolaires II (U15) 
      * Scolaires III (U15) 
      * Minimes (U13) 
      * Poussins (U11) 
      * Pupilles 1 (U9) 
      * Pupilles 2 (U9) 
  ..."
570,11,4,570_add wishlist_compare_add_aperçu rapide,"add wishlist, compare, add, aperçu rapide, wishlist, aperçu, rapide, canon, cars, anniversaire","Info site : Les stocks et produits proposés en magasin sont différents du site
web. Merci de passer directement en magasin pour effectuer une commande.

  *  +352 24 55 98 84
  *  marketing@party-days.lu

  * Univers de Fête 
  * Pâtisserie 
  * Ballons 
  * Location 



 Rechercher

  *  Connexion
  * Compare (0)
  * Wishlists (0)



  1. Accueil
  2. Univers de Fête
  3. Fêtes Enfants
  4. Thèmes Garçons
  5. Cars

categories  

  * Thèmes Garçons
  *     * Pat Patrouille
    * Mickey
...
---
Info site : Les stocks et produits proposés en magasin sont différents du site
web. Merci de passer directement en magasin pour effectuer une commande.

  *  +352 24 55 98 84
  *  marketing@party-days.lu

  * Univers de Fête 
  * Pâtisserie 
  * Ballons 
  * Location 



 Rechercher

  *  Connexion
  * Compare (0)
  * Wishlists (0)



  1. Accueil
  2. Univers de Fête
  3. Fêtes Adultes
  4. Par thème de couleur
  5. Vert

categories  

  * Par thème de couleur
  *     * Rose Gold
    * ...
---
Info site : Les stocks et produits proposés en magasin sont différents du site
web. Merci de passer directement en magasin pour effectuer une commande.

  *  +352 24 55 98 84
  *  marketing@party-days.lu

  * Univers de Fête 
  * Pâtisserie 
  * Ballons 
  * Location 



 Rechercher

  *  Connexion
  * Compare (0)
  * Wishlists (0)



  1. Accueil
  2. Univers de Fête
  3. Fêtes Adultes
  4. Par thème de couleur
  5. Bleu

categories  

  * Par thème de couleur
  *     * Rose Gold
    * ..."
571,11,1,571_motorräder_steve_kalender_verschiedenes,"motorräder, steve, kalender, verschiedenes, veranstaltungen, gin, marche, jun, ausgabe, organisiert","###  Main Menu

  * Veranstaltungen
  * Motorräder
  * Ausfahrten
  * Verschiedenes
    * Wat as d'AMAL?
    * Den Comité
    * Member gin
  * Kalender

###  www.amal.lu

  * Veranstaltungen
  * Motorräder
  * Ausfahrten
  * Verschiedenes
    * Wat as d'AMAL?
    * Den Comité
    * Member gin
  * Kalender

  * #### Marche - Bastogne - Marche
Ausfahrten

29/05/2023

  * #### 2\. Rückblick Tour de Luxembourg
Veranstaltungen

10/05/2023

  * #### 7ème Promenade Gillet-Herstal in Dinant
Ausfahrten

...
---
###  Main Menu

  * Veranstaltungen
  * Motorräder
  * Ausfahrten
  * Verschiedenes
    * Wat as d'AMAL?
    * Den Comité
    * Member gin
  * Kalender

###  www.amal.lu

  * Veranstaltungen
  * Motorräder
  * Ausfahrten
  * Verschiedenes
    * Wat as d'AMAL?
    * Den Comité
    * Member gin
  * Kalender

Home›Author: Steve M

## Author: Steve M

### Steve M

  * Ausfahrten
29/05/2023

by Steve M

#### Marche - Bastogne - Marche

Am 14. Mai 2023 hat eine Handvoll Mitglieder der AMAL an der Rall...
---
###  Main Menu

  * Veranstaltungen
  * Motorräder
  * Ausfahrten
  * Verschiedenes
    * Wat as d'AMAL?
    * Den Comité
    * Member gin
  * Kalender

###  www.amal.lu

  * Veranstaltungen
  * Motorräder
  * Ausfahrten
  * Verschiedenes
    * Wat as d'AMAL?
    * Den Comité
    * Member gin
  * Kalender

Home›Author: Steve M

## Author: Steve M

### Steve M

  * Ausfahrten
29/05/2023

by Steve M

#### Marche - Bastogne - Marche

Am 14. Mai 2023 hat eine Handvoll Mitglieder der AMAL an der Rall..."
572,11,4,572_garde corps_garde_escalier_acier,"garde corps, garde, escalier, acier, prénom nom, bardage, corps, métalliques, escaliers, inox","* Accueil
  * Presentation
  * Nos services
    * Garde-corps
    * Escalier
    * Clôture
    * Bardage / Charpente
  * Nos réalisations
  * Contact

Sélectionner une page

Spécialiste constructions métalliques

## Nos clôtures

# Comment ça marche

## Notre processus

K

#### Entrée en relation

Nous définissons ensemble votre projet, ses tenants et aboutissants en
fonction du lieu et avant tout de vos envies.

K

#### Mise en oeuvre

Une fois que tous les feux sont au vert, nous débutons l'in...
---
* Accueil
  * Presentation
  * Nos services
    * Garde-corps
    * Escalier
    * Clôture
    * Bardage / Charpente
  * Nos réalisations
  * Contact

Sélectionner une page

Spécialiste constructions métalliques

## Nos escaliers

# Comment ça marche

## Notre processus

K

#### Entrée en relation

Nous définissons ensemble votre projet, ses tenants et aboutissants en
fonction du lieu et avant tout de vos envies.

K

#### Mise en oeuvre

Une fois que tous les feu sont au vert, nous débutons l'in...
---
* Accueil
  * Presentation
  * Nos services
    * Garde-corps
    * Escalier
    * Clôture
    * Bardage / Charpente
  * Nos réalisations
  * Contact

Sélectionner une page

Spécialiste constructions métalliques

## Nos garde-corps

# Comment ça marche

## Notre processus

K

#### Entrée en relation

Nous définissons ensemble votre projet, ses tenants et aboutissants en
fonction du lieu et avant tout de vos envies.

K

#### Mise en oeuvre

Une fois que tous les feux sont au vert, nous débutons l..."
573,11,3,573_speicherung_technische speicherung_speicherung zugriff_verwalten,"speicherung, technische speicherung, speicherung zugriff, verwalten, 26 66, technische, zugriff, zweck, lüftung, zwecken","Zum Inhalt wechseln

Uns erreichen

11, Am Burfeld L-6850 Manternach

Telefon

+352 27 04 62

E-Mail

info@luxaqua.lu

  * Start
  * Badsanierung
    * Zum Badrechner
    * Fugenlose Badsanierung
  * Heizungsbau
    * Zum Heizungsrechner
    * Heizungswartung
    * Wassergeführte Pelletkamine
    * Förderung & Finanzierung
  * Klimaanlagen & Lüftung
  * Jobs
  * Kontakt
    * Impressum
    * Datenschutz
    * Cookie-Richtlinie (EU)

Menü

  * Start
  * Badsanierung
    * Zum Badrechner
    * Fug...
---
26 66 52 11 info@fabros.lu

  * Kontakt
  * Team
  * AGB
  * Impressum
  * Datenschutzerklärung
  * Cookie-Richtlinie (EU)

  * HOME
  * LEISTUNGEN
    * Heizung
    * Bad / Sanitär
    * Photovoltaik
    * Entkalkung
  * REFERENZEN
  * INFOS
    * Service
    * Info-Veranstaltungen
    * Fabros-Broschüre
    * Team
    * Presse
    * Kontakt

Seite wählen

# Impressum

## Angaben gemaß § 5 TMG

FABROS Sarl  
7, op der Kopp  
5544 Remich, Luxembourg

Handelsregister: B173144  
Registergericht: L...
---
26 66 52 11 info@fabros.lu

  * Kontakt
  * Team
  * AGB
  * Impressum
  * Datenschutzerklärung
  * Cookie-Richtlinie (EU)

  * HOME
  * LEISTUNGEN
    * Heizung
    * Bad / Sanitär
    * Photovoltaik
    * Entkalkung
  * REFERENZEN
  * INFOS
    * Service
    * Info-Veranstaltungen
    * Fabros-Broschüre
    * Team
    * Presse
    * Kontakt

Seite wählen

# Debug

Cookie-Zustimmung verwalten

Wir verwenden Cookies, um unsere Website und unseren Service zu optimieren.

Funktional Funktional Imm..."
574,11,4,574_inkl mwst_inkl_mwst_zubehor,"inkl mwst, inkl, mwst, zubehor, datenschutzerklarung, werkzeuge, webseiten, neu, zahlung, versand","Wir verwenden Cookies, um die einwandfreie Funktion unserer Website zu
gewährleisten, Inhalte und Werbung zu personalisieren, Social Media-Funktionen
bereitzustellen und unseren Datenverkehr zu analysieren. Wir informieren auch
unsere Social Media-, Werbe- und Analysepartner über Ihre Nutzung unserer
Website.

Einstellungen  Alle akzeptieren  Datenschutzerklarung

### Cookie Einstellungen

×

  * Statistiken  
Statistik-Cookies helfen Webseiten-Besitzern zu verstehen, wie Besucher mit
Webseiten ...
---
Wir verwenden Cookies, um die einwandfreie Funktion unserer Website zu
gewährleisten, Inhalte und Werbung zu personalisieren, Social Media-Funktionen
bereitzustellen und unseren Datenverkehr zu analysieren. Wir informieren auch
unsere Social Media-, Werbe- und Analysepartner über Ihre Nutzung unserer
Website.

Einstellungen  Alle akzeptieren  Datenschutzerklarung

### Cookie Einstellungen

×

  * Statistiken  
Statistik-Cookies helfen Webseiten-Besitzern zu verstehen, wie Besucher mit
Webseiten ...
---
Wir verwenden Cookies, um die einwandfreie Funktion unserer Website zu
gewährleisten, Inhalte und Werbung zu personalisieren, Social Media-Funktionen
bereitzustellen und unseren Datenverkehr zu analysieren. Wir informieren auch
unsere Social Media-, Werbe- und Analysepartner über Ihre Nutzung unserer
Website.

Einstellungen  Alle akzeptieren  Datenschutzerklarung

### Cookie Einstellungen

×

  * Statistiken  
Statistik-Cookies helfen Webseiten-Besitzern zu verstehen, wie Besucher mit
Webseiten ..."
575,11,3,575_pommes_frites_sauce_salade,"pommes, frites, sauce, salade, gemüse, cafés, légumes, café, thé, oignons","## Navigation

  * Accueil
  * Présentation
  * Cafés
  * Thés
  * Épicerie fine
  * Évènements
  * Idées cadeaux
  * Photos
  * Contact

L'Instant Café

Salon de Thé, Articles Café et Thé

+352 44 46 92  
patricia.sidoni@sfr.fr  
80 Route de Longwy City Concorde L-8060 BERTRANGE

#

## Photos

Accueil  ›  Photos

  *   *   *   *   *   *   *   *   *   *   *   *   *   *   *
---
#

## Primary Navigation

  * Aktiounen
  * Kaart
  * Mëttesmenu
  * Réservéirung
  * Galerie
  * Kontakt
  *     *     *     * 

  * facebook
  * tripadvisor

## Wëllkomm

# am Restaurant Savory

✻

##### by Chris Juchemes

Kommt eran!

RESERVÉIRUNG

## Eenzegarteg

# Atmosphär

✻

De komplett renovéierte Restaurant bitt an engem besonnesch modernen a waarme
Kader Plaz fir ca. 60 Leit. Bei guddem Wieder kann een och vun enger
gemittlecher Terrass mat Vue op d’Musel profitéieren. Ob mam Auto ode...
---
#

## Primary Navigation

  * Aktiounen
  * Kaart
  * Mëttesmenu
  * Réservéirung
  * Galerie
  * Kontakt
  *     *     *     * 

  * facebook
  * tripadvisor

## Wëllkomm

# am Restaurant Savory

✻

##### by Chris Juchemes

Kommt eran!

RESERVÉIRUNG

## Eenzegarteg

# Atmosphär

✻

De komplett renovéierte Restaurant bitt an engem besonnesch modernen a waarme
Kader Plaz fir ca. 60 Leit. Bei guddem Wieder kann een och vun enger
gemittlecher Terrass mat Vue op d’Musel profitéieren. Ob mam Auto ode..."
576,11,3,576_cake_07 00_sweet_18 00,"cake, 07 00, sweet, 18 00, roll, chocolate, wedding, subscribe newsletter, subscribe, communion","Zum Inhalt springen

TÄGLICH GEÖFFNET (Sonntags am Vormittag)

  *   * 

  * Start
  * Produkte
    * Patisserie
    * Schokolade
    * Partyservice
    * Backwaren
    * Eisspezialitäten
  * Ihre Feierlichkeiten
  * Fotos
  * Unsere Geschichte
  * Kontakt

Karnaval

2 Photos

Weihnachten

39 Photos

Ostern

21 Photos

###  Öffnungszeiten Schifflange

####  Normale Öffnungszeiten

Montag - 6:45-18:00  
Dienstag - 6:45-18:00  
Mittwoch - 6:45-18:00  
Donnerstag - 6:45-18:00  
Freitag - 6:45-18:00...
---
Zum Inhalt springen

TÄGLICH GEÖFFNET (Sonntags am Vormittag)

  *   * 

  * Start
  * Produkte
    * Patisserie
    * Schokolade
    * Partyservice
    * Backwaren
    * Eisspezialitäten
  * Ihre Feierlichkeiten
  * Fotos
  * Unsere Geschichte
  * Kontakt

  * Start
  * Produkte
    * Patisserie
    * Schokolade
    * Partyservice
    * Backwaren
    * Eisspezialitäten
  * Ihre Feierlichkeiten
  * Fotos
  * Unsere Geschichte
  * Kontakt

# Unser Partyservice

## Wir erstellen für Sie maßgeschne...
---
Subscribe to  
our newsletter

FR | EN
  *   * 

* * *
EN

FR EN

  * Celebration cakes 
Flavours

* * *
    * Layer cakes 
    * Entremet cakes 
Events

* * *
    * Kids' birthdays 
    * Adults' birthdays 
    * Wedding 
    * Christening and communion 
    * Corporate events 
  * Baked goods 
Entremet cakes and pies  Entremets décorés

  * Sweet treats 
Cupcakes & Cake pops  Macaroons  Decorated biscuits

  * Business partners 
  * |
  * About 
  * FAQ 
  * Contact 

# FAQ

What is a ""layer"" ..."
577,11,3,577_protein_weight_add cart_energy,"protein, weight, add cart, energy, hard, mix, cart, password, english french, add","Loading...

The application has encountered an unknown error.  ×

It doesn't appear to have affected your data, but our technical staff have
been automatically notified and will be looking into this with the utmost
urgency.

  * Paiements
  * Frais de Port
  * Conditions Générales
  * > Confidentialité
  * Health Claims

  * menu
  * Compte
  * Paramètres

Equipement

Lifting Straps

Bandages

Boxing

Belts

Compétition

Dream Tan

Divers

Gloves

Lotions - Spray

Shakers

Weight Management

Fat...
---
Loading...

The application has encountered an unknown error.  ×

It doesn't appear to have affected your data, but our technical staff have
been automatically notified and will be looking into this with the utmost
urgency.

  * Paiements
  * Frais de Port
  * Conditions Générales
  * > Confidentialité
  * Health Claims

  * menu
  * Compte
  * Paramètres

Equipement

Lifting Straps

Bandages

Boxing

Belts

Compétition

Dream Tan

Divers

Gloves

Lotions - Spray

Shakers

Weight Management

Fat...
---
Loading...

The application has encountered an unknown error.  ×

It doesn't appear to have affected your data, but our technical staff have
been automatically notified and will be looking into this with the utmost
urgency.

  * Paiements
  * Frais de Port
  * Conditions Générales
  * > Confidentialité
  * Health Claims

  * menu
  * Compte
  * Paramètres

Equipement

Lifting Straps

Bandages

Boxing

Belts

Compétition

Dream Tan

Divers

Gloves

Lotions - Spray

Shakers

Weight Management

Fat..."
578,11,8,578_permis_molitor_alain_magasins,"permis, molitor, alain, magasins, annuaire, strassen, 266, fédération luxembourgeoise, brill, 352 621","Miwwel zu Lëtzebuerg. Mäi Choix!

  * fr
  * de
  * en

  * Accueil
  * Actualités
  * Annuaire des magasins
  * La FEDAM
  * Devenir membre
  * Contact

# Novy

  * Accueil
    * Annuaire des magasins
      * Novy

##  
Revendeurs officiels

  * ## ASUA
### Strassen

226 route d'Arlon  
L-8010 Strassen  
T. 26 37 58 80

  * ## Galerie du Nord
### Gasperich

1a rue Chr. Plantin  
L-2339 Gasperich  
T. 49 55 33

  * ## KicheConcept
### Bertrange

74 route de Longwy  
L-8080 Bertrange  
T. 26 38 3...
---
Miwwel zu Lëtzebuerg. Mäi Choix!

  * fr
  * de
  * en

  * Accueil
  * Actualités
  * Annuaire des magasins
  * La FEDAM
  * Devenir membre
  * Contact

# AEG

  * Accueil
    * Annuaire des magasins
      * AEG

##  
Revendeurs officiels

  * ## Alvisse
### Leudelange

Z.I. am Bann  
L-3372 Leudelange  
T. 26 37 37 1

  * ## ASUA
### Strassen

226 route d'Arlon  
L-8010 Strassen  
T. 26 37 58 80

  * ## Conforama
### Strassen

296 route d'Arlon  
L-8010 Strassen  
T. 31 91 11

  * ## Galerie d...
---
Ettelbrück  +352 621 431 866

FR

* Português
* English
* Deutsch
  * 

  * Accueil
  * Services
  * Contact
  * Examen
  * Informations
  *     *     *     * 

Menu

##  L'ART  
DE BIEN CONDUIRE

###  03  
FORMATEURS EXPERIMENTES

###  06  
FORMATIONS DE QUALITES

###  \+ de 20 ans  
EXPERIENCES

###  \+ de 05  
LANGUES PARLEES

##  Nos services

#### Permis B

En savoir +

#### Permis B Automatique

En savoir +

#### Permis BE

En savoir +

#### Conduite accompagnée

En savoir +

#### Permis C..."
579,11,5,579_module_paiement_demande devis_projets cours,"module, paiement, demande devis, projets cours, administratifs, bâtiment, bâtiments, bim, demande, acces","* Home
    *     * Immatriculation
      * Presentation
      * Demande d'informations
      * Module de paiement
      * Demande de rendez-vous
    *     * Vitres teintees
      * Presentation
      * Realisations
      * Demande de devis auto
      * Demande de devis batiment
      * Module de paiement
      * Demande de rendez-vous
    *     * Soins auto
      * Presentation
      * Traitement Ozone
      * Traitement Ceramic PRO
      * Module de paiement
      * Demande de rendez-vous
    *...
---
* Home
    *     * Immatriculation
      * Presentation
      * Demande d'informations
      * Module de paiement
      * Demande de rendez-vous
    *     * Vitres teintees
      * Presentation
      * Realisations
      * Demande de devis auto
      * Demande de devis batiment
      * Module de paiement
      * Demande de rendez-vous
    *     * Soins auto
      * Presentation
      * Traitement Ozone
      * Traitement Ceramic PRO
      * Module de paiement
      * Demande de rendez-vous
    *...
---
* Home
    *     * Immatriculation
      * Presentation
      * Demande d'informations
      * Module de paiement
      * Demande de rendez-vous
    *     * Vitres teintees
      * Presentation
      * Realisations
      * Demande de devis auto
      * Demande de devis batiment
      * Module de paiement
      * Demande de rendez-vous
    *     * Soins auto
      * Presentation
      * Traitement Ozone
      * Traitement Ceramic PRO
      * Module de paiement
      * Demande de rendez-vous
    *..."
580,11,4,580_finition_redange attert_attert_spécifique,"finition, redange attert, attert, spécifique, fassade, redange, pack, trockenbau, parkett, salons","Redange / Attert | Contern
+352 23 64 64

  * Home
  * Fachbereiche
    *     * TUEREN / FENSTER
    * HOCHBAU
    * Ofenhaus
    * Profi Baumarkt
    * TIEFBAU
    * PARKETT
    * FLIESEN
    * DACH
    * FASSADE
    * GALABAU
    * TROCKENBAU
    * Close
  * GESCHICHTE
  * AKTUELLES
  * JOBS
  * KONTAKT / ANFAHRT
  * Deutsch
    *     * Français
    * Close

  * Home
  * Fachbereiche
    *     * TUEREN / FENSTER
    * HOCHBAU
    * Ofenhaus
    * Profi Baumarkt
    * TIEFBAU
    * PARKETT
    ...
---
Redange / Attert | Contern
+352 23 64 64

  * Home
  * Fachbereiche
    *     * TUEREN / FENSTER
    * HOCHBAU
    * Ofenhaus
    * Profi Baumarkt
    * TIEFBAU
    * PARKETT
    * FLIESEN
    * DACH
    * FASSADE
    * GALABAU
    * TROCKENBAU
    * Close
  * GESCHICHTE
  * AKTUELLES
  * JOBS
  * KONTAKT / ANFAHRT
  * Deutsch
    *     * Français
    * Close

  * Home
  * Fachbereiche
    *     * TUEREN / FENSTER
    * HOCHBAU
    * Ofenhaus
    * Profi Baumarkt
    * TIEFBAU
    * PARKETT
    ...
---
Redange / Attert | Contern
+352 23 64 64

  * Home
  * Fachbereiche
    *     * TUEREN / FENSTER
    * HOCHBAU
    * Ofenhaus
    * Profi Baumarkt
    * TIEFBAU
    * PARKETT
    * FLIESEN
    * DACH
    * FASSADE
    * GALABAU
    * TROCKENBAU
    * Close
  * GESCHICHTE
  * AKTUELLES
  * JOBS
  * KONTAKT / ANFAHRT
  * Deutsch
    *     * Français
    * Close

  * Home
  * Fachbereiche
    *     * TUEREN / FENSTER
    * HOCHBAU
    * Ofenhaus
    * Profi Baumarkt
    * TIEFBAU
    * PARKETT
    ..."
581,11,2,581_intérieure_isolation_plafond_acoustique,"intérieure, isolation, plafond, acoustique, finition, finitions, isolation thermique, sponsoring, peintures, pvc","Et si vous rejoigniez une entreprise qui aménage du bien-être à ses clients !
Cliquez ici

  * Devis 
  * Contact 

  * À propos
Société

Démarches responsables

Sponsoring

  * Nos activités
Parachèvement à sec

    * Cloison réutilisable 
    * Isolation thermique 
    * Correction acoustique 
    * Cloison 
    * Plafond suspendu 
    * Isolation ouate de cellulose 
Menuiserie intérieure

    * Cloison mobile 
    * Porte intérieure 
    * Habillage mural 
    * Parquet 
    * Mobilier sur me...
---
Et si vous rejoigniez une entreprise qui aménage du bien-être à ses clients !
Cliquez ici

  * Devis 
  * Contact 

  * À propos
Société

Démarches responsables

Sponsoring

  * Nos activités
Parachèvement à sec

    * Cloison réutilisable 
    * Isolation thermique 
    * Correction acoustique 
    * Cloison 
    * Plafond suspendu 
    * Isolation ouate de cellulose 
Menuiserie intérieure

    * Cloison mobile 
    * Porte intérieure 
    * Habillage mural 
    * Parquet 
    * Mobilier sur me...
---
Et si vous rejoigniez une entreprise qui aménage du bien-être à ses clients !
Cliquez ici

  * Devis 
  * Contact 

  * À propos
Société

Démarches responsables

Sponsoring

  * Nos activités
Parachèvement à sec

    * Cloison réutilisable 
    * Isolation thermique 
    * Correction acoustique 
    * Cloison 
    * Plafond suspendu 
    * Isolation ouate de cellulose 
Menuiserie intérieure

    * Cloison mobile 
    * Porte intérieure 
    * Habillage mural 
    * Parquet 
    * Mobilier sur me..."
582,11,4,582_ergebnisse_shopping center_shopping_kontaktiere,"ergebnisse, shopping center, shopping, kontaktiere, restaurants, correspond, center, fermé, besuch, 00 20","* Shopping Center 9:00 - 20:00
  * Großmarkt 8:00 - 21:00
  * Restaurants 7:30 - 22:00

Alle Ergebnisse anzeigen Es tut uns leid! Kein Ergebnisse für die Suche:

  * Läden
  * Restaurants
  * What's up ?
  * Aktuelles
  * Dienstleistungen
  * Organisieren Sie Ihren Besuch
  * Einkaufszentrum Karte
  * Pop-up store & Roadshows
  * Kontaktiere uns
  * 

Alle Ergebnisse anzeigen Es tut uns leid! Kein Ergebnisse für die Suche:

Du bist offline

Zurück

Kirchberg Shopping Center

5 Rue Alphonse Weick...
---
* Shopping Center 9:00 - 20:00
  * Großmarkt 8:00 - 20:00
  * Restaurants 7:30 - 22:00

Alle Ergebnisse anzeigen Es tut uns leid! Kein Ergebnisse für die Suche:

  * Läden
  * Restaurants
  * What's up ?
  * Aktuelles
  * Dienstleistungen
  * Organisieren Sie Ihren Besuch
  * Einkaufszentrum Karte
  * Pop-up store & Roadshows
  * Kontaktiere uns
  * 

Alle Ergebnisse anzeigen Es tut uns leid! Kein Ergebnisse für die Suche:

Du bist offline

L

  * S :  S : LSOC : 
S : LSOC :

L

  * S :  S : LSO...
---
* Shopping Center 9:00 - 20:00
  * Großmarkt 8:00 - 20:00
  * Restaurants 7:30 - 22:00

Alle Ergebnisse anzeigen Es tut uns leid! Kein Ergebnisse für die Suche:

  * Läden
  * Restaurants
  * What's up ?
  * Aktuelles
  * Dienstleistungen
  * Organisieren Sie Ihren Besuch
  * Einkaufszentrum Karte
  * Pop-up store & Roadshows
  * Kontaktiere uns
  * 

Alle Ergebnisse anzeigen Es tut uns leid! Kein Ergebnisse für die Suche:

Du bist offline

S : SOC :

S :  S : SOC :

S : SOC :

S : SOC :

L

  *..."
583,11,3,583_air_clean_smart_séance,"air, clean, smart, séance, qualité, santé, corps, intérieure, behandlung, solution","* 

  * 

  * Bienvenue
  * Solutions 
    * Nos Solutions
    * BioOrg en entreprise
    * BioOrg à la maison
  * Shop
  * Qualité d’air
  * A propos
  * Contact

Toggle navigation

  * Bienvenue
  * Solutions 
    * Nos Solutions
    * BioOrg en entreprise
    * BioOrg à la maison
  * Shop
  * Qualité d’air
  * A propos
  * Contact

# Solutions

## Améliorez la qualité d'air intérieure avec une solution naturelle

La pollution intérieure est dangereuse. La solution reste simple et natureIle
: ...
---
* 

  * 

  * Bienvenue
  * Solutions 
    * Nos Solutions
    * BioOrg en entreprise
    * BioOrg à la maison
  * Shop
  * Qualité d’air
  * A propos
  * Contact

Toggle navigation

  * Bienvenue
  * Solutions 
    * Nos Solutions
    * BioOrg en entreprise
    * BioOrg à la maison
  * Shop
  * Qualité d’air
  * A propos
  * Contact

# Qualité d'air

# La qualité d'air intérieur est un enjeu de santé publique

## Guide Gratuit : L'importance de la qualité d'air sur la santé et comment se
préser...
---
* 

  * 

  * Bienvenue
  * Solutions 
    * Nos Solutions
    * BioOrg en entreprise
    * BioOrg à la maison
  * Shop
  * Qualité d’air
  * A propos
  * Contact

Toggle navigation

  * Bienvenue
  * Solutions 
    * Nos Solutions
    * BioOrg en entreprise
    * BioOrg à la maison
  * Shop
  * Qualité d’air
  * A propos
  * Contact

# Bienvenue

## Purifier l'air simplement et naturellement avec le service Smart Clean !

Avec BioOrg Smart Clean nous ramenons la microbiodiversité de la forêt da..."
584,11,3,584_chamber_trial_tax_british,"chamber, trial, tax, british, firm, legal, list, trust, law, championnat","* Contact
  * Login / Register
  * Become a member

  * Home
  * About the chamber
    * The chamber
    * Council Members
    * Groups
    * Honorary members
    * Secretariat
    * Chambers Worldwide
  * Members & Sponsors
    * Member Directory
    * Become a member
    * Sponsors List
    * Become a sponsor
    * Testimonials
  * News
    * List of news
    * Submit news
  * Events
    * Upcoming events
    * Past events
  * Galleries
    * List of galleries
  * Resources
    * List of docum...
---
* Contact
  * Login / Register
  * Become a member

  * Home
  * About the chamber
    * The chamber
    * Council Members
    * Groups
    * Honorary members
    * Secretariat
    * Chambers Worldwide
  * Members & Sponsors
    * Member Directory
    * Become a member
    * Sponsors List
    * Become a sponsor
    * Testimonials
  * News
    * List of news
    * Submit news
  * Events
    * Upcoming events
    * Past events
  * Galleries
    * List of galleries
  * Resources
    * List of docum...
---
* Contact
  * Login / Register
  * Become a member

  * Home
  * About the chamber
    * The chamber
    * Council Members
    * Groups
    * Honorary members
    * Secretariat
    * Chambers Worldwide
  * Members & Sponsors
    * Member Directory
    * Become a member
    * Sponsors List
    * Become a sponsor
    * Testimonials
  * News
    * List of news
    * Submit news
  * Events
    * Upcoming events
    * Past events
  * Galleries
    * List of galleries
  * Resources
    * List of docum..."
585,11,2,585_ajouter wishlist_panier ajouter_ajouter_wishlist,"ajouter wishlist, panier ajouter, ajouter, wishlist, ajouter panier, panier, fraises, instruments, mélange, 00 ajouter","* info@questa.lu 
  * +352 691 18 34 18 

Connexion  Ou S'enregistrer

All Categories Accueil\--Anesthésie\----Compresses thermiques et
sprays\----Seringues d´injection\--Appareils\----Accessoires\----Accessoires
pour systèmes d´aspiration\----Ampoules\----Embouts lumineux\----Lampes à
photopolymériser\--Articles à usage unique\----Accessoires\----Article à usage
unique\----Autres\----Boulettes de coton\----Champs\----Compresses de
gaze\----Masques à cordelettes\----Coton\----Distributeurs\----M...
---
* info@questa.lu 
  * +352 691 18 34 18 

Connexion  Ou S'enregistrer

All Categories Accueil\--Anesthésie\----Compresses thermiques et
sprays\----Seringues d´injection\--Appareils\----Accessoires\----Accessoires
pour systèmes d´aspiration\----Ampoules\----Embouts lumineux\----Lampes à
photopolymériser\--Articles à usage unique\----Accessoires\----Article à usage
unique\----Autres\----Boulettes de coton\----Champs\----Compresses de
gaze\----Masques à cordelettes\----Coton\----Distributeurs\----M...
---
* info@questa.lu 
  * +352 691 18 34 18 

Connexion  Ou S'enregistrer

All Categories Accueil\--Anesthésie\----Compresses thermiques et
sprays\----Seringues d´injection\--Appareils\----Accessoires\----Accessoires
pour systèmes d´aspiration\----Ampoules\----Embouts lumineux\----Lampes à
photopolymériser\--Articles à usage unique\----Accessoires\----Article à usage
unique\----Autres\----Boulettes de coton\----Champs\----Compresses de
gaze\----Masques à cordelettes\----Coton\----Distributeurs\----M..."
586,11,6,586_gift_ergebnisse_italiano_collections,"gift, ergebnisse, italiano, collections, gefunden, geräte, accessories, auswahl, español, versuchen","Sie sind nicht eingeloggt - Bitte melden Sie sich an, um unsere Preise zur
Kentniss zu nehmen.

  * Deutsch
    * English
    * Français
  * 

  * 

  *   *   * 

# Delarosa Gift Shop

  * Produkte
    * Uhren 
    * Accessoires 
    * Sets 
    * Schreibinstrumente 
    * Regenschirme 
    * Reise-Accessoires 
    * Ausstellungsraum 
    * Textil 
    * Kleinlederwaren 
    * Gepäck 
    * Büroartikel 
    * Electronic accessories 
    * Geschenkkarten 
    * Refills 
    * Notizbücher und Mapp...
---
Sie sind nicht eingeloggt - Bitte melden Sie sich an, um unsere Preise zur
Kentniss zu nehmen.

  * Deutsch
    * English
    * Français
    * Nederlands
    * Español
    * Român
    * Italiano
    * Polski
    * Pусский
  * 

  * 

  *   *   * 

  * Produkte
    * Uhren 
    * Accessoires 
    * Sets 
    * Schreibinstrumente 
    * Regenschirme 
    * Reise-Accessoires 
    * Ausstellungsraum 
    * Textil 
    * Kleinlederwaren 
    * Gepäck 
    * Büroartikel 
    * Electronic accessories 
...
---
Sie sind nicht eingeloggt - Bitte melden Sie sich an, um unsere Preise zur
Kentniss zu nehmen.

  * Deutsch
    * English
    * Français
    * Português
    * Español
    * Italiano
  * 

  * 

  *   *   * 

  * Produkte
    * Uhren 
    * Accessoires 
    * Sets 
    * Schreibinstrumente 
    * Regenschirme 
    * Ausstellungsraum 
    * Textil 
    * Kleinlederwaren 
    * Gepäck 
    * Reise-Accessoires 
    * Büroartikel 
    * Electronic accessories 
    * Geschenkkarten 
    * Refills 
   ..."
587,11,2,587_invesco_privacy notice_fund_notice,"invesco, privacy notice, fund, notice, cookies policy, disclosure, funds, investment, kid, investors","#### Online privacy notice and cookies policy

This site is prepared for information purposes only. It does neither
constitute an advertisement, a recommendation nor an offer or solicitation to
purchase or sell investment instruments. It is your responsibility to be aware
of and to observe all applicable laws and regulations in any relevant
jurisdiction.

We use cookies on our website. Our online privacy notice and cookies policy
explains what cookies we use and why. By clicking Accept you conse...
---
#### Online privacy notice and cookies policy

This site is prepared for information purposes only. It does neither
constitute an advertisement, a recommendation nor an offer or solicitation to
purchase or sell investment instruments. It is your responsibility to be aware
of and to observe all applicable laws and regulations in any relevant
jurisdiction.

We use cookies on our website. Our online privacy notice and cookies policy
explains what cookies we use and why. By clicking Accept you conse...
---
#### Online privacy notice and cookies policy

This site is prepared for information purposes only. It does neither
constitute an advertisement, a recommendation nor an offer or solicitation to
purchase or sell investment instruments. It is your responsibility to be aware
of and to observe all applicable laws and regulations in any relevant
jurisdiction.

We use cookies on our website. Our online privacy notice and cookies policy
explains what cookies we use and why. By clicking Accept you conse..."
588,11,2,588_philharmonie_août_décembre_février,"philharmonie, août, décembre, février, novembre, janvier, juillet, septembre, octobre, mars","* Home
  * Audio Reviews
  * Video Reviews
  * Features & Interviews
  * Kid's Corner
  * ICMA
  * Agenda
  * Support Us

  * ### Advertising
  *   *   *   *   *   *   *   *   * 

## Links

###

### Musicians

www.liornavok.com [ Lior Novak ]  
www.philippeschartz.net [ Philippe Schartz ]  
www.jeanmuller.lu [ Jean Muller ]  
www.pascalmeyer.com [ Pascal Meyer ]

### Institutions

www.castelluccia.fr [ Luthier J. Castelluccia, Paris ]  
www.icma-info.com [ International Classical Music Awards ] ...
---
* Home
  * Audio Reviews
  * Video Reviews
  * Features & Interviews
  * Kid's Corner
  * ICMA
  * Agenda
  * Support Us

  * ### Advertising
  *   *   *   *   *   *   *   * 

## Pianistin Ingrid Haebler verstorben

15/05/2023

Die Pianistin Ingrid Haebler ist am Sonntag im Alter von 93 Jahren gestorben.
Das meldeten die Salzburger Nachrichten. Ingrid Haebler wurde in Wien geboren,
wuchs aber in Polen auf und erhielt mit sechs Jahren von ihrer Mutter den
ersten Klavierunterricht. Zu Beginn des Z...
---
* Home
  * Audio Reviews
  * Video Reviews
  * Features & Interviews
  * Kid's Corner
  * ICMA
  * Agenda
  * Support Us

  * ### Advertising
  *   *   *   *   *   *   *   * 

## Pianistin Ingrid Haebler verstorben

15/05/2023

Die Pianistin Ingrid Haebler ist am Sonntag im Alter von 93 Jahren gestorben.
Das meldeten die Salzburger Nachrichten. Ingrid Haebler wurde in Wien geboren,
wuchs aber in Polen auf und erhielt mit sechs Jahren von ihrer Mutter den
ersten Klavierunterricht. Zu Beginn des Z..."
589,11,5,589_3d_built_visite virtuelle_plans,"3d, built, visite virtuelle, plans, virtuelle, client, rue industrie, 352 288, 288, société","* Accueil
  * La société
  * Nos services
    * Visite virtuelle 3D
    * Plans as-built
    * Laserscanning 3D
  * Contact
  * Nos partenaires

#### Visite virtuelle

La visite virtuelle 3D est un nouveau concept de visite qui permet de
présenter un bien immobilier ou un espace réel à distance de façon immersive,
interactive et réaliste.

De nombreuses fonctionnalités peuvent être intégrées à la visite virtuelle 3D
pour rendre l’expérience toujours plus réaliste et immersive. La visite 3D
peut ...
---
DE

frende

Home MaterialienProjekteKompetenzen3D-Druck3D-ScannenCAD Design und
EntwicklungProduktentwicklungWorkshop / Bildungstraining /
KurseQualitätskontrolleReferenzenÜber uns

MaterialienProjekte

Kompetenzen

3D-Druck3D-ScannenCAD Design und EntwicklungProduktentwicklungWorkshop /
Bildungstraining / KurseQualitätskontrolle

ReferenzenÜber uns

DE

frende

#

####

* * *
####

##

Industrie und Forschung

Design-Objekte

Produkte

Ersatzteile und Austauschteile

3D-Scans und Reproduktionen...
---
* Accueil
  * La société
  * Nos services
    * Visite virtuelle 3D
    * Plans as-built
    * Laserscanning 3D
  * Contact
  * Nos partenaires

#### Plans as-built

## La numérisation des plans as-built et les différents types de détails et
informations

La numérisation consiste dans l’élaboration de plans d’étage à différents
niveaux de détail (plan d’étage schématique ou plan détaillé) ainsi que les
différentes vues de façades, coupes, toiture et plan d’implantation. Le
traitement est effectu..."
590,11,3,590_funds_entities_bank_risk management,"funds, entities, bank, risk management, regulated, risk, fund, financial, sustainable, money","* ABOUT US
    * Our Company
    * Mizuho Financial Group
    * Our Responsibility
    * Contact Us
    * Careers
  * CAPABILITIES
    * UCITS Funds
    * Alternative Investment Funds
    * Money Market Funds
    * ELTIFs
    * Sustainable Finance
  * SERVICES
    * Risk Management
    * Oversight
    * Compliance
    * Fund Structuring
    * Corporate Fund Services
    * Other Services
  * DISCLOSURES
    * Sustainability‑related Disclosures
    * MMFR‑related Disclosures
    * Company Policies...
---
* Contact Us 
  * 

  * Industries 
Regulated Entities Management Companies/AIFMs Investment Funds Other Regulated
Entities

Commercial Entities Holdings SPVs Startups

  * Capabilities 
Governance Compliance Risk Management

Corporate Advisory Domiciliation, Accounting & Support  Liquidation Services

  * People 
  * Careers 
  * Insights 

Talk with our people

Close

  * Industries
    * Governance
    * Compliance
    * Risk Management
    * Corporate Strategy
  * Capabilities
    * Governan...
---
* ABOUT US
    * Our Company
    * Mizuho Financial Group
    * Our Responsibility
    * Contact Us
    * Careers
  * CAPABILITIES
    * UCITS Funds
    * Alternative Investment Funds
    * Money Market Funds
    * ELTIFs
    * Sustainable Finance
  * SERVICES
    * Risk Management
    * Oversight
    * Compliance
    * Fund Structuring
    * Corporate Fund Services
    * Other Services
  * DISCLOSURES
    * Sustainability‑related Disclosures
    * MMFR‑related Disclosures
    * Company Policies..."
591,11,3,591_cnil_paris_remplissez formulaire_remplissez,"cnil, paris, remplissez formulaire, remplissez, conformément, 73, société anonyme, enregistrées, prospection commerciale, opération","20 33 14 14

Demande de contact

Menu

Trouver votre bien

\- Pour habiter

\- Pour investir

Groupe Capelli

\- Qui sommes-nous ? \- Réalisations \- Agences \- Recrutement \- Parrainage
\- Informations financières

Calculer votre pouvoir d'achat

\- Capelli Financement

Conseils immobiliers

\- Pour Habiter \- Pour Investir

Actualités

Nous contacter

Pour habiter

Un 1er achat ? Une envie de changer d'adresse ou de voir plus grand ?

Trouvez le bien qu'il vous faut !

Pour investir

Vous souh...
---
20 33 14 14

Demande de contact

Menu

Trouver votre bien

\- Pour habiter

\- Pour investir

Groupe Capelli

\- Qui sommes-nous ? \- Réalisations \- Agences \- Recrutement \- Parrainage
\- Informations financières

Calculer votre pouvoir d'achat

\- Capelli Financement

Conseils immobiliers

\- Pour Habiter \- Pour Investir

Actualités

Nous contacter

Pour habiter

Un 1er achat ? Une envie de changer d'adresse ou de voir plus grand ?

Trouvez le bien qu'il vous faut !

Pour investir

Vous souh...
---
20 33 14 14

Demande de contact

Menu

Trouver votre bien

\- Pour habiter

\- Pour investir

Groupe Capelli

\- Qui sommes-nous ? \- Réalisations \- Agences \- Recrutement \- Parrainage
\- Informations financières

Calculer votre pouvoir d'achat

\- Capelli Financement

Conseils immobiliers

\- Pour Habiter \- Pour Investir

Actualités

Nous contacter

Pour habiter

Un 1er achat ? Une envie de changer d'adresse ou de voir plus grand ?

Trouvez le bien qu'il vous faut !

Pour investir

Vous souh..."
592,11,3,592_gewalt_anti_training_umgang,"gewalt, anti, training, umgang, sos, liebe, integration, möchten, mobbing, familie","* News
  * Über uns
    * Gründung
    * Über unser Grundprinzip
    * Team
    * Vorstand
  * Wir bieten
    * Trainings
      * SAMT – Systemisches Anti-Mobbing-Training
      * So Cool Training Präventives systemisches Anti-Gewalt-Training SysAGT®
      * Klassisches systemisches Anti-Gewalt-Training SysAGT®
    * Fortbildung
      * KONFLIKTE? GERNE! Kompetenter Umgang mit Konfliktsituationen
      * Hilfe! Eine Krise! Effektiv und kreativ Handeln in Krisensituationen
      * Mobbing, Bullyi...
---
* News
  * Über uns
    * Gründung
    * Über unser Grundprinzip
    * Team
    * Vorstand
  * Wir bieten
    * Trainings
      * SAMT – Systemisches Anti-Mobbing-Training
      * So Cool Training Präventives systemisches Anti-Gewalt-Training SysAGT®
      * Klassisches systemisches Anti-Gewalt-Training SysAGT®
    * Fortbildung
      * KONFLIKTE? GERNE! Kompetenter Umgang mit Konfliktsituationen
      * Hilfe! Eine Krise! Effektiv und kreativ Handeln in Krisensituationen
      * Mobbing, Bullyi...
---
* News
  * Über uns
    * Gründung
    * Über unser Grundprinzip
    * Team
    * Vorstand
  * Wir bieten
    * Trainings
      * SAMT – Systemisches Anti-Mobbing-Training
      * So Cool Training Präventives systemisches Anti-Gewalt-Training SysAGT®
      * Klassisches systemisches Anti-Gewalt-Training SysAGT®
    * Fortbildung
      * KONFLIKTE? GERNE! Kompetenter Umgang mit Konfliktsituationen
      * Hilfe! Eine Krise! Effektiv und kreativ Handeln in Krisensituationen
      * Mobbing, Bullyi..."
593,11,3,593_moto_tour_club_23,"moto, tour, club, 23, kalenner, anniversaire, travel, archives, brochure, 05 23","Toggle search form

Search for:

Toggle navigation

Moto Travel Luxembourg

  * Home
  * Contact
  * Comité
  * Activités 
    * MTL – Kalenner 2023
    * MTL – Brochüre 2023
  * MTL – Info 
    * MTL – Info 3 – 2023
    * MTL – Info 2 - 2023
    * MTL – Info 1 – 2023
  * Activités-Détails 
    * 11-14-05.23 Vogesen
    * 03.05.23 MTL Club-Abend 6
    * 23.04.23 MTL-Fuersecherheetstraining
    * 15.04.23 MTL Opening-Tour 2023
    * 05.04.23 MTL Cub-Abend 5
    * 19.03.23 Treppel-Tour 4 Luxembour...
---
Toggle search form

Search for:

Toggle navigation

Moto Travel Luxembourg

  * Home
  * Contact
  * Comité
  * Activités 
    * MTL – Kalenner 2023
    * MTL – Brochüre 2023
  * MTL – Info 
    * MTL – Info 3 – 2023
    * MTL – Info 2 - 2023
    * MTL – Info 1 – 2023
  * Activités-Détails 
    * 11-14-05.23 Vogesen
    * 03.05.23 MTL Club-Abend 6
    * 23.04.23 MTL-Fuersecherheetstraining
    * 15.04.23 MTL Opening-Tour 2023
    * 05.04.23 MTL Cub-Abend 5
    * 19.03.23 Treppel-Tour 4 Luxembour...
---
Toggle search form

Search for:

Toggle navigation

Moto Travel Luxembourg

  * Home
  * Contact
  * Comité
  * Activités 
    * MTL – Kalenner 2023
    * MTL – Brochüre 2023
  * MTL – Info 
    * MTL – Info 3 – 2023
    * MTL – Info 2 - 2023
    * MTL – Info 1 – 2023
  * Activités-Détails 
    * 11-14-05.23 Vogesen
    * 03.05.23 MTL Club-Abend 6
    * 23.04.23 MTL-Fuersecherheetstraining
    * 15.04.23 MTL Opening-Tour 2023
    * 05.04.23 MTL Cub-Abend 5
    * 19.03.23 Treppel-Tour 4 Luxembour..."
594,11,3,594_habitat_94_secteurs_témoignages,"habitat, 94, secteurs, témoignages, rénovation, aménagement intérieur, réservés politique, berchem, 13h00 17h00, acceptez cookies","###

‹ › ×

Toggle navigation

  * Home 
  * A propos 
    * A propos 
    * Historique 
    * Notre équipe 
    * Témoignages 
  * Secteurs d'activités 
    * Agrandissement 
    * Rénovation 
    * Rénovation énergétique 
    * Aménagement intérieur 
    * Salle de Bain 
    * Meubles sur mesure 
  * Contact 

# Témoignages

« Merci pour vos conseils, vos équipes sont très professionnelles. Nos amis
nous envient, ça nous change complétement la maison »

Client à Sanem

« Merci a toute votre eq...
---
###

‹ › ×

Toggle navigation

  * Home 
  * A propos 
    * A propos 
    * Historique 
    * Notre équipe 
    * Témoignages 
  * Secteurs d'activités 
    * Agrandissement 
    * Rénovation 
    * Rénovation énergétique 
    * Aménagement intérieur 
    * Salle de Bain 
    * Meubles sur mesure 
  * Contact 

## Les témoignages

> « Merci pour vos conseils, vos équipes sont très professionnelles. Nos amis
> nous envient, ça nous change complétement la maison »
> Client à Sanem
> « Merci a tou...
---
###

‹ › ×

Toggle navigation

  * Home 
  * A propos 
    * A propos 
    * Historique 
    * Notre équipe 
    * Témoignages 
  * Secteurs d'activités 
    * Agrandissement 
    * Rénovation 
    * Rénovation énergétique 
    * Aménagement intérieur 
    * Salle de Bain 
    * Meubles sur mesure 
  * Contact 

## Les témoignages

> « Merci pour vos conseils, vos équipes sont très professionnelles. Nos amis
> nous envient, ça nous change complétement la maison »
> Client à Sanem
> « Merci a tou..."
595,10,6,595_trainer_kurse_îles_nutzers,"trainer, kurse, îles, nutzers, wagner, david, speicherung, daten, lit dsgvo, abs lit","Skip to content

  * David Wagner - Luxembourg 
  * +352 691 52 87 34 
  * info@trainer.lu 

  *   *   * 

Toggle navigation

#  Trainer.lu - Personal Trainer Company - Luxembourg

Ihr persönliches Gleichgewicht

  * Home
  * Trainer
    * Einzelkurse
    * Gruppenkurse
    * Kurse in Unternehmen
  * Trainer Ehnen
  * LPG Endermologie
    * Dr. Juchheim
  * Kontakt
  *     *     * 

## Dr. Juchheim

  * Home
  * Dr. Juchheim

### Dr. Juchheim

Ich bin überzeugt, dass Sie durch die Juchheim-Produ...
---
Skip to content

  * David Wagner - Luxembourg 
  * +352 691 52 87 34 
  * info@trainer.lu 

  *   *   * 

Toggle navigation

#  Trainer.lu - Personal Trainer Company - Luxembourg

Ihr persönliches Gleichgewicht

  * Home
  * Trainer
    * Einzelkurse
    * Gruppenkurse
    * Kurse in Unternehmen
  * Trainer Ehnen
  * LPG Endermologie
    * Dr. Juchheim
  * Kontakt
  *     *     * 

## Trainer

  * Home
  * Trainer

Der Sport, den ich auf hohem Niveau praktizierte, hatte mich schon immer
begeist...
---
Skip to content

  * David Wagner - Luxembourg 
  * +352 691 52 87 34 
  * info@trainer.lu

  *   *   * 

Toggle navigation

#  Trainer.lu - Personal Trainer Company - Luxembourg

Ihr persönliches Gleichgewicht

  * Home
  * Trainer
    * Einzelkurse
    * Gruppenkurse
    * Kurse in Unternehmen
  * Trainer Ehnen
  * LPG Endermologie
    * Dr. Juchheim
  * Kontakt
  *     *     * 

## Trainer.lu s.àr.l.

Personal Trainer

Personal Trainer Company - Luxembourg

Contact / Kontakt

## Cours individ..."
596,10,4,596_drive_formats_44_track,"drive, formats, 44, track, reinigung, ultra, akzeptiere, firma, sector, hardware","Skip to content

+352 39 00 44 1

6, Z.A.E. Triangle Vert L-5691 ELLANGE

  * Français
  * English
  * Deutsch

Menu

  * Begrüßung
  * Nuklear
    * Reinigung von Lagerbecken
    * Wartung von Reaktordruckbehälter und RDB-Deckel
    * Sondermaschinen, maßgeschneidert
    * Rückbau
    * Werkzeuge, Geräte, unverlierbar
    * Service vor Ort
  * Raumfahrt
    * Standard MGSE
    * Instrument MGSE
    * Flight Hardware
  * Ultra Leichtbau
  * Sputtering targets
    * Rotative Targets
    * Planare...
---
Skip to content

+352 39 00 44 1

6, Z.A.E. Triangle Vert L-5691 ELLANGE

  * Français
  * English
  * Deutsch

Menu

  * Begrüßung
  * Nuklear
    * Reinigung von Lagerbecken
    * Wartung von Reaktordruckbehälter und RDB-Deckel
    * Sondermaschinen, maßgeschneidert
    * Rückbau
    * Werkzeuge, Geräte, unverlierbar
    * Service vor Ort
  * Raumfahrt
    * Standard MGSE
    * Instrument MGSE
    * Flight Hardware
  * Ultra Leichtbau
  * Sputtering targets
    * Rotative Targets
    * Planare...
---
Skip to content

+352 39 00 44 1

6, Z.A.E. Triangle Vert L-5691 ELLANGE

  * Français
  * English
  * Deutsch

Menu

  * Begrüßung
  * Nuklear
    * Reinigung von Lagerbecken
    * Wartung von Reaktordruckbehälter und RDB-Deckel
    * Sondermaschinen, maßgeschneidert
    * Rückbau
    * Werkzeuge, Geräte, unverlierbar
    * Service vor Ort
  * Raumfahrt
    * Standard MGSE
    * Instrument MGSE
    * Flight Hardware
  * Ultra Leichtbau
  * Sputtering targets
    * Rotative Targets
    * Planare..."
597,10,4,597_cafe_personnalisation_article_javascript browser,"cafe, personnalisation, article, javascript browser, javascript, javascript enabled, passe oublié, créer compte, catalogues, oublié","* (0)
%%LIBELLE%% %%FPRIX_LIGNE_TTC%% €

%%CART_QUANTITE%% x %%CART_UNITE%% %%CART_UNITE_EMBALLAGE%%

Pas d'article

Total:

VOIR MON PANIER

  * Qui sommes nous ?
  * Vente en ligne
  * Personnalisations
  * Contact
  * Catalogues
  * Se connecter  Mot de passe oublié  Créer un compte 

  1. Acceuil
  2. Toutes nos catégories
  3.   4.   5. CAFE JAVA INTENSE MOULU FAIRTRADE 10X250GR

# CAFE JAVA INTENSE MOULU FAIRTRADE 10X250GR

Ref. article: 100762

#### Commentaires

Aucun commentaire n'est d...
---
* (0)
%%LIBELLE%% %%FPRIX_LIGNE_TTC%% €

%%CART_QUANTITE%% x %%CART_UNITE%% %%CART_UNITE_EMBALLAGE%%

Pas d'article

Total:

VOIR MON PANIER

  * Qui sommes nous ?
  * Vente en ligne
  * Personnalisations
  * Contact
  * Catalogues
  * Se connecter  Mot de passe oublié  Créer un compte 

  1. Acceuil
  2. Toutes nos catégories
  3.   4.   5. CAFE LIEGEOIS MOULU PUISSANT 250GR

# CAFE LIEGEOIS MOULU PUISSANT 250GR

Ref. article: 100050

#### Commentaires

Aucun commentaire n'est disponible sur ce...
---
* (0)
%%LIBELLE%% %%FPRIX_LIGNE_TTC%% €

%%CART_QUANTITE%% x %%CART_UNITE%% %%CART_UNITE_EMBALLAGE%%

Pas d'article

Total:

VOIR MON PANIER

  * Qui sommes nous ?
  * Vente en ligne
  * Personnalisations
  * Contact
  * Catalogues
  * Se connecter  Mot de passe oublié  Créer un compte 

  1. Acceuil
  2. Toutes nos catégories
  3.   4.   5. CAFE LIEGEOIS POUCH TIKAL 65GR 48 DOSES

# CAFE LIEGEOIS POUCH TIKAL 65GR 48 DOSES

Ref. article: 100701

#### Commentaires

Aucun commentaire n'est disponi..."
598,10,4,598_email contact_allergènes_audit_air,"email contact, allergènes, audit, air, éditeur, agence, eau, tél, approach, nord","* Le groupe
  * Nos métiers
    * AIR
      * Audit & contrôle aéraulique
      * Hygiénisation aéraulique
      * Agroalimentaire
      * Surveillance Qualité de l’Air Intérieur (QAI)
    * EAU
      * Audit
      * Tour de refroidissement - TAR
      * Échangeurs
      * Circuits d'eau
      * Chaudières/ ballons d’eau chaude
      * Legionella / désinfection
    * Nettoyage industriels spécifiques
  * Nos agences
  * Contact
  * Vidéos

  * 

  * 

  * 

  * 

  * Demander un devis 

#  Actua...
---
* Le groupe
  * Nos métiers
    * AIR
      * Audit & contrôle aéraulique
      * Hygiénisation aéraulique
      * Agroalimentaire
      * Surveillance Qualité de l’Air Intérieur (QAI)
    * EAU
      * Audit
      * Tour de refroidissement - TAR
      * Échangeurs
      * Circuits d'eau
      * Chaudières/ ballons d’eau chaude
      * Legionella / désinfection
    * Nettoyage industriels spécifiques
  * Nos agences
  * Contact
  * Vidéos

  * 

  * 

  * 

  * 

  * Demander un devis 

#  Vidéo...
---
* Le groupe
  * Nos métiers
    * AIR
      * Audit & contrôle aéraulique
      * Hygiénisation aéraulique
      * Agroalimentaire
      * Surveillance Qualité de l’Air Intérieur (QAI)
    * EAU
      * Audit
      * Tour de refroidissement - TAR
      * Échangeurs
      * Circuits d'eau
      * Chaudières/ ballons d’eau chaude
      * Legionella / désinfection
    * Nettoyage industriels spécifiques
  * Nos agences
  * Contact
  * Vidéos

  * 

  * 

  * 

  * 

  * Demander un devis 

#  FAQ

..."
599,10,6,599_file_pdf_housing_fichier,"file, pdf, housing, fichier, size, exhibition, kb, télécharger, collective, urbanisme","Skip to main content

  * Projects
  * Office
  * Contact

Territories

Buildings

Spaces

Ideas

All

architecture festival

### Y E A H !

Study

### PMEsch Constructo-Collaborative City Campus

exhibition

### MOAR

climate resilience for the functional region

### LUXEMBOURG IN TRANSITION

10 project portfolio & profile

### 2001 X ARCHIDUC

### After the eulogy: Never believe the hype

### DELVAUX X 2001 X DIVISARE

carte blanche

### EXCURSUS

cultural program

### UTOPISTAS

private-publi...
---
* Projets en cours 
  * Résidences 
  * Maisons 
  * Notre équipe 
  * Contact 

• Maisons d'architecte •

## HELLANGE

Libres de quatre cotes

## 15

  
UNITES

## Lotissement

* * *
## Images exterieures et interieures

* * *
## Plans des maisons

plans_brochure_maison_garage_droite.pdf  
File Size: 2042 kb  
File Type:  pdf  
Télécharger un fichier

* * *
plans_brochure_maison_garage_gauche.pdf  
File Size: 2398 kb  
File Type:  pdf  
Télécharger un fichier

* * *
lot_13_large_house.pdf  
Fil...
---
Skip to main content

  * Projects
  * Office
  * Contact

Territories

Buildings

Spaces

Ideas

All

6 person mobile hut

### E22SS PIU!

architecture festival

### Y E A H !

Study

### PMEsch Constructo-Collaborative City Campus

refurbishment of sports hall restaurant & multi-use space.

### COHS

apartment refurbishment

### GOeTHe

exhibition

### MOAR

climate resilience for the functional region

### LUXEMBOURG IN TRANSITION

immersif arts & tourist centre

### SPEKTRUM IMMERSIF

Luxemb..."
600,10,3,600_microfinance_inclusive_finance_financial,"microfinance, inclusive, finance, financial, european, inclusion, award, financial services, linkedin youtube, people","* Homepage
  * FAQ
  * Jobs
  * Newsletter
  * Resources
  * Links
  * Contact

  * Facebook
  * LinkedIn
  * YouTube
  * Twitter

  * Homepage
  * About us
    * History
    * Vision and mission
    * What we do
    * Why Luxembourg
    * Board and Team
    * Partnerships
  * Members
  * Cartography
  * News
  * Events
  * European Microfinance Award

Search...

  * # InFiNe.lu stimulates inclusive finance as a key instrument for poverty alleviation and empowerment of low-income groups.
  * # F...
---
* Homepage
  * FAQ
  * Jobs
  * Newsletter
  * Resources
  * Links
  * Contact

  * Facebook
  * LinkedIn
  * YouTube
  * Twitter

  * Homepage
  * About us
    * History
    * Vision and mission
    * What we do
    * Why Luxembourg
    * Board and Team
    * Partnerships
  * Members
  * Cartography
  * News
  * Events
  * European Microfinance Award

Search...

#  News

  * Home
  * News

### L’esclavage au XXIe siècle - Carte blanche de Michel Maquil sur RTL Radio

Quand on entend le mot « es...
---
* Homepage
  * FAQ
  * Jobs
  * Newsletter
  * Resources
  * Links
  * Contact

  * Facebook
  * LinkedIn
  * YouTube
  * Twitter

  * Homepage
  * About us
    * History
    * Vision and mission
    * What we do
    * Why Luxembourg
    * Board and Team
    * Partnerships
  * Members
  * Cartography
  * News
  * Events
  * European Microfinance Award

Search...

#  News

  * Home
  * News

### L’esclavage au XXIe siècle - Carte blanche de Michel Maquil sur RTL Radio

Quand on entend le mot « es..."
601,10,6,601_beauté_parfums_peau_institut,"beauté, parfums, peau, institut, 18 00, 00 18, visage, fashion, comments, art","MENU

  * Accueil
  * Services
  * Boutique
  * Notre équipe
  * Actualités
  * Contacts

Cart (0 items)

Prendre rendez-vous

  * (+352) 621 312 649
  * info@art-beaute.lu
  * Art et Beauté  
137, Route de Thionville  
L - 2611 Bonnevoie  
Luxembourg

  * Lu. - Ve.:
    08:00 - 20:00
Sa.:

    08:00 - 18:00
Di.:

    Fermé

  *   *   *   *   * 

# Actualités

  * Accueil

22/10/2019

## La ligne Cavalinho Black Horse Line est arrivée

Nous présentons la ligne Black Horse Line, de la nouvelle co...
---
MENU

  * Accueil
  * Services
  * Boutique
  * Notre équipe
  * Actualités
  * Contacts

Cart (0 items)

Prendre rendez-vous

  * (+352) 621 312 649
  * info@art-beaute.lu
  * Art et Beauté  
137, Route de Thionville  
L - 2611 Bonnevoie  
Luxembourg

  * Lu. - Ve.:
    08:00 - 20:00
Sa.:

    08:00 - 18:00
Di.:

    Fermé

  *   *   *   *   * 

# Actualités

  * Accueil

05/06/2019

## N'oubliez pas ""la fête des Mères""

Cadeau Fêtes des mères 👩‍👦‍👦💐💌

Pour l’occasion de la ""fête des Mères"" fai...
---
MENU

  * Accueil
  * Services
  * Boutique
  * Notre équipe
  * Actualités
  * Contacts

Cart (0 items)

Prendre rendez-vous

  * (+352) 621 312 649
  * info@art-beaute.lu
  * Art et Beauté  
137, Route de Thionville  
L - 2611 Bonnevoie  
Luxembourg

  * Lu. - Ve.:
    08:00 - 20:00
Sa.:

    08:00 - 18:00
Di.:

    Fermé

  *   *   *   *   * 

# Actualités

  * Accueil
  * Actualités

30/10/2020

## LA COSMÉTIQUE PHYT’S > VISAGE > GAMME PANACÉE

LA COSMÉTIQUE PHYT’S > VISAGE > GAMME PANACÉE

..."
602,10,5,602_steffen_quai_réservation_viande,"steffen, quai, réservation, viande, polo, di, reservation, plat, français english, agréable","* Home
  * Notre philosophie
  * Menu de la semaine
  * à la carte
  * Banquets
  * Viande « Highland »
  * News
  * Galerie Photos
  * Contact

Demande de réservation

  * 

  * 

212 Rue Luxembourg, 8077 Bertrange, Luxembourg Ouvert tous les jours, toute
l'année, sauf les lundis. (+352) 26 38 92 93

Réservation

Setup Menu via Wordpress Dashboard > Appearance > Menus

## Réservation

Pour des raisons d’organisation interne, nous ne pouvons pas garantir les
réservations en ligne faites moins de...
---
Restaurant and takeaway, right in the city centre at Luxembourg train station.
Le Quai Steffen is open seven days a week – ideal for breakfast, lunch,
dinner, a quick snack or Sunday lunch with the family.

Restaurant and take-away open  open 7 days a week, including public holidays.

FR Français

EN English

FR Français

EN English

Book Now +352 28 83 00 1

FR Français

EN English

FR Français

EN English

FR Français

EN English

Book Now +352 28 83 00 1

FR Français

EN English

Book Now +35...
---
Le Quai Steffen combine à la fois un restaurant brasserie et un take-away,
situés en plein cœur de votre ville à la Gare de Luxembourg. Du petit déjeuner
au dîner, jusqu’aux petites fringales nocturnes, le Quai Steffen vous
accueille 7 jours sur 7, durant toute la journée, y compris les jours fériés.

Restaurant et take-away ouverts  7 jours sur 7, y compris les jours fériés.

FR Français

EN English

FR Français

EN English

Book Now +352 28 83 00 1

FR Français

EN English

FR Français

EN Eng..."
